trade_date,cash,positions_value,equity
20060104,1000000.0,0.0,1000000.0
20060105,1000000.0,0.0,1000000.0
20060106,1000000.0,0.0,1000000.0
20060109,1000000.0,0.0,1000000.0
20060110,1000000.0,0.0,1000000.0
20060111,1000000.0,0.0,1000000.0
20060112,1000000.0,0.0,1000000.0
20060113,1000000.0,0.0,1000000.0
20060116,1000000.0,0.0,1000000.0
20060117,1000000.0,0.0,1000000.0
20060118,1000000.0,0.0,1000000.0
20060119,1000000.0,0.0,1000000.0
20060120,1000000.0,0.0,1000000.0
20060123,1000000.0,0.0,1000000.0
20060124,1000000.0,0.0,1000000.0
20060125,1000000.0,0.0,1000000.0
20060206,132.16946975360042,1016023.3937532986,1016155.5632230522
20060207,132.16946975360042,1013938.1240586651,1014070.2935284188
20060208,132.16946975360042,1022158.0471202175,1022290.2165899711
20060209,132.16946975360042,1016414.1365153351,1016546.3059850887
20060210,132.16946975360042,1042228.8700710261,1042361.0395407798
20060213,132.16946975360042,1043292.7381744522,1043424.9076442058
20060214,132.16946975360042,1032252.3766160881,1032384.5460858417
20060215,132.16946975360042,1046800.3410478446,1046932.5105175982
20060216,132.16946975360042,1019541.1524904944,1019673.321960248
20060217,132.16946975360042,1024281.9832807925,1024414.1527505461
20060220,132.16946975360042,1028865.0448717474,1028997.214341501
20060221,132.16946975360042,1041648.8399623833,1041781.0094321369
20060222,132.16946975360042,1039649.5254265039,1039781.6948962575
20060223,132.16946975360042,1035910.3137710686,1036042.4832408222
20060224,132.16946975360042,1037883.4246077257,1038015.5940774793
20060227,132.16946975360042,1036998.6068674788,1037130.7763372324
20060228,132.16946975360042,1032000.3205277803,1032132.489997534
20060301,6.163288771904249,1038564.0073556062,1038570.170644378
20060302,6.163288771904249,1022535.6253347351,1022541.788623507
20060303,6.163288771904249,1016528.5292815117,1016534.6925702835
20060306,6.163288771904249,1014790.9836602873,1014797.1469490592
20060307,6.163288771904249,1004605.8349576399,1004611.9982464118
20060308,6.163288771904249,1005858.0804735902,1005864.243762362
20060309,6.163288771904249,1001878.6811571372,1001884.844445909
20060310,6.163288771904249,1009292.455966665,1009298.6192554368
20060313,6.163288771904249,1013550.3897682119,1013556.5530569837
20060314,6.163288771904249,1009107.8264015903,1009113.9896903621
20060315,6.163288771904249,1011660.7412214683,1011666.9045102402
20060316,6.163288771904249,1015900.5067874225,1015906.6700761943
20060317,6.163288771904249,1011064.0909529668,1011070.2542417387
20060320,6.163288771904249,1020667.9538955593,1020674.1171843312
20060321,6.163288771904249,1022812.7314098659,1022818.8946986378
20060322,6.163288771904249,1025862.9241302018,1025869.0874189737
20060323,6.163288771904249,1026923.1393193571,1026929.302608129
20060324,6.163288771904249,1026680.1390218631,1026686.302310635
20060327,6.163288771904249,1030759.2954832969,1030765.4587720687
20060328,6.163288771904249,1032258.1806614905,1032264.3439502624
20060329,6.163288771904249,1035359.0333241998,1035365.1966129717
20060330,6.163288771904249,1037091.7741179364,1037097.9374067083
20060331,6.163288771904249,1038712.8792437981,1038719.04253257
20060403,32.145877670905406,1042615.4647659615,1042647.6106436325
20060404,32.145877670905406,1040886.2998086662,1040918.4456863372
20060405,32.145877670905406,1043837.5547136226,1043869.7005912935
20060406,32.145877670905406,1066311.3793175458,1066343.5251952168
20060407,32.145877670905406,1062473.1374199504,1062505.2832976214
20060410,32.145877670905406,1082685.643442952,1082717.789320623
20060411,32.145877670905406,1086180.602651051,1086212.748528722
20060412,32.145877670905406,1121082.4212100382,1121114.5670877092
20060413,32.145877670905406,1110652.2746049773,1110684.4204826483
20060414,32.145877670905406,1120593.044880406,1120625.190758077
20060417,32.145877670905406,1139681.064851441,1139713.210729112
20060418,32.145877670905406,1137600.5475487856,1137632.6934264565
20060419,32.145877670905406,1130541.3592255623,1130573.5051032333
20060420,32.145877670905406,1108577.260768002,1108609.4066456729
20060421,32.145877670905406,1109152.2429994254,1109184.3888770964
20060424,32.145877670905406,1084373.3584204933,1084405.5042981643
20060425,32.145877670905406,1056410.6738957374,1056442.8197734084
20060426,32.145877670905406,1060853.277589902,1060885.423467573
20060427,32.145877670905406,1062980.0721357893,1063012.2180134603
20060428,32.145877670905406,1074259.1895122607,1074291.3353899317
20060508,15477.638004147855,1098459.5980270247,1113937.2360311726
20060509,15477.638004147855,1111082.805621055,1126560.4436252029
20060510,15477.638004147855,1123373.3145470126,1138850.9525511605
20060511,15477.638004147855,1139636.3329869432,1155113.970991091
20060512,15477.638004147855,1178449.545150385,1193927.183154533
20060515,15477.638004147855,1197114.5901547817,1212592.2281589296
20060516,15477.638004147855,1164743.315133744,1180220.9531378918
20060517,15477.638004147855,1185051.1960518304,1200528.8340559783
20060518,15477.638004147855,1193602.8326538242,1209080.4706579722
20060519,15477.638004147855,1232235.9414448254,1247713.5794489733
20060522,15477.638004147855,1263136.5240363542,1278614.162040502
20060523,15477.638004147855,1272849.9854400994,1288327.6234442473
20060524,15477.638004147855,1251502.8068243957,1266980.4448285436
20060525,15477.638004147855,1252766.320451492,1268243.95845564
20060526,15477.638004147855,1295891.9244917203,1311369.5624958682
20060529,15477.638004147855,1307652.2455024093,1323129.8835065572
20060530,15477.638004147855,1309309.8599651034,1324787.4979692514
20060531,15477.638004147855,1314357.1180232563,1329834.7560274042
20060601,69.3474360602595,1343923.8713315688,1343993.218767629
20060602,69.3474360602595,1333354.5494424326,1333423.8968784928
20060605,69.3474360602595,1340474.7861009997,1340544.1335370599
20060606,69.3474360602595,1356665.3777772072,1356734.7252132674
20060607,69.3474360602595,1352009.743351168,1352079.0907872282
20060608,69.3474360602595,1345221.089360655,1345290.4367967153
20060609,69.3474360602595,1300568.0990707502,1300637.4465068104
20060612,69.3474360602595,1285128.3069888903,1285197.6544249505
20060613,69.3474360602595,1299628.3670907798,1299697.71452684
20060614,69.3474360602595,1273883.5248319726,1273952.8722680327
20060615,69.3474360602595,1272193.2323823334,1272262.5798183936
20060616,69.3474360602595,1279678.3890971718,1279747.736533232
20060619,69.3474360602595,1276125.5071480288,1276194.854584089
20060620,69.3474360602595,1279850.686147036,1279920.0335830962
20060621,69.3474360602595,1278493.1343308121,1278562.4817668723
20060622,69.3474360602595,1305767.496444611,1305836.8438806713
20060623,69.3474360602595,1325308.9318332567,1325378.279269317
20060626,69.3474360602595,1322486.8586717588,1322556.206107819
20060627,69.3474360602595,1333822.2388647445,1333891.5863008047
20060628,69.3474360602595,1334922.1110150958,1334991.458451156
20060629,69.3474360602595,1344391.620329263,1344460.9677653231
20060630,69.3474360602595,1371107.37871137,1371176.7261474303
20060703,52.59583069992368,1372933.4075711656,1372986.0034018655
20060704,52.59583069992368,1368091.3977481965,1368143.9935788964
20060705,52.59583069992368,1364920.0755823958,1364972.6714130957
20060706,52.59583069992368,1380036.5861880418,1380089.1820187417
20060707,52.59583069992368,1373208.9211385045,1373261.5169692044
20060710,52.59583069992368,1385623.2721600824,1385675.8679907823
20060711,52.59583069992368,1385642.3695297309,1385694.9653604308
20060712,52.59583069992368,1373631.9790109075,1373684.5748416074
20060713,52.59583069992368,1322094.5011407537,1322147.0969714536
20060714,52.59583069992368,1327736.939702989,1327789.535533689
20060717,52.59583069992368,1335263.080606705,1335315.676437405
20060718,52.59583069992368,1339221.4887309219,1339274.0845616218
20060719,52.59583069992368,1318288.3410029958,1318340.9368336957
20060720,52.59583069992368,1324951.3676006654,1325003.9634313653
20060721,52.59583069992368,1329181.2539693268,1329233.8498000267
20060724,52.59583069992368,1326928.938241751,1326981.5340724508
20060725,52.59583069992368,1332972.5687968822,1333025.164627582
20060726,52.59583069992368,1344239.3650832148,1344291.9609139147
20060727,52.59583069992368,1332696.6596151465,1332749.2554458464
20060728,52.59583069992368,1338010.4673493174,1338063.0631800173
20060731,52.59583069992368,1325455.7131195178,1325508.3089502177
20060801,32.936021504907984,1317856.4168567152,1317889.3528782201
20060802,32.936021504907984,1307144.6360886777,1307177.5721101826
20060803,32.936021504907984,1324573.7773738895,1324606.7133953944
20060804,32.936021504907984,1308940.5782426745,1308973.5142641794
20060807,32.936021504907984,1280119.0606315876,1280151.9966530926
20060808,32.936021504907984,1300912.5859609225,1300945.5219824275
20060809,32.936021504907984,1316558.0235505882,1316590.959572093
20060810,32.936021504907984,1332493.7572917724,1332526.6933132773
20060811,32.936021504907984,1336852.1146438485,1336885.0506653534
20060814,32.936021504907984,1332095.0237715777,1332127.9597930827
20060815,32.936021504907984,1345688.7910608177,1345721.7270823226
20060816,32.936021504907984,1362851.499405927,1362884.435427432
20060817,32.936021504907984,1358544.4296719986,1358577.3656935035
20060818,32.936021504907984,1344489.9481402184,1344522.8841617233
20060821,32.936021504907984,1360621.1475460874,1360654.0835675923
20060822,32.936021504907984,1363697.4118395825,1363730.3478610874
20060823,32.936021504907984,1356574.0535318062,1356606.9895533111
20060824,32.936021504907984,1358485.1314626927,1358518.0674841977
20060825,32.936021504907984,1359633.5524261945,1359666.4884476995
20060828,32.936021504907984,1390412.6692287077,1390445.6052502126
20060829,32.936021504907984,1378076.1463006367,1378109.0823221416
20060830,32.936021504907984,1374678.1887154516,1374711.1247369566
20060831,32.936021504907984,1379522.0312643084,1379554.9672858133
20060901,18.047976072819438,1375479.4028479455,1375497.4508240183
20060904,18.047976072819438,1398720.4956090958,1398738.5435851687
20060905,18.047976072819438,1400584.9868447157,1400603.0348207885
20060906,18.047976072819438,1398255.7967515513,1398273.8447276242
20060907,18.047976072819438,1376941.462389093,1376959.5103651658
20060908,18.047976072819438,1379356.7510971564,1379374.7990732293
20060911,18.047976072819438,1383420.7788454746,1383438.8268215475
20060912,18.047976072819438,1393438.622940237,1393456.6709163098
20060913,18.047976072819438,1386651.3629375056,1386669.4109135785
20060914,18.047976072819438,1379671.293037083,1379689.3410131559
20060915,18.047976072819438,1411769.413243542,1411787.4612196148
20060918,18.047976072819438,1430792.5031933691,1430810.551169442
20060919,18.047976072819438,1426871.6489157064,1426889.6968917793
20060920,18.047976072819438,1420915.1927346524,1420933.2407107253
20060921,18.047976072819438,1426029.8333081868,1426047.8812842597
20060922,18.047976072819438,1404205.2647015452,1404223.312677618
20060925,18.047976072819438,1396504.0488688957,1396522.0968449686
20060926,18.047976072819438,1398200.3504042334,1398218.3983803063
20060927,18.047976072819438,1396958.3245843179,1396976.3725603907
20060928,18.047976072819438,1402864.7295769276,1402882.7775530005
20060929,18.047976072819438,1417615.4755566432,1417633.523532716
20061009,77.50939297992954,1447001.4744332612,1447078.9838262412
20061010,77.50939297992954,1443636.309871937,1443713.819264917
20061011,77.50939297992954,1455213.1799565752,1455290.6893495552
20061012,77.50939297992954,1457310.7588418215,1457388.2682348015
20061013,77.50939297992954,1457733.4591510878,1457810.9685440678
20061016,77.50939297992954,1447929.4637593254,1448006.9731523055
20061017,77.50939297992954,1453749.034276911,1453826.543669891
20061018,77.50939297992954,1461711.312387968,1461788.821780948
20061019,77.50939297992954,1466646.199022979,1466723.708415959
20061020,77.50939297992954,1451963.7456366336,1452041.2550296136
20061023,77.50939297992954,1458386.256163992,1458463.765556972
20061024,77.50939297992954,1491041.8516788154,1491119.3610717955
20061025,77.50939297992954,1504278.7770371973,1504356.2864301773
20061026,77.50939297992954,1500916.8730161167,1500994.3824090967
20061027,77.50939297992954,1502275.783777072,1502353.293170052
20061030,77.50939297992954,1542902.2710718736,1542979.7804648536
20061031,77.50939297992954,1571783.4324467815,1571860.9418397616
20061101,763.5127775841975,1615353.034294667,1616116.547072251
20061102,763.5127775841975,1613898.4526817603,1614661.9654593444
20061103,763.5127775841975,1606665.605920001,1607429.118697585
20061106,763.5127775841975,1665464.327158995,1666227.839936579
20061107,763.5127775841975,1679857.1863494236,1680620.6991270077
20061108,763.5127775841975,1646564.0564496585,1647327.5692272426
20061109,763.5127775841975,1664419.9746866126,1665183.4874641967
20061110,763.5127775841975,1645999.7910090184,1646763.3037866026
20061113,763.5127775841975,1604411.4530480886,1605174.9658256727
20061114,763.5127775841975,1616692.5219269528,1617456.034704537
20061115,763.5127775841975,1669863.0240229582,1670626.5368005424
20061116,763.5127775841975,1672947.1630418068,1673710.675819391
20061117,763.5127775841975,1699522.4998473942,1700286.0126249783
20061120,763.5127775841975,1741592.9912120556,1742356.5039896397
20061121,763.5127775841975,1762122.2345074099,1762885.747284994
20061122,763.5127775841975,1753576.4483369691,1754339.9611145533
20061123,763.5127775841975,1760487.0849228166,1761250.5977004007
20061124,763.5127775841975,1757701.796305444,1758465.3090830282
20061127,763.5127775841975,1769594.8140157622,1770358.3267933463
20061128,763.5127775841975,1740276.5224741076,1741040.0352516917
20061129,763.5127775841975,1757508.0939047537,1758271.6066823378
20061130,763.5127775841975,1814883.774784842,1815647.2875624262
20061201,16.71302601878415,1839999.9342316394,1840016.6472576582
20061204,16.71302601878415,1899348.7197990024,1899365.4328250212
20061205,16.71302601878415,1876903.8987987884,1876920.6118248072
20061206,16.71302601878415,1846310.041119911,1846326.7541459298
20061207,16.71302601878415,1849628.9993438118,1849645.7123698306
20061208,16.71302601878415,1808527.8808465581,1808544.593872577
20061211,16.71302601878415,1842158.1984892662,1842174.911515285
20061212,16.71302601878415,1829758.9471228167,1829775.6601488355
20061213,16.71302601878415,1822441.074662634,1822457.7876886528
20061214,16.71302601878415,1846948.7101100278,1846965.4231360466
20061215,16.71302601878415,1853510.2295039364,1853526.9425299552
20061218,16.71302601878415,1858253.7754903478,1858270.4885163666
20061219,16.71302601878415,1863122.3258149251,1863139.038840944
20061220,16.71302601878415,1892655.067951705,1892671.780977724
20061221,16.71302601878415,1895211.037518776,1895227.7505447948
20061222,16.71302601878415,1905963.0648569544,1905979.7778829732
20061225,16.71302601878415,1891889.0368544683,1891905.749880487
20061226,16.71302601878415,1874902.1299666052,1874918.842992624
20061227,16.71302601878415,1882569.373092874,1882586.0861188928
20061228,16.71302601878415,1844923.4068605986,1844940.1198866174
20061229,16.71302601878415,1863655.678848331,1863672.39187435
20070104,6.173967026208629,1881476.2205697424,1881482.3945367686
20070105,6.173967026208629,1927212.365051905,1927218.539018931
20070108,6.173967026208629,1993920.4998904245,1993926.6738574507
20070109,6.173967026208629,2032872.4787485471,2032878.6527155733
20070110,6.173967026208629,2069864.8717985102,2069871.0457655364
20070111,6.173967026208629,2073049.6475027963,2073055.8214698224
20070112,6.173967026208629,1977499.1018821085,1977505.2758491347
20070115,6.173967026208629,2082433.2585987793,2082439.4325658055
20070116,6.173967026208629,2121353.8382174424,2121360.0121844686
20070117,6.173967026208629,2117916.6957946224,2117922.8697616486
20070118,6.173967026208629,2146092.903147205,2146099.077114231
20070119,6.173967026208629,2261241.9498532126,2261248.1238202387
20070122,6.173967026208629,2355020.588930075,2355026.762897101
20070123,6.173967026208629,2389043.724467018,2389049.8984340443
20070124,6.173967026208629,2424354.7058145585,2424360.8797815847
20070125,6.173967026208629,2392036.4648981835,2392042.6388652097
20070126,6.173967026208629,2405302.31941523,2405308.493382256
20070129,6.173967026208629,2455824.8708144166,2455831.0447814427
20070130,6.173967026208629,2494135.7978928466,2494141.971859873
20070131,6.173967026208629,2398773.9723235397,2398780.146290566
20070201,133.1900158800495,2391856.588448591,2391989.778464471
20070202,133.1900158800495,2349260.7171025407,2349393.9071184206
20070205,133.1900158800495,2365756.706571803,2365889.896587683
20070206,133.1900158800495,2438104.7734640036,2438237.9634798835
20070207,133.1900158800495,2452152.3861829066,2452285.5761987865
20070208,133.1900158800495,2531335.8996940916,2531469.0897099716
20070209,133.1900158800495,2566413.8383783055,2566547.0283941855
20070212,133.1900158800495,2583489.5456041214,2583622.7356200013
20070213,133.1900158800495,2660183.9521416556,2660317.1421575355
20070214,133.1900158800495,2694141.4158788803,2694274.60589476
20070215,133.1900158800495,2771387.70274822,2771520.8927641
20070216,133.1900158800495,2784140.0100930748,2784273.2001089547
20070226,133.1900158800495,2883641.071083367,2883774.261099247
20070227,133.1900158800495,2648500.3732620627,2648633.5632779426
20070228,133.1900158800495,2770797.5243965983,2770930.7144124783
20070301,154.0210831061995,2736989.7393507343,2737143.7604338406
20070302,154.0210831061995,2818830.9343864564,2818984.9554695627
20070305,154.0210831061995,2912400.0150801744,2912554.0361632807
20070306,154.0210831061995,2889369.01660863,2889523.037691736
20070307,154.0210831061995,2910722.605231694,2910876.6263148
20070308,154.0210831061995,2939765.7451626193,2939919.7662457256
20070309,154.0210831061995,2902575.2623401796,2902729.283423286
20070312,154.0210831061995,2978066.654856262,2978220.675939368
20070313,154.0210831061995,3005440.317063994,3005594.3381471
20070314,154.0210831061995,2993447.8894778974,2993601.9105610037
20070315,154.0210831061995,3048620.4423849345,3048774.463468041
20070316,154.0210831061995,3054395.3966534524,3054549.4177365587
20070319,154.0210831061995,3385059.6165059647,3385213.637589071
20070320,154.0210831061995,3396604.9433656316,3396758.964448738
20070321,154.0210831061995,3455121.69005924,3455275.7111423463
20070322,154.0210831061995,3415218.485664935,3415372.506748041
20070323,154.0210831061995,3687086.986890811,3687241.0079739173
20070326,154.0210831061995,3817572.0988401533,3817726.1199232596
20070327,154.0210831061995,3787213.92853748,3787367.9496205864
20070328,154.0210831061995,3799555.767638268,3799709.7887213742
20070329,154.0210831061995,3657643.124952734,3657797.1460358403
20070330,154.0210831061995,3644929.9582401505,3645083.9793232568
20070402,220.6759942874778,3725796.053269197,3726016.7292634845
20070403,220.6759942874778,3777694.9590172013,3777915.6350114886
20070404,220.6759942874778,3775882.6392997224,3776103.3152940096
20070405,220.6759942874778,3861905.5647223066,3862126.2407165943
20070406,220.6759942874778,3969761.5181288673,3969982.1941231545
20070409,220.6759942874778,4077971.9102932774,4078192.5862875646
20070410,220.6759942874778,4113607.1242120937,4113827.800206381
20070411,220.6759942874778,4190626.421342093,4190847.0973363807
20070412,220.6759942874778,4315600.3205283,4315820.996522587
20070413,220.6759942874778,4365763.270491635,4365983.946485923
20070416,220.6759942874778,4466842.682367302,4467063.358361589
20070417,220.6759942874778,4447512.280888198,4447732.956882485
20070418,220.6759942874778,4569572.698401831,4569793.374396118
20070419,220.6759942874778,4193187.5971248103,4193408.2731190976
20070420,220.6759942874778,4410968.617791535,4411189.293785823
20070423,220.6759942874778,4731915.785634588,4732136.461628876
20070424,220.6759942874778,4734006.512503432,4734227.188497719
20070425,220.6759942874778,4724594.5511888405,4724815.227183128
20070426,220.6759942874778,4711628.848580228,4711849.524574515
20070427,220.6759942874778,4772744.0525653735,4772964.728559661
20070430,220.6759942874778,4922938.250418342,4923158.926412629
20070508,556.4656947471958,5142646.522682621,5143202.988377368
20070509,556.4656947471958,5080560.659747801,5081117.125442548
20070510,556.4656947471958,5270620.661812805,5271177.127507552
20070511,556.4656947471958,5181553.644105252,5182110.109799999
20070514,556.4656947471958,5086477.794706479,5087034.260401226
20070515,556.4656947471958,4814217.478831293,4814773.94452604
20070516,556.4656947471958,4956273.626383677,4956830.092078424
20070517,556.4656947471958,5048555.9573431965,5049112.423037943
20070518,556.4656947471958,5051836.232350686,5052392.698045433
20070521,556.4656947471958,5182147.244111681,5182703.709806428
20070522,556.4656947471958,5381931.148105572,5382487.613800319
20070523,556.4656947471958,5561353.527320147,5561909.9930148935
20070524,556.4656947471958,5547762.531023724,5548318.996718471
20070525,556.4656947471958,5628452.654420732,5629009.1201154785
20070528,556.4656947471958,5809492.02963428,5810048.495329027
20070529,556.4656947471958,5823489.5937474305,5824046.059442177
20070530,556.4656947471958,5241266.172849177,5241822.638543924
20070531,556.4656947471958,5071905.689839395,5072462.155534142
20070601,56.24711521563586,4696531.215513784,4696587.462629
20070604,56.24711521563586,4438053.064385463,4438109.311500678
20070605,56.24711521563586,4752633.499997245,4752689.74711246
20070606,56.24711521563586,4801289.840213088,4801346.087328304
20070607,56.24711521563586,4974616.849707173,4974673.0968223885
20070608,56.24711521563586,5076493.182520799,5076549.429636015
20070611,56.24711521563586,5124326.648707831,5124382.895823047
20070612,56.24711521563586,5218391.042412833,5218447.289528049
20070613,56.24711521563586,5333502.093381775,5333558.34049699
20070614,56.24711521563586,5249280.185557449,5249336.4326726645
20070615,56.24711521563586,5220890.191754906,5220946.438870122
20070618,56.24711521563586,5462703.105207885,5462759.3523231
20070619,56.24711521563586,5485715.03048851,5485771.277603725
20070620,56.24711521563586,5343251.090948726,5343307.338063941
20070621,56.24711521563586,5371895.648427324,5371951.89554254
20070622,56.24711521563586,5034484.458335118,5034540.705450334
20070625,56.24711521563586,4622853.507125673,4622909.754240888
20070626,56.24711521563586,4856063.037167732,4856119.284282947
20070627,56.24711521563586,4866908.680021733,4866964.927136948
20070628,56.24711521563586,4495945.954205609,4496002.201320824
20070629,56.24711521563586,4329093.853543941,4329150.100659156
20070702,35.529393274569884,4427669.938501913,4427705.467895187
20070703,35.529393274569884,4487938.714119671,4487974.243512945
20070704,35.529393274569884,4387417.1377205495,4387452.667113824
20070705,35.529393274569884,4173805.2923314245,4173840.821724699
20070706,35.529393274569884,4404003.806393617,4404039.335786891
20070709,35.529393274569884,4525607.177718764,4525642.7071120385
20070710,35.529393274569884,4357019.168324953,4357054.697718227
20070711,35.529393274569884,4421094.024510454,4421129.553903729
20070712,35.529393274569884,4460554.062090163,4460589.591483437
20070713,35.529393274569884,4426105.34244241,4426140.871835684
20070716,35.529393274569884,4318438.746539924,4318474.275933199
20070717,35.529393274569884,4361860.158040169,4361895.687433443
20070718,35.529393274569884,4332752.395417901,4332787.924811175
20070719,35.529393274569884,4374779.38841257,4374814.917805844
20070720,35.529393274569884,4509180.077584866,4509215.606978141
20070723,35.529393274569884,4718941.401571916,4718976.930965191
20070724,35.529393274569884,4635983.048133334,4636018.5775266085
20070725,35.529393274569884,4742190.073927726,4742225.603321
20070726,35.529393274569884,4812491.665003359,4812527.194396634
20070727,35.529393274569884,4827259.739461984,4827295.268855258
20070730,35.529393274569884,4910859.659959888,4910895.189353162
20070731,35.529393274569884,5003533.998877301,5003569.528270575
20070801,605.8406252668938,4872581.380723565,4873187.221348831
20070802,605.8406252668938,5054686.154514504,5055291.99513977
20070803,605.8406252668938,5125588.495682909,5126194.336308176
20070806,605.8406252668938,5268454.469249644,5269060.309874911
20070807,605.8406252668938,5154277.59571246,5154883.436337726
20070808,605.8406252668938,5022765.943063205,5023371.783688472
20070809,605.8406252668938,5056060.551708445,5056666.3923337115
20070810,605.8406252668938,4926192.892464561,4926798.733089828
20070813,605.8406252668938,4943799.16038112,4944405.001006386
20070814,605.8406252668938,5004029.703376113,5004635.54400138
20070815,605.8406252668938,4949016.393713252,4949622.234338518
20070816,605.8406252668938,4990963.315374358,4991569.155999624
20070817,605.8406252668938,4886196.785692641,4886802.626317907
20070820,605.8406252668938,5113701.605699407,5114307.4463246735
20070821,605.8406252668938,5100870.588317826,5101476.428943093
20070822,605.8406252668938,5184789.508040703,5185395.348665969
20070823,605.8406252668938,5270846.996707812,5271452.8373330785
20070824,605.8406252668938,5276909.683247942,5277515.523873208
20070827,605.8406252668938,5366043.237134653,5366649.07775992
20070828,605.8406252668938,5359670.657467758,5360276.498093025
20070829,605.8406252668938,5378436.49945101,5379042.340076276
20070830,605.8406252668938,5590975.802856946,5591581.643482213
20070831,605.8406252668938,5590982.586543937,5591588.427169204
20070903,178.0893717475701,5793007.643771335,5793185.733143082
20070904,178.0893717475701,5737559.3443460455,5737737.433717793
20070905,178.0893717475701,5849679.169810611,5849857.259182358
20070906,178.0893717475701,5824937.086192792,5825115.17556454
20070907,178.0893717475701,5641259.148676208,5641437.238047956
20070910,178.0893717475701,5717079.45223132,5717257.541603067
20070911,178.0893717475701,5284824.881508769,5285002.970880516
20070912,178.0893717475701,5349634.746234175,5349812.835605922
20070913,178.0893717475701,5494206.109691627,5494384.199063375
20070914,178.0893717475701,5531553.470601383,5531731.55997313
20070917,178.0893717475701,5617273.271437055,5617451.360808803
20070918,178.0893717475701,5692885.652949554,5693063.742321301
20070919,178.0893717475701,5648256.248423675,5648434.337795422
20070920,178.0893717475701,5673682.887652018,5673860.977023765
20070921,178.0893717475701,5601058.426055525,5601236.515427273
20070924,178.0893717475701,5514518.62935178,5514696.718723527
20070925,178.0893717475701,5433321.363339286,5433499.452711034
20070926,178.0893717475701,5424692.808576197,5424870.897947945
20070927,178.0893717475701,5482421.147568737,5482599.2369404845
20070928,178.0893717475701,5627775.155702002,5627953.24507375
20071008,29.885335828876123,5658165.026494407,5658194.911830236
20071009,29.885335828876123,5732162.707338147,5732192.592673976
20071010,29.885335828876123,5816791.845140086,5816821.730475915
20071011,29.885335828876123,5710739.038418711,5710768.92375454
20071012,29.885335828876123,5427086.739857139,5427116.625192968
20071015,29.885335828876123,5369438.021044937,5369467.906380766
20071016,29.885335828876123,5608828.298047648,5608858.183383477
20071017,29.885335828876123,5535217.749210008,5535247.6345458375
20071018,29.885335828876123,5462023.431170234,5462053.316506064
20071019,29.885335828876123,5412276.369480454,5412306.2548162835
20071022,29.885335828876123,5447040.186776427,5447070.072112256
20071023,29.885335828876123,5526966.234633192,5526996.1199690215
20071024,29.885335828876123,5361233.346346518,5361263.231682347
20071025,29.885335828876123,4914827.569344128,4914857.454679957
20071026,29.885335828876123,4810812.672374232,4810842.557710061
20071029,29.885335828876123,4965872.6174484715,4965902.502784301
20071030,29.885335828876123,5038184.664873847,5038214.550209676
20071031,29.885335828876123,5235135.012344424,5235164.897680253
20071101,525.1964144105295,5084184.177039736,5084709.373454146
20071102,525.1964144105295,4946955.825441191,4947481.021855601
20071105,525.1964144105295,5040962.70309069,5041487.8995051
20071106,525.1964144105295,5051991.085282629,5052516.2816970395
20071107,525.1964144105295,5038314.623457298,5038839.819871708
20071108,525.1964144105295,4778520.913083222,4779046.109497632
20071109,525.1964144105295,4771352.163564283,4771877.359978694
20071112,525.1964144105295,4675361.256220035,4675886.452634445
20071113,525.1964144105295,4708367.92780063,4708893.12421504
20071114,525.1964144105295,4853939.987151764,4854465.1835661745
20071115,525.1964144105295,4781314.396507204,4781839.592921614
20071116,525.1964144105295,4785928.114344921,4786453.310759331
20071119,525.1964144105295,4942985.248620743,4943510.445035153
20071120,525.1964144105295,5025977.488114025,5026502.684528436
20071121,525.1964144105295,4977843.531807406,4978368.728221816
20071122,525.1964144105295,4769894.823783232,4770420.020197642
20071123,525.1964144105295,4883864.921459186,4884390.117873596
20071126,525.1964144105295,4808993.822213902,4809519.018628312
20071127,525.1964144105295,4786931.757399929,4787456.953814339
20071128,525.1964144105295,4780411.826206617,4780937.022621027
20071129,525.1964144105295,4903280.182509622,4903805.378924032
20071130,525.1964144105295,4858654.603525523,4859179.799939933
20071203,18.724660321022384,4883236.202986548,4883254.927646869
20071204,18.724660321022384,4888028.733506783,4888047.458167104
20071205,18.724660321022384,4982638.128674488,4982656.853334809
20071206,18.724660321022384,5049592.620777704,5049611.345438025
20071207,18.724660321022384,5143668.857767774,5143687.582428095
20071210,18.724660321022384,5221005.366454652,5221024.091114973
20071211,18.724660321022384,5263901.2111855345,5263919.935845856
20071212,18.724660321022384,5301464.067361908,5301482.792022229
20071213,18.724660321022384,5225907.733406918,5225926.458067239
20071214,18.724660321022384,5373559.374237724,5373578.098898045
20071217,18.724660321022384,5362333.486184295,5362352.210844616
20071218,18.724660321022384,5297224.13919114,5297242.863851462
20071219,18.724660321022384,5437332.619501737,5437351.344162058
20071220,18.724660321022384,5495847.84746519,5495866.572125511
20071221,18.724660321022384,5570755.139090087,5570773.863750408
20071224,18.724660321022384,5643198.4529609885,5643217.17762131
20071225,18.724660321022384,5713432.623457976,5713451.348118297
20071226,18.724660321022384,5870290.927319495,5870309.651979816
20071227,18.724660321022384,5882896.370095708,5882915.09475603
20071228,18.724660321022384,5832976.252637626,5832994.977297947
20080102,127.60798019004869,6174175.901940322,6174303.509920511
20080103,127.60798019004869,6305171.719624786,6305299.327604976
20080104,127.60798019004869,6456512.89878602,6456640.50676621
20080107,127.60798019004869,6623907.877022083,6624035.485002273
20080108,127.60798019004869,6363925.9794317335,6364053.587411923
20080109,127.60798019004869,6563728.48487378,6563856.09285397
20080110,127.60798019004869,6500180.38009231,6500307.9880725
20080111,127.60798019004869,6478950.5281642545,6479078.136144444
20080114,127.60798019004869,6727196.315546574,6727323.923526764
20080115,127.60798019004869,6740467.932828412,6740595.540808602
20080116,127.60798019004869,6692032.019932726,6692159.627912916
20080117,127.60798019004869,6537608.745787239,6537736.353767429
20080118,127.60798019004869,6652181.8991380725,6652309.507118262
20080121,127.60798019004869,6622430.398608737,6622558.006588927
20080122,127.60798019004869,6057630.702680131,6057758.310660321
20080123,127.60798019004869,6235072.36431846,6235199.97229865
20080124,127.60798019004869,6361160.1098578945,6361287.717838084
20080125,127.60798019004869,6366407.092928927,6366534.700909117
20080128,127.60798019004869,6005267.520283143,6005395.128263333
20080129,127.60798019004869,6101564.806320723,6101692.414300913
20080130,127.60798019004869,6134771.392013299,6134898.999993489
20080131,127.60798019004869,5931478.820506171,5931606.428486361
20080201,101.28581509529613,5772204.299826805,5772305.5856419
20080204,101.28581509529613,6117797.4638401605,6117898.749655256
20080205,101.28581509529613,6105466.762188813,6105568.048003908
20080213,101.28581509529613,6033480.465224948,6033581.751040043
20080214,101.28581509529613,6104272.292978962,6104373.5787940575
20080215,101.28581509529613,6037182.668826664,6037283.954641759
20080218,101.28581509529613,6171726.088540943,6171827.374356039
20080219,101.28581509529613,6260672.590775818,6260773.876590913
20080220,101.28581509529613,6177690.006862306,6177791.292677402
20080221,101.28581509529613,6199554.110898494,6199655.396713589
20080222,101.28581509529613,6099461.412352721,6099562.698167817
20080225,101.28581509529613,5779878.214245068,5779979.500060163
20080226,101.28581509529613,5789053.034046948,5789154.3198620435
20080227,101.28581509529613,5911825.130126872,5911926.415941968
20080228,101.28581509529613,6040340.169713771,6040441.4555288665
20080229,101.28581509529613,6202032.495689036,6202133.781504132
20080303,71.53443170734681,6331250.775768757,6331322.310200464
20080304,71.53443170734681,6232252.0875145085,6232323.621946216
20080305,71.53443170734681,6179088.543202379,6179160.077634086
20080306,71.53443170734681,6265158.816434383,6265230.3508660905
20080307,71.53443170734681,6107448.407726071,6107519.942157778
20080310,71.53443170734681,5845816.305855785,5845887.840287492
20080311,71.53443170734681,5891501.469495071,5891573.003926778
20080312,71.53443170734681,5701029.15430593,5701100.688737637
20080313,71.53443170734681,5479371.711092306,5479443.245524013
20080314,71.53443170734681,5507904.148954574,5507975.683386281
20080317,71.53443170734681,5083910.305262968,5083981.839694675
20080318,71.53443170734681,4713879.1887591,4713950.723190807
20080319,71.53443170734681,4927411.908878894,4927483.443310601
20080320,71.53443170734681,5107169.601904732,5107241.136336439
20080321,71.53443170734681,5151655.37785635,5151726.912288057
20080324,71.53443170734681,4994103.240569107,4994174.775000814
20080325,71.53443170734681,5180341.5633170195,5180413.097748727
20080326,71.53443170734681,5145843.1011562245,5145914.635587932
20080327,71.53443170734681,4884319.3787793685,4884390.913211076
20080328,71.53443170734681,5030263.521494923,5030335.05592663
20080331,71.53443170734681,4848568.123331145,4848639.6577628525
20080401,253.837563887937,4484726.793484603,4484980.631048491
20080402,253.837563887937,4386675.615559005,4386929.453122893
20080403,253.837563887937,4542633.884132897,4542887.721696785
20080407,253.837563887937,4756439.560051575,4756693.3976154635
20080408,253.837563887937,4810882.464703592,4811136.30226748
20080409,253.837563887937,4578880.643891612,4579134.4814555
20080410,253.837563887937,4659316.757522279,4659570.595086168
20080411,253.837563887937,4700745.511964846,4700999.349528735
20080414,253.837563887937,4470638.90020139,4470892.737765278
20080415,253.837563887937,4531966.898848297,4532220.736412185
20080416,253.837563887937,4451538.785900385,4451792.623464273
20080417,253.837563887937,4199925.172015649,4200179.009579537
20080418,253.837563887937,3979416.7036037073,3979670.5411675954
20080421,253.837563887937,3998752.3249648344,3999006.1625287225
20080422,253.837563887937,4035641.8641297123,4035895.7016936
20080423,253.837563887937,4155338.661489851,4155592.499053739
20080424,253.837563887937,4560513.905575469,4560767.743139357
20080425,253.837563887937,4592009.512995367,4592263.350559255
20080428,253.837563887937,4521372.170202395,4521626.007766283
20080429,253.837563887937,4671535.344831988,4671789.182395876
20080430,253.837563887937,4880509.143538187,4880762.981102075
20080505,48.405421391362324,5094875.640118335,5094924.0455397265
20080506,48.405421391362324,5033621.741508675,5033670.146930066
20080507,48.405421391362324,4765661.796033222,4765710.201454613
20080508,48.405421391362324,4957579.079021633,4957627.484443024
20080509,48.405421391362324,4920016.547931443,4920064.953352834
20080512,48.405421391362324,5042485.99797543,5042534.403396822
20080513,48.405421391362324,5082204.087870907,5082252.493292298
20080514,48.405421391362324,5172019.297388108,5172067.7028095
20080515,48.405421391362324,5195441.639873407,5195490.045294798
20080516,48.405421391362324,5020351.091994107,5020399.497415498
20080519,48.405421391362324,5011659.880914352,5011708.286335743
20080520,48.405421391362324,4713181.923389198,4713230.328810589
20080521,48.405421391362324,4851005.079574345,4851053.484995736
20080522,48.405421391362324,4872163.610291599,4872212.01571299
20080523,48.405421391362324,4838512.28787994,4838560.693301331
20080526,48.405421391362324,4664981.196319384,4665029.601740775
20080527,48.405421391362324,4736590.174936153,4736638.580357544
20080528,48.405421391362324,4833075.118122762,4833123.523544153
20080529,48.405421391362324,4734395.217954928,4734443.623376319
20080530,48.405421391362324,4731933.5483961925,4731981.953817584
20080602,319.6664526660461,4774702.347294834,4775022.0137475
20080603,319.6664526660461,4692813.246449966,4693132.912902632
20080604,319.6664526660461,4574312.834532332,4574632.5009849975
20080605,319.6664526660461,4563323.64982636,4563643.316279026
20080606,319.6664526660461,4520629.552368302,4520949.218820968
20080610,319.6664526660461,4075950.6576883662,4076270.324141032
20080611,319.6664526660461,3960137.8837189837,3960457.55017165
20080612,319.6664526660461,3923988.3564419686,3924308.022894635
20080613,319.6664526660461,3852705.4064056417,3853025.0728583075
20080616,319.6664526660461,3879667.1429214044,3879986.8093740707
20080617,319.6664526660461,3647669.6500672004,3647989.3165198667
20080618,319.6664526660461,3876533.340375592,3876853.006828258
20080619,319.6664526660461,3591817.2995114196,3592136.9659640854
20080620,319.6664526660461,3745418.0895893495,3745737.7560420157
20080623,319.6664526660461,3638197.150115692,3638516.816568358
20080624,319.6664526660461,3653340.813201006,3653660.4796536723
20080625,319.6664526660461,3831637.003513828,3831956.6699664937
20080626,319.6664526660461,3848359.342955626,3848679.0094082924
20080627,319.6664526660461,3535246.4132697103,3535566.0797223765
20080630,319.6664526660461,3519336.774909307,3519656.441361973
20080701,218.05492370552383,3450974.6128712003,3451192.6677949056
20080702,218.05492370552383,3464892.5908786836,3465110.645802389
20080703,218.05492370552383,3559185.8940697666,3559403.9489934724
20080704,218.05492370552383,3554640.1750323465,3554858.2299560523
20080707,218.05492370552383,3742989.8753025914,3743207.930226297
20080708,218.05492370552383,3748704.607233542,3748922.662157248
20080709,218.05492370552383,3918380.677554019,3918598.7324777246
20080710,218.05492370552383,3852612.3308010167,3852830.3857247224
20080711,218.05492370552383,3799200.9581542537,3799419.0130779594
20080714,218.05492370552383,3826593.655520366,3826811.7104440713
20080715,218.05492370552383,3665521.1890573166,3665739.2439810224
20080716,218.05492370552383,3487649.683173945,3487867.738097651
20080717,218.05492370552383,3480364.004933872,3480582.059857577
20080718,218.05492370552383,3606522.8791603264,3606740.9340840317
20080721,218.05492370552383,3760298.168764308,3760516.223688014
20080722,218.05492370552383,3777354.2205281556,3777572.2754518613
20080723,218.05492370552383,3769253.768233441,3769471.8231571466
20080724,218.05492370552383,3871917.668291102,3872135.723214808
20080725,218.05492370552383,3788143.517239755,3788361.572163461
20080728,218.05492370552383,3839574.4973819563,3839792.552305662
20080729,218.05492370552383,3794435.1843847847,3794653.2393084904
20080730,218.05492370552383,3783843.000102743,3784061.0550264483
20080731,218.05492370552383,3641581.1637721923,3641799.2186958976
20080801,58.76556114661162,3629629.5833487846,3629688.3489099313
20080804,58.76556114661162,3536262.7194406306,3536321.4850017773
20080805,58.76556114661162,3432096.2891333206,3432155.054694467
20080806,58.76556114661162,3452373.6907124883,3452432.456273635
20080807,58.76556114661162,3479708.2275130684,3479766.993074215
20080808,58.76556114661162,3310363.6935782647,3310422.4591394113
20080811,58.76556114661162,3175437.6384257926,3175496.403986939
20080812,58.76556114661162,3212893.3843439794,3212952.149905126
20080813,58.76556114661162,3226949.5862411154,3227008.351802262
20080814,58.76556114661162,3213119.4470274914,3213178.212588638
20080815,58.76556114661162,3199397.106006564,3199455.871567711
20080818,58.76556114661162,2981310.446416599,2981369.211977746
20080819,58.76556114661162,3011582.6218791883,3011641.387440335
20080820,58.76556114661162,3240354.32196045,3240413.087521597
20080821,58.76556114661162,3103628.714814602,3103687.4803757486
20080822,58.76556114661162,3021384.398607386,3021443.1641685325
20080825,58.76556114661162,3039261.5840549683,3039320.349616115
20080826,58.76556114661162,2924910.5331408894,2924969.298702036
20080827,58.76556114661162,2907569.4828080405,2907628.248369187
20080828,58.76556114661162,2913840.3381485883,2913899.103709735
20080829,58.76556114661162,2996796.948877361,2996855.714438508
20080901,122.00607268869499,2916367.1607788065,2916489.1668514954
20080902,122.00607268869499,2935618.4305632,2935740.4366358886
20080903,122.00607268869499,2908657.5794427786,2908779.5855154675
20080904,122.00607268869499,2930041.242277015,2930163.248349704
20080905,122.00607268869499,2788998.9478195673,2789120.953892256
20080908,122.00607268869499,2682611.217755594,2682733.2238282827
20080909,122.00607268869499,2735874.6385168172,2735996.644589506
20080910,122.00607268869499,2742491.3635588377,2742613.3696315265
20080911,122.00607268869499,2706678.8866502806,2706800.8927229694
20080912,122.00607268869499,2771830.9161592023,2771952.922231891
20080916,122.00607268869499,2748058.3549380763,2748180.361010765
20080917,122.00607268869499,2654312.478794538,2654434.484867227
20080918,122.00607268869499,2593122.9432786917,2593244.9493513806
20080919,122.00607268869499,2852956.763738838,2853078.769811527
20080922,122.00607268869499,2961834.5815131837,2961956.5875858725
20080923,122.00607268869499,2782414.4067039303,2782536.412776619
20080924,122.00607268869499,2815548.344338461,2815670.3504111497
20080925,122.00607268869499,2884070.636806456,2884192.6428791448
20080926,122.00607268869499,2868680.1729860855,2868802.1790587744
20081006,117.09445381630212,2708080.8422076846,2708197.936661501
20081007,117.09445381630212,2693895.9747759993,2694013.0692298156
20081008,117.09445381630212,2640738.605700451,2640855.7001542673
20081009,117.09445381630212,2643653.740414707,2643770.8348685233
20081010,117.09445381630212,2553699.0058023385,2553816.100256155
20081013,117.09445381630212,2624696.996544319,2624814.0909981355
20081014,117.09445381630212,2556830.383250024,2556947.4777038405
20081015,117.09445381630212,2565668.2252965723,2565785.3197503886
20081016,117.09445381630212,2476207.489150297,2476324.583604113
20081017,117.09445381630212,2468599.654505095,2468716.7489589113
20081020,117.09445381630212,2533963.613448058,2534080.707901874
20081021,117.09445381630212,2503993.627101616,2504110.7215554323
20081022,117.09445381630212,2476157.572644761,2476274.667098577
20081023,117.09445381630212,2482732.5939007886,2482849.688354605
20081024,117.09445381630212,2472908.6219379953,2473025.7163918116
20081027,117.09445381630212,2347149.2037792588,2347266.298233075
20081028,117.09445381630212,2379836.0711097377,2379953.165563554
20081029,117.09445381630212,2334685.5185944973,2334802.6130483137
20081030,117.09445381630212,2324848.3608359243,2324965.4552897406
20081031,117.09445381630212,2248208.326314289,2248325.4207681054
20081103,301.5882778381929,2223591.984576149,2223893.572853987
20081104,301.5882778381929,2205972.9434355227,2206274.531713361
20081105,301.5882778381929,2273527.0053217597,2273828.593599598
20081106,301.5882778381929,2272985.956102766,2273287.5443806043
20081107,301.5882778381929,2317036.8573630806,2317338.445640919
20081110,301.5882778381929,2502678.9923590273,2502980.5806368655
20081111,301.5882778381929,2451526.277251019,2451827.8655288573
20081112,301.5882778381929,2486346.3890506336,2486647.977328472
20081113,301.5882778381929,2571283.6334836227,2571585.221761461
20081114,301.5882778381929,2641597.7905381136,2641899.3788159518
20081117,301.5882778381929,2705387.4391958723,2705689.0274737105
20081118,301.5882778381929,2464985.040556628,2465286.628834466
20081119,301.5882778381929,2606685.8684882303,2606987.4567660685
20081120,301.5882778381929,2558381.3494239748,2558682.937701813
20081121,301.5882778381929,2533501.992271022,2533803.58054886
20081124,301.5882778381929,2468410.3972727708,2468711.985550609
20081125,301.5882778381929,2452745.417328009,2453047.005605847
20081126,301.5882778381929,2526059.25054766,2526360.8388254982
20081127,301.5882778381929,2540039.063718009,2540340.651995847
20081128,301.5882778381929,2489082.937943279,2489384.526221117
20081201,15.671474643866532,2520691.3556323247,2520707.0271069687
20081202,15.671474643866532,2588049.206639684,2588064.878114328
20081203,15.671474643866532,2691394.292923487,2691409.964398131
20081204,15.671474643866532,2706678.907501338,2706694.578975982
20081205,15.671474643866532,2725238.7546226545,2725254.4260972985
20081208,15.671474643866532,2819974.7512628064,2819990.4227374503
20081209,15.671474643866532,2742299.4875080953,2742315.1589827393
20081210,15.671474643866532,2773108.551031934,2773124.222506578
20081211,15.671474643866532,2683631.2696812106,2683646.9411558546
20081212,15.671474643866532,2584299.37683061,2584315.048305254
20081215,15.671474643866532,2592614.052134368,2592629.723609012
20081216,15.671474643866532,2626119.5585898412,2626135.230064485
20081217,15.671474643866532,2626529.817960498,2626545.489435142
20081218,15.671474643866532,2661287.674453029,2661303.345927673
20081219,15.671474643866532,2676450.5742373485,2676466.2457119925
20081222,15.671474643866532,2638779.6064633494,2638795.2779379934
20081223,15.671474643866532,2501272.073390427,2501287.744865071
20081224,15.671474643866532,2480597.3567001624,2480613.0281748064
20081225,15.671474643866532,2468527.0237524454,2468542.6952270893
20081226,15.671474643866532,2449507.7629085747,2449523.4343832186
20081229,15.671474643866532,2443374.266901061,2443389.938375705
20081230,15.671474643866532,2429701.8598758704,2429717.5313505144
20081231,15.671474643866532,2397402.125866093,2397417.797340737
20090105,203.80888343480183,2467363.5097412695,2467567.318624704
20090106,203.80888343480183,2529251.802487361,2529455.6113707954
20090107,203.80888343480183,2502930.793850181,2503134.602733616
20090108,203.80888343480183,2447153.3600902045,2447357.168973639
20090109,203.80888343480183,2482936.05403486,2483139.8629182945
20090112,203.80888343480183,2483014.716931738,2483218.5258151726
20090113,203.80888343480183,2469424.954672784,2469628.7635562187
20090114,203.80888343480183,2520660.942977082,2520864.7518605166
20090115,203.80888343480183,2520662.5393107077,2520866.3481941423
20090116,203.80888343480183,2538398.283787517,2538602.0926709515
20090119,203.80888343480183,2551078.591969656,2551282.4008530905
20090120,203.80888343480183,2577437.30673329,2577641.115616725
20090121,203.80888343480183,2550764.9362929445,2550968.745176379
20090122,203.80888343480183,2566607.4390219855,2566811.24790542
20090123,203.80888343480183,2547203.0278853886,2547406.836768823
20090202,13.461372928344645,2568729.500264973,2568742.961637901
20090203,13.461372928344645,2612591.97237583,2612605.4337487584
20090204,13.461372928344645,2666781.873212573,2666795.3345855013
20090205,13.461372928344645,2647274.0391207985,2647287.5004937267
20090206,13.461372928344645,2736470.218909636,2736483.6802825644
20090209,13.461372928344645,2788880.09685752,2788893.558230448
20090210,13.461372928344645,2838049.279275076,2838062.740648004
20090211,13.461372928344645,2841028.192422192,2841041.6537951203
20090212,13.461372928344645,2809306.2211717376,2809319.682544666
20090213,13.461372928344645,2912233.5835767654,2912247.0449496936
20090216,13.461372928344645,3046607.122019955,3046620.583392883
20090217,13.461372928344645,2977695.2200296167,2977708.681402545
20090218,13.461372928344645,2816404.145290118,2816417.6066630464
20090219,13.461372928344645,2871377.2905352823,2871390.7519082106
20090220,13.461372928344645,2904148.7257053116,2904162.18707824
20090223,13.461372928344645,2941566.6100543956,2941580.071427324
20090224,13.461372928344645,2822706.648301076,2822720.1096740044
20090225,13.461372928344645,2822657.929113797,2822671.390486725
20090226,13.461372928344645,2709682.925813782,2709696.3871867103
20090227,13.461372928344645,2669204.940777525,2669218.402150453
20090302,530977.010283074,2164053.9224328515,2695030.9327159254
20090303,530977.010283074,2141302.5612151464,2672279.5714982203
20090304,530977.010283074,2255783.151005392,2786760.161288466
20090305,530977.010283074,2250667.6678557317,2781644.6781388056
20090306,530977.010283074,2237051.2983470215,2768028.3086300953
20090309,530977.010283074,2143019.1700118515,2673996.1802949253
20090310,530977.010283074,2182315.3076089565,2713292.3178920303
20090311,530977.010283074,2184101.490837993,2715078.501121067
20090312,530977.010283074,2213363.233950359,2744340.2442334327
20090313,530977.010283074,2190003.4714866034,2720980.4817696773
20090316,530977.010283074,2201852.8035004097,2732829.8137834836
20090317,530977.010283074,2264857.8888132507,2795834.8990963246
20090318,530977.010283074,2284652.3387102983,2815629.348993372
20090319,530977.010283074,2306923.432898173,2837900.443181247
20090320,530977.010283074,2303841.2606538297,2834818.2709369035
20090323,530977.010283074,2332659.5024813726,2863636.5127644464
20090324,530977.010283074,2331377.5236207712,2862354.533903845
20090325,530977.010283074,2277445.9573310697,2808422.9676141436
20090326,530977.010283074,2328071.0092987595,2859048.0195818334
20090327,530977.010283074,2373531.1626140377,2904508.1728971116
20090330,530977.010283074,2369555.1930614547,2900532.2033445286
20090331,530977.010283074,2362919.646147921,2893896.656430995
20090401,253.73220385297464,2961519.315138932,2961773.0473427847
20090402,253.73220385297464,3047354.40961312,3047608.1418169728
20090403,253.73220385297464,3034715.872998209,3034969.605202062
20090407,253.73220385297464,3063549.0873205974,3063802.81952445
20090408,253.73220385297464,2973660.5809042156,2973914.3131080684
20090409,253.73220385297464,2987387.742565205,2987641.4747690577
20090410,253.73220385297464,3015039.1694597662,3015292.901663619
20090413,253.73220385297464,3071602.9547814005,3071856.6869852534
20090414,253.73220385297464,3101770.8399910186,3102024.5721948715
20090415,253.73220385297464,3090864.9254272915,3091118.6576311444
20090416,253.73220385297464,3119842.765257685,3120096.497461538
20090417,253.73220385297464,3044406.919360674,3044660.651564527
20090420,253.73220385297464,3117219.163131605,3117472.8953354578
20090421,253.73220385297464,3094048.420627568,3094302.152831421
20090422,253.73220385297464,2999385.1063821106,2999638.8385859635
20090423,253.73220385297464,2991172.8190381313,2991426.551241984
20090424,253.73220385297464,2968659.698384574,2968913.430588427
20090427,253.73220385297464,2901217.2263543056,2901470.9585581585
20090428,253.73220385297464,2932397.5822502584,2932651.3144541113
20090429,253.73220385297464,2991610.804844217,2991864.5370480698
20090430,253.73220385297464,2992614.08215283,2992867.814356683
20090504,195.5322682105725,3116825.1774706403,3117020.709738851
20090505,195.5322682105725,3118317.4624806093,3118512.99474882
20090506,195.5322682105725,3170178.279421569,3170373.8116897796
20090507,195.5322682105725,3167350.017561003,3167545.549829214
20090508,195.5322682105725,3200071.6113856295,3200267.1436538403
20090511,195.5322682105725,3183240.849752002,3183436.3820202127
20090512,195.5322682105725,3234238.0958902845,3234433.6281584953
20090513,195.5322682105725,3271601.130665957,3271796.662934168
20090514,195.5322682105725,3198917.142525928,3199112.674794139
20090515,195.5322682105725,3198597.0993440994,3198792.63161231
20090518,195.5322682105725,3236235.9948399197,3236431.5271081305
20090519,195.5322682105725,3250917.0194250825,3251112.5516932933
20090520,195.5322682105725,3242562.7521122284,3242758.284380439
20090521,195.5322682105725,3190900.305509258,3191095.837777469
20090522,195.5322682105725,3162280.3438624726,3162475.8761306833
20090525,195.5322682105725,3155772.597023837,3155968.1292920476
20090526,195.5322682105725,3120335.683546136,3120531.215814347
20090527,195.5322682105725,3221053.1531631583,3221248.685431369
20090601,11.767920832033269,3318673.251176632,3318685.019097464
20090602,11.767920832033269,3366545.0052594827,3366556.773180315
20090603,11.767920832033269,3495815.2122549987,3495826.980175831
20090604,11.767920832033269,3552939.5801261854,3552951.3480470176
20090605,11.767920832033269,3494821.5339907072,3494833.3019115394
20090608,11.767920832033269,3451986.3020334016,3451998.0699542337
20090609,11.767920832033269,3476350.9953247905,3476362.7632456226
20090610,11.767920832033269,3535741.162412295,3535752.9303331273
20090611,11.767920832033269,3501324.4266635114,3501336.1945843436
20090612,11.767920832033269,3441865.736862554,3441877.5047833864
20090615,11.767920832033269,3414258.1505387938,3414269.918459626
20090616,11.767920832033269,3401622.5048321886,3401634.2727530207
20090617,11.767920832033269,3476381.453812904,3476393.2217337363
20090618,11.767920832033269,3474352.0062518874,3474363.7741727196
20090619,11.767920832033269,3494209.457834728,3494221.22575556
20090622,11.767920832033269,3527807.5266672214,3527819.2945880536
20090623,11.767920832033269,3543782.1189575894,3543793.8868784215
20090624,11.767920832033269,3629083.9192125304,3629095.6871333625
20090625,11.767920832033269,3636089.0351714273,3636100.8030922594
20090626,11.767920832033269,3620084.2522059144,3620096.0201267465
20090629,11.767920832033269,3638595.661152468,3638607.4290733
20090630,11.767920832033269,3589303.2868417795,3589315.0547626116
20090701,79.47196973685641,3609089.010478688,3609168.4824484247
20090702,79.47196973685641,3633012.960102477,3633092.432072214
20090703,79.47196973685641,3648972.3095914256,3649051.7815611623
20090706,79.47196973685641,3701956.329882104,3702035.8018518407
20090707,79.47196973685641,3709944.8598100822,3710024.331779819
20090708,79.47196973685641,3817000.20214255,3817079.674112287
20090709,79.47196973685641,3927908.0577345025,3927987.529704239
20090710,79.47196973685641,3954720.1583631355,3954799.6303328723
20090713,79.47196973685641,3969222.9622625317,3969302.4342322685
20090714,79.47196973685641,4000754.1524513373,4000833.624421074
20090715,79.47196973685641,4013129.8433799157,4013209.3153496524
20090716,79.47196973685641,3967954.4526543883,3968033.924624125
20090717,79.47196973685641,3949853.0023654737,3949932.4743352104
20090720,79.47196973685641,4042952.7967009973,4043032.268670734
20090721,79.47196973685641,3932950.7185067083,3933030.190476445
20090722,79.47196973685641,3975259.2085183593,3975338.680488096
20090723,79.47196973685641,4017800.1002625865,4017879.5722323232
20090724,79.47196973685641,4020557.7474184353,4020637.219388172
20090727,79.47196973685641,4118449.8962185527,4118529.3681882895
20090728,79.47196973685641,4166580.768780736,4166660.2407504725
20090729,79.47196973685641,3912748.4616302345,3912827.9335999712
20090730,79.47196973685641,3972941.356963064,3973020.828932801
20090731,79.47196973685641,4080860.824994013,4080940.29696375
20090803,3.1331184577429667,4234072.996771529,4234076.129889987
20090804,3.1331184577429667,4330286.659604935,4330289.792723393
20090805,3.1331184577429667,4324608.72938104,4324611.862499498
20090806,3.1331184577429667,4241666.417016163,4241669.550134621
20090807,3.1331184577429667,4164589.047528998,4164592.1806474556
20090810,3.1331184577429667,4236161.08936378,4236164.222482238
20090811,3.1331184577429667,4220243.670324715,4220246.803443173
20090812,3.1331184577429667,4010621.939788395,4010625.0729068527
20090813,3.1331184577429667,3983037.703707988,3983040.8368264455
20090814,3.1331184577429667,3821402.1148714535,3821405.247989911
20090817,3.1331184577429667,3628697.062924804,3628700.196043262
20090818,3.1331184577429667,3720089.93635795,3720093.0694764075
20090819,3.1331184577429667,3604934.2805750496,3604937.413693507
20090820,3.1331184577429667,3696498.1115133376,3696501.244631795
20090821,3.1331184577429667,3756242.1641027723,3756245.29722123
20090824,3.1331184577429667,3835886.97251654,3835890.1056349976
20090825,3.1331184577429667,3818380.990461393,3818384.1235798504
20090826,3.1331184577429667,3950936.797820462,3950939.9309389195
20090827,3.1331184577429667,4020698.5505632292,4020701.683681687
20090828,3.1331184577429667,3896789.3590381294,3896792.492156587
20090831,3.1331184577429667,3679990.748436507,3679993.8815549645
20090901,176.09443710756022,3652472.1530646067,3652648.247501714
20090902,176.09443710756022,3651907.833788178,3652083.9282252854
20090903,176.09443710756022,3777782.92163897,3777959.0160760772
20090904,176.09443710756022,3820386.8209063,3820562.9153434075
20090907,176.09443710756022,3834480.7815107238,3834656.875947831
20090908,176.09443710756022,3861733.679099771,3861909.7735368786
20090909,176.09443710756022,3864188.655276314,3864364.7497134213
20090910,176.09443710756022,3843756.068968418,3843932.1634055255
20090911,176.09443710756022,3888054.595373666,3888230.6898107734
20090914,176.09443710756022,3925298.590361355,3925474.6847984623
20090915,176.09443710756022,3942827.2369748494,3943003.331411957
20090916,176.09443710756022,3907266.6478542006,3907442.742291308
20090917,176.09443710756022,4027999.826964978,4028175.9214020856
20090918,176.09443710756022,3962522.9148119166,3962699.009249024
20090921,176.09443710756022,4014261.911113441,4014438.0055505484
20090922,176.09443710756022,3941955.4885304654,3942131.582967573
20090923,176.09443710756022,3877598.5933730225,3877774.68781013
20090924,176.09443710756022,3869667.997938676,3869844.0923757832
20090925,176.09443710756022,3849773.5926383287,3849949.687075436
20090928,176.09443710756022,3752879.8411329384,3753055.935570046
20090929,176.09443710756022,3741882.2818347374,3742058.376271845
20090930,176.09443710756022,3779826.128122732,3780002.2225598395
20091009,3.080847551347688,3907357.7132463753,3907360.7940939264
20091012,3.080847551347688,3882001.4402285987,3882004.5210761502
20091013,3.080847551347688,3906421.7931691073,3906424.8740166584
20091014,3.080847551347688,3926067.5199653353,3926070.600812887
20091015,3.080847551347688,3921313.571710105,3921316.652557656
20091016,3.080847551347688,3933241.2750485516,3933244.355896103
20091019,3.080847551347688,3994371.4142933013,3994374.4951408524
20091020,3.080847551347688,4011222.0049186205,4011225.085766172
20091021,3.080847551347688,4010803.9280775697,4010807.0089251213
20091022,3.080847551347688,4001345.2728604926,4001348.3537080437
20091023,3.080847551347688,4053850.419059776,4053853.499907327
20091026,3.080847551347688,4098907.15496076,4098910.235808311
20091027,3.080847551347688,4003103.554504234,4003106.6353517855
20091028,3.080847551347688,4028423.135015501,4028426.2158630528
20091029,3.080847551347688,4033316.5969395675,4033319.6777871186
20091030,3.080847551347688,4110185.00668189,4110188.0875294413
20091102,185.55119797201405,4229819.6412324235,4230005.192430396
20091103,185.55119797201405,4269928.402275226,4270113.953473198
20091104,185.55119797201405,4271252.785451945,4271438.336649917
20091105,185.55119797201405,4310229.380342263,4310414.931540235
20091106,185.55119797201405,4282842.21884941,4283027.770047382
20091109,185.55119797201405,4290618.24666823,4290803.797866202
20091110,185.55119797201405,4278528.696785087,4278714.247983059
20091111,185.55119797201405,4301802.912921962,4301988.4641199345
20091112,185.55119797201405,4338615.843335363,4338801.394533335
20091113,185.55119797201405,4378909.578362279,4379095.129560251
20091116,185.55119797201405,4490262.745155207,4490448.296353179
20091117,185.55119797201405,4532333.064962686,4532518.616160658
20091118,185.55119797201405,4589020.724067546,4589206.275265519
20091119,185.55119797201405,4674064.158937539,4674249.710135511
20091120,185.55119797201405,4693380.30946197,4693565.860659942
20091123,185.55119797201405,4856952.511523882,4857138.062721854
20091124,185.55119797201405,4599551.432907042,4599736.984105014
20091125,185.55119797201405,4898179.510303292,4898365.061501265
20091126,185.55119797201405,4647481.177201101,4647666.728399073
20091127,185.55119797201405,4606551.207928695,4606736.759126667
20091130,185.55119797201405,4772030.761124155,4772216.312322127
20091201,92.77153462904971,4867100.708063465,4867193.479598094
20091202,92.77153462904971,4866354.664078958,4866447.4356135875
20091203,92.77153462904971,4889208.299137159,4889301.070671788
20091204,92.77153462904971,4825530.785913006,4825623.557447636
20091207,92.77153462904971,4822017.556015689,4822110.327550318
20091208,92.77153462904971,4800237.980037601,4800330.75157223
20091209,92.77153462904971,4698970.505107807,4699063.276642436
20091210,92.77153462904971,4734422.931597946,4734515.703132575
20091211,92.77153462904971,4733797.3988932,4733890.170427829
20091214,92.77153462904971,4797807.715911991,4797900.48744662
20091215,92.77153462904971,4773272.033018786,4773364.804553416
20091216,92.77153462904971,4745082.480862662,4745175.252397291
20091217,92.77153462904971,4621158.705251708,4621251.476786337
20091218,92.77153462904971,4520697.288032195,4520790.059566824
20091221,92.77153462904971,4568705.010054908,4568797.781589537
20091222,92.77153462904971,4472496.709275133,4472589.480809762
20091223,92.77153462904971,4552969.697666215,4553062.469200844
20091224,92.77153462904971,4657063.522215663,4657156.293750293
20091225,92.77153462904971,4639834.624463899,4639927.395998528
20091228,92.77153462904971,4699226.368074811,4699319.13960944
20091229,92.77153462904971,4724524.073140792,4724616.844675421
20091230,92.77153462904971,4792403.318112011,4792496.08964664
20091231,92.77153462904971,4803008.311261524,4803101.082796154
20100104,563.8103909235215,4756209.345884803,4756773.156275726
20100105,563.8103909235215,4803528.195043125,4804092.005434048
20100106,563.8103909235215,4784580.396970223,4785144.207361146
20100107,563.8103909235215,4687822.692261743,4688386.5026526665
20100108,563.8103909235215,4702972.384284382,4703536.194675305
20100111,563.8103909235215,4769372.798101488,4769936.608492411
20100112,563.8103909235215,4930357.16378535,4930920.974176273
20100113,563.8103909235215,4810573.408407437,4811137.21879836
20100114,563.8103909235215,4849780.220201203,4850344.030592126
20100115,563.8103909235215,4833666.022346127,4834229.83273705
20100118,563.8103909235215,4889170.160400465,4889733.970791388
20100119,563.8103909235215,5006355.431888329,5006919.242279252
20100120,563.8103909235215,5044129.582229488,5044693.392620411
20100121,563.8103909235215,5000076.924945103,5000640.735336026
20100122,563.8103909235215,4992509.304251295,4993073.114642218
20100125,563.8103909235215,4880839.407459124,4881403.217850047
20100126,563.8103909235215,4756659.678179574,4757223.488570497
20100127,563.8103909235215,4726099.29686037,4726663.107251293
20100128,563.8103909235215,4809818.192129515,4810382.002520438
20100129,563.8103909235215,4828273.725679378,4828837.536070301
20100201,156.4448680808564,4715182.781514324,4715339.2263824055
20100202,156.4448680808564,4759778.146635863,4759934.591503944
20100203,156.4448680808564,4876551.470701176,4876707.915569257
20100204,156.4448680808564,4849379.166139363,4849535.611007445
20100205,156.4448680808564,4768904.748910349,4769061.19377843
20100208,156.4448680808564,4766525.426389264,4766681.871257345
20100209,156.4448680808564,4856942.366308222,4857098.811176303
20100210,156.4448680808564,4862737.640058754,4862894.084926835
20100211,156.4448680808564,4857237.958049437,4857394.402917518
20100212,156.4448680808564,4895178.286419691,4895334.731287772
20100222,156.4448680808564,4863631.4449680215,4863787.889836103
20100223,156.4448680808564,4858544.936597123,4858701.381465204
20100224,156.4448680808564,4894156.002753659,4894312.44762174
20100225,156.4448680808564,4944892.985025043,4945049.429893124
20100226,156.4448680808564,4918259.446282752,4918415.891150833
20100301,300.01632624526974,4969703.975709649,4970003.992035894
20100302,300.01632624526974,4948548.312776801,4948848.329103046
20100303,300.01632624526974,4961446.085824433,4961746.102150678
20100304,300.01632624526974,4839802.87382943,4840102.890155675
20100305,300.01632624526974,4853075.470606325,4853375.48693257
20100308,300.01632624526974,4879484.325058006,4879784.341384251
20100309,300.01632624526974,4882466.832446104,4882766.848772349
20100310,300.01632624526974,4831548.857222534,4831848.873548779
20100311,300.01632624526974,4831837.065770944,4832137.082097189
20100312,300.01632624526974,4792297.29049568,4792597.306821925
20100315,300.01632624526974,4773435.544835992,4773735.561162237
20100316,300.01632624526974,4765213.445289277,4765513.461615521
20100317,300.01632624526974,4829127.983980557,4829428.000306802
20100318,300.01632624526974,4807031.036466981,4807331.052793226
20100319,300.01632624526974,4828087.598188644,4828387.614514889
20100322,300.01632624526974,4842852.262196969,4843152.278523214
20100323,300.01632624526974,4841530.5591807235,4841830.575506968
20100324,300.01632624526974,4866350.929133236,4866650.945459481
20100325,300.01632624526974,4803356.518099901,4803656.534426146
20100326,300.01632624526974,4875128.255259524,4875428.271585769
20100329,300.01632624526974,4947232.429617249,4947532.445943494
20100330,300.01632624526974,4944114.975860158,4944414.992186403
20100331,300.01632624526974,4887143.702390768,4887443.718717013
20100401,753.8183470188815,4955199.962504301,4955953.78085132
20100402,753.8183470188815,4978394.583989477,4979148.402336496
20100406,753.8183470188815,4973789.928792893,4974543.747139912
20100407,753.8183470188815,4957419.861362511,4958173.67970953
20100408,753.8183470188815,5033706.201771764,5034460.020118783
20100409,753.8183470188815,5086718.51770789,5087472.336054909
20100412,753.8183470188815,5145489.330871925,5146243.149218944
20100413,753.8183470188815,5151512.300366499,5152266.118713519
20100414,753.8183470188815,5158111.788777674,5158865.607124693
20100415,753.8183470188815,5115600.747670991,5116354.5660180105
20100416,753.8183470188815,5097619.038977857,5098372.857324876
20100419,753.8183470188815,5003875.665909952,5004629.484256971
20100420,753.8183470188815,5152790.205848487,5153544.024195506
20100421,753.8183470188815,5201932.343918796,5202686.162265815
20100422,753.8183470188815,5168760.2474563215,5169514.065803341
20100423,753.8183470188815,5109312.4932713155,5110066.311618335
20100426,753.8183470188815,5118965.838359229,5119719.656706248
20100427,753.8183470188815,4970887.522530793,4971641.340877812
20100428,753.8183470188815,4993837.096784248,4994590.915131267
20100429,753.8183470188815,4862611.428411316,4863365.246758335
20100430,753.8183470188815,4809245.979530931,4809999.797877951
20100504,94.95334535252186,4641223.925225897,4641318.87857125
20100505,94.95334535252186,4719557.271722024,4719652.225067377
20100506,94.95334535252186,4528507.388111673,4528602.341457026
20100507,94.95334535252186,4472418.564992318,4472513.518337671
20100510,94.95334535252186,4530504.162760348,4530599.116105701
20100511,94.95334535252186,4482177.611075979,4482272.5644213315
20100512,94.95334535252186,4516051.200660757,4516146.15400611
20100513,94.95334535252186,4559330.268582054,4559425.221927407
20100514,94.95334535252186,4531633.598920744,4531728.552266097
20100517,94.95334535252186,4240480.006955261,4240574.960300614
20100518,94.95334535252186,4348529.048815514,4348624.002160867
20100519,94.95334535252186,4326738.963943234,4326833.9172885865
20100520,94.95334535252186,4267367.5752791725,4267462.528624525
20100521,94.95334535252186,4350096.228353824,4350191.181699176
20100524,94.95334535252186,4489696.707398439,4489791.660743792
20100525,94.95334535252186,4484882.836091916,4484977.789437269
20100526,94.95334535252186,4536469.196967907,4536564.15031326
20100527,94.95334535252186,4582521.180031729,4582616.133377082
20100528,94.95334535252186,4608828.549746459,4608923.503091812
20100531,94.95334535252186,4551020.738764975,4551115.692110328
20100601,25.230628975084983,4471461.017130271,4471486.247759245
20100602,25.230628975084983,4415832.622360257,4415857.852989232
20100603,25.230628975084983,4399836.265219606,4399861.495848581
20100604,25.230628975084983,4377587.798166723,4377613.028795698
20100607,25.230628975084983,4292458.582530838,4292483.813159813
20100608,25.230628975084983,4279233.274385562,4279258.505014537
20100609,25.230628975084983,4382317.932556426,4382343.163185401
20100610,25.230628975084983,4346856.479952546,4346881.710581521
20100611,25.230628975084983,4356612.425877018,4356637.656505993
20100617,25.230628975084983,4358732.468095639,4358757.6987246135
20100618,25.230628975084983,4309477.418325315,4309502.64895429
20100621,25.230628975084983,4409374.510727704,4409399.741356678
20100622,25.230628975084983,4416281.306598764,4416306.537227739
20100623,25.230628975084983,4390055.123337963,4390080.353966937
20100624,25.230628975084983,4377661.863736225,4377687.0943652
20100625,25.230628975084983,4366446.296357788,4366471.526986763
20100628,25.230628975084983,4358384.95157947,4358410.182208445
20100629,25.230628975084983,4206982.338619784,4207007.569248759
20100630,25.230628975084983,4182716.668244347,4182741.898873322
20100701,26.508699307218194,4171222.204950588,4171248.713649895
20100702,26.508699307218194,4236799.582003938,4236826.090703245
20100705,26.508699307218194,4240213.59318942,4240240.101888727
20100706,26.508699307218194,4319553.172265852,4319579.680965159
20100707,26.508699307218194,4318069.708248296,4318096.216947603
20100708,26.508699307218194,4309299.720761731,4309326.2294610385
20100709,26.508699307218194,4391523.476781008,4391549.985480315
20100712,26.508699307218194,4423120.1117346715,4423146.620433979
20100713,26.508699307218194,4344559.969752143,4344586.47845145
20100714,26.508699307218194,4385875.859450091,4385902.368149398
20100715,26.508699307218194,4315673.189189092,4315699.6978883995
20100716,26.508699307218194,4317951.075393182,4317977.584092489
20100719,26.508699307218194,4379268.316482787,4379294.825182094
20100720,26.508699307218194,4446682.233111685,4446708.741810992
20100721,26.508699307218194,4486478.433943734,4486504.942643041
20100722,26.508699307218194,4514764.39801679,4514790.906716097
20100723,26.508699307218194,4516706.599098457,4516733.107797764
20100726,26.508699307218194,4528893.171670286,4528919.680369593
20100727,26.508699307218194,4500121.039182611,4500147.547881918
20100728,26.508699307218194,4577007.607584055,4577034.116283362
20100729,26.508699307218194,4591286.589175591,4591313.097874898
20100730,26.508699307218194,4542452.369140429,4542478.877839737
20100802,44.70606110783547,4583927.645548971,4583972.351610079
20100803,44.70606110783547,4515362.640290874,4515407.346351982
20100804,44.70606110783547,4514585.860192648,4514630.566253756
20100805,44.70606110783547,4452990.397329622,4453035.10339073
20100806,44.70606110783547,4507355.632820814,4507400.338881922
20100809,44.70606110783547,4489111.500687374,4489156.206748482
20100810,44.70606110783547,4419052.427925551,4419097.133986659
20100811,44.70606110783547,4426331.2969008135,4426376.0029619215
20100812,44.70606110783547,4373080.2323144125,4373124.9383755205
20100813,44.70606110783547,4396941.538930507,4396986.244991615
20100816,44.70606110783547,4460425.469152455,4460470.175213563
20100817,44.70606110783547,4443812.998639253,4443857.704700361
20100818,44.70606110783547,4419392.156831707,4419436.862892815
20100819,44.70606110783547,4440137.340853315,4440182.046914423
20100820,44.70606110783547,4449879.845722168,4449924.551783276
20100823,44.70606110783547,4428369.260982569,4428413.967043677
20100824,44.70606110783547,4421823.919397443,4421868.625458551
20100825,44.70606110783547,4340778.673193985,4340823.379255093
20100826,44.70606110783547,4360333.201433413,4360377.907494521
20100827,44.70606110783547,4359277.4242060315,4359322.1302671395
20100830,44.70606110783547,4389207.952127015,4389252.658188123
20100831,44.70606110783547,4336520.418990093,4336565.125051201
20100901,42.75277166667365,4308033.41649803,4308076.169269696
20100902,42.75277166667365,4336244.173627242,4336286.926398909
20100903,42.75277166667365,4328294.799527679,4328337.552299345
20100906,42.75277166667365,4398612.96721181,4398655.719983476
20100907,42.75277166667365,4397694.723081973,4397737.47585364
20100908,42.75277166667365,4370186.72639527,4370229.479166936
20100909,42.75277166667365,4323119.247715013,4323162.000486679
20100910,42.75277166667365,4315030.876086917,4315073.628858583
20100913,42.75277166667365,4328614.439378943,4328657.19215061
20100914,42.75277166667365,4318892.4101244835,4318935.16289615
20100915,42.75277166667365,4289354.539878721,4289397.292650388
20100916,42.75277166667365,4229790.903686311,4229833.656457977
20100917,42.75277166667365,4219794.284400436,4219837.037172102
20100920,42.75277166667365,4205819.120032317,4205861.872803983
20100921,42.75277166667365,4223253.251918284,4223296.0046899505
20100927,42.75277166667365,4245708.294004102,4245751.0467757685
20100928,42.75277166667365,4225595.45937855,4225638.212150216
20100929,42.75277166667365,4234201.994002983,4234244.746774649
20100930,42.75277166667365,4268613.700302887,4268656.453074553
20101008,33.65698223141055,4326702.532780917,4326736.189763148
20101011,33.65698223141055,4432838.681548955,4432872.338531186
20101012,33.65698223141055,4432510.271648581,4432543.928630812
20101013,33.65698223141055,4467188.866975854,4467222.523958085
20101014,33.65698223141055,4535124.047871908,4535157.704854139
20101015,33.65698223141055,4734561.0223397575,4734594.6793219885
20101018,33.65698223141055,4731821.786248229,4731855.44323046
20101019,33.65698223141055,4768489.929217856,4768523.586200087
20101020,33.65698223141055,4716886.532054154,4716920.189036385
20101021,33.65698223141055,4641224.975238985,4641258.632221216
20101022,33.65698223141055,4624725.201750158,4624758.858732389
20101025,33.65698223141055,4685661.010252904,4685694.667235135
20101026,33.65698223141055,4648872.472791097,4648906.129773328
20101027,33.65698223141055,4635180.32933543,4635213.986317661
20101028,33.65698223141055,4660298.941407707,4660332.598389938
20101029,33.65698223141055,4636891.59293674,4636925.249918971
20101101,144.79094905358943,4705049.819351693,4705194.610300746
20101102,144.79094905358943,4718646.4963614205,4718791.287310474
20101103,144.79094905358943,4729347.202258161,4729491.993207214
20101104,144.79094905358943,4776844.084472787,4776988.87542184
20101105,144.79094905358943,4839741.168589838,4839885.959538891
20101108,144.79094905358943,4903432.515588622,4903577.306537675
20101109,144.79094905358943,4868173.481420924,4868318.272369977
20101110,144.79094905358943,4863970.481409526,4864115.27235858
20101111,144.79094905358943,4836924.6126196105,4837069.403568664
20101112,144.79094905358943,4705640.916720294,4705785.7076693475
20101115,144.79094905358943,4788513.905033868,4788658.695982921
20101116,144.79094905358943,4668434.167479267,4668578.9584283205
20101117,144.79094905358943,4668688.12643769,4668832.917386743
20101118,144.79094905358943,4685224.2655386925,4685369.056487746
20101119,144.79094905358943,4720622.55035898,4720767.341308033
20101122,144.79094905358943,4693483.886680297,4693628.67762935
20101123,144.79094905358943,4619092.423989201,4619237.214938254
20101124,144.79094905358943,4571655.267886053,4571800.058835106
20101125,144.79094905358943,4599250.14298582,4599394.933934873
20101126,144.79094905358943,4546132.121514428,4546276.912463482
20101129,144.79094905358943,4559644.88887845,4559789.679827503
20101130,144.79094905358943,4451215.4269561535,4451360.217905207
20101201,132.06218565567178,4492609.568798117,4492741.630983773
20101202,132.06218565567178,4584280.93116015,4584412.993345805
20101203,132.06218565567178,4573430.730335271,4573562.792520926
20101206,132.06218565567178,4586195.385574092,4586327.4477597475
20101207,132.06218565567178,4581956.087611129,4582088.149796784
20101208,132.06218565567178,4549171.749085673,4549303.8112713285
20101209,132.06218565567178,4499417.516335222,4499549.578520877
20101210,132.06218565567178,4535138.393868748,4535270.456054403
20101213,132.06218565567178,4582398.617318376,4582530.679504031
20101214,132.06218565567178,4593283.859134314,4593415.921319969
20101215,132.06218565567178,4569026.128120611,4569158.190306267
20101216,132.06218565567178,4551131.033998705,4551263.096184361
20101217,132.06218565567178,4548079.223832489,4548211.286018144
20101220,132.06218565567178,4464011.58743702,4464143.649622675
20101221,132.06218565567178,4505432.396052375,4505564.458238031
20101222,132.06218565567178,4474451.209519009,4474583.271704664
20101223,132.06218565567178,4458053.040146072,4458185.102331728
20101224,132.06218565567178,4442196.393190033,4442328.455375688
20101227,132.06218565567178,4374833.062552156,4374965.124737811
20101228,132.06218565567178,4311780.762445505,4311912.82463116
20101229,132.06218565567178,4328545.291356503,4328677.353542158
20101230,132.06218565567178,4312064.069205109,4312196.131390764
20101231,132.06218565567178,4379076.251242317,4379208.313427973
20110104,45.27546519177122,4398654.788998803,4398700.0644639945
20110105,45.27546519177122,4381784.001672577,4381829.277137768
20110106,45.27546519177122,4378360.779894111,4378406.055359302
20110107,45.27546519177122,4414839.470017916,4414884.745483107
20110110,45.27546519177122,4378978.849212229,4379024.124677421
20110111,45.27546519177122,4410814.252749171,4410859.528214362
20110112,45.27546519177122,4428822.078963299,4428867.354428491
20110113,45.27546519177122,4431590.796347852,4431636.071813043
20110114,45.27546519177122,4396904.920519019,4396950.19598421
20110117,45.27546519177122,4320705.05625741,4320750.331722601
20110118,45.27546519177122,4331577.859823071,4331623.135288263
20110119,45.27546519177122,4374800.833091208,4374846.108556399
20110120,45.27546519177122,4289195.409516519,4289240.68498171
20110121,45.27546519177122,4350444.911572855,4350490.187038046
20110124,45.27546519177122,4385764.088999217,4385809.364464409
20110125,45.27546519177122,4424499.394780524,4424544.670245715
20110126,45.27546519177122,4445974.760975381,4446020.036440573
20110127,45.27546519177122,4479213.91288089,4479259.188346081
20110128,45.27546519177122,4477528.637517505,4477573.912982697
20110131,45.27546519177122,4489623.285841818,4489668.561307009
20110201,31.74350344727941,4474408.704771079,4474440.448274527
20110209,31.74350344727941,4449043.78983963,4449075.533343078
20110210,31.74350344727941,4485002.374684341,4485034.118187789
20110211,31.74350344727941,4513634.732879128,4513666.476382576
20110214,31.74350344727941,4615523.600664973,4615555.344168421
20110215,31.74350344727941,4602612.394897716,4602644.138401164
20110216,31.74350344727941,4636940.438341025,4636972.181844473
20110217,31.74350344727941,4657891.506074806,4657923.249578253
20110218,31.74350344727941,4626125.355449498,4626157.098952945
20110221,31.74350344727941,4661375.959276448,4661407.702779896
20110222,31.74350344727941,4573075.7409542315,4573107.484457679
20110223,31.74350344727941,4580134.001660613,4580165.745164061
20110224,31.74350344727941,4632338.7173599545,4632370.460863402
20110225,31.74350344727941,4621530.768415516,4621562.511918964
20110228,31.74350344727941,4653590.1475093635,4653621.891012811
20110301,94.22589848609641,4663243.052028743,4663337.277927229
20110302,94.22589848609641,4667956.519281941,4668050.745180426
20110303,94.22589848609641,4705184.878102065,4705279.104000552
20110304,94.22589848609641,4737335.299430894,4737429.525329379
20110307,94.22589848609641,4781380.234912494,4781474.46081098
20110308,94.22589848609641,4778739.64717742,4778833.873075906
20110309,94.22589848609641,4796432.284282269,4796526.510180755
20110310,94.22589848609641,4718294.6173311705,4718388.843229657
20110311,94.22589848609641,4685153.223622549,4685247.449521035
20110314,94.22589848609641,4669025.3418112025,4669119.567709688
20110315,94.22589848609641,4625934.57201636,4626028.797914846
20110316,94.22589848609641,4664712.829370189,4664807.055268675
20110317,94.22589848609641,4662004.963177919,4662099.189076405
20110318,94.22589848609641,4648085.138130354,4648179.364028839
20110321,94.22589848609641,4679567.24516776,4679661.471066246
20110322,94.22589848609641,4714065.49033179,4714159.716230277
20110323,94.22589848609641,4757719.82119637,4757814.047094855
20110324,94.22589848609641,4759903.14852295,4759997.374421436
20110325,94.22589848609641,4808023.881805681,4808118.107704166
20110328,94.22589848609641,4816190.881481713,4816285.107380198
20110329,94.22589848609641,4801916.808040021,4802011.033938507
20110330,94.22589848609641,4818985.7916216245,4819080.017520111
20110331,94.22589848609641,4786420.0362385735,4786514.262137059
20110401,48.982870300649665,4837874.477360583,4837923.460230883
20110406,48.982870300649665,4939528.075201786,4939577.058072086
20110407,48.982870300649665,4926463.961701458,4926512.944571759
20110408,48.982870300649665,4917485.8295862,4917534.812456501
20110411,48.982870300649665,4925777.648014678,4925826.630884978
20110412,48.982870300649665,4947019.475624857,4947068.458495157
20110413,48.982870300649665,4988946.711512195,4988995.694382495
20110414,48.982870300649665,4995563.272842398,4995612.255712698
20110415,48.982870300649665,5046594.141372738,5046643.124243039
20110418,48.982870300649665,5042107.150199139,5042156.133069439
20110419,48.982870300649665,4946586.480460956,4946635.463331256
20110420,48.982870300649665,4950478.993384974,4950527.976255274
20110421,48.982870300649665,4958909.727342956,4958958.710213256
20110422,48.982870300649665,4923385.18814673,4923434.17101703
20110425,48.982870300649665,4883321.127968829,4883370.110839129
20110426,48.982870300649665,4873460.686086873,4873509.668957173
20110427,48.982870300649665,4908653.388356076,4908702.371226376
20110428,48.982870300649665,4928616.347803024,4928665.330673324
20110429,48.982870300649665,4920743.258683802,4920792.241554102
20110503,453.2744113310473,4956681.737278363,4957135.011689694
20110504,453.2744113310473,4907475.279412754,4907928.553824085
20110505,453.2744113310473,4944329.406211364,4944782.680622695
20110506,453.2744113310473,4913127.98778274,4913581.262194071
20110509,453.2744113310473,4912390.893925957,4912844.168337288
20110510,453.2744113310473,4927544.836975837,4927998.111387168
20110511,453.2744113310473,4916316.21449525,4916769.488906581
20110512,453.2744113310473,4846633.040616525,4847086.315027856
20110513,453.2744113310473,4898653.677501936,4899106.951913267
20110516,453.2744113310473,4838986.130181277,4839439.404592608
20110517,453.2744113310473,4839172.419336589,4839625.69374792
20110518,453.2744113310473,4878621.126520478,4879074.400931809
20110519,453.2744113310473,4869677.740237191,4870131.014648522
20110520,453.2744113310473,4864644.998817182,4865098.273228513
20110523,453.2744113310473,4757402.547209554,4757855.821620885
20110524,453.2744113310473,4748652.938209244,4749106.212620575
20110525,453.2744113310473,4689626.031763232,4690079.306174563
20110526,453.2744113310473,4716779.925211895,4717233.199623226
20110527,453.2744113310473,4719697.248152772,4720150.522564103
20110530,453.2744113310473,4783014.318468677,4783467.592880008
20110531,453.2744113310473,4814927.5253332555,4815380.799744586
20110601,211.4092042228699,4811066.204699293,4811277.613903516
20110602,211.4092042228699,4738642.671063979,4738854.080268202
20110603,211.4092042228699,4773279.403946485,4773490.813150709
20110607,211.4092042228699,4750147.010571062,4750358.419775285
20110608,211.4092042228699,4736271.79769109,4736483.206895313
20110609,211.4092042228699,4683943.909294942,4684155.318499166
20110610,211.4092042228699,4656099.97170095,4656311.380905173
20110613,211.4092042228699,4611510.18653028,4611721.595734503
20110614,211.4092042228699,4641681.875853477,4641893.2850577
20110615,211.4092042228699,4582922.011039864,4583133.420244087
20110616,211.4092042228699,4496542.328374018,4496753.737578241
20110617,211.4092042228699,4472099.392533103,4472310.801737326
20110620,211.4092042228699,4428436.703850895,4428648.113055118
20110621,211.4092042228699,4437801.481342796,4438012.890547019
20110622,211.4092042228699,4452257.9601960685,4452469.369400292
20110623,211.4092042228699,4508290.396190485,4508501.805394708
20110624,211.4092042228699,4608999.658814682,4609211.068018905
20110627,211.4092042228699,4608241.57978233,4608452.988986554
20110628,211.4092042228699,4585474.750134715,4585686.159338938
20110629,211.4092042228699,4542116.238342828,4542327.647547051
20110630,211.4092042228699,4573710.011805227,4573921.42100945
20110701,117.96404134260956,4561551.485626737,4561669.44966808
20110704,117.96404134260956,4633741.412063424,4633859.3761047665
20110705,117.96404134260956,4622699.03494852,4622816.998989863
20110706,117.96404134260956,4582127.026482676,4582244.990524019
20110707,117.96404134260956,4567802.615749203,4567920.579790546
20110708,117.96404134260956,4569597.27767684,4569715.241718183
20110711,117.96404134260956,4570042.718401687,4570160.68244303
20110712,117.96404134260956,4495192.94016391,4495310.904205253
20110713,117.96404134260956,4546493.223510351,4546611.187551694
20110714,117.96404134260956,4548268.999967222,4548386.964008565
20110715,117.96404134260956,4559291.947133426,4559409.911174769
20110718,117.96404134260956,4553969.247363931,4554087.2114052735
20110719,117.96404134260956,4522755.253617763,4522873.217659106
20110720,117.96404134260956,4518739.029051733,4518856.993093076
20110721,117.96404134260956,4487619.720719558,4487737.684760901
20110722,117.96404134260956,4492553.408246128,4492671.372287471
20110725,117.96404134260956,4404038.9159420375,4404156.87998338
20110726,117.96404134260956,4423619.427226048,4423737.391267391
20110727,117.96404134260956,4429694.085548783,4429812.049590126
20110728,117.96404134260956,4403662.7094481485,4403780.673489491
20110729,117.96404134260956,4444358.904842382,4444476.868883725
20110801,501.88681868300773,4443112.830970338,4443614.71778902
20110802,501.88681868300773,4409868.157672863,4410370.044491546
20110803,501.88681868300773,4406294.07554354,4406795.962362222
20110804,501.88681868300773,4406692.506453849,4407194.393272532
20110805,501.88681868300773,4321236.766789563,4321738.653608246
20110808,501.88681868300773,4157919.057102235,4158420.943920918
20110809,501.88681868300773,4134267.1573231863,4134769.044141869
20110810,501.88681868300773,4182730.4340834613,4183232.3209021445
20110811,501.88681868300773,4215735.486486017,4216237.3733047
20110812,501.88681868300773,4286230.570101133,4286732.456919815
20110815,501.88681868300773,4327728.425238813,4328230.312057496
20110816,501.88681868300773,4307595.177672649,4308097.064491332
20110817,501.88681868300773,4281323.896500672,4281825.783319355
20110818,501.88681868300773,4204921.287382538,4205423.174201221
20110819,501.88681868300773,4191126.8436161024,4191628.7304347856
20110822,501.88681868300773,4161129.21486907,4161631.1016877526
20110823,501.88681868300773,4212529.878149549,4213031.764968231
20110824,501.88681868300773,4189506.2558482196,4190008.1426669024
20110825,501.88681868300773,4278981.107346796,4279482.994165479
20110826,501.88681868300773,4294813.357742686,4295315.244561369
20110829,501.88681868300773,4246056.9800688485,4246558.866887531
20110830,501.88681868300773,4229122.842187443,4229624.729006126
20110831,501.88681868300773,4223149.070616854,4223650.957435537
20110901,483.16394422357075,4207965.89064831,4208449.054592534
20110902,483.16394422357075,4150535.980554524,4151019.1444987473
20110905,483.16394422357075,4097446.865976591,4097930.0299208146
20110906,483.16394422357075,4075682.9006324057,4076166.064576629
20110907,483.16394422357075,4142460.7577362237,4142943.921680447
20110908,483.16394422357075,4121962.477570745,4122445.6415149686
20110909,483.16394422357075,4123910.1706662728,4124393.334610496
20110913,483.16394422357075,4132436.847322437,4132920.0112666604
20110914,483.16394422357075,4152659.9741697917,4153143.138114015
20110915,483.16394422357075,4152258.01000189,4152741.1739461133
20110916,483.16394422357075,4171506.1446639686,4171989.308608192
20110919,483.16394422357075,4085413.4588845135,4085896.622828737
20110920,483.16394422357075,4109567.0842025233,4110050.248146747
20110921,483.16394422357075,4226223.482909518,4226706.646853742
20110922,483.16394422357075,4105366.3613064038,4105849.525250627
20110923,483.16394422357075,4079082.6430145847,4079565.806958808
20110926,483.16394422357075,4042990.7818803685,4043473.945824592
20110927,483.16394422357075,4102632.0186126353,4103115.1825568588
20110928,483.16394422357075,4070319.516383921,4070802.680328144
20110929,483.16394422357075,4022833.519718158,4023316.6836623815
20110930,483.16394422357075,4026505.3851703703,4026988.549114594
20111010,105.29088735828327,4019495.1546507343,4019600.4455380924
20111011,105.29088735828327,4036603.4437464173,4036708.7346337754
20111012,105.29088735828327,4135032.847735747,4135138.1386231054
20111013,105.29088735828327,4160577.0923704053,4160682.3832577635
20111014,105.29088735828327,4147499.8691100413,4147605.1599973994
20111017,105.29088735828327,4149588.8430187437,4149694.133906102
20111018,105.29088735828327,4072139.2466616877,4072244.537549046
20111019,105.29088735828327,4054106.449098479,4054211.739985837
20111020,105.29088735828327,3957031.678575419,3957136.969462777
20111021,105.29088735828327,3959421.616053741,3959526.906941099
20111024,105.29088735828327,4013632.9222070915,4013738.2130944496
20111025,105.29088735828327,4079646.326376246,4079751.617263604
20111026,105.29088735828327,4095928.2372322846,4096033.5281196428
20111027,105.29088735828327,4100301.0748118386,4100406.3656991967
20111028,105.29088735828327,4171462.785309364,4171568.076196722
20111031,105.29088735828327,4115961.8727221,4116067.163609458
20111101,134.81155372492503,4105414.557893583,4105549.369447308
20111102,134.81155372492503,4132605.653789119,4132740.465342844
20111103,134.81155372492503,4151444.296077473,4151579.107631198
20111104,134.81155372492503,4175930.5171027826,4176065.3286565077
20111107,134.81155372492503,4183507.244572477,4183642.056126202
20111108,134.81155372492503,4193148.876331933,4193283.687885658
20111109,134.81155372492503,4182575.0617197426,4182709.8732734676
20111110,134.81155372492503,4108645.861146774,4108780.672700499
20111111,134.81155372492503,4101814.2800438753,4101949.0915976004
20111114,134.81155372492503,4169845.3759071426,4169980.1874608677
20111115,134.81155372492503,4142113.529383431,4142248.340937156
20111116,134.81155372492503,4081397.3437402295,4081532.1552939545
20111117,134.81155372492503,4086579.6945833964,4086714.5061371215
20111118,134.81155372492503,4064543.490881563,4064678.302435288
20111121,134.81155372492503,4070352.272859788,4070487.084413513
20111122,134.81155372492503,4044002.1616934417,4044136.9732471667
20111123,134.81155372492503,4023081.4206085466,4023216.2321622716
20111124,134.81155372492503,4044395.414416412,4044530.225970137
20111125,134.81155372492503,4000133.8719301075,4000268.6834838325
20111128,134.81155372492503,4003895.684951292,4004030.496505017
20111129,134.81155372492503,4030520.547476865,4030655.35903059
20111130,134.81155372492503,3930961.1657688227,3931095.9773225477
20111201,44.17467856339317,4015529.937280328,4015574.1119588916
20111202,44.17467856339317,4000369.2037502113,4000413.378428775
20111205,44.17467856339317,3997040.9639348374,3997085.138613401
20111206,44.17467856339317,3973380.6170942932,3973424.791772857
20111207,44.17467856339317,3981421.2946254984,3981465.469304062
20111208,44.17467856339317,3980104.3203473752,3980148.495025939
20111209,44.17467856339317,3971396.2549273004,3971440.429605864
20111212,44.17467856339317,3965646.743972557,3965690.9186511207
20111213,44.17467856339317,3945760.596018315,3945804.7706968784
20111214,44.17467856339317,3932448.1465369654,3932492.321215529
20111215,44.17467856339317,3892393.2760554175,3892437.450733981
20111216,44.17467856339317,3944461.0580616277,3944505.2327401913
20111219,44.17467856339317,3941880.4831296573,3941924.657808221
20111220,44.17467856339317,3948849.8297620816,3948894.004440645
20111221,44.17467856339317,3950419.6601098706,3950463.834788434
20111222,44.17467856339317,3922853.2734012026,3922897.4480797662
20111223,44.17467856339317,3944081.5507557373,3944125.725434301
20111226,44.17467856339317,3963598.5201374064,3963642.69481597
20111227,44.17467856339317,3938610.3883997677,3938654.5630783313
20111228,44.17467856339317,3927387.993945146,3927432.1686237096
20111229,44.17467856339317,3915058.2392493384,3915102.413927902
20111230,44.17467856339317,3934491.4374759127,3934535.6121544763
20120104,142.97039395954926,3934769.866397562,3934912.8367915214
20120105,142.97039395954926,3937842.0510731605,3937985.02146712
20120106,142.97039395954926,3963314.9881567555,3963457.958550715
20120109,142.97039395954926,3994943.807385552,3995086.7777795116
20120110,142.97039395954926,4048041.3467030674,4048184.317097027
20120111,142.97039395954926,4033190.4906699164,4033333.461063876
20120112,142.97039395954926,4026930.9914637324,4027073.961857692
20120113,142.97039395954926,4008779.7303020656,4008922.700696025
20120116,142.97039395954926,4000586.345719115,4000729.3161130743
20120117,142.97039395954926,4086157.671507852,4086300.6419018116
20120118,142.97039395954926,4038136.5450779917,4038279.515471951
20120119,142.97039395954926,4086917.1965904953,4087060.1669844547
20120120,142.97039395954926,4103532.052438279,4103675.0228322386
20120130,142.97039395954926,4055701.4555941094,4055844.425988069
20120131,142.97039395954926,4060948.580751368,4061091.5511453273
20120201,42.41586275458212,4035891.5708710914,4035933.986733846
20120202,42.41586275458212,4097350.6621094225,4097393.077972177
20120203,42.41586275458212,4118886.0387349147,4118928.454597669
20120206,42.41586275458212,4123079.3184092706,4123121.734272025
20120207,42.41586275458212,4060884.5406116666,4060926.956474421
20120208,42.41586275458212,4127205.7514760625,4127248.167338817
20120209,42.41586275458212,4125203.9624450244,4125246.378307779
20120210,42.41586275458212,4119860.316376376,4119902.7322391304
20120213,42.41586275458212,4109616.6582479975,4109659.074110752
20120214,42.41586275458212,4098332.680985405,4098375.0968481596
20120215,42.41586275458212,4126578.5248764576,4126620.940739212
20120216,42.41586275458212,4111575.8582623834,4111618.274125138
20120217,42.41586275458212,4105341.082102865,4105383.4979656194
20120220,42.41586275458212,4109812.660313534,4109855.0761762885
20120221,42.41586275458212,4145492.207954118,4145534.6238168725
20120222,42.41586275458212,4153804.507734934,4153846.9235976883
20120223,42.41586275458212,4151473.0517169964,4151515.467579751
20120224,42.41586275458212,4178374.579565346,4178416.9954281
20120227,42.41586275458212,4185212.0130292266,4185254.428891981
20120228,42.41586275458212,4213374.966484883,4213417.382347638
20120229,42.41586275458212,4227699.054084737,4227741.469947492
20120301,140.82326196846589,4196660.251158912,4196801.0744208805
20120302,140.82326196846589,4231909.663897218,4232050.487159187
20120305,140.82326196846589,4184035.891227064,4184176.7144890325
20120306,140.82326196846589,4149673.6224590624,4149814.4457210307
20120307,140.82326196846589,4137226.6982304007,4137367.521492369
20120308,140.82326196846589,4150251.144692436,4150391.967954404
20120309,140.82326196846589,4145037.669132107,4145178.4923940753
20120312,140.82326196846589,4130631.6665047063,4130772.4897666746
20120313,140.82326196846589,4150268.4494600846,4150409.272722053
20120314,140.82326196846589,4102682.991834638,4102823.8150966065
20120315,140.82326196846589,4094109.7343060374,4094250.5575680058
20120316,140.82326196846589,4098147.5752527686,4098288.398514737
20120319,140.82326196846589,4085458.7381639183,4085599.5614258866
20120320,140.82326196846589,4060526.6367539987,4060667.460015967
20120321,140.82326196846589,4062687.356825225,4062828.1800871934
20120322,140.82326196846589,4074488.4817614546,4074629.305023423
20120323,140.82326196846589,4045554.232004593,4045695.0552665615
20120326,140.82326196846589,4043468.7511636373,4043609.5744256056
20120327,140.82326196846589,4052303.9695815714,4052444.7928435397
20120328,140.82326196846589,4006451.925621764,4006592.748883732
20120329,140.82326196846589,3979596.980530599,3979737.8037925675
20120330,140.82326196846589,4031215.4651176357,4031356.288379604
20120405,41.293360686810956,4041010.1741937455,4041051.4675544323
20120406,41.293360686810956,4034791.921740325,4034833.215101012
20120409,41.293360686810956,4023127.4648564383,4023168.758217125
20120410,41.293360686810956,4045083.942082006,4045125.235442693
20120411,41.293360686810956,4035199.818653751,4035241.112014438
20120412,41.293360686810956,4078939.786607584,4078981.079968271
20120413,41.293360686810956,4077356.1839257223,4077397.477286409
20120416,41.293360686810956,4066820.132603855,4066861.4259645417
20120417,41.293360686810956,4050472.9367313203,4050514.230092007
20120418,41.293360686810956,4093633.6331300153,4093674.926490702
20120419,41.293360686810956,4077287.707415986,4077329.0007766727
20120420,41.293360686810956,4111199.9083275846,4111241.2016882715
20120423,41.293360686810956,4094826.0556142777,4094867.3489749646
20120424,41.293360686810956,4110376.7312771403,4110418.024637827
20120425,41.293360686810956,4121331.5128932977,4121372.8062539846
20120426,41.293360686810956,4116801.403659518,4116842.6970202047
20120427,41.293360686810956,4107590.740091147,4107632.0334518338
20120502,207.06023148522945,4138842.736873742,4139049.7971052276
20120503,207.06023148522945,4125171.3165985676,4125378.376830053
20120504,207.06023148522945,4138908.301131222,4139115.3613627073
20120507,207.06023148522945,4154651.095146159,4154858.1553776446
20120508,207.06023148522945,4148569.655734094,4148776.7159655793
20120509,207.06023148522945,4112617.0108742085,4112824.071105694
20120510,207.06023148522945,4125620.125331978,4125827.1855634633
20120511,207.06023148522945,4099168.4162270795,4099375.476458565
20120514,207.06023148522945,4076784.5211314047,4076991.58136289
20120515,207.06023148522945,4059620.918159135,4059827.9783906206
20120516,207.06023148522945,4027887.7415450085,4028094.801776494
20120517,207.06023148522945,4056065.569151885,4056272.6293833703
20120518,207.06023148522945,4019896.4207113986,4020103.480942884
20120521,207.06023148522945,4022346.509360718,4022553.5695922035
20120522,207.06023148522945,4036151.932059844,4036358.9922913294
20120523,207.06023148522945,4012664.684595155,4012871.7448266405
20120524,207.06023148522945,4006515.8227384104,4006722.882969896
20120525,207.06023148522945,4010103.6773044453,4010310.7375359307
20120528,207.06023148522945,4027095.288614619,4027302.3488461045
20120529,207.06023148522945,4044121.4987730253,4044328.5590045108
20120530,207.06023148522945,4033275.6323615317,4033482.692593017
20120531,207.06023148522945,4030749.223919054,4030956.2841505394
20120601,143.1748255242128,4024553.9116375046,4024697.0864630286
20120604,143.1748255242128,3954530.448684321,3954673.6235098448
20120605,143.1748255242128,3968360.206867013,3968503.381692537
20120606,143.1748255242128,3972656.30631763,3972799.481143154
20120607,143.1748255242128,3959259.9582679262,3959403.13309345
20120608,143.1748255242128,3955646.4043018175,3955789.5791273415
20120611,143.1748255242128,3969006.6850596406,3969149.8598851645
20120612,143.1748255242128,3925223.668075106,3925366.84290063
20120613,143.1748255242128,3929469.880440602,3929613.055266126
20120614,143.1748255242128,3883738.5746441972,3883881.7494697217
20120615,143.1748255242128,3908162.318914001,3908305.493739525
20120618,143.1748255242128,3908982.4431688916,3909125.6179944156
20120619,143.1748255242128,3900006.3521895143,3900149.5270150388
20120620,143.1748255242128,3913152.660283355,3913295.835108879
20120621,143.1748255242128,3884115.1104140184,3884258.285239543
20120625,143.1748255242128,3869871.9577344535,3870015.1325599775
20120626,143.1748255242128,3865479.5723086684,3865622.747134193
20120627,143.1748255242128,3857702.2937148777,3857845.468540402
20120628,143.1748255242128,3831900.0922218086,3832043.2670473326
20120629,143.1748255242128,3839254.642550352,3839397.817375876
20120702,140.69690410618205,3822206.882621537,3822347.579525643
20120703,140.69690410618205,3827519.9566756003,3827660.6535797063
20120704,140.69690410618205,3837827.724091416,3837968.4209955223
20120705,140.69690410618205,3827831.1121491194,3827971.8090532254
20120706,140.69690410618205,3811987.5403003143,3812128.2372044204
20120709,140.69690410618205,3753487.931958833,3753628.628862939
20120710,140.69690410618205,3735076.4939379683,3735217.1908420743
20120711,140.69690410618205,3709379.643029802,3709520.339933908
20120712,140.69690410618205,3686734.080293936,3686874.7771980423
20120713,140.69690410618205,3691972.8947667293,3692113.5916708354
20120716,140.69690410618205,3671496.677671155,3671637.374575261
20120717,140.69690410618205,3688042.06905937,3688182.765963476
20120718,140.69690410618205,3689663.9945809776,3689804.6914850837
20120719,140.69690410618205,3686650.7303825645,3686791.4272866705
20120720,140.69690410618205,3665504.408674021,3665645.105578127
20120723,140.69690410618205,3612891.6347076045,3613032.3316117106
20120724,140.69690410618205,3588605.53700067,3588746.233904776
20120725,140.69690410618205,3586793.9693671023,3586934.6662712083
20120726,140.69690410618205,3586793.9693671023,3586934.6662712083
20120727,140.69690410618205,3626683.5329586794,3626824.2298627854
20120730,140.69690410618205,3617558.602085564,3617699.29898967
20120731,140.69690410618205,3642223.063456375,3642363.760360481
20120801,10.594274913381923,3666296.3921275917,3666306.986402505
20120802,10.594274913381923,3669953.013251087,3669963.6075260006
20120803,10.594274913381923,3673389.4913688395,3673400.085643753
20120806,10.594274913381923,3679236.951980442,3679247.5462553552
20120807,10.594274913381923,3666654.3704426857,3666664.964717599
20120808,10.594274913381923,3684114.5448847325,3684125.139159646
20120809,10.594274913381923,3677225.429705118,3677236.0239800313
20120810,10.594274913381923,3677613.9059649794,3677624.500239893
20120813,10.594274913381923,3679628.375184604,3679638.9694595174
20120814,10.594274913381923,3682783.976508481,3682794.5707833944
20120815,10.594274913381923,3649676.8667391813,3649687.4610140948
20120816,10.594274913381923,3655222.5243118186,3655233.118586732
20120817,10.594274913381923,3660147.160079982,3660157.7543548956
20120820,10.594274913381923,3660317.15189301,3660327.7461679233
20120821,10.594274913381923,3657776.3869056506,3657786.981180564
20120822,10.594274913381923,3653559.461964337,3653570.0562392506
20120823,10.594274913381923,3647228.976242154,3647239.5705170673
20120824,10.594274913381923,3634916.302927861,3634926.8972027744
20120827,10.594274913381923,3614109.27053326,3614119.8648081734
20120828,10.594274913381923,3631751.230207938,3631761.824482851
20120829,10.594274913381923,3623568.422639065,3623579.0169139784
20120830,10.594274913381923,3640025.30028621,3640035.8945611236
20120831,10.594274913381923,3622378.7820995282,3622389.3763744417
20120903,103.46185901889112,3606978.6897629458,3607082.1516219648
20120904,103.46185901889112,3578001.901682868,3578105.363541887
20120905,103.46185901889112,3534411.7642221525,3534515.2260811715
20120906,103.46185901889112,3542036.2891464178,3542139.7510054368
20120907,103.46185901889112,3635699.858014957,3635803.319873976
20120910,103.46185901889112,3617689.291564533,3617792.753423552
20120911,103.46185901889112,3589996.6905898787,3590100.1524488977
20120912,103.46185901889112,3593883.751951417,3593987.213810436
20120913,103.46185901889112,3585705.9819232407,3585809.4437822597
20120914,103.46185901889112,3615263.87348195,3615367.335340969
20120917,103.46185901889112,3575836.12365558,3575939.585514599
20120918,103.46185901889112,3562454.75265186,3562558.214510879
20120919,103.46185901889112,3545335.70288244,3545439.164741459
20120920,103.46185901889112,3528953.2278265012,3529056.6896855203
20120921,103.46185901889112,3529091.3620594386,3529194.8239184576
20120924,103.46185901889112,3525287.937222128,3525391.399081147
20120925,103.46185901889112,3514764.0755273877,3514867.5373864067
20120926,103.46185901889112,3492812.6769968094,3492916.1388558284
20120927,103.46185901889112,3566899.196604679,3567002.658463698
20120928,103.46185901889112,3618469.824215158,3618573.286074177
20121008,35.0296005227483,3621713.3743407293,3621748.4039412523
20121009,35.0296005227483,3664808.5419900995,3664843.5715906224
20121010,35.0296005227483,3651804.234307751,3651839.263908274
20121011,35.0296005227483,3658122.9747115066,3658158.0043120296
20121012,35.0296005227483,3672006.026682305,3672041.056282828
20121015,35.0296005227483,3674588.635974874,3674623.6655753967
20121016,35.0296005227483,3672639.3093658416,3672674.3389663645
20121017,35.0296005227483,3685888.1438521096,3685923.1734526325
20121018,35.0296005227483,3714605.3262394136,3714640.3558399365
20121019,35.0296005227483,3714587.54051331,3714622.570113833
20121022,35.0296005227483,3726069.2774779005,3726104.3070784234
20121023,35.0296005227483,3714195.554470485,3714230.584071008
20121024,35.0296005227483,3708707.388705594,3708742.418306117
20121025,35.0296005227483,3697765.524518648,3697800.554119171
20121026,35.0296005227483,3665093.3442180515,3665128.3738185745
20121029,35.0296005227483,3671269.1445051054,3671304.1741056284
20121030,35.0296005227483,3654792.9377602856,3654827.9673608085
20121031,35.0296005227483,3677633.757460548,3677668.787061071
20121101,118.19014487299137,3716722.700180249,3716840.8903251216
20121102,118.19014487299137,3729722.573231345,3729840.7633762183
20121105,118.19014487299137,3746018.9009309732,3746137.091075846
20121106,118.19014487299137,3723054.6621229923,3723172.852267865
20121107,118.19014487299137,3723928.9645111472,3724047.15465602
20121108,118.19014487299137,3671369.013038575,3671487.203183448
20121109,118.19014487299137,3677368.602394034,3677486.7925389074
20121112,118.19014487299137,3689208.268990285,3689326.459135158
20121113,118.19014487299137,3631624.108141969,3631742.298286842
20121114,118.19014487299137,3643494.276251126,3643612.4663959993
20121115,118.19014487299137,3593120.8468076875,3593239.036952561
20121116,118.19014487299137,3581710.160234181,3581828.3503790544
20121119,118.19014487299137,3587213.430349363,3587331.6204942362
20121120,118.19014487299137,3587507.0436396743,3587625.233784547
20121121,118.19014487299137,3616157.956294081,3616276.1464389544
20121122,118.19014487299137,3589559.4816694977,3589677.671814371
20121123,118.19014487299137,3603274.8562668543,3603393.0464117276
20121126,118.19014487299137,3604949.3807997345,3605067.5709446073
20121127,118.19014487299137,3537098.7885810677,3537216.978725941
20121128,118.19014487299137,3504419.958767256,3504538.148912129
20121129,118.19014487299137,3502512.255081092,3502630.445225965
20121130,118.19014487299137,3508008.6819837894,3508126.8721286627
20121203,103.10515970519191,3456134.0430662613,3456237.1482259664
20121204,103.10515970519191,3479750.456610216,3479853.561769921
20121205,103.10515970519191,3587169.194814509,3587272.299974214
20121206,103.10515970519191,3584676.1703464547,3584779.2755061598
20121207,103.10515970519191,3655224.618603503,3655327.723763208
20121210,103.10515970519191,3707706.181396284,3707809.286555989
20121211,103.10515970519191,3678522.855703054,3678625.960862759
20121212,103.10515970519191,3661021.5814012815,3661124.6865609866
20121213,103.10515970519191,3623872.1398458285,3623975.2450055336
20121214,103.10515970519191,3750064.267772978,3750167.372932683
20121217,103.10515970519191,3803544.735562031,3803647.840721736
20121218,103.10515970519191,3814964.072175068,3815067.177334773
20121219,103.10515970519191,3816096.8716646107,3816199.9768243157
20121220,103.10515970519191,3816444.503749682,3816547.608909387
20121221,103.10515970519191,3811237.518548335,3811340.62370804
20121224,103.10515970519191,3830369.6687398474,3830472.7738995524
20121225,103.10515970519191,3895834.405426219,3895937.510585924
20121226,103.10515970519191,3942467.7330682795,3942570.8382279845
20121227,103.10515970519191,3922604.3576037576,3922707.4627634627
20121228,103.10515970519191,3939476.64104083,3939579.746200535
20121231,103.10515970519191,3973429.0202289717,3973532.1253886768
20130104,74.95645035832422,3957163.462376377,3957238.4188267356
20130107,74.95645035832422,3977026.3198487414,3977101.2762991
20130108,74.95645035832422,3971971.1880158256,3972046.144466184
20130109,74.95645035832422,3957145.6562114963,3957220.612661855
20130110,74.95645035832422,3954723.7533103973,3954798.7097607558
20130111,74.95645035832422,3864651.845600999,3864726.8020513575
20130114,74.95645035832422,3949550.5968360053,3949625.553286364
20130115,74.95645035832422,3991777.9215858425,3991852.878036201
20130116,74.95645035832422,3951737.5362731265,3951812.492723485
20130117,74.95645035832422,3938624.4912895,3938699.4477398586
20130118,74.95645035832422,3964207.966487616,3964282.9229379743
20130121,74.95645035832422,4023013.7706400617,4023088.72709042
20130122,74.95645035832422,4013554.448818078,4013629.4052684363
20130123,74.95645035832422,4058620.471023687,4058695.4274740457
20130124,74.95645035832422,3969570.697474425,3969645.6539247837
20130125,74.95645035832422,3949845.3839547937,3949920.340405152
20130128,74.95645035832422,3979727.807139894,3979802.7635902525
20130129,74.95645035832422,3988808.6087238425,3988883.565174201
20130130,74.95645035832422,4044918.1434681937,4044993.099918552
20130131,74.95645035832422,4044875.5878306874,4044950.544281046
20130201,91.10764869814739,4067892.8821263155,4067983.9897750136
20130204,91.10764869814739,4087918.0672031203,4088009.1748518185
20130205,91.10764869814739,4091849.042634367,4091940.150283065
20130206,91.10764869814739,4087552.8499093223,4087643.9575580205
20130207,91.10764869814739,4092412.1666657585,4092503.2743144566
20130208,91.10764869814739,4116549.180928171,4116640.2885768693
20130218,91.10764869814739,4169288.1146750716,4169379.2223237697
20130219,91.10764869814739,4118658.1506338594,4118749.2582825576
20130220,91.10764869814739,4129527.9256643634,4129619.0333130616
20130221,91.10764869814739,4028352.575197455,4028443.682846153
20130222,91.10764869814739,4028689.4316934925,4028780.5393421906
20130225,91.10764869814739,4047911.6993255173,4048002.8069742154
20130226,91.10764869814739,3996730.5931527987,3996821.700801497
20130227,91.10764869814739,4021008.00165551,4021099.1093042083
20130228,91.10764869814739,4082612.934801172,4082704.04244987
20130301,145.22655562206637,4070110.9503272306,4070256.176882853
20130304,145.22655562206637,3967660.929618639,3967806.156174261
20130305,145.22655562206637,4025562.267504102,4025707.4940597243
20130306,145.22655562206637,4095965.604827005,4096110.831382627
20130307,145.22655562206637,4065599.6362086264,4065744.8627642486
20130308,145.22655562206637,4039052.279837328,4039197.50639295
20130311,145.22655562206637,4001111.0365176494,4001256.2630732716
20130312,145.22655562206637,3958726.70505513,3958871.9316107524
20130313,145.22655562206637,3928850.699408788,3928995.92596441
20130314,145.22655562206637,3926300.7167861927,3926445.943341815
20130315,145.22655562206637,3950745.253034082,3950890.479589704
20130318,145.22655562206637,3993604.447192666,3993749.6737482883
20130319,145.22655562206637,4015862.325774234,4016007.552329856
20130320,145.22655562206637,4066091.428805081,4066236.6553607034
20130321,145.22655562206637,4094298.4326289343,4094443.6591845565
20130322,145.22655562206637,4091022.824985465,4091168.051541087
20130325,145.22655562206637,4070962.99838777,4071108.224943392
20130326,145.22655562206637,4019699.871064589,4019845.097620211
20130327,145.22655562206637,4025965.9063552613,4026111.1329108835
20130328,145.22655562206637,3941368.656431344,3941513.882986966
20130329,145.22655562206637,3956954.236217779,3957099.4627734013
20130401,37.48302469991347,3979159.753044579,3979197.2360692793
20130402,37.48302469991347,3984387.191890587,3984424.674915287
20130403,37.48302469991347,3974753.2936166488,3974790.776641349
20130408,37.48302469991347,3938053.541173479,3938091.024198179
20130409,37.48302469991347,3968777.683655651,3968815.166680351
20130410,37.48302469991347,3957297.3352527367,3957334.818277437
20130411,37.48302469991347,3917795.5665390585,3917833.0495637585
20130412,37.48302469991347,3914453.941012596,3914491.424037296
20130415,37.48302469991347,3879159.7755509014,3879197.2585756015
20130416,37.48302469991347,3888368.302530432,3888405.785555132
20130417,37.48302469991347,3862133.302183349,3862170.785208049
20130418,37.48302469991347,3885812.6594919106,3885850.1425166107
20130419,37.48302469991347,3944314.8737864224,3944352.3568111225
20130422,37.48302469991347,3916163.832189496,3916201.315214196
20130423,37.48302469991347,3830523.5131124426,3830560.9961371426
20130424,37.48302469991347,3885508.048000294,3885545.531024994
20130425,37.48302469991347,3839930.14239862,3839967.62542332
20130426,37.48302469991347,3840393.861105165,3840431.344129865
20130502,86.56518396781757,3866621.0059529706,3866707.5711369384
20130503,86.56518396781757,3898169.7613375033,3898256.326521471
20130506,86.56518396781757,3916011.97746121,3916098.542645178
20130507,86.56518396781757,3905556.875418983,3905643.4406029508
20130508,86.56518396781757,3921437.466463473,3921524.031647441
20130509,86.56518396781757,3929762.6989502795,3929849.2641342473
20130510,86.56518396781757,3945439.7348653316,3945526.3000492994
20130513,86.56518396781757,3959872.2769242246,3959958.8421081924
20130514,86.56518396781757,3930762.845990105,3930849.411174073
20130515,86.56518396781757,3935728.165951271,3935814.731135239
20130516,86.56518396781757,3966027.895904354,3966114.4610883216
20130517,86.56518396781757,3988983.72230961,3989070.2874935777
20130520,86.56518396781757,4014722.9781161007,4014809.5433000685
20130521,86.56518396781757,4042589.831368059,4042676.3965520267
20130522,86.56518396781757,4026242.368561184,4026328.933745152
20130523,86.56518396781757,4016337.057885412,4016423.62306938
20130524,86.56518396781757,4032290.6007637912,4032377.165947759
20130527,86.56518396781757,4026031.916448197,4026118.4816321647
20130528,86.56518396781757,4048169.025641248,4048255.590825216
20130529,86.56518396781757,4053470.768471704,4053557.3336556717
20130530,86.56518396781757,4052925.216141011,4053011.781324979
20130531,86.56518396781757,4041619.2290739333,4041705.794257901
20130603,33.61799418181181,4066283.246565548,4066316.8645597296
20130604,33.61799418181181,4004762.317183301,4004795.9351774827
20130605,33.61799418181181,4025487.7418596065,4025521.3598537883
20130606,33.61799418181181,3977865.4139358876,3977899.0319300694
20130607,33.61799418181181,3908539.502310799,3908573.120304981
20130613,33.61799418181181,3818969.1700933864,3819002.7880875682
20130614,33.61799418181181,3815029.083938408,3815062.70193259
20130617,33.61799418181181,3792625.5329396804,3792659.150933862
20130618,33.61799418181181,3786778.5925514014,3786812.210545583
20130619,33.61799418181181,3751445.0180967283,3751478.63609091
20130620,33.61799418181181,3657154.146809512,3657187.7648036936
20130621,33.61799418181181,3611436.9011824625,3611470.5191766443
20130624,33.61799418181181,3453892.4222997073,3453926.040293889
20130625,33.61799418181181,3429551.291871244,3429584.909865426
20130626,33.61799418181181,3410866.35608188,3410899.974076062
20130627,33.61799418181181,3418434.6698081736,3418468.2878023554
20130628,33.61799418181181,3440931.0498141604,3440964.6678083423
20130701,63.44148389354814,3450598.0019686418,3450661.443452535
20130702,63.44148389354814,3434589.096680821,3434652.5381647144
20130703,63.44148389354814,3397671.279794324,3397734.7212782176
20130704,63.44148389354814,3416643.238648229,3416706.6801321222
20130705,63.44148389354814,3423972.7638282226,3424036.205312116
20130708,63.44148389354814,3378572.8207767433,3378636.262260637
20130709,63.44148389354814,3392023.59055465,3392087.0320385434
20130710,63.44148389354814,3450328.40128798,3450391.8427718733
20130711,63.44148389354814,3550569.2245463626,3550632.666030256
20130712,63.44148389354814,3493047.600236606,3493111.0417204993
20130715,63.44148389354814,3504123.138257945,3504186.5797418384
20130716,63.44148389354814,3502693.619489673,3502757.0609735665
20130717,63.44148389354814,3481790.183000681,3481853.6244845744
20130718,63.44148389354814,3454020.0696490407,3454083.511132934
20130719,63.44148389354814,3422484.8492601877,3422548.290744081
20130722,63.44148389354814,3417491.71977145,3417555.1612553434
20130723,63.44148389354814,3465194.2059579473,3465257.6474418407
20130724,63.44148389354814,3450988.9690867537,3451052.410570647
20130725,63.44148389354814,3478546.910386442,3478610.3518703356
20130726,63.44148389354814,3467495.9156086277,3467559.357092521
20130729,63.44148389354814,3422622.6657219157,3422686.107205809
20130730,63.44148389354814,3442111.341803005,3442174.7832868984
20130731,63.44148389354814,3440208.8579823608,3440272.299466254
20130801,89.0481413592097,3479956.441455336,3480045.489596695
20130802,89.0481413592097,3473656.5398367783,3473745.5879781377
20130805,89.0481413592097,3488517.078508075,3488606.126649434
20130806,89.0481413592097,3490623.9797410015,3490713.027882361
20130807,89.0481413592097,3472308.3557522013,3472397.4038935606
20130808,89.0481413592097,3479108.8846239923,3479197.9327653516
20130809,89.0481413592097,3478078.8341403455,3478167.882281705
20130812,89.0481413592097,3522431.087973233,3522520.136114592
20130813,89.0481413592097,3529111.8281641775,3529200.876305537
20130814,89.0481413592097,3522311.2992923856,3522400.347433745
20130815,89.0481413592097,3509338.5148537094,3509427.5629950687
20130816,89.0481413592097,3521891.517825191,3521980.5659665503
20130819,89.0481413592097,3518355.5867216457,3518444.634863005
20130820,89.0481413592097,3503010.067275702,3503099.1154170614
20130821,89.0481413592097,3487072.677855126,3487161.7259964854
20130822,89.0481413592097,3475247.3747710763,3475336.4229124356
20130823,89.0481413592097,3462264.3751517064,3462353.4232930657
20130826,89.0481413592097,3508306.03829713,3508395.086438489
20130827,89.0481413592097,3534014.3193595917,3534103.367500951
20130828,89.0481413592097,3510895.4942317726,3510984.542373132
20130829,89.0481413592097,3551821.3221982047,3551910.370339564
20130830,89.0481413592097,3608330.5596120288,3608419.607753388
20130902,115.90408734240191,3574336.2299940432,3574452.1340813856
20130903,115.90408734240191,3608849.1917182575,3608965.0958056
20130904,115.90408734240191,3608980.509778567,3609096.4138659094
20130905,115.90408734240191,3597828.385172189,3597944.2892595315
20130906,115.90408734240191,3605509.247321599,3605625.1514089415
20130909,115.90408734240191,3803580.1728089335,3803696.076896276
20130910,115.90408734240191,3768995.386063819,3769111.290151161
20130911,115.90408734240191,3736689.2580513773,3736805.1621387196
20130912,115.90408734240191,3805584.25689034,3805700.160977682
20130913,115.90408734240191,3740578.410028485,3740694.3141158274
20130916,115.90408734240191,3738719.914534794,3738835.8186221365
20130917,115.90408734240191,3674616.5839296174,3674732.4880169597
20130918,115.90408734240191,3665658.5676026805,3665774.471690023
20130923,115.90408734240191,3679684.7963287937,3679800.700416136
20130924,115.90408734240191,3643471.123330473,3643587.0274178153
20130925,115.90408734240191,3632621.2508553723,3632737.1549427146
20130926,115.90408734240191,3606762.765332965,3606878.6694203075
20130927,115.90408734240191,3636052.0638337666,3636167.967921109
20130930,115.90408734240191,3637431.039398687,3637546.9434860293
20131008,202.66840194182254,3652760.5527137876,3652963.2211157293
20131009,202.66840194182254,3648932.698106538,3649135.3665084797
20131010,202.66840194182254,3635582.1561787017,3635784.8245806433
20131011,202.66840194182254,3678589.4628330367,3678792.1312349783
20131014,202.66840194182254,3673129.3108753734,3673331.979277315
20131015,202.66840194182254,3644288.265563611,3644490.9339655526
20131016,202.66840194182254,3647505.044176761,3647707.7125787027
20131017,202.66840194182254,3643602.136071678,3643804.8044736194
20131018,202.66840194182254,3631234.0239835223,3631436.692385464
20131021,202.66840194182254,3657412.820191201,3657615.4885931425
20131022,202.66840194182254,3624131.0029674526,3624333.6713693943
20131023,202.66840194182254,3602153.2485932875,3602355.916995229
20131024,202.66840194182254,3586606.290887675,3586808.9592896164
20131025,202.66840194182254,3567199.5156957475,3567402.184097689
20131028,202.66840194182254,3576268.054448496,3576470.7228504377
20131029,202.66840194182254,3602407.138622732,3602609.8070246736
20131030,202.66840194182254,3636608.1414925703,3636810.809894512
20131031,202.66840194182254,3636609.912600364,3636812.5810023057
20131101,179.0207829171327,3664846.4390601637,3665025.459843081
20131104,179.0207829171327,3654807.2924436918,3654986.313226609
20131105,179.0207829171327,3659382.156083884,3659561.1768668015
20131106,179.0207829171327,3648536.8732023495,3648715.893985267
20131107,179.0207829171327,3676955.201506145,3677134.222289062
20131108,179.0207829171327,3664661.6995283905,3664840.720311308
20131111,179.0207829171327,3671504.4767314927,3671683.49751441
20131112,179.0207829171327,3673586.6634200565,3673765.6842029737
20131113,179.0207829171327,3628046.890419131,3628225.9112020484
20131114,179.0207829171327,3634053.8652625754,3634232.8860454927
20131115,179.0207829171327,3666659.495564907,3666838.516347824
20131118,179.0207829171327,3740357.780317259,3740536.8011001763
20131119,179.0207829171327,3731821.7074954757,3732000.728278393
20131120,179.0207829171327,3739866.3153030365,3740045.3360859537
20131121,179.0207829171327,3767980.1431889962,3768159.1639719135
20131122,179.0207829171327,3774061.1433657743,3774240.1641486916
20131125,179.0207829171327,3711820.558231519,3711999.5790144363
20131126,179.0207829171327,3679892.444444482,3680071.4652273995
20131127,179.0207829171327,3688096.79766565,3688275.8184485673
20131128,179.0207829171327,3713048.694923443,3713227.71570636
20131129,179.0207829171327,3704741.7677579364,3704920.7885408537
20131202,129.5336762685929,3770356.194114399,3770485.7277906677
20131203,129.5336762685929,3748446.3065933604,3748575.840269629
20131204,129.5336762685929,3755473.5541553423,3755603.087831611
20131205,129.5336762685929,3740824.3098298362,3740953.843506105
20131206,129.5336762685929,3733265.211647174,3733394.7453234424
20131209,129.5336762685929,3721271.18207669,3721400.7157529583
20131210,129.5336762685929,3720350.380545989,3720479.9142222577
20131211,129.5336762685929,3682394.271996203,3682523.8056724714
20131212,129.5336762685929,3660987.8769900925,3661117.410666361
20131213,129.5336762685929,3617489.464567465,3617618.9982437333
20131216,129.5336762685929,3577532.4874849785,3577662.021161247
20131217,129.5336762685929,3569939.362431727,3570068.8961079954
20131218,129.5336762685929,3561594.508916041,3561724.0425923094
20131219,129.5336762685929,3544292.481486167,3544422.0151624354
20131220,129.5336762685929,3448031.4524416933,3448160.986117962
20131223,129.5336762685929,3496425.670146142,3496555.2038224107
20131224,129.5336762685929,3493652.7858177302,3493782.319493999
20131225,129.5336762685929,3505917.1263316674,3506046.660007936
20131226,129.5336762685929,3466452.5479395282,3466582.081615797
20131227,129.5336762685929,3505635.1225321437,3505764.6562084123
20131230,129.5336762685929,3470221.5933726416,3470351.12704891
20131231,129.5336762685929,3496415.8657465894,3496545.399422858
20140102,59.826643566480925,3473757.8975040936,3473817.72414766
20140103,59.826643566480925,3439202.7453829325,3439262.572026499
20140106,59.826643566480925,3399489.916934924,3399549.743578491
20140107,59.826643566480925,3397602.2639140096,3397662.090557576
20140108,59.826643566480925,3398710.872160355,3398770.6988039217
20140109,59.826643566480925,3383067.681752255,3383127.508395822
20140110,59.826643566480925,3367175.6268066717,3367235.4534502383
20140113,59.826643566480925,3377009.829466588,3377069.6561101545
20140114,59.826643566480925,3369007.734975974,3369067.5616195407
20140115,59.826643566480925,3342782.12253439,3342841.9491779567
20140116,59.826643566480925,3334930.546421146,3334990.3730647126
20140117,59.826643566480925,3305665.477528335,3305725.3041719017
20140120,59.826643566480925,3295086.034253745,3295145.8608973115
20140121,59.826643566480925,3311392.9785912996,3311452.805234866
20140122,59.826643566480925,3363802.5393388574,3363862.365982424
20140123,59.826643566480925,3335356.4808699577,3335416.3075135243
20140124,59.826643566480925,3346762.724169595,3346822.550813162
20140127,59.826643566480925,3318736.365934906,3318796.1925784727
20140128,59.826643566480925,3331411.8945179363,3331471.721161503
20140129,59.826643566480925,3373663.6874081953,3373723.514051762
20140130,59.826643566480925,3359359.13512595,3359418.9617695166
20140207,77.92900524894003,3349151.8871502103,3349229.8161554593
20140210,77.92900524894003,3375072.053960148,3375149.9829653967
20140211,77.92900524894003,3397675.72225198,3397753.651257229
20140212,77.92900524894003,3389841.269490867,3389919.198496116
20140213,77.92900524894003,3379730.9788718475,3379808.9078770964
20140214,77.92900524894003,3380909.735483528,3380987.664488777
20140217,77.92900524894003,3383841.839741217,3383919.768746466
20140218,77.92900524894003,3359877.5381777077,3359955.4671829566
20140219,77.92900524894003,3406893.9220177336,3406971.8510229825
20140220,77.92900524894003,3408347.88424919,3408425.813254439
20140221,77.92900524894003,3378167.6195307714,3378245.5485360203
20140224,77.92900524894003,3329707.4463720596,3329785.3753773086
20140225,77.92900524894003,3313116.919597004,3313194.848602253
20140226,77.92900524894003,3300458.9189807107,3300536.8479859596
20140227,77.92900524894003,3318681.9511668095,3318759.8801720585
20140228,77.92900524894003,3321860.6190409455,3321938.5480461945
20140303,60.06650972664829,3320912.8476143316,3320972.914124058
20140304,60.06650972664829,3312278.0834154035,3312338.14992513
20140305,60.06650972664829,3289792.402934571,3289852.4694442973
20140306,60.06650972664829,3286339.3970934455,3286399.463603172
20140307,60.06650972664829,3284776.129488,3284836.1959977266
20140310,60.06650972664829,3218983.902387782,3219043.9688975085
20140311,60.06650972664829,3213906.971589491,3213967.038099217
20140312,60.06650972664829,3213504.026638396,3213564.0931481225
20140313,60.06650972664829,3247454.484251568,3247514.5507612946
20140314,60.06650972664829,3226428.5534018986,3226488.619911625
20140317,60.06650972664829,3227102.9216767214,3227162.988186448
20140318,60.06650972664829,3239474.440166075,3239534.5066758012
20140319,60.06650972664829,3247191.7595342947,3247251.826044021
20140320,60.06650972664829,3226520.507518028,3226580.5740277544
20140321,60.06650972664829,3294548.3992610676,3294608.465770794
20140324,60.06650972664829,3323619.3571151556,3323679.423624882
20140325,60.06650972664829,3317157.3183337892,3317217.3848435157
20140326,60.06650972664829,3313575.457384753,3313635.5238944795
20140327,60.06650972664829,3296990.4317294285,3297050.498239155
20140328,60.06650972664829,3333079.645005489,3333139.711515215
20140331,60.06650972664829,3326007.176123694,3326067.2426334205
20140401,59.59155620553065,3319868.2907820293,3319927.8823382347
20140402,59.59155620553065,3327226.021056867,3327285.6126130726
20140403,59.59155620553065,3294141.384257777,3294200.9758139825
20140404,59.59155620553065,3310541.3722671103,3310600.9638233157
20140408,59.59155620553065,3355575.332161915,3355634.9237181204
20140409,59.59155620553065,3353188.972357126,3353248.5639133314
20140410,59.59155620553065,3455270.2493810556,3455329.840937261
20140411,59.59155620553065,3505102.66749407,3505162.259050275
20140414,59.59155620553065,3460862.2103855866,3460921.801941792
20140415,59.59155620553065,3423656.2076382022,3423715.7991944076
20140416,59.59155620553065,3437484.8876900217,3437544.479246227
20140417,59.59155620553065,3414910.1350573115,3414969.726613517
20140418,59.59155620553065,3403316.0652723787,3403375.656828584
20140421,59.59155620553065,3346994.1020899685,3347053.693646174
20140422,59.59155620553065,3366341.314669702,3366400.9062259076
20140423,59.59155620553065,3346712.690864754,3346772.2824209593
20140424,59.59155620553065,3334818.9433680396,3334878.534924245
20140425,59.59155620553065,3337568.285014538,3337627.8765707435
20140428,59.59155620553065,3335213.7840791885,3335273.375635394
20140429,59.59155620553065,3339746.990876577,3339806.5824327823
20140430,59.59155620553065,3337941.720008784,3338001.3115649894
20140505,107.7718579486966,3321116.73120901,3321224.5030669584
20140506,107.7718579486966,3312967.717332321,3313075.4891902697
20140507,107.7718579486966,3313182.015205986,3313289.7870639344
20140508,107.7718579486966,3330778.5146330716,3330886.28649102
20140509,107.7718579486966,3341467.876583753,3341575.6484417017
20140512,107.7718579486966,3375978.9019049853,3376086.673762934
20140513,107.7718579486966,3378582.2330686715,3378690.00492662
20140514,107.7718579486966,3373767.087129064,3373874.8589870124
20140515,107.7718579486966,3382692.105507359,3382799.8773653074
20140516,107.7718579486966,3394894.237005414,3395002.0088633625
20140519,107.7718579486966,3384204.875054733,3384312.6469126814
20140520,107.7718579486966,3395859.276108212,3395967.0479661603
20140521,107.7718579486966,3407927.164517904,3408034.9363758527
20140522,107.7718579486966,3422213.0959758903,3422320.867833839
20140523,107.7718579486966,3442373.243444951,3442481.0153028993
20140526,107.7718579486966,3430941.3318420015,3431049.10369995
20140527,107.7718579486966,3435080.2888551713,3435188.06071312
20140528,107.7718579486966,3461950.347622579,3462058.1194805275
20140529,107.7718579486966,3463009.4176940443,3463117.189551993
20140530,107.7718579486966,3444485.1553155086,3444592.927173457
20140603,12.560243968964642,3470612.2474796795,3470624.8077236484
20140604,12.560243968964642,3451670.933471521,3451683.4937154897
20140605,12.560243968964642,3490875.742561926,3490888.302805895
20140606,12.560243968964642,3465882.79962798,3465895.359871949
20140609,12.560243968964642,3493991.2969852975,3494003.8572292663
20140610,12.560243968964642,3535024.3654694185,3535036.9257133873
20140611,12.560243968964642,3531309.1326971697,3531321.6929411385
20140612,12.560243968964642,3534564.322248145,3534576.882492114
20140613,12.560243968964642,3571315.0569091598,3571327.6171531286
20140616,12.560243968964642,3593974.7048686487,3593987.2651126175
20140617,12.560243968964642,3559709.579196154,3559722.139440123
20140618,12.560243968964642,3535641.632017809,3535654.192261778
20140619,12.560243968964642,3500671.842125838,3500684.402369807
20140620,12.560243968964642,3522702.78312294,3522715.343366909
20140623,12.560243968964642,3506538.7354633864,3506551.2957073553
20140624,12.560243968964642,3515589.179817454,3515601.740061423
20140625,12.560243968964642,3508174.4137723898,3508186.9740163586
20140626,12.560243968964642,3519264.1455190536,3519276.7057630224
20140627,12.560243968964642,3509697.7182244975,3509710.2784684664
20140630,12.560243968964642,3517743.8176357904,3517756.3778797593
20140701,213.04847894178238,3525929.807898242,3526142.856377184
20140702,213.04847894178238,3543687.2254885132,3543900.273967455
20140703,213.04847894178238,3552948.039423795,3553161.087902737
20140704,213.04847894178238,3552404.755728876,3552617.804207818
20140707,213.04847894178238,3561326.6732771685,3561539.7217561104
20140708,213.04847894178238,3569619.2540262733,3569832.302505215
20140709,213.04847894178238,3532291.805280471,3532504.853759413
20140710,213.04847894178238,3533692.337018809,3533905.3854977507
20140711,213.04847894178238,3545365.702813513,3545578.751292455
20140714,213.04847894178238,3564475.7820930704,3564688.8305720123
20140715,213.04847894178238,3575509.1523343604,3575722.2008133023
20140716,213.04847894178238,3585703.512508883,3585916.560987825
20140717,213.04847894178238,3574970.732168546,3575183.780647488
20140718,213.04847894178238,3580463.068507688,3580676.11698663
20140721,213.04847894178238,3563040.5333054103,3563253.581784352
20140722,213.04847894178238,3572483.0381262763,3572696.0866052182
20140723,213.04847894178238,3585379.0230736174,3585592.0715525593
20140724,213.04847894178238,3638699.476886733,3638912.525365675
20140725,213.04847894178238,3666365.968320916,3666579.016799858
20140728,213.04847894178238,3809144.2263065376,3809357.2747854795
20140729,213.04847894178238,3862524.451653081,3862737.500132023
20140730,213.04847894178238,3850854.3087504664,3851067.3572294083
20140731,213.04847894178238,3907102.1599635403,3907315.208442482
20140801,101.34440744902167,3893550.7897355417,3893652.1341429907
20140804,101.34440744902167,3922313.782931776,3922415.127339225
20140805,101.34440744902167,3915017.9303338276,3915119.2747412766
20140806,101.34440744902167,3902437.9686295367,3902539.3130369857
20140807,101.34440744902167,3841281.1864098497,3841382.5308172987
20140808,101.34440744902167,3848998.391748672,3849099.736156121
20140811,101.34440744902167,3889257.716083886,3889359.060491335
20140812,101.34440744902167,3871042.2458557724,3871143.5902632214
20140813,101.34440744902167,3897991.3344464097,3898092.6788538587
20140814,101.34440744902167,3898219.2536199666,3898320.5980274156
20140815,101.34440744902167,3913285.96917683,3913387.313584279
20140818,101.34440744902167,3904938.3927091,3905039.737116549
20140819,101.34440744902167,3897563.478750533,3897664.823157982
20140820,101.34440744902167,3893479.172652668,3893580.517060117
20140821,101.34440744902167,3870407.172008332,3870508.516415781
20140822,101.34440744902167,3876330.78645232,3876432.130859769
20140825,101.34440744902167,3859377.884890001,3859479.22929745
20140826,101.34440744902167,3849423.621968239,3849524.966375688
20140827,101.34440744902167,3837731.7800197164,3837833.1244271654
20140828,101.34440744902167,3781719.607964902,3781820.952372351
20140829,101.34440744902167,3820178.864621794,3820280.209029243
20140901,142.63547326617402,3818306.430488329,3818449.065961595
20140902,142.63547326617402,3865367.089608909,3865509.7250821753
20140903,142.63547326617402,3901144.7364690145,3901287.371942281
20140904,142.63547326617402,3922195.975059512,3922338.6105327783
20140905,142.63547326617402,3943593.910924695,3943736.546397961
20140909,142.63547326617402,3928072.452113905,3928215.0875871712
20140910,142.63547326617402,3893032.6325826263,3893175.2680558925
20140911,142.63547326617402,3885622.425697739,3885765.061171005
20140912,142.63547326617402,3905852.2729071556,3905994.908380422
20140915,142.63547326617402,3894814.4520331076,3894957.087506374
20140916,142.63547326617402,3899215.377878082,3899358.013351348
20140917,142.63547326617402,3888571.5852917377,3888714.220765004
20140918,142.63547326617402,3910213.5182307577,3910356.153704024
20140919,142.63547326617402,3921705.0430380823,3921847.6785113486
20140922,142.63547326617402,3843724.7108695484,3843867.3463428146
20140923,142.63547326617402,3853531.319960119,3853673.9554333854
20140924,142.63547326617402,3896191.9051962104,3896334.5406694766
20140925,142.63547326617402,3895637.547335161,3895780.182808427
20140926,142.63547326617402,3895478.818234548,3895621.453707814
20140929,142.63547326617402,3880324.601071221,3880467.236544487
20140930,142.63547326617402,3888692.337791949,3888834.9732652153
20141008,48.427602743235184,3896832.559376224,3896880.986978967
20141009,48.427602743235184,3898304.8338338826,3898353.261436626
20141010,48.427602743235184,3884674.396883174,3884722.824485917
20141013,48.427602743235184,3852361.673667392,3852410.1012701355
20141014,48.427602743235184,3852484.8095396445,3852533.237142388
20141015,48.427602743235184,3868471.4256382505,3868519.853240994
20141016,48.427602743235184,3887742.449191355,3887790.8767940984
20141017,48.427602743235184,3878328.0743453316,3878376.501948075
20141020,48.427602743235184,3890208.8184999255,3890257.246102669
20141021,48.427602743235184,3866769.8503226973,3866818.2779254406
20141022,48.427602743235184,3870578.358516683,3870626.786119426
20141023,48.427602743235184,3863487.6392160202,3863536.0668187635
20141024,48.427602743235184,3853152.8109021923,3853201.2385049355
20141027,48.427602743235184,3797738.781700543,3797787.2093032864
20141028,48.427602743235184,3838340.0960232476,3838388.523625991
20141029,48.427602743235184,3881046.1468765642,3881094.5744793075
20141030,48.427602743235184,3916674.4241407956,3916722.851743539
20141031,48.427602743235184,4024986.6187463803,4025035.0463491236
20141103,98.3758238437731,3995466.3571569617,3995564.7329808054
20141104,98.3758238437731,3997398.743086462,3997497.1189103057
20141105,98.3758238437731,3950843.5921575115,3950941.9679813553
20141106,98.3758238437731,3948884.372352793,3948982.7481766366
20141107,98.3758238437731,3965071.112501206,3965169.4883250496
20141110,98.3758238437731,4072393.0044398694,4072491.380263713
20141111,98.3758238437731,4286720.629541765,4286819.005365609
20141112,98.3758238437731,4247260.488199537,4247358.864023381
20141113,98.3758238437731,4239324.831500296,4239423.20732414
20141114,98.3758238437731,4260799.069817123,4260897.445640967
20141117,98.3758238437731,4187934.489022178,4188032.864846022
20141118,98.3758238437731,4092546.7047294346,4092645.0805532783
20141119,98.3758238437731,4082680.6277334043,4082779.003557248
20141120,98.3758238437731,4084395.1285035433,4084493.504327387
20141121,98.3758238437731,4140348.984974931,4140447.3607987748
20141124,98.3758238437731,4143634.129480134,4143732.505303978
20141125,98.3758238437731,4201782.977313386,4201881.3531372305
20141126,98.3758238437731,4283838.9116424825,4283937.287466327
20141127,98.3758238437731,4324355.140514972,4324453.516338816
20141128,98.3758238437731,4624724.441888802,4624822.817712646
20141201,449.6807622779161,4687653.103997484,4688102.784759762
20141202,449.6807622779161,4817602.3491827315,4818052.029945009
20141203,449.6807622779161,4840274.663057084,4840724.343819362
20141204,449.6807622779161,5180958.359645411,5181408.040407689
20141205,449.6807622779161,5417641.967569112,5418091.64833139
20141208,449.6807622779161,5491835.198883497,5492284.879645775
20141209,449.6807622779161,5071717.552843259,5072167.233605537
20141210,449.6807622779161,5161905.462664171,5162355.143426449
20141211,449.6807622779161,5070349.392548362,5070799.07331064
20141212,449.6807622779161,5083085.545402624,5083535.226164902
20141215,449.6807622779161,5043740.569802294,5044190.2505645715
20141216,449.6807622779161,5172258.472191745,5172708.152954023
20141217,449.6807622779161,5228880.629801995,5229330.310564273
20141218,449.6807622779161,5201405.165118535,5201854.845880813
20141219,449.6807622779161,5360540.224506055,5360989.905268333
20141222,449.6807622779161,5586335.085323572,5586784.76608585
20141223,449.6807622779161,5380446.0368916895,5380895.717653967
20141224,449.6807622779161,5207399.340390753,5207849.021153031
20141225,449.6807622779161,5345314.486149672,5345764.16691195
20141226,449.6807622779161,5478839.100964349,5479288.781726627
20141229,449.6807622779161,5483956.670309475,5484406.351071753
20141230,449.6807622779161,5527715.312363459,5528164.993125737
20141231,449.6807622779161,5689600.70393102,5690050.384693298
20150105,322.8634235293139,5850482.502577383,5850805.366000912
20150106,322.8634235293139,5952888.286209257,5953211.149632786
20150107,322.8634235293139,5877897.42179876,5878220.285222289
20150108,322.8634235293139,5799337.515365429,5799660.378788958
20150109,322.8634235293139,5797085.740318271,5797408.6037418
20150112,322.8634235293139,5642206.790864441,5642529.65428797
20150113,322.8634235293139,5717169.688427812,5717492.5518513415
20150114,322.8634235293139,5684904.136037579,5685226.999461108
20150115,322.8634235293139,5765227.199638968,5765550.063062497
20150116,322.8634235293139,5835865.922607407,5836188.786030936
20150119,322.8634235293139,5612414.0003155,5612736.8637390295
20150120,322.8634235293139,5828753.007054491,5829075.87047802
20150121,322.8634235293139,5932259.966853048,5932582.830276577
20150122,322.8634235293139,5997005.728429478,5997328.591853007
20150123,322.8634235293139,5888568.969338089,5888891.832761618
20150126,322.8634235293139,6063785.5813556835,6064108.444779213
20150127,322.8634235293139,6124647.927197818,6124970.790621347
20150128,322.8634235293139,6079250.449066667,6079573.312490196
20150129,322.8634235293139,6004745.372479939,6005068.235903468
20150130,322.8634235293139,5956451.6652716715,5956774.528695201
20150202,256.20079395691573,5936238.902292579,5936495.103086537
20150203,256.20079395691573,5988389.292648485,5988645.493442442
20150204,256.20079395691573,5923884.3394770995,5924140.540271057
20150205,256.20079395691573,5896237.73224592,5896493.933039878
20150206,256.20079395691573,5831182.644594749,5831438.845388707
20150209,256.20079395691573,5805663.320987956,5805919.521781913
20150210,256.20079395691573,5855806.995677862,5856063.19647182
20150211,256.20079395691573,5892828.694948248,5893084.895742205
20150212,256.20079395691573,5899223.588552601,5899479.789346558
20150213,256.20079395691573,5934946.197161637,5935202.397955595
20150216,256.20079395691573,5984074.763114909,5984330.963908866
20150217,256.20079395691573,5980523.466491453,5980779.667285411
20150225,256.20079395691573,5974185.674234502,5974441.875028459
20150226,256.20079395691573,6027469.935988331,6027726.136782289
20150227,256.20079395691573,6047153.584314461,6047409.785108418
20150302,329.9651962416374,6087518.357005569,6087848.322201811
20150303,329.9651962416374,6029322.499391686,6029652.464587928
20150304,329.9651962416374,6113536.57431981,6113866.539516051
20150305,329.9651962416374,6166508.018215142,6166837.983411384
20150306,329.9651962416374,6093753.766402881,6094083.731599122
20150309,329.9651962416374,6159674.832044142,6160004.797240384
20150310,329.9651962416374,6171443.785092867,6171773.750289109
20150311,329.9651962416374,6188358.679037839,6188688.644234081
20150312,329.9651962416374,6149157.9976759385,6149487.96287218
20150313,329.9651962416374,6207138.932229984,6207468.897426225
20150316,329.9651962416374,6325415.54384536,6325745.509041602
20150317,329.9651962416374,6341204.297718307,6341534.262914549
20150318,329.9651962416374,6451734.260740633,6452064.225936875
20150319,329.9651962416374,6413225.645601381,6413555.610797622
20150320,329.9651962416374,6468086.661957206,6468416.627153448
20150323,329.9651962416374,6581549.589277797,6581879.554474039
20150324,329.9651962416374,6595106.691455895,6595436.656652137
20150325,329.9651962416374,6666583.470022957,6666913.435219198
20150326,329.9651962416374,6767112.546481525,6767442.511677766
20150327,329.9651962416374,6777643.663554184,6777973.628750426
20150330,329.9651962416374,6840460.271995137,6840790.237191379
20150331,329.9651962416374,6799943.156340726,6800273.121536967
20150401,936.3665501607757,6928627.786694663,6929564.153244823
20150402,936.3665501607757,7248988.013119858,7249924.379670018
20150403,936.3665501607757,7561752.751214898,7562689.117765059
20150407,936.3665501607757,7780491.412236512,7781427.778786672
20150408,936.3665501607757,7823698.763788389,7824635.13033855
20150409,936.3665501607757,7785844.084668695,7786780.451218856
20150410,936.3665501607757,7942085.246213289,7943021.61276345
20150413,936.3665501607757,8111323.388044428,8112259.754594589
20150414,936.3665501607757,8142600.7085632365,8143537.075113397
20150415,936.3665501607757,7938502.488331647,7939438.854881807
20150416,936.3665501607757,8073522.681423498,8074459.047973659
20150417,936.3665501607757,8246686.403855246,8247622.770405406
20150420,936.3665501607757,8003490.063534327,8004426.430084487
20150421,936.3665501607757,8271648.86120614,8272585.227756301
20150422,936.3665501607757,8445817.637871344,8446754.004421504
20150423,936.3665501607757,8431436.870008213,8432373.236558374
20150424,936.3665501607757,8473976.135378221,8474912.501928382
20150427,936.3665501607757,8617680.972261881,8618617.338812042
20150428,936.3665501607757,8301021.584502911,8301957.951053072
20150429,936.3665501607757,8517896.49370874,8518832.860258901
20150430,936.3665501607757,8482602.07554558,8483538.44209574
20150504,300.49254108103923,8479418.333339648,8479718.825880729
20150505,300.49254108103923,8106269.168002898,8106569.660543979
20150506,300.49254108103923,7953879.1870916225,7954179.679632704
20150507,300.49254108103923,7847996.12731697,7848296.619858052
20150508,300.49254108103923,7956728.447117684,7957028.939658766
20150511,300.49254108103923,8095344.7800641,8095645.272605182
20150512,300.49254108103923,8183767.211734265,8184067.704275346
20150513,300.49254108103923,8123354.295617858,8123654.788158939
20150514,300.49254108103923,8103137.076098602,8103437.568639684
20150515,300.49254108103923,8172255.991474778,8172556.48401586
20150518,300.49254108103923,8243287.13566349,8243587.628204571
20150519,300.49254108103923,8414285.58489807,8414586.07743915
20150520,300.49254108103923,8422594.079791576,8422894.572332656
20150521,300.49254108103923,8457152.744610775,8457453.237151856
20150522,300.49254108103923,8627425.27797564,8627725.77051672
20150525,300.49254108103923,8812214.19998247,8812514.69252355
20150526,300.49254108103923,8819410.034696512,8819710.527237592
20150527,300.49254108103923,8769923.280800952,8770223.773342032
20150528,300.49254108103923,8432445.700121574,8432746.192662654
20150529,300.49254108103923,8438629.247730292,8438929.740271373
20150601,183.504647336647,8772258.068975572,8772441.573622908
20150602,183.504647336647,8756875.88368839,8757059.388335727
20150603,183.504647336647,8796610.412222844,8796793.91687018
20150604,183.504647336647,9039086.39711497,9039269.901762307
20150605,183.504647336647,9047793.314530788,9047976.819178125
20150608,183.504647336647,9518514.349554181,9518697.854201518
20150609,183.504647336647,9538931.13286266,9539114.637509996
20150610,183.504647336647,9431448.490603035,9431631.995250372
20150611,183.504647336647,9309676.499905499,9309860.004552836
20150612,183.504647336647,9387015.872272775,9387199.376920111
20150615,183.504647336647,9260654.623435013,9260838.12808235
20150616,183.504647336647,9157816.393669944,9157999.898317281
20150617,183.504647336647,9215721.04908793,9215904.553735267
20150618,183.504647336647,8822523.55261604,8822707.057263376
20150619,183.504647336647,8455008.928489858,8455192.433137195
20150623,183.504647336647,8727412.415841678,8727595.920489015
20150624,183.504647336647,8802651.951725902,8802835.456373239
20150625,183.504647336647,8621883.305991642,8622066.81063898
20150626,183.504647336647,8241951.195937861,8242134.700585198
20150629,183.504647336647,8290042.766311339,8290226.270958676
20150630,183.504647336647,8703818.297991192,8704001.802638529
20150701,289.8173168571666,8414360.7590309,8414650.576347757
20150702,289.8173168571666,8454337.027557774,8454626.844874632
20150703,289.8173168571666,8194193.453780705,8194483.271097562
20150706,289.8173168571666,8731143.210221624,8731433.027538482
20150707,289.8173168571666,9123526.9623202,9123816.779637057
20150708,289.8173168571666,8728270.017408326,8728559.834725183
20150709,289.8173168571666,9140833.695076397,9141123.512393255
20150710,289.8173168571666,9253590.709906776,9253880.527223632
20150713,289.8173168571666,8990842.436885566,8991132.254202422
20150714,289.8173168571666,8776913.870378625,8777203.68769548
20150715,289.8173168571666,8902216.09929359,8902505.916610446
20150716,289.8173168571666,8857490.310967166,8857780.128284022
20150717,289.8173168571666,8907602.544559337,8907892.361876193
20150720,289.8173168571666,8826455.391121492,8826745.208438348
20150721,289.8173168571666,8789721.163110098,8790010.980426956
20150722,289.8173168571666,8638834.056694869,8639123.874011725
20150723,289.8173168571666,8702679.975793147,8702969.793110006
20150724,289.8173168571666,8577268.29012524,8577558.107442096
20150727,289.8173168571666,8055484.977624294,8055774.7949411515
20150728,289.8173168571666,8156097.615712859,8156387.433029716
20150729,289.8173168571666,8205532.615363386,8205822.432680244
20150730,289.8173168571666,8061593.740651948,8061883.557968806
20150731,289.8173168571666,8108459.096967356,8108748.914284213
20150803,282.0821591990534,8238681.700136509,8238963.782295708
20150804,282.0821591990534,8289555.613684798,8289837.6958439965
20150805,282.0821591990534,8153283.254208786,8153565.336367985
20150806,282.0821591990534,8113095.630995007,8113377.713154206
20150807,282.0821591990534,8204581.896682022,8204863.978841221
20150810,282.0821591990534,8356387.648720687,8356669.730879886
20150811,282.0821591990534,8343587.016675759,8343869.098834958
20150812,282.0821591990534,8260641.243764238,8260923.325923437
20150813,282.0821591990534,8303083.851205586,8303365.933364785
20150814,282.0821591990534,8323431.717645985,8323713.799805184
20150817,282.0821591990534,8241827.919753591,8242110.001912789
20150818,282.0821591990534,8053381.31133043,8053663.393489629
20150819,282.0821591990534,8063650.936295671,8063933.01845487
20150820,282.0821591990534,7932302.8563245665,7932584.938483765
20150821,282.0821591990534,7799382.984493896,7799665.066653095
20150824,282.0821591990534,7304579.45793903,7304861.5400982285
20150825,282.0821591990534,7044112.724673081,7044394.80683228
20150826,282.0821591990534,7230285.374320392,7230567.45647959
20150827,282.0821591990534,7531304.403757659,7531586.485916858
20150828,282.0821591990534,7591513.398336986,7591795.480496185
20150831,282.0821591990534,7586165.209347595,7586447.291506794
20150901,169.05811051279306,7682777.275153812,7682946.333264325
20150902,169.05811051279306,7862603.804154092,7862772.862264605
20150907,169.05811051279306,7556145.926614782,7556314.984725295
20150908,169.05811051279306,7655121.7696501445,7655290.827760657
20150909,169.05811051279306,7748148.871883903,7748317.9299944155
20150910,169.05811051279306,7738325.954382775,7738495.012493288
20150911,169.05811051279306,7718596.520816233,7718765.578926746
20150914,169.05811051279306,7699421.285819259,7699590.343929771
20150915,169.05811051279306,7632117.456120791,7632286.514231304
20150916,169.05811051279306,7781039.1448228955,7781208.202933408
20150917,169.05811051279306,7636473.959622566,7636643.017733078
20150918,169.05811051279306,7626765.349070081,7626934.407180593
20150921,169.05811051279306,7684423.053704126,7684592.111814639
20150922,169.05811051279306,7708666.073404587,7708835.1315151
20150923,169.05811051279306,7582318.47110039,7582487.529210903
20150924,169.05811051279306,7656890.432303155,7657059.490413668
20150925,169.05811051279306,7648699.747823366,7648868.805933879
20150928,169.05811051279306,7636286.144622128,7636455.202732641
20150929,169.05811051279306,7538863.984744765,7539033.042855278
20150930,169.05811051279306,7610901.147965483,7611070.206075996
20151008,174.54584946202522,7782941.595504428,7783116.14135389
20151009,174.54584946202522,7806377.20813449,7806551.753983952
20151012,174.54584946202522,7932251.865319058,7932426.41116852
20151013,174.54584946202522,7900307.474082543,7900482.019932005
20151014,174.54584946202522,7839407.291133359,7839581.836982821
20151015,174.54584946202522,7915206.872527406,7915381.418376868
20151016,174.54584946202522,7947140.794044044,7947315.339893506
20151019,174.54584946202522,7906761.560027405,7906936.105876867
20151020,174.54584946202522,7971522.96697926,7971697.512828722
20151021,174.54584946202522,7975383.84291729,7975558.388766752
20151022,174.54584946202522,7948542.499543368,7948717.04539283
20151023,174.54584946202522,7968402.210098292,7968576.755947754
20151026,174.54584946202522,8057276.7605775595,8057451.3064270215
20151027,174.54584946202522,8048293.652413545,8048468.198263007
20151028,174.54584946202522,7982478.08255352,7982652.628402982
20151029,174.54584946202522,7988216.697520907,7988391.243370369
20151030,174.54584946202522,8017844.725423713,8018019.271273175
20151102,66.37170095041802,7935184.269454462,7935250.641155412
20151103,66.37170095041802,7975689.666020714,7975756.037721664
20151104,66.37170095041802,8101041.593158638,8101107.964859588
20151105,66.37170095041802,8146376.0600562105,8146442.43175716
20151106,66.37170095041802,8352821.255546037,8352887.627246987
20151109,66.37170095041802,8557663.741526771,8557730.113227721
20151110,66.37170095041802,8501981.373240238,8502047.744941188
20151111,66.37170095041802,8498365.695248978,8498432.066949928
20151112,66.37170095041802,8447774.930813376,8447841.302514326
20151113,66.37170095041802,8410136.737889383,8410203.109590333
20151116,66.37170095041802,8484752.94334991,8484819.31505086
20151117,66.37170095041802,8449181.928113678,8449248.299814628
20151118,66.37170095041802,8397475.286199797,8397541.657900747
20151119,66.37170095041802,8425258.085848026,8425324.457548976
20151120,66.37170095041802,8448130.828833112,8448197.200534062
20151123,66.37170095041802,8402145.210895695,8402211.582596645
20151124,66.37170095041802,8389435.87386135,8389502.2455623
20151125,66.37170095041802,8437278.082444673,8437344.454145623
20151126,66.37170095041802,8478870.453193078,8478936.824894028
20151127,66.37170095041802,8234786.741063465,8234853.112764415
20151130,66.37170095041802,8033198.35028303,8033264.72198398
20151201,68.2084153026808,7962343.179909224,7962411.388324526
20151202,68.2084153026808,8432954.357868236,8433022.566283539
20151203,68.2084153026808,8612904.133869866,8612972.34228517
20151204,68.2084153026808,8409867.219263166,8409935.42767847
20151207,68.2084153026808,8296585.167204987,8296653.37562029
20151208,68.2084153026808,8218282.546790067,8218350.75520537
20151209,68.2084153026808,8437063.528145358,8437131.736560661
20151210,68.2084153026808,8397911.205641348,8397979.414056651
20151211,68.2084153026808,8378963.98534659,8379032.193761893
20151214,68.2084153026808,8487612.41012099,8487680.618536294
20151215,68.2084153026808,8530004.796545729,8530073.004961032
20151216,68.2084153026808,8432948.334339071,8433016.542754374
20151217,68.2084153026808,8690635.402799748,8690703.611215051
20151218,68.2084153026808,8990070.559716875,8990138.768132178
20151221,68.2084153026808,9132315.516736118,9132383.725151422
20151222,68.2084153026808,9156787.192467215,9156855.400882518
20151223,68.2084153026808,9145712.928995522,9145781.137410825
20151224,68.2084153026808,9127531.836440137,9127600.04485544
20151225,68.2084153026808,9156916.492255326,9156984.70067063
20151228,68.2084153026808,9013566.85963597,9013635.068051273
20151229,68.2084153026808,9083625.567525009,9083693.775940312
20151230,68.2084153026808,9098882.01719488,9098950.225610184
20151231,68.2084153026808,9049586.8826783,9049655.091093604
20160104,70.76545997080393,8783379.086476997,8783449.851936968
20160105,70.76545997080393,8817470.99290728,8817541.758367252
20160106,70.76545997080393,9053267.583630316,9053338.349090287
20160107,70.76545997080393,8716919.580795659,8716990.34625563
20160108,70.76545997080393,8958173.280357629,8958244.0458176
20160111,70.76545997080393,8616496.281979237,8616567.047439208
20160112,70.76545997080393,8614454.10090797,8614524.866367942
20160113,70.76545997080393,8559498.144922152,8559568.910382124
20160114,70.76545997080393,8607478.736069568,8607549.501529539
20160115,70.76545997080393,8439153.154502342,8439223.919962313
20160118,70.76545997080393,8397282.493555117,8397353.259015089
20160119,70.76545997080393,8530915.896700764,8530986.662160736
20160120,70.76545997080393,8452757.628261304,8452828.393721275
20160121,70.76545997080393,8379996.591060612,8380067.356520583
20160122,70.76545997080393,8473640.564252926,8473711.329712898
20160125,70.76545997080393,8496586.69327361,8496657.458733581
20160126,70.76545997080393,8178138.3838903215,8178209.149350292
20160127,70.76545997080393,8208033.603064428,8208104.368524399
20160128,70.76545997080393,8114461.6839104,8114532.44937037
20160129,70.76545997080393,8215969.945672564,8216040.711132535
20160201,180.71116325247567,8100173.656602678,8100354.3677659305
20160202,180.71116325247567,8150302.536828317,8150483.247991569
20160203,180.71116325247567,8094979.340607859,8095160.051771112
20160204,180.71116325247567,8118702.689105874,8118883.4002691265
20160205,180.71116325247567,8096497.312442236,8096678.023605488
20160215,180.71116325247567,8041220.939891802,8041401.651055055
20160216,180.71116325247567,8163433.265438077,8163613.97660133
20160217,180.71116325247567,8183127.263818339,8183307.974981592
20160218,180.71116325247567,8180014.162543394,8180194.873706646
20160219,180.71116325247567,8143540.576312891,8143721.287476144
20160222,180.71116325247567,8240191.758521849,8240372.469685102
20160223,180.71116325247567,8190236.532258656,8190417.2434219085
20160224,180.71116325247567,8224004.993011446,8224185.704174698
20160225,180.71116325247567,8044513.189676928,8044693.900840181
20160226,180.71116325247567,8104641.112969154,8104821.824132406
20160229,180.71116325247567,8063249.6100921,8063430.321255352
20160301,41.077528450725765,8088800.83609257,8088841.9136210205
20160302,41.077528450725765,8227102.824264893,8227143.901793344
20160303,41.077528450725765,8255372.68799814,8255413.765526591
20160304,41.077528450725765,8451741.936220063,8451783.013748514
20160307,41.077528450725765,8430748.838134741,8430789.915663192
20160308,41.077528450725765,8431570.806334332,8431611.883862782
20160309,41.077528450725765,8481881.284746382,8481922.362274833
20160310,41.077528450725765,8382256.901845979,8382297.979374429
20160311,41.077528450725765,8389946.568291657,8389987.645820107
20160314,41.077528450725765,8406849.482619034,8406890.560147485
20160315,41.077528450725765,8406956.914275689,8406997.99180414
20160316,41.077528450725765,8485893.609356284,8485934.686884735
20160317,41.077528450725765,8453666.13820325,8453707.2157317
20160318,41.077528450725765,8473830.067726318,8473871.145254768
20160321,41.077528450725765,8490750.867496947,8490791.945025397
20160322,41.077528450725765,8447793.24208411,8447834.31961256
20160323,41.077528450725765,8438059.602872418,8438100.680400869
20160324,41.077528450725765,8371708.494797364,8371749.5723258145
20160325,41.077528450725765,8383724.460724296,8383765.538252747
20160328,41.077528450725765,8375974.938324999,8376016.01585345
20160329,41.077528450725765,8337197.042883506,8337238.120411957
20160330,41.077528450725765,8440398.418574529,8440439.49610298
20160331,41.077528450725765,8423179.40890105,8423220.486429501
20160401,97.4207794843096,8447432.367437128,8447529.788216611
20160405,97.4207794843096,8451678.354981158,8451775.775760641
20160406,97.4207794843096,8408287.895853966,8408385.31663345
20160407,97.4207794843096,8359897.249430437,8359994.670209921
20160408,97.4207794843096,8357938.477972949,8358035.898752433
20160411,97.4207794843096,8379204.262596462,8379301.683375946
20160412,97.4207794843096,8366569.095935892,8366666.516715377
20160413,97.4207794843096,8411896.213323137,8411993.63410262
20160414,97.4207794843096,8410882.890379218,8410980.311158702
20160415,97.4207794843096,8404236.138916334,8404333.559695818
20160418,97.4207794843096,8394754.488919828,8394851.909699311
20160419,97.4207794843096,8410873.063880613,8410970.484660096
20160420,97.4207794843096,8387013.819569883,8387111.240349367
20160421,97.4207794843096,8351901.973572047,8351999.394351532
20160422,97.4207794843096,8358875.6348259505,8358973.055605435
20160425,97.4207794843096,8369335.686225198,8369433.1070046825
20160426,97.4207794843096,8369621.351466473,8369718.7722459575
20160427,97.4207794843096,8373082.646569251,8373180.067348735
20160428,97.4207794843096,8379023.853526931,8379121.274306416
20160429,97.4207794843096,8343883.930641396,8343981.35142088
20160503,46.17564590391339,8384005.553336344,8384051.728982247
20160504,46.17564590391339,8368217.357915708,8368263.533561612
20160505,46.17564590391339,8372605.811088551,8372651.9867344545
20160506,46.17564590391339,8310959.392799085,8311005.568444989
20160509,46.17564590391339,8239066.089844849,8239112.265490753
20160510,46.17564590391339,8232892.973549714,8232939.149195618
20160511,46.17564590391339,8252546.13416658,8252592.309812483
20160512,46.17564590391339,8230061.3344741985,8230107.510120102
20160513,46.17564590391339,8242993.88343362,8243040.059079524
20160516,46.17564590391339,8268046.088102565,8268092.263748469
20160517,46.17564590391339,8263342.950126518,8263389.125772421
20160518,46.17564590391339,8268360.772905772,8268406.948551675
20160519,46.17564590391339,8260460.86034675,8260507.035992654
20160520,46.17564590391339,8280546.965084909,8280593.140730813
20160523,46.17564590391339,8295037.600285876,8295083.775931779
20160524,46.17564590391339,8290739.6909683505,8290785.866614254
20160525,46.17564590391339,8303842.222094334,8303888.397740237
20160526,46.17564590391339,8316511.80909902,8316557.984744924
20160527,46.17564590391339,8328198.520687246,8328244.696333149
20160530,46.17564590391339,8378787.596994897,8378833.772640801
20160531,46.17564590391339,8493708.755886668,8493754.931532573
20160601,45.021508344355794,8464954.258207416,8464999.27971576
20160602,45.021508344355794,8462377.254514147,8462422.27602249
20160603,45.021508344355794,8500632.655518014,8500677.677026358
20160606,45.021508344355794,8496762.552044954,8496807.573553298
20160607,45.021508344355794,8500195.161241217,8500240.18274956
20160608,45.021508344355794,8489417.933421765,8489462.954930108
20160613,45.021508344355794,8435273.939401973,8435318.960910317
20160614,45.021508344355794,8462012.910710499,8462057.932218842
20160615,45.021508344355794,8464061.377232911,8464106.398741255
20160616,45.021508344355794,8446735.075932581,8446780.097440924
20160617,45.021508344355794,8456431.020380063,8456476.041888407
20160620,45.021508344355794,8473146.403057579,8473191.424565922
20160621,45.021508344355794,8476579.588105233,8476624.609613577
20160622,45.021508344355794,8498776.046501424,8498821.068009768
20160623,45.021508344355794,8506040.011226838,8506085.032735182
20160624,45.021508344355794,8465889.781494731,8465934.803003075
20160627,45.021508344355794,8489324.108425481,8489369.129933825
20160628,45.021508344355794,8493665.697390733,8493710.718899077
20160629,45.021508344355794,8513667.990976619,8513713.012484962
20160630,45.021508344355794,8542050.964640837,8542095.98614918
20160701,178.68736229161732,8567636.861800332,8567815.549162623
20160704,178.68736229161732,8439283.304237295,8439461.991599586
20160705,178.68736229161732,8214211.685043078,8214390.37240537
20160706,178.68736229161732,8224459.033229798,8224637.72059209
20160707,178.68736229161732,8135044.590365063,8135223.277727355
20160708,178.68736229161732,8066660.173999208,8066838.8613615
20160711,178.68736229161732,8042075.099572879,8042253.786935171
20160712,178.68736229161732,8261474.501219069,8261653.1885813605
20160713,178.68736229161732,8280152.871669429,8280331.559031721
20160714,178.68736229161732,8185988.2699477095,8186166.957310001
20160715,178.68736229161732,8223350.164180284,8223528.851542576
20160718,178.68736229161732,8261403.903576698,8261582.59093899
20160719,178.68736229161732,8157583.903463842,8157762.590826134
20160720,178.68736229161732,8131942.196273022,8132120.883635314
20160721,178.68736229161732,8153636.961409067,8153815.648771359
20160722,178.68736229161732,8133865.326832068,8134044.01419436
20160725,178.68736229161732,8157384.459135224,8157563.146497516
20160726,178.68736229161732,8320941.077354253,8321119.764716545
20160727,178.68736229161732,8302607.5939516295,8302786.281313921
20160728,178.68736229161732,8373997.980480341,8374176.667842633
20160729,178.68736229161732,8361565.33820199,8361744.025564282
20160801,75.44331828621216,8365885.441833846,8365960.885152132
20160802,75.44331828621216,8372045.028386714,8372120.471705
20160803,75.44331828621216,8340336.178592803,8340411.621911089
20160804,75.44331828621216,8323398.882897298,8323474.326215584
20160805,75.44331828621216,8332147.87004171,8332223.313359996
20160808,75.44331828621216,8356172.344417008,8356247.787735294
20160809,75.44331828621216,8424926.677105224,8425002.12042351
20160810,75.44331828621216,8424435.820473067,8424511.263791354
20160811,75.44331828621216,8512536.956868231,8512612.400186518
20160812,75.44331828621216,8715824.140651029,8715899.583969316
20160815,75.44331828621216,8872188.753102254,8872264.196420541
20160816,75.44331828621216,8682723.039981911,8682798.483300198
20160817,75.44331828621216,8645786.699812006,8645862.143130293
20160818,75.44331828621216,8605976.966420054,8606052.409738341
20160819,75.44331828621216,8620798.115164284,8620873.55848257
20160822,75.44331828621216,8640852.570496183,8640928.01381447
20160823,75.44331828621216,8692435.187062599,8692510.630380886
20160824,75.44331828621216,8683231.861431532,8683307.304749819
20160825,75.44331828621216,8681085.940440968,8681161.383759255
20160826,75.44331828621216,8632544.822896488,8632620.266214775
20160829,75.44331828621216,8589990.659613423,8590066.10293171
20160830,75.44331828621216,8633222.700482149,8633298.143800436
20160831,75.44331828621216,8659616.634947015,8659692.078265302
20160901,111.33479578467086,8616951.993402377,8617063.328198161
20160902,111.33479578467086,8640768.91756278,8640880.252358565
20160905,111.33479578467086,8645772.663689798,8645883.998485582
20160906,111.33479578467086,8603463.327087503,8603574.661883287
20160907,111.33479578467086,8614904.596034016,8615015.9308298
20160908,111.33479578467086,8612392.759017708,8612504.093813492
20160909,111.33479578467086,8584476.387004023,8584587.721799808
20160912,111.33479578467086,8481223.296833316,8481334.6316291
20160913,111.33479578467086,8465167.424492883,8465278.759288667
20160914,111.33479578467086,8378394.791349658,8378506.126145443
20160919,111.33479578467086,8411930.938026242,8412042.272822026
20160920,111.33479578467086,8410478.241222922,8410589.576018706
20160921,111.33479578467086,8427141.496909963,8427252.831705747
20160922,111.33479578467086,8475897.970287822,8476009.305083606
20160923,111.33479578467086,8490678.984495278,8490790.319291063
20160926,111.33479578467086,8420880.297862045,8420991.63265783
20160927,111.33479578467086,8473640.36197096,8473751.696766743
20160928,111.33479578467086,8446981.050607689,8447092.385403473
20160929,111.33479578467086,8508818.156970508,8508929.491766293
20160930,111.33479578467086,8487846.365109965,8487957.69990575
20161010,89.60779042751528,8600989.34914134,8601078.956931768
20161011,89.60779042751528,8605798.57084145,8605888.178631878
20161012,89.60779042751528,8580083.66397089,8580173.271761317
20161013,89.60779042751528,8579823.896272765,8579913.504063193
20161014,89.60779042751528,8587210.49843321,8587300.106223637
20161017,89.60779042751528,8528647.410675392,8528737.018465819
20161018,89.60779042751528,8641940.169361994,8642029.777152421
20161019,89.60779042751528,8637211.688631473,8637301.2964219
20161020,89.60779042751528,8626623.972761381,8626713.580551809
20161021,89.60779042751528,8697196.41414452,8697286.021934947
20161024,89.60779042751528,8814484.260281904,8814573.868072331
20161025,89.60779042751528,8809370.501034072,8809460.108824499
20161026,89.60779042751528,8750328.919729806,8750418.527520234
20161027,89.60779042751528,8715672.682604976,8715762.290395403
20161028,89.60779042751528,8734986.502021277,8735076.109811705
20161031,89.60779042751528,8703573.613090789,8703663.220881216
20161101,70.76981637994186,8722091.371124944,8722162.140941324
20161102,70.76981637994186,8661492.286064748,8661563.055881128
20161103,70.76981637994186,8678010.167612799,8678080.937429179
20161104,70.76981637994186,8659617.616449166,8659688.386265546
20161107,70.76981637994186,8657178.011559566,8657248.781375946
20161108,70.76981637994186,8694573.869366195,8694644.639182575
20161109,70.76981637994186,8627874.063568069,8627944.833384449
20161110,70.76981637994186,8711969.397922162,8712040.167738542
20161111,70.76981637994186,8729105.278034762,8729176.047851142
20161114,70.76981637994186,8757412.203418594,8757482.973234974
20161115,70.76981637994186,8751049.133848894,8751119.903665274
20161116,70.76981637994186,8780870.536418745,8780941.306235125
20161117,70.76981637994186,8790697.84791448,8790768.61773086
20161118,70.76981637994186,8757499.266143061,8757570.035959441
20161121,70.76981637994186,8852528.008335326,8852598.778151706
20161122,70.76981637994186,8850708.244318657,8850779.014135037
20161123,70.76981637994186,8856808.965056587,8856879.734872967
20161124,70.76981637994186,8843379.304358207,8843450.074174587
20161125,70.76981637994186,8910394.143206967,8910464.913023347
20161128,70.76981637994186,8979341.883495597,8979412.653311977
20161129,70.76981637994186,9138252.984035237,9138323.753851617
20161130,70.76981637994186,9051169.437996278,9051240.207812658
20161201,18.001783028244972,9034884.48276448,9034902.484547509
20161202,18.001783028244972,9016098.041358922,9016116.04314195
20161205,18.001783028244972,9022989.624295883,9023007.626078911
20161206,18.001783028244972,9003380.334289659,9003398.336072687
20161207,18.001783028244972,8980458.406657483,8980476.408440512
20161208,18.001783028244972,9036178.683150437,9036196.684933465
20161209,18.001783028244972,9127206.554323172,9127224.5561062
20161212,18.001783028244972,9146380.258271156,9146398.260054184
20161213,18.001783028244972,9032346.099829044,9032364.101612072
20161214,18.001783028244972,9082328.96534713,9082346.967130158
20161215,18.001783028244972,8884768.417064728,8884786.418847756
20161216,18.001783028244972,8830816.98508538,8830834.986868408
20161219,18.001783028244972,8822764.452526418,8822782.454309447
20161220,18.001783028244972,8753111.76315698,8753129.764940009
20161221,18.001783028244972,8808698.39594012,8808716.397723148
20161222,18.001783028244972,8780802.109552125,8780820.111335153
20161223,18.001783028244972,8737192.502419878,8737210.504202906
20161226,18.001783028244972,8741369.77263949,8741387.774422519
20161227,18.001783028244972,8686957.786188647,8686975.787971675
20161228,18.001783028244972,8667377.780274004,8667395.782057032
20161229,18.001783028244972,8667605.994146103,8667623.995929131
20161230,18.001783028244972,8695899.348443937,8695917.350226965
20170103,91.45333006817964,8735773.335422395,8735864.788752463
20170104,91.45333006817964,8741649.382214326,8741740.835544394
20170105,91.45333006817964,8743239.195401406,8743330.648731474
20170106,91.45333006817964,8729731.225599477,8729822.678929545
20170109,91.45333006817964,8749133.795203228,8749225.248533295
20170110,91.45333006817964,8758071.629241003,8758163.08257107
20170111,91.45333006817964,8725671.211865064,8725762.665195132
20170112,91.45333006817964,8691784.66307805,8691876.116408117
20170113,91.45333006817964,8778499.347954283,8778590.80128435
20170116,91.45333006817964,8903455.324781895,8903546.778111963
20170117,91.45333006817964,8840287.03739565,8840378.490725718
20170118,91.45333006817964,8839582.923051931,8839674.376381999
20170119,91.45333006817964,8821473.596307527,8821565.049637595
20170120,91.45333006817964,8847449.397640992,8847540.85097106
20170123,91.45333006817964,8873651.267190624,8873742.720520692
20170124,91.45333006817964,8874920.305965986,8875011.759296054
20170125,91.45333006817964,8890902.63453405,8890994.087864118
20170126,91.45333006817964,8920011.082155924,8920102.535485992
20170203,406.15688792941364,8858555.907689052,8858962.064576982
20170206,406.15688792941364,8883287.46549152,8883693.62237945
20170207,406.15688792941364,8856850.08658439,8857256.24347232
20170208,406.15688792941364,8881110.207600553,8881516.364488482
20170209,406.15688792941364,8907039.669544972,8907445.826432902
20170210,406.15688792941364,8938906.21187596,8939312.36876389
20170213,406.15688792941364,8989780.280460408,8990186.437348338
20170214,406.15688792941364,8981240.612181488,8981646.769069418
20170215,406.15688792941364,9113199.003931917,9113605.160819847
20170216,406.15688792941364,9128234.9710453,9128641.12793323
20170217,406.15688792941364,9038952.959848445,9039359.116736375
20170220,406.15688792941364,9124624.47201523,9125030.62890316
20170221,406.15688792941364,9131743.714669619,9132149.871557549
20170222,406.15688792941364,9121403.897338988,9121810.054226918
20170223,406.15688792941364,9107016.242528178,9107422.399416108
20170224,406.15688792941364,9103096.291728409,9103502.448616339
20170227,406.15688792941364,9068633.3615433,9069039.51843123
20170228,406.15688792941364,9094654.0317196,9095060.18860753
20170301,75.15105832203153,9099739.231871994,9099814.382930316
20170302,75.15105832203153,9077489.053690406,9077564.204748727
20170303,75.15105832203153,9061438.654567147,9061513.805625468
20170306,75.15105832203153,9050176.978840923,9050252.129899245
20170307,75.15105832203153,9027046.22945597,9027121.380514292
20170308,75.15105832203153,9025082.088088384,9025157.239146706
20170309,75.15105832203153,8981189.483213063,8981264.634271385
20170310,75.15105832203153,9019274.495398808,9019349.64645713
20170313,75.15105832203153,9054104.405956035,9054179.557014357
20170314,75.15105832203153,9065890.60484989,9065965.755908212
20170315,75.15105832203153,9067216.724449057,9067291.875507379
20170316,75.15105832203153,9088261.515927082,9088336.666985404
20170317,75.15105832203153,9017573.491660804,9017648.642719125
20170320,75.15105832203153,9049602.980180267,9049678.131238589
20170321,75.15105832203153,9072622.431190427,9072697.58224875
20170322,75.15105832203153,9023902.416132407,9023977.56719073
20170323,75.15105832203153,9054938.410608834,9055013.561667155
20170324,75.15105832203153,9091738.870065968,9091814.02112429
20170327,75.15105832203153,9122216.812583819,9122291.96364214
20170328,75.15105832203153,9080119.008363308,9080194.15942163
20170329,75.15105832203153,8971515.388415447,8971590.539473768
20170330,75.15105832203153,8997355.266473206,8997430.417531528
20170331,75.15105832203153,9046354.711443383,9046429.862501705
20170405,116.62228483939543,9262578.648741515,9262695.271026354
20170406,116.62228483939543,9241399.472221125,9241516.094505964
20170407,116.62228483939543,9270638.097404754,9270754.719689593
20170410,116.62228483939543,9254624.849381896,9254741.471666735
20170411,116.62228483939543,9246433.159023514,9246549.781308353
20170412,116.62228483939543,9215748.396830862,9215865.019115701
20170413,116.62228483939543,9225902.851400005,9226019.473684844
20170414,116.62228483939543,9174664.496000046,9174781.118284885
20170417,116.62228483939543,9186687.920565408,9186804.542850247
20170418,116.62228483939543,9103029.196497312,9103145.81878215
20170419,116.62228483939543,9041946.901707059,9042063.523991898
20170420,116.62228483939543,9029442.89618,9029559.51846484
20170421,116.62228483939543,9146300.949035509,9146417.571320347
20170424,116.62228483939543,9173126.964794325,9173243.587079164
20170425,116.62228483939543,9184125.91820158,9184242.54048642
20170426,116.62228483939543,9206010.763180293,9206127.385465132
20170427,116.62228483939543,9241434.024424516,9241550.646709355
20170428,116.62228483939543,9238124.75961168,9238241.381896518
20170502,137.90493772223272,9151116.97634798,9151254.881285701
20170503,137.90493772223272,9114953.062439036,9115090.967376757
20170504,137.90493772223272,9121810.736759717,9121948.641697438
20170505,137.90493772223272,9152777.622261412,9152915.527199134
20170508,137.90493772223272,9226488.772379668,9226626.67731739
20170509,137.90493772223272,9191533.688563246,9191671.593500968
20170510,137.90493772223272,9207964.597157383,9208102.502095105
20170511,137.90493772223272,9263286.655754192,9263424.560691914
20170512,137.90493772223272,9371372.43621735,9371510.341155073
20170515,137.90493772223272,9389740.393815866,9389878.298753588
20170516,137.90493772223272,9336494.316966534,9336632.221904255
20170517,137.90493772223272,9309160.979038022,9309298.883975744
20170518,137.90493772223272,9304927.613116227,9305065.518053949
20170519,137.90493772223272,9313223.896451028,9313361.80138875
20170522,137.90493772223272,9340163.521989696,9340301.426927418
20170523,137.90493772223272,9430643.394202255,9430781.299139977
20170524,137.90493772223272,9443676.769834071,9443814.674771793
20170525,137.90493772223272,9540087.568026302,9540225.472964024
20170526,137.90493772223272,9625670.835483667,9625808.740421388
20170531,137.90493772223272,9690167.309080351,9690305.214018073
20170601,185.0604236908839,9753338.700208833,9753523.760632524
20170602,185.0604236908839,9700426.811535321,9700611.871959012
20170605,185.0604236908839,9536573.218456024,9536758.278879715
20170606,185.0604236908839,9534194.054473244,9534379.114896934
20170607,185.0604236908839,9642282.992115276,9642468.052538967
20170608,185.0604236908839,9738672.651727146,9738857.712150836
20170609,185.0604236908839,9678824.422000205,9679009.482423896
20170612,185.0604236908839,9695901.064393088,9696086.124816779
20170613,185.0604236908839,9701402.18388527,9701587.244308962
20170614,185.0604236908839,9648515.647833603,9648700.708257293
20170615,185.0604236908839,9586583.544603745,9586768.605027435
20170616,185.0604236908839,9571633.508933438,9571818.569357129
20170619,185.0604236908839,9611736.195951296,9611921.256374987
20170620,185.0604236908839,9642466.840418534,9642651.900842225
20170621,185.0604236908839,9643110.311935954,9643295.372359645
20170622,185.0604236908839,9712553.200242665,9712738.260666355
20170623,185.0604236908839,9748121.023621982,9748306.084045673
20170626,185.0604236908839,9817455.592234053,9817640.652657744
20170627,185.0604236908839,9786618.637716612,9786803.698140303
20170628,185.0604236908839,9756493.497776503,9756678.558200194
20170629,185.0604236908839,9808340.881824166,9808525.942247856
20170630,185.0604236908839,9861271.65223759,9861456.712661281
20170703,198.61840219795704,9843198.042204043,9843396.66060624
20170704,198.61840219795704,9815926.096160078,9816124.714562276
20170705,198.61840219795704,9838886.551024733,9839085.169426931
20170706,198.61840219795704,9842441.062868003,9842639.6812702
20170707,198.61840219795704,9836492.252359923,9836690.870762121
20170710,198.61840219795704,9818194.80561187,9818393.424014067
20170711,198.61840219795704,9917225.317010334,9917423.935412532
20170712,198.61840219795704,9973001.143371807,9973199.761774005
20170713,198.61840219795704,10080898.723707428,10081097.342109626
20170714,198.61840219795704,10158419.037110832,10158617.65551303
20170717,198.61840219795704,10375572.231517347,10375770.849919545
20170718,198.61840219795704,10314639.484353274,10314838.102755472
20170719,198.61840219795704,10368029.682516575,10368228.300918773
20170720,198.61840219795704,10399300.185286963,10399498.803689161
20170721,198.61840219795704,10379672.84578761,10379871.464189809
20170724,198.61840219795704,10408807.258905023,10409005.877307221
20170725,198.61840219795704,10533787.98566854,10533986.604070738
20170726,198.61840219795704,10614757.77809084,10614956.396493038
20170727,198.61840219795704,10549077.797834933,10549276.41623713
20170728,198.61840219795704,10556928.698223148,10557127.316625345
20170731,198.61840219795704,10690381.11265773,10690579.731059927
20170801,125.68821842502803,10710662.522766706,10710788.210985132
20170802,125.68821842502803,10795966.367651444,10796092.05586987
20170803,125.68821842502803,10750552.596634705,10750678.28485313
20170804,125.68821842502803,10723758.80613155,10723884.494349975
20170807,125.68821842502803,10678860.965598792,10678986.653817218
20170808,125.68821842502803,10722572.889428945,10722698.57764737
20170809,125.68821842502803,10562192.181208061,10562317.869426485
20170810,125.68821842502803,10516110.631464057,10516236.319682483
20170811,125.68821842502803,10475675.609150698,10475801.297369123
20170814,125.68821842502803,10421310.028023832,10421435.716242258
20170815,125.68821842502803,10527181.32945114,10527307.017669566
20170816,125.68821842502803,10477175.889627026,10477301.57784545
20170817,125.68821842502803,10532421.457006779,10532547.145225205
20170818,125.68821842502803,10505365.190589117,10505490.878807541
20170821,125.68821842502803,10546710.412472777,10546836.100691203
20170822,125.68821842502803,10566041.632932266,10566167.32115069
20170823,125.68821842502803,10644322.927502545,10644448.615720969
20170824,125.68821842502803,10649892.396124572,10650018.084342998
20170825,125.68821842502803,10937797.324953169,10937923.013171595
20170828,125.68821842502803,10982600.061773308,10982725.749991734
20170829,125.68821842502803,11071856.454943683,11071982.143162109
20170830,125.68821842502803,10999087.649516158,10999213.337734584
20170831,125.68821842502803,10953729.369999029,10953855.058217455
20170901,469.19449192658067,10918572.367971016,10919041.562462943
20170904,469.19449192658067,10968088.816846479,10968558.011338405
20170905,469.19449192658067,10935088.844392996,10935558.038884923
20170906,469.19449192658067,10999124.9374537,10999594.131945627
20170907,469.19449192658067,11040624.494726118,11041093.689218044
20170908,469.19449192658067,11046175.031790921,11046644.226282848
20170911,469.19449192658067,11076219.902717488,11076689.097209414
20170912,469.19449192658067,11001287.04160292,11001756.236094847
20170913,469.19449192658067,11040125.258566123,11040594.45305805
20170914,469.19449192658067,11074576.312065098,11075045.506557025
20170915,469.19449192658067,11083269.2273532,11083738.421845127
20170918,469.19449192658067,11083453.857367964,11083923.051859891
20170919,469.19449192658067,11040231.01984402,11040700.214335946
20170920,469.19449192658067,11109482.887824956,11109952.082316883
20170921,469.19449192658067,11010684.712553883,11011153.90704581
20170922,469.19449192658067,11053631.773437956,11054100.967929883
20170925,469.19449192658067,10945467.57118437,10945936.765676297
20170926,469.19449192658067,10904643.356646743,10905112.55113867
20170927,469.19449192658067,10949340.841606356,10949810.036098283
20170928,469.19449192658067,10857202.321840506,10857671.516332433
20170929,469.19449192658067,10896761.082775332,10897230.277267259
20171009,483.6956545538269,10944527.455175579,10945011.150830133
20171010,483.6956545538269,10992070.572591601,10992554.268246155
20171011,483.6956545538269,11081927.792882621,11082411.488537176
20171012,483.6956545538269,11050027.184662987,11050510.88031754
20171013,483.6956545538269,11075437.277048524,11075920.972703079
20171016,483.6956545538269,10948913.876357771,10949397.572012326
20171017,483.6956545538269,10966295.038778204,10966778.734432759
20171018,483.6956545538269,10973024.032188073,10973507.727842627
20171019,483.6956545538269,10904587.821389169,10905071.517043723
20171020,483.6956545538269,10924347.961791957,10924831.657446511
20171023,483.6956545538269,10952511.628192807,10952995.32384736
20171024,483.6956545538269,11018773.838771923,11019257.534426477
20171025,483.6956545538269,11051887.01825179,11052370.713906344
20171026,483.6956545538269,11038449.233317545,11038932.928972099
20171027,483.6956545538269,11003860.143922083,11004343.839576637
20171030,483.6956545538269,10946720.125933293,10947203.821587848
20171031,483.6956545538269,10971005.680722596,10971489.37637715
20171101,329.96753926295787,11008133.94370765,11008463.911246914
20171102,329.96753926295787,10990272.290366953,10990602.257906217
20171103,329.96753926295787,10940235.047608452,10940565.015147716
20171106,329.96753926295787,11021007.517504834,11021337.485044096
20171107,329.96753926295787,11061370.857651077,11061700.82519034
20171108,329.96753926295787,11054019.394184103,11054349.361723367
20171109,329.96753926295787,11074729.793539662,11075059.761078924
20171110,329.96753926295787,11021105.442861335,11021435.4104006
20171113,329.96753926295787,11010780.68957608,11011110.657115344
20171114,329.96753926295787,10921220.122170152,10921550.089709416
20171115,329.96753926295787,10865392.701284386,10865722.668823648
20171116,329.96753926295787,10907083.654150516,10907413.621689778
20171117,329.96753926295787,10883031.557306863,10883361.524846125
20171120,329.96753926295787,10927113.647697546,10927443.615236808
20171121,329.96753926295787,10952518.756774966,10952848.724314228
20171122,329.96753926295787,11046308.025402214,11046637.992941476
20171123,329.96753926295787,10909437.70055614,10909767.668095402
20171124,329.96753926295787,10967785.70287559,10968115.670414854
20171127,329.96753926295787,10972353.113008529,10972683.080547791
20171128,329.96753926295787,10904861.925942438,10905191.893481702
20171129,329.96753926295787,10896808.17949036,10897138.147029623
20171130,329.96753926295787,10830234.109945118,10830564.07748438
20171201,258.84826720720594,10826698.500531599,10826957.348798806
20171204,258.84826720720594,10772439.473793818,10772698.322061025
20171205,258.84826720720594,10743320.383563995,10743579.231831202
20171206,258.84826720720594,10744792.925070884,10745051.77333809
20171207,258.84826720720594,10774153.647578161,10774412.495845368
20171208,258.84826720720594,10811106.87256177,10811365.720828976
20171211,258.84826720720594,10843653.167078508,10843912.015345715
20171212,258.84826720720594,10758368.096236475,10758626.944503682
20171213,258.84826720720594,10794348.77268677,10794607.620953977
20171214,258.84826720720594,10862282.804965558,10862541.653232764
20171215,258.84826720720594,10788849.749912562,10789108.598179769
20171218,258.84826720720594,10785544.171791585,10785803.020058792
20171219,258.84826720720594,10797340.441499136,10797599.289766343
20171220,258.84826720720594,10798916.822391532,10799175.67065874
20171221,258.84826720720594,10830229.18607106,10830488.034338268
20171222,258.84826720720594,10929882.821451087,10930141.669718293
20171225,258.84826720720594,10844315.759639706,10844574.607906913
20171226,258.84826720720594,10872608.271003023,10872867.11927023
20171227,258.84826720720594,10789003.849129487,10789262.697396694
20171228,258.84826720720594,10766571.681424215,10766830.529691422
20171229,258.84826720720594,10821362.348409925,10821621.196677132
20180102,103.93066642421036,10903178.6990797,10903282.629746124
20180103,103.93066642421036,10949626.545847362,10949730.476513786
20180104,103.93066642421036,10954346.400028622,10954450.330695046
20180105,103.93066642421036,10991933.009560425,10992036.94022685
20180108,103.93066642421036,11011646.910323728,11011750.840990152
20180109,103.93066642421036,10969950.824002076,10970054.7546685
20180110,103.93066642421036,10934650.891796317,10934754.822462741
20180111,103.93066642421036,10942145.093347304,10942249.024013728
20180112,103.93066642421036,10989553.14113433,10989657.071800753
20180115,103.93066642421036,10881582.261559866,10881686.19222629
20180116,103.93066642421036,11003550.420080211,11003654.350746635
20180117,103.93066642421036,10997480.550592992,10997584.481259417
20180118,103.93066642421036,11008359.110923616,11008463.04159004
20180119,103.93066642421036,10992250.806788886,10992354.73745531
20180122,103.93066642421036,11188697.406853857,11188801.33752028
20180123,103.93066642421036,11226680.11882833,11226784.049494755
20180124,103.93066642421036,11272470.309937738,11272574.240604162
20180125,103.93066642421036,11285621.45608079,11285725.386747215
20180126,103.93066642421036,11271905.463002317,11272009.393668741
20180129,103.93066642421036,11292102.732791927,11292206.663458351
20180130,103.93066642421036,11277161.994639002,11277265.925305426
20180131,103.93066642421036,11092445.995828182,11092549.926494606
20180201,331.63967557380056,10827975.681487242,10828307.321162816
20180202,331.63967557380056,10893920.303902147,10894251.943577722
20180205,331.63967557380056,10970266.161460856,10970597.80113643
20180206,331.63967557380056,10741414.417558491,10741746.057234066
20180207,331.63967557380056,10784615.473581256,10784947.11325683
20180208,331.63967557380056,10815182.81892211,10815514.458597684
20180209,331.63967557380056,10439800.971800676,10440132.61147625
20180212,331.63967557380056,10696559.648045518,10696891.287721092
20180213,331.63967557380056,10758800.12444337,10759131.764118945
20180214,331.63967557380056,10771867.64295209,10772199.282627665
20180222,331.63967557380056,10821748.457985599,10822080.097661173
20180223,331.63967557380056,10822648.168127488,10822979.807803063
20180226,331.63967557380056,10886156.50489201,10886488.144567585
20180227,331.63967557380056,10849386.3776769,10849718.017352475
20180228,331.63967557380056,10836990.769861106,10837322.40953668
20180301,273.52549893666946,10833330.559499975,10833604.084998911
20180302,273.52549893666946,10888519.281591097,10888792.807090033
20180305,273.52549893666946,10911243.600920115,10911517.12641905
20180306,273.52549893666946,10977410.863601606,10977684.389100542
20180307,273.52549893666946,10960513.350763962,10960786.876262898
20180308,273.52549893666946,11074978.675308809,11075252.200807745
20180309,273.52549893666946,11090731.40165523,11091004.927154167
20180312,273.52549893666946,11059957.212993592,11060230.738492528
20180313,273.52549893666946,11048696.35585949,11048969.881358426
20180314,273.52549893666946,10966025.924881142,10966299.450380078
20180315,273.52549893666946,10928294.172659822,10928567.698158758
20180316,273.52549893666946,10912019.64822473,10912293.173723666
20180319,273.52549893666946,10909891.060871754,10910164.58637069
20180320,273.52549893666946,10938304.611305181,10938578.136804117
20180321,273.52549893666946,10982423.69524166,10982697.220740596
20180322,273.52549893666946,10965174.567223642,10965448.092722578
20180323,273.52549893666946,10696109.162504049,10696382.688002985
20180326,273.52549893666946,10728046.173786208,10728319.699285144
20180327,273.52549893666946,10817043.540238278,10817317.065737214
20180328,273.52549893666946,10770552.856320798,10770826.381819734
20180329,273.52549893666946,10835621.34038335,10835894.865882287
20180330,273.52549893666946,10847039.01760856,10847312.543107497
20180402,660.1305811889033,10860665.47650327,10861325.607084459
20180403,660.1305811889033,10736065.171831135,10736725.302412324
20180404,660.1305811889033,10731368.241268262,10732028.371849451
20180409,660.1305811889033,10678907.900897386,10679568.031478574
20180410,660.1305811889033,10754341.209141005,10755001.339722194
20180411,660.1305811889033,10788634.900987394,10789295.031568583
20180412,660.1305811889033,10724670.712061968,10725330.842643157
20180413,660.1305811889033,10717837.042746821,10718497.17332801
20180416,660.1305811889033,10603925.60839993,10604585.738981118
20180417,660.1305811889033,10582485.56255921,10583145.693140399
20180418,660.1305811889033,10609993.819011634,10610653.949592823
20180419,660.1305811889033,10648771.91202962,10649432.04261081
20180420,660.1305811889033,10528881.110400347,10529541.240981536
20180423,660.1305811889033,10566382.129403798,10567042.259984987
20180424,660.1305811889033,10686228.687119935,10686888.817701124
20180425,660.1305811889033,10632514.118703913,10633174.249285102
20180426,660.1305811889033,10557994.132870587,10558654.263451776
20180427,660.1305811889033,10656850.956190994,10657511.086772183
20180502,19.42829437647015,10707706.352479644,10707725.78077402
20180503,19.42829437647015,10757567.441923004,10757586.87021738
20180504,19.42829437647015,10764032.582600571,10764052.010894947
20180507,19.42829437647015,10806219.560783515,10806238.989077892
20180508,19.42829437647015,10839742.74883773,10839762.177132107
20180509,19.42829437647015,10837640.86924358,10837660.297537956
20180510,19.42829437647015,10808819.325483287,10808838.753777664
20180511,19.42829437647015,10817021.42063001,10817040.848924387
20180514,19.42829437647015,10818280.12707008,10818299.555364456
20180515,19.42829437647015,10889358.20917341,10889377.637467787
20180516,19.42829437647015,10973533.195067527,10973552.623361904
20180517,19.42829437647015,11001587.524500523,11001606.952794898
20180518,19.42829437647015,11060861.206888609,11060880.635182984
20180521,19.42829437647015,11088008.940555979,11088028.368850354
20180522,19.42829437647015,11088416.358521823,11088435.786816198
20180523,19.42829437647015,11088702.84858513,11088722.276879508
20180524,19.42829437647015,11058632.872862574,11058652.30115695
20180525,19.42829437647015,11002951.92224909,11002971.350543465
20180528,19.42829437647015,11057733.721632658,11057753.149927035
20180529,19.42829437647015,11034608.186949637,11034627.615244012
20180530,19.42829437647015,10895324.99679243,10895344.425086807
20180531,19.42829437647015,11054797.309609324,11054816.7379037
20180601,25.427588060498238,11012792.73070472,11012818.15829278
20180604,25.427588060498238,11084496.933537208,11084522.361125268
20180605,25.427588060498238,11157046.839980785,11157072.267568845
20180606,25.427588060498238,11142076.15414105,11142101.58172911
20180607,25.427588060498238,11101416.609769868,11101442.037357928
20180608,25.427588060498238,10996134.294304235,10996159.721892295
20180611,25.427588060498238,10888928.42333842,10888953.850926481
20180612,25.427588060498238,10938077.160676237,10938102.588264298
20180613,25.427588060498238,10890542.460991789,10890567.88857985
20180614,25.427588060498238,10884743.654057741,10884769.081645802
20180615,25.427588060498238,10812603.589896742,10812629.017484803
20180619,25.427588060498238,10401415.846050112,10401441.273638172
20180620,25.427588060498238,10384597.699496662,10384623.127084723
20180621,25.427588060498238,10298653.238547875,10298678.666135935
20180622,25.427588060498238,10301699.231275458,10301724.658863518
20180625,25.427588060498238,10255005.90719566,10255031.33478372
20180626,25.427588060498238,10151942.894730434,10151968.322318494
20180627,25.427588060498238,10120426.473628752,10120451.901216812
20180628,25.427588060498238,10048964.19033407,10048989.617922131
20180629,25.427588060498238,10167983.268031802,10168008.695619863
20180702,207.4814486859832,9933770.591539457,9933978.072988143
20180703,207.4814486859832,9959666.573202888,9959874.054651573
20180704,207.4814486859832,10023145.7699253,10023353.251373986
20180705,207.4814486859832,10028073.102207534,10028280.58365622
20180706,207.4814486859832,10037979.826563813,10038187.308012499
20180709,207.4814486859832,10249196.117275061,10249403.598723747
20180710,207.4814486859832,10253082.410591317,10253289.892040003
20180711,207.4814486859832,10122517.08870743,10122724.570156116
20180712,207.4814486859832,10262825.687552422,10263033.169001108
20180713,207.4814486859832,10332733.151357796,10332940.632806482
20180716,207.4814486859832,10246214.578531368,10246422.059980053
20180717,207.4814486859832,10219977.71558018,10220185.197028866
20180718,207.4814486859832,10243286.96407974,10243494.445528425
20180719,207.4814486859832,10283348.260438336,10283555.741887022
20180720,207.4814486859832,10509338.407568945,10509545.88901763
20180723,207.4814486859832,10584366.35285709,10584573.834305776
20180724,207.4814486859832,10600321.307584025,10600528.78903271
20180725,207.4814486859832,10540883.004482463,10541090.485931149
20180726,207.4814486859832,10571902.750297679,10572110.231746364
20180727,207.4814486859832,10519783.360865658,10519990.842314344
20180730,207.4814486859832,10616502.630107589,10616710.111556275
20180731,207.4814486859832,10677429.649847511,10677637.131296197
20180801,394.1692424840294,10487906.553920861,10488300.723163346
20180802,394.1692424840294,10339599.86291939,10339994.032161875
20180803,394.1692424840294,10368442.739209985,10368836.90845247
20180806,394.1692424840294,10281019.038762718,10281413.208005203
20180807,394.1692424840294,10445006.09500337,10445400.264245855
20180808,394.1692424840294,10480007.95407838,10480402.123320865
20180809,394.1692424840294,10545333.679070627,10545727.848313112
20180810,394.1692424840294,10624891.54523968,10625285.714482164
20180813,394.1692424840294,10623937.199808277,10624331.369050762
20180814,394.1692424840294,10567988.188847914,10568382.358090399
20180815,394.1692424840294,10431797.774031531,10432191.943274016
20180816,394.1692424840294,10367101.179143772,10367495.348386256
20180817,394.1692424840294,10268117.461290056,10268511.63053254
20180820,394.1692424840294,10329642.478943,10330036.648185484
20180821,394.1692424840294,10365967.841127876,10366362.01037036
20180822,394.1692424840294,10376195.87147389,10376590.040716374
20180823,394.1692424840294,10398396.460975084,10398790.630217569
20180824,394.1692424840294,10486476.844470063,10486871.013712548
20180827,394.1692424840294,10633940.914296042,10634335.083538527
20180828,394.1692424840294,10649451.348791,10649845.518033484
20180829,394.1692424840294,10606250.113160748,10606644.282403233
20180830,394.1692424840294,10604826.821729144,10605220.990971629
20180831,394.1692424840294,10564051.5720006,10564445.741243085
20180903,922.8075141306035,10574925.599828068,10575848.4073422
20180904,922.8075141306035,10693440.525344424,10694363.332858555
20180905,922.8075141306035,10559351.851224761,10560274.658738893
20180906,922.8075141306035,10503296.301770743,10504219.109284874
20180907,922.8075141306035,10525163.960204188,10526086.767718319
20180910,922.8075141306035,10386586.097985696,10387508.905499827
20180911,922.8075141306035,10382995.659785766,10383918.467299897
20180912,922.8075141306035,10359996.75221382,10360919.559727952
20180913,922.8075141306035,10426387.923322927,10427310.730837058
20180914,922.8075141306035,10426054.851664035,10426977.659178166
20180917,922.8075141306035,10312315.581798349,10313238.38931248
20180918,922.8075141306035,10419963.296342617,10420886.103856748
20180919,922.8075141306035,10513563.876958044,10514486.684472175
20180920,922.8075141306035,10488192.719152022,10489115.526666153
20180921,922.8075141306035,10603508.899212383,10604431.706726514
20180925,922.8075141306035,10615040.072757652,10615962.880271783
20180926,922.8075141306035,10685945.36446979,10686868.171983922
20180927,922.8075141306035,10639855.945230125,10640778.752744256
20180928,922.8075141306035,10716061.82182613,10716984.629340261
20181008,916.1452783326095,10467698.395117031,10468614.540395364
20181009,916.1452783326095,10498709.42910895,10499625.574387282
20181010,916.1452783326095,10514904.580533069,10515820.725811401
20181011,916.1452783326095,9977612.171696737,9978528.31697507
20181012,916.1452783326095,9835441.5485418,9836357.693820132
20181015,916.1452783326095,9752012.373236826,9752928.518515158
20181016,916.1452783326095,9605792.738216495,9606708.883494828
20181017,916.1452783326095,9687227.156047627,9688143.30132596
20181018,916.1452783326095,9474367.269301007,9475283.41457934
20181019,916.1452783326095,9597537.37922552,9598453.524503853
20181022,916.1452783326095,9933460.400184084,9934376.545462416
20181023,916.1452783326095,9741094.292888671,9742010.438167004
20181024,916.1452783326095,9750838.981438156,9751755.126716489
20181025,916.1452783326095,9728093.661485853,9729009.806764185
20181026,916.1452783326095,9787197.585715607,9788113.73099394
20181029,916.1452783326095,9689797.635047466,9690713.780325798
20181030,916.1452783326095,9812763.28100972,9813679.426288053
20181031,916.1452783326095,9927990.041845735,9928906.187124068
20181101,189.29673306318,9964611.642036498,9964800.93876956
20181102,189.29673306318,10118425.758515213,10118615.055248275
20181105,189.29673306318,10143755.89133146,10143945.188064523
20181106,189.29673306318,10151824.787550224,10152014.084283287
20181107,189.29673306318,10088882.62111765,10089071.917850712
20181108,189.29673306318,10050577.919266678,10050767.215999741
20181109,189.29673306318,10035223.371548241,10035412.668281304
20181112,189.29673306318,10240634.71818965,10240824.014922712
20181113,189.29673306318,10388698.129886882,10388887.426619945
20181114,189.29673306318,10372659.534932328,10372848.831665391
20181115,189.29673306318,10492050.606525714,10492239.903258776
20181116,189.29673306318,10535876.245222185,10536065.541955248
20181119,189.29673306318,10592074.446911532,10592263.743644595
20181120,189.29673306318,10437989.361286718,10438178.658019781
20181121,189.29673306318,10422221.034259308,10422410.33099237
20181122,189.29673306318,10428232.784982827,10428422.08171589
20181123,189.29673306318,10137544.300139526,10137733.596872589
20181126,189.29673306318,10112822.381196331,10113011.677929394
20181127,189.29673306318,10128040.097529506,10128229.394262569
20181128,189.29673306318,10189533.466905057,10189722.76363812
20181129,189.29673306318,10002596.58112039,10002785.877853453
20181130,189.29673306318,10080239.46214504,10080428.758878103
20181203,740.765261988352,10247869.476797469,10248610.242059458
20181204,740.765261988352,10245059.735607432,10245800.500869421
20181205,740.765261988352,10261586.97067627,10262327.735938258
20181206,740.765261988352,10176318.249698713,10177059.014960703
20181207,740.765261988352,10232278.346824657,10233019.112086646
20181210,740.765261988352,10192977.180206805,10193717.945468795
20181211,740.765261988352,10165793.86331319,10166534.62857518
20181212,740.765261988352,10203835.717410227,10204576.482672216
20181213,740.765261988352,10249825.691873467,10250566.457135456
20181214,740.765261988352,10160874.802494738,10161615.567756727
20181217,740.765261988352,10261493.184257593,10262233.949519582
20181218,740.765261988352,10249596.220015319,10250336.985277308
20181219,740.765261988352,10255621.270997182,10256362.03625917
20181220,740.765261988352,10289575.417873723,10290316.183135713
20181221,740.765261988352,10263374.796591546,10264115.561853535
20181224,740.765261988352,10326175.135308435,10326915.900570424
20181225,740.765261988352,10283617.356850792,10284358.12211278
20181226,740.765261988352,10335626.608444378,10336367.373706367
20181227,740.765261988352,10259789.95046334,10260530.715725329
20181228,740.765261988352,10352069.233241417,10352809.998503406
20190102,1.8649802214931697,10320569.72978182,10320571.59476204
20190103,1.8649802214931697,10311000.588620504,10311002.453600725
20190104,1.8649802214931697,10412310.11760729,10412311.98258751
20190107,1.8649802214931697,10509289.011612114,10509290.876592334
20190108,1.8649802214931697,10496839.966129724,10496841.831109945
20190109,1.8649802214931697,10528057.548687251,10528059.413667472
20190110,1.8649802214931697,10512993.468773974,10512995.333754195
20190111,1.8649802214931697,10545814.684498042,10545816.549478263
20190114,1.8649802214931697,10531302.046280438,10531303.911260659
20190115,1.8649802214931697,10560482.254718093,10560484.119698314
20190116,1.8649802214931697,10582399.485726086,10582401.350706307
20190117,1.8649802214931697,10619256.404793587,10619258.269773807
20190118,1.8649802214931697,10581832.915601403,10581834.780581623
20190121,1.8649802214931697,10567622.120741017,10567623.985721238
20190122,1.8649802214931697,10512607.492429243,10512609.357409464
20190123,1.8649802214931697,10596321.729326367,10596323.594306588
20190124,1.8649802214931697,10558685.148550685,10558687.013530906
20190125,1.8649802214931697,10574114.521696625,10574116.386676846
20190128,1.8649802214931697,10525480.547563182,10525482.412543403
20190129,1.8649802214931697,10542788.813991627,10542790.678971848
20190130,1.8649802214931697,10484701.365195744,10484703.230175965
20190131,1.8649802214931697,10461859.308283905,10461861.173264125
20190201,346.2099546803074,10597377.07569466,10597723.28564934
20190211,346.2099546803074,10696599.50002051,10696945.70997519
20190212,346.2099546803074,10740010.985891506,10740357.195846187
20190213,346.2099546803074,10897552.220193963,10897898.430148644
20190214,346.2099546803074,10899101.426846113,10899447.636800794
20190215,346.2099546803074,10889794.52121588,10890140.731170561
20190218,346.2099546803074,11052600.845205832,11052947.055160513
20190219,346.2099546803074,11015467.152869735,11015813.362824416
20190220,346.2099546803074,11043037.537179725,11043383.747134406
20190221,346.2099546803074,10931561.839021672,10931908.048976352
20190222,346.2099546803074,11119448.342801046,11119794.552755727
20190225,346.2099546803074,11528305.19621775,11528651.40617243
20190226,346.2099546803074,11461220.68741618,11461566.89737086
20190227,346.2099546803074,11667657.935499432,11668004.145454112
20190228,346.2099546803074,11606747.15530194,11607093.36525662
20190301,13.287699428386986,11637560.119002525,11637573.406701952
20190304,13.287699428386986,11674371.457115553,11674384.74481498
20190305,13.287699428386986,11762608.03053102,11762621.31823045
20190306,13.287699428386986,11896190.087593481,11896203.375292908
20190307,13.287699428386986,11902763.148110297,11902776.435809724
20190308,13.287699428386986,11543447.08722503,11543460.374924459
20190311,13.287699428386986,11736732.454692263,11736745.74239169
20190312,13.287699428386986,11848289.206103079,11848302.493802506
20190313,13.287699428386986,11670380.30432665,11670393.592026077
20190314,13.287699428386986,11540383.922353605,11540397.210053034
20190315,13.287699428386986,11632636.887373121,11632650.17507255
20190318,13.287699428386986,11849665.811024973,11849679.098724402
20190319,13.287699428386986,11809154.643755928,11809167.931455355
20190320,13.287699428386986,11797248.065563453,11797261.353262883
20190321,13.287699428386986,11870841.541072434,11870854.828771863
20190322,13.287699428386986,11924444.389842883,11924457.67754231
20190325,13.287699428386986,11971458.708552377,11971471.996251807
20190326,13.287699428386986,11927492.179962454,11927505.467661884
20190327,13.287699428386986,12102481.54887701,12102494.83657644
20190328,13.287699428386986,11767952.75880898,11767966.04650841
20190329,13.287699428386986,11897112.229155676,11897125.516855106
20190401,133.43850137283152,12088560.978182979,12088694.416684352
20190402,133.43850137283152,12028591.286013149,12028724.724514522
20190403,133.43850137283152,12174010.168679796,12174143.60718117
20190404,133.43850137283152,12243838.729226047,12243972.16772742
20190408,133.43850137283152,12260324.799323078,12260458.237824451
20190409,133.43850137283152,12208037.732821506,12208171.171322878
20190410,133.43850137283152,12185087.762072394,12185221.200573767
20190411,133.43850137283152,12152482.19526761,12152615.633768983
20190412,133.43850137283152,12177002.560725216,12177135.999226589
20190415,133.43850137283152,12147817.94383702,12147951.382338393
20190416,133.43850137283152,12263867.383210395,12264000.821711767
20190417,133.43850137283152,12287564.985729344,12287698.424230717
20190418,133.43850137283152,12216832.867996408,12216966.30649778
20190419,133.43850137283152,12287462.81609175,12287596.254593123
20190422,133.43850137283152,12264566.189476442,12264699.627977815
20190423,133.43850137283152,12161330.696502343,12161464.135003716
20190424,133.43850137283152,12071621.008634519,12071754.447135892
20190425,133.43850137283152,11887426.320045302,11887559.758546675
20190426,133.43850137283152,11720106.181558767,11720239.62006014
20190429,133.43850137283152,11683565.365639692,11683698.804141065
20190430,133.43850137283152,11778115.291448029,11778248.729949402
20190506,324.22527082823217,11370121.766029276,11370445.991300104
20190507,324.22527082823217,11404217.330970872,11404541.5562417
20190508,324.22527082823217,11203559.692720328,11203883.917991156
20190509,324.22527082823217,11065888.708853802,11066212.93412463
20190510,324.22527082823217,11296114.41370301,11296438.638973838
20190513,324.22527082823217,11269917.14156439,11270241.366835218
20190514,324.22527082823217,11247735.054647919,11248059.279918747
20190515,324.22527082823217,11364887.020111993,11365211.245382821
20190516,324.22527082823217,11409384.959352177,11409709.184623005
20190517,324.22527082823217,11248314.610134643,11248638.83540547
20190520,324.22527082823217,11206005.292043673,11206329.517314501
20190521,324.22527082823217,11363135.496504113,11363459.721774941
20190522,324.22527082823217,11359710.180401552,11360034.40567238
20190523,324.22527082823217,11378872.302143313,11379196.527414141
20190524,324.22527082823217,11375171.870703727,11375496.095974555
20190527,324.22527082823217,11453458.391198501,11453782.61646933
20190528,324.22527082823217,11470391.485118937,11470715.710389765
20190529,324.22527082823217,11600232.189908613,11600556.41517944
20190530,324.22527082823217,11653745.930296138,11654070.155566966
20190531,324.22527082823217,11727269.085489059,11727593.310759887
20190603,347.52919284487143,11701238.524872065,11701586.054064909
20190604,347.52919284487143,11673625.738718204,11673973.267911049
20190605,347.52919284487143,11693155.2007747,11693502.729967544
20190606,347.52919284487143,11652498.700942334,11652846.230135178
20190610,347.52919284487143,11723892.354559861,11724239.883752706
20190611,347.52919284487143,11831094.13741098,11831441.666603824
20190612,347.52919284487143,11820584.106579265,11820931.635772109
20190613,347.52919284487143,11736401.415688705,11736748.94488155
20190614,347.52919284487143,11717059.569198731,11717407.098391576
20190617,347.52919284487143,11681647.867509605,11681995.39670245
20190618,347.52919284487143,11697166.244527766,11697513.77372061
20190619,347.52919284487143,11774266.428980071,11774613.958172916
20190620,347.52919284487143,11890944.058654876,11891291.58784772
20190621,347.52919284487143,11964445.870432118,11964793.399624962
20190624,347.52919284487143,11959591.54603606,11959939.075228905
20190625,347.52919284487143,11790066.721298374,11790414.250491219
20190626,347.52919284487143,11779823.550877895,11780171.08007074
20190627,347.52919284487143,11721927.971630422,11722275.500823267
20190628,347.52919284487143,11699693.272349112,11700040.801541956
20190701,164.04009484825656,11789197.006853506,11789361.046948355
20190702,164.04009484825656,11777172.141040469,11777336.181135317
20190703,164.04009484825656,11775348.77492896,11775512.815023808
20190704,164.04009484825656,11766360.418142365,11766524.458237214
20190705,164.04009484825656,11727000.963680409,11727165.003775258
20190708,164.04009484825656,11538507.690194301,11538671.73028915
20190709,164.04009484825656,11444994.785745282,11445158.82584013
20190710,164.04009484825656,11388499.642137159,11388663.682232007
20190711,164.04009484825656,11397298.482512925,11397462.522607774
20190712,164.04009484825656,11424863.845758086,11425027.885852935
20190715,164.04009484825656,11434640.57898457,11434804.619079418
20190716,164.04009484825656,11439379.859718014,11439543.899812862
20190717,164.04009484825656,11417309.154897189,11417473.194992037
20190718,164.04009484825656,11328474.091099523,11328638.131194372
20190719,164.04009484825656,11385393.450187689,11385557.490282537
20190722,164.04009484825656,11370491.979018748,11370656.019113597
20190723,164.04009484825656,11416493.76168278,11416657.80177763
20190724,164.04009484825656,11453584.893363766,11453748.933458615
20190725,164.04009484825656,11491100.240524791,11491264.28061964
20190726,164.04009484825656,11488057.774417087,11488221.814511936
20190729,164.04009484825656,11534667.642096825,11534831.682191674
20190730,164.04009484825656,11571557.31831124,11571721.35840609
20190731,164.04009484825656,11546316.932255078,11546480.972349927
20190801,131.3230398981832,11390982.956308769,11391114.279348668
20190802,131.3230398981832,11229529.250271033,11229660.573310932
20190805,131.3230398981832,11024074.646029752,11024205.96906965
20190806,131.3230398981832,10811589.250464063,10811720.573503962
20190807,131.3230398981832,10766156.615385203,10766287.938425101
20190808,131.3230398981832,10792153.536740875,10792284.859780774
20190809,131.3230398981832,10745946.106344948,10746077.429384846
20190812,131.3230398981832,10808484.753598964,10808616.076638862
20190813,131.3230398981832,10737133.31525585,10737264.63829575
20190814,131.3230398981832,10766433.517909909,10766564.840949807
20190815,131.3230398981832,10704511.88496366,10704643.208003558
20190816,131.3230398981832,10677661.916327855,10677793.239367753
20190819,131.3230398981832,10836652.98252806,10836784.30556796
20190820,131.3230398981832,10830070.521683335,10830201.844723234
20190821,131.3230398981832,10797156.151713634,10797287.474753533
20190822,131.3230398981832,10786380.833958084,10786512.156997982
20190823,131.3230398981832,10788516.092292864,10788647.415332763
20190826,131.3230398981832,10686301.059083253,10686432.382123152
20190827,131.3230398981832,10803532.546319544,10803663.869359443
20190828,131.3230398981832,10830757.06856365,10830888.391603548
20190829,131.3230398981832,10840655.216526035,10840786.539565934
20190830,131.3230398981832,10770307.97945811,10770439.302498009
20190902,76.92284416383336,10875380.820160333,10875457.743004497
20190903,76.92284416383336,10893069.06889127,10893145.991735434
20190904,76.92284416383336,11080475.83053853,11080552.753382694
20190905,76.92284416383336,11129430.969409425,11129507.892253589
20190906,76.92284416383336,11153456.296984797,11153533.219828961
20190909,76.92284416383336,11225843.597371766,11225920.52021593
20190910,76.92284416383336,11234570.826605605,11234647.749449769
20190911,76.92284416383336,11259753.773742657,11259830.696586821
20190912,76.92284416383336,11310167.868302532,11310244.791146696
20190916,76.92284416383336,11374776.653258406,11374853.57610257
20190917,76.92284416383336,11232946.061579993,11233022.984424157
20190918,76.92284416383336,11161608.187103925,11161685.10994809
20190919,76.92284416383336,11263667.711106496,11263744.63395066
20190920,76.92284416383336,11216820.428689681,11216897.351533845
20190923,76.92284416383336,11145915.25796529,11145992.180809455
20190924,76.92284416383336,11122771.22737653,11122848.150220694
20190925,76.92284416383336,11070324.501751885,11070401.424596049
20190926,76.92284416383336,11075729.159955531,11075806.082799695
20190927,76.92284416383336,11034150.83737531,11034227.760219473
20190930,76.92284416383336,11042781.781260286,11042858.70410445
20191008,33.03022479079664,11058588.810314052,11058621.840538843
20191009,33.03022479079664,11119009.886745535,11119042.916970326
20191010,33.03022479079664,11105883.900699584,11105916.930924375
20191011,33.03022479079664,11195418.405128667,11195451.435353458
20191014,33.03022479079664,11286770.572323818,11286803.602548609
20191015,33.03022479079664,11266339.940851748,11266372.971076539
20191016,33.03022479079664,11275988.316615896,11276021.346840687
20191017,33.03022479079664,11273833.792766813,11273866.822991604
20191018,33.03022479079664,11178824.836312296,11178857.866537087
20191021,33.03022479079664,11193810.889510596,11193843.919735387
20191022,33.03022479079664,11207411.413439576,11207444.443664366
20191023,33.03022479079664,11214145.396077523,11214178.426302314
20191024,33.03022479079664,11276436.448262367,11276469.478487158
20191025,33.03022479079664,11270574.366353896,11270607.396578686
20191028,33.03022479079664,11242573.38889062,11242606.419115411
20191029,33.03022479079664,11231833.265430463,11231866.295655254
20191030,33.03022479079664,11190083.30957333,11190116.33979812
20191031,33.03022479079664,11118742.924867122,11118775.955091912
20191101,68.91862936271355,11076166.657550156,11076235.57617952
20191104,68.91862936271355,11049779.021009024,11049847.939638387
20191105,68.91862936271355,11132462.40160449,11132531.320233854
20191106,68.91862936271355,11138326.251263883,11138395.169893246
20191107,68.91862936271355,11117595.583805561,11117664.502434924
20191108,68.91862936271355,11113383.420314007,11113452.33894337
20191111,68.91862936271355,10934740.56296367,10934809.481593033
20191112,68.91862936271355,10935983.724161819,10936052.642791182
20191113,68.91862936271355,10907367.077945102,10907435.996574465
20191114,68.91862936271355,10925738.066843297,10925806.98547266
20191115,68.91862936271355,10858593.983640118,10858662.90226948
20191118,68.91862936271355,10973388.105218085,10973457.023847448
20191119,68.91862936271355,11007682.408082677,11007751.32671204
20191120,68.91862936271355,10999533.194255143,10999602.112884507
20191121,68.91862936271355,11068680.159537092,11068749.078166455
20191122,68.91862936271355,11093412.458472367,11093481.37710173
20191125,68.91862936271355,11270679.070628976,11270747.98925834
20191126,68.91862936271355,11243886.918902587,11243955.83753195
20191127,68.91862936271355,11217421.33179539,11217490.250424754
20191128,68.91862936271355,11161654.988327047,11161723.90695641
20191129,68.91862936271355,11167627.065167956,11167695.98379732
20191202,764.8141926581047,11120820.34610184,11121585.160294497
20191203,764.8141926581047,11116056.4761329,11116821.290325558
20191204,764.8141926581047,11103928.060420157,11104692.874612816
20191205,764.8141926581047,11134108.417031337,11134873.231223995
20191206,764.8141926581047,11186059.021314546,11186823.835507205
20191209,764.8141926581047,11184540.133842977,11185304.948035635
20191210,764.8141926581047,11224238.981757782,11225003.79595044
20191211,764.8141926581047,11285352.527638415,11286117.341831073
20191212,764.8141926581047,11289230.070566123,11289994.884758782
20191213,764.8141926581047,11362206.360245137,11362971.174437795
20191216,764.8141926581047,11387093.447342828,11387858.261535486
20191217,764.8141926581047,11422229.68608782,11422994.500280479
20191218,764.8141926581047,11376014.73486004,11376779.549052699
20191219,764.8141926581047,11398151.757764224,11398916.571956882
20191220,764.8141926581047,11330111.755811658,11330876.570004316
20191223,764.8141926581047,11237270.995910937,11238035.810103595
20191224,764.8141926581047,11291299.522252874,11292064.336445533
20191225,764.8141926581047,11289435.392210886,11290200.206403544
20191226,764.8141926581047,11325045.202422235,11325810.016614893
20191227,764.8141926581047,11353257.435553003,11354022.249745661
20191230,764.8141926581047,11499701.949120834,11500466.763313493
20191231,764.8141926581047,11575630.51714608,11576395.331338739
20200102,67.71964156568174,11684993.782455843,11685061.50209741
20200103,67.71964156568174,11773700.892639035,11773768.612280602
20200106,67.71964156568174,11825985.881610764,11826053.60125233
20200107,67.71964156568174,11995401.505040703,11995469.22468227
20200108,67.71964156568174,11998224.820347123,11998292.53998869
20200109,67.71964156568174,11972553.432210416,11972621.151851982
20200110,67.71964156568174,11936421.324299121,11936489.043940688
20200113,67.71964156568174,12037960.955304146,12038028.674945712
20200114,67.71964156568174,12011396.578684524,12011464.29832609
20200115,67.71964156568174,11922339.568853358,11922407.288494924
20200116,67.71964156568174,11840739.319734782,11840807.039376348
20200117,67.71964156568174,11801100.482347503,11801168.20198907
20200120,67.71964156568174,11803726.464045033,11803794.1836866
20200121,67.71964156568174,11707813.38282565,11707881.102467217
20200122,67.71964156568174,11710471.25931338,11710538.978954947
20200123,67.71964156568174,11485036.05579209,11485103.775433656
20200203,152.29152494785376,10515864.387283174,10516016.678808123
20200204,152.29152494785376,10890556.222654734,10890708.514179682
20200205,152.29152494785376,11007124.569253387,11007276.860778335
20200206,152.29152494785376,11056352.480643226,11056504.772168174
20200207,152.29152494785376,11051090.378763862,11051242.67028881
20200210,152.29152494785376,11050359.943447277,11050512.234972226
20200211,152.29152494785376,11010865.90639336,11011018.197918309
20200212,152.29152494785376,11090861.30889015,11091013.6004151
20200213,152.29152494785376,10970198.522504661,10970350.81402961
20200214,152.29152494785376,11032115.872086944,11032268.163611893
20200217,152.29152494785376,11193144.08380598,11193296.375330929
20200218,152.29152494785376,11171750.080492819,11171902.372017767
20200219,152.29152494785376,11126826.726680225,11126979.018205173
20200220,152.29152494785376,11278742.126812398,11278894.418337347
20200221,152.29152494785376,11249697.743102074,11249850.034627022
20200224,152.29152494785376,11140537.459969334,11140689.751494283
20200225,152.29152494785376,11040911.222313523,11041063.513838472
20200226,152.29152494785376,11113115.508590525,11113267.800115474
20200227,152.29152494785376,11168210.55972653,11168362.85125148
20200228,152.29152494785376,11121388.008050706,11121540.299575655
20200302,264.50018087169155,11445748.110971786,11446012.611152658
20200303,264.50018087169155,11441532.035867771,11441796.536048643
20200304,264.50018087169155,11446612.677428667,11446877.177609539
20200305,264.50018087169155,11574938.600880455,11575203.101061327
20200306,264.50018087169155,11479034.48900094,11479298.989181813
20200309,264.50018087169155,11315374.601279996,11315639.101460868
20200310,264.50018087169155,11359491.33481618,11359755.834997052
20200311,264.50018087169155,11358260.916623399,11358525.41680427
20200312,264.50018087169155,11318004.623923019,11318269.12410389
20200313,264.50018087169155,11074900.879312204,11075165.379493076
20200316,264.50018087169155,10916300.58732846,10916565.087509332
20200317,264.50018087169155,10858050.872862874,10858315.373043746
20200318,264.50018087169155,10722911.504870528,10723176.0050514
20200319,264.50018087169155,10562108.729628883,10562373.229809755
20200320,264.50018087169155,10702105.09895636,10702369.599137232
20200323,264.50018087169155,10462918.614207726,10463183.114388598
20200324,264.50018087169155,10688559.893871624,10688824.394052496
20200325,264.50018087169155,10828402.058543857,10828666.55872473
20200326,264.50018087169155,10736681.131987806,10736945.632168679
20200327,264.50018087169155,10852805.701180357,10853070.20136123
20200330,264.50018087169155,10619418.526929438,10619683.02711031
20200331,264.50018087169155,10751096.840589467,10751361.34077034
20200401,279.82169321738183,10635374.366196007,10635654.187889224
20200402,279.82169321738183,10761687.61177164,10761967.433464857
20200403,279.82169321738183,10708738.614248466,10709018.435941683
20200407,279.82169321738183,10865577.803022355,10865857.624715572
20200408,279.82169321738183,10853170.309708163,10853450.13140138
20200409,279.82169321738183,10894197.26944689,10894477.091140108
20200410,279.82169321738183,10879460.6455635,10879740.467256717
20200413,279.82169321738183,10769354.371977922,10769634.193671139
20200414,279.82169321738183,10821889.606035884,10822169.427729102
20200415,279.82169321738183,10777837.394074429,10778117.215767646
20200416,279.82169321738183,10784701.703142354,10784981.524835572
20200417,279.82169321738183,10816670.036236692,10816949.85792991
20200420,279.82169321738183,10809312.895357147,10809592.717050364
20200421,279.82169321738183,10686330.463934246,10686610.285627464
20200422,279.82169321738183,10676606.614456061,10676886.436149279
20200423,279.82169321738183,10763405.810025023,10763685.63171824
20200424,279.82169321738183,10651674.552648563,10651954.37434178
20200427,279.82169321738183,10701417.283522405,10701697.105215622
20200428,279.82169321738183,10626025.385571944,10626305.207265161
20200429,279.82169321738183,10908658.267096436,10908938.088789653
20200430,279.82169321738183,10969387.123758603,10969666.94545182
20200506,71.2867095451802,10895694.065274086,10895765.351983631
20200507,71.2867095451802,10853634.791755158,10853706.078464704
20200508,71.2867095451802,10903542.58892968,10903613.875639224
20200511,71.2867095451802,10890938.76747742,10891010.054186964
20200512,71.2867095451802,10847002.249849916,10847073.53655946
20200513,71.2867095451802,10866720.473114558,10866791.759824103
20200514,71.2867095451802,10849512.853202697,10849584.139912242
20200515,71.2867095451802,10829033.270239009,10829104.556948554
20200518,71.2867095451802,10816726.055913033,10816797.342622578
20200519,71.2867095451802,10835886.669602007,10835957.956311552
20200520,71.2867095451802,10832117.830163447,10832189.116872992
20200521,71.2867095451802,10779980.35502464,10780051.641734185
20200522,71.2867095451802,10635785.450191766,10635856.736901311
20200525,71.2867095451802,10665185.76128857,10665257.047998115
20200526,71.2867095451802,10678696.07073046,10678767.357440006
20200527,71.2867095451802,10720239.210181747,10720310.496891292
20200528,71.2867095451802,10759464.70062397,10759535.987333516
20200529,71.2867095451802,10603037.820220826,10603109.106930371
20200601,492.8275457903801,10707819.659443785,10708312.486989575
20200602,492.8275457903801,10785433.76618081,10785926.5937266
20200603,492.8275457903801,10742155.416243974,10742648.243789764
20200604,492.8275457903801,10743216.03387329,10743708.86141908
20200605,492.8275457903801,10707035.73935568,10707528.56690147
20200608,492.8275457903801,10755035.653902132,10755528.481447922
20200609,492.8275457903801,10778983.25907501,10779476.0866208
20200610,492.8275457903801,10769606.300386503,10770099.127932293
20200611,492.8275457903801,10646036.07367391,10646528.9012197
20200612,492.8275457903801,10684029.70987892,10684522.53742471
20200615,492.8275457903801,10736849.536055773,10737342.363601563
20200616,492.8275457903801,11026733.866865803,11027226.694411593
20200617,492.8275457903801,11255626.03245771,11256118.8600035
20200618,492.8275457903801,11476247.92629084,11476740.75383663
20200619,492.8275457903801,11389362.987762801,11389855.815308591
20200622,492.8275457903801,11330566.356568178,11331059.184113968
20200623,492.8275457903801,11227410.094269032,11227902.921814822
20200624,492.8275457903801,11142813.647502255,11143306.475048045
20200629,492.8275457903801,10934521.22865968,10935014.05620547
20200630,492.8275457903801,10982927.652879084,10983420.480424874
20200701,347.2798469811678,11055242.781281443,11055590.061128424
20200702,347.2798469811678,11300817.311120445,11301164.590967426
20200703,347.2798469811678,11470799.311245304,11471146.591092285
20200706,347.2798469811678,12330704.73660174,12331052.016448721
20200707,347.2798469811678,12174620.627060492,12174967.906907473
20200708,347.2798469811678,12252298.549991313,12252645.829838295
20200709,347.2798469811678,12150368.840212062,12150716.120059043
20200710,347.2798469811678,11778784.581201974,11779131.861048955
20200713,347.2798469811678,11857794.37373204,11858141.65357902
20200714,347.2798469811678,11653487.673207596,11653834.953054577
20200715,347.2798469811678,11519955.57196876,11520302.851815742
20200716,347.2798469811678,11414455.358017584,11414802.637864565
20200717,347.2798469811678,11372256.56737586,11372603.84722284
20200720,347.2798469811678,11584484.488301639,11584831.76814862
20200721,347.2798469811678,11525102.344123239,11525449.62397022
20200722,347.2798469811678,11516598.001694687,11516945.281541668
20200723,347.2798469811678,11394789.420396473,11395136.700243454
20200724,347.2798469811678,11172041.257585268,11172388.53743225
20200727,347.2798469811678,11193214.573474497,11193561.853321478
20200728,347.2798469811678,11259888.866917392,11260236.146764373
20200729,347.2798469811678,11351630.19053193,11351977.470378911
20200730,347.2798469811678,11283108.53354876,11283455.81339574
20200731,347.2798469811678,11272422.276081748,11272769.55592873
20200803,706.6075669778511,11324439.277417207,11325145.884984184
20200804,706.6075669778511,11434612.348591022,11435318.956158001
20200805,706.6075669778511,11391774.47148225,11392481.07904923
20200806,706.6075669778511,11366265.557515217,11366972.165082194
20200807,706.6075669778511,11292164.60990742,11292871.217474397
20200810,706.6075669778511,11465273.729370818,11465980.336937796
20200811,706.6075669778511,11311128.734212104,11311835.341779083
20200812,706.6075669778511,11368418.405639801,11369125.01320678
20200813,706.6075669778511,11428577.693547444,11429284.301114421
20200814,706.6075669778511,11466110.63710292,11466817.2446699
20200817,706.6075669778511,11628231.78198069,11628938.389547668
20200818,706.6075669778511,11590830.521207921,11591537.1287749
20200819,706.6075669778511,11516670.200388946,11517376.807955924
20200820,706.6075669778511,11303498.77012685,11304205.377693828
20200821,706.6075669778511,11311776.491758808,11312483.099325787
20200824,706.6075669778511,11299896.90975906,11300603.517326038
20200825,706.6075669778511,11318620.117085148,11319326.724652126
20200826,706.6075669778511,11258695.495229995,11259402.102796972
20200827,706.6075669778511,11299567.400396818,11300274.007963795
20200828,706.6075669778511,11364689.244512,11365395.852078978
20200831,706.6075669778511,11437306.888323614,11438013.495890591
20200901,267.41746681196673,11513135.83990932,11513403.257376133
20200902,267.41746681196673,11490846.699650228,11491114.11711704
20200903,267.41746681196673,11418129.182941455,11418396.600408267
20200904,267.41746681196673,11452396.307888005,11452663.725354817
20200907,267.41746681196673,11566108.024371218,11566375.44183803
20200908,267.41746681196673,11656992.863200527,11657260.280667339
20200909,267.41746681196673,11799993.051152755,11800260.468619566
20200910,267.41746681196673,12055698.00440662,12055965.421873432
20200911,267.41746681196673,11723586.009970568,11723853.42743738
20200914,267.41746681196673,11711611.713086773,11711879.130553585
20200915,267.41746681196673,11780206.548038986,11780473.965505797
20200916,267.41746681196673,11629835.153847218,11630102.57131403
20200917,267.41746681196673,11593145.18360911,11593412.601075921
20200918,267.41746681196673,11709527.942873215,11709795.360340027
20200921,267.41746681196673,11633151.228954218,11633418.64642103
20200922,267.41746681196673,11611706.52990515,11611973.947371962
20200923,267.41746681196673,11638540.25448262,11638807.671949431
20200924,267.41746681196673,11623286.670923483,11623554.088390294
20200925,267.41746681196673,11690136.195862994,11690403.613329805
20200928,267.41746681196673,11703322.954759182,11703590.372225994
20200929,267.41746681196673,11679059.811906256,11679327.229373068
20200930,267.41746681196673,11585725.990159467,11585993.407626279
20201009,145.92309321276844,11616614.584326226,11616760.507419439
20201012,145.92309321276844,11750905.18754939,11751051.110642603
20201013,145.92309321276844,11696049.646459395,11696195.569552608
20201014,145.92309321276844,11676652.99906782,11676798.922161033
20201015,145.92309321276844,11698046.14749263,11698192.070585843
20201016,145.92309321276844,11772246.556218777,11772392.47931199
20201019,145.92309321276844,11784832.84518297,11784978.768276183
20201020,145.92309321276844,11707662.37927884,11707808.302372053
20201021,145.92309321276844,11801969.172975983,11802115.096069196
20201022,145.92309321276844,11772558.872932594,11772704.796025807
20201023,145.92309321276844,11832726.8607815,11832872.783874713
20201026,145.92309321276844,11753901.25832384,11754047.181417054
20201027,145.92309321276844,11670023.993503172,11670169.916596385
20201028,145.92309321276844,11645475.40584468,11645621.328937892
20201029,145.92309321276844,11595010.28768676,11595156.210779972
20201030,145.92309321276844,11550433.504129387,11550579.4272226
20201102,3.560547740664333,11460780.772144325,11460784.332692066
20201103,3.560547740664333,11554257.59240665,11554261.15295439
20201104,3.560547740664333,11562435.364167044,11562438.924714785
20201105,3.560547740664333,11612620.287804712,11612623.848352453
20201106,3.560547740664333,11641677.94321473,11641681.50376247
20201109,3.560547740664333,11729364.992217422,11729368.552765163
20201110,3.560547740664333,11736495.492939193,11736499.053486934
20201111,3.560547740664333,11819323.541983193,11819327.102530934
20201112,3.560547740664333,11713510.178228073,11713513.738775814
20201113,3.560547740664333,11605634.541047744,11605638.101595486
20201116,3.560547740664333,11705208.27003518,11705211.83058292
20201117,3.560547740664333,11764613.770094715,11764617.330642456
20201118,3.560547740664333,11830542.70648968,11830546.267037421
20201119,3.560547740664333,11824134.727845948,11824138.28839369
20201120,3.560547740664333,11791161.218904417,11791164.779452158
20201123,3.560547740664333,11944116.627314162,11944120.187861903
20201124,3.560547740664333,11899804.473893292,11899808.034441033
20201125,3.560547740664333,11918689.537630972,11918693.098178713
20201126,3.560547740664333,11998623.222068151,11998626.782615893
20201127,3.560547740664333,12201175.677289292,12201179.237837033
20201130,3.560547740664333,12060523.565605327,12060527.126153069
20201201,187.0607605586265,12220658.278443476,12220845.339204036
20201202,187.0607605586265,12215455.885572232,12215642.946332792
20201203,187.0607605586265,12231996.131388342,12232183.192148902
20201204,187.0607605586265,12154935.943773204,12155123.004533764
20201207,187.0607605586265,12017002.070533138,12017189.131293697
20201208,187.0607605586265,12027423.437994713,12027610.498755272
20201209,187.0607605586265,11992963.086270899,11993150.147031458
20201210,187.0607605586265,11943638.120983783,11943825.181744343
20201211,187.0607605586265,11809745.552004684,11809932.612765243
20201214,187.0607605586265,11754497.370332856,11754684.431093415
20201215,187.0607605586265,11683629.115549633,11683816.176310193
20201216,187.0607605586265,11644340.508016717,11644527.568777276
20201217,187.0607605586265,11702619.916846408,11702806.977606967
20201218,187.0607605586265,11702106.645991707,11702293.706752267
20201221,187.0607605586265,11663129.161634628,11663316.222395187
20201222,187.0607605586265,11535992.525273036,11536179.586033596
20201223,187.0607605586265,11513109.616655353,11513296.677415913
20201224,187.0607605586265,11424383.359821176,11424570.420581736
20201225,187.0607605586265,11475351.76925294,11475538.830013499
20201228,187.0607605586265,11443678.042190336,11443865.102950895
20201229,187.0607605586265,11457243.53297654,11457430.5937371
20201230,187.0607605586265,11385889.557373106,11386076.618133666
20201231,187.0607605586265,11478232.223219305,11478419.283979865
20210104,284.82560096122324,11478076.17459453,11478361.000195492
20210105,284.82560096122324,11532487.323268712,11532772.148869673
20210106,284.82560096122324,11531405.180077119,11531690.00567808
20210107,284.82560096122324,11381709.450873755,11381994.276474716
20210108,284.82560096122324,11404117.307097588,11404402.132698549
20210111,284.82560096122324,11234409.498897541,11234694.324498503
20210112,284.82560096122324,11254201.465817956,11254486.291418917
20210113,284.82560096122324,11271299.082598321,11271583.908199282
20210114,284.82560096122324,11323817.140031554,11324101.965632515
20210115,284.82560096122324,11372229.364776053,11372514.190377014
20210118,284.82560096122324,11382238.713401226,11382523.539002188
20210119,284.82560096122324,11485326.849173034,11485611.674773995
20210120,284.82560096122324,11386192.68807394,11386477.513674902
20210121,284.82560096122324,11345240.87932977,11345525.704930732
20210122,284.82560096122324,11179869.970599746,11180154.796200708
20210125,284.82560096122324,11060021.779578269,11060306.60517923
20210126,284.82560096122324,11032706.196932457,11032991.022533419
20210127,284.82560096122324,11062804.721697476,11063089.547298437
20210128,284.82560096122324,11008280.121322596,11008564.946923558
20210129,284.82560096122324,10912855.572528416,10913140.398129378
20210201,207.2985142456455,10921804.130957978,10922011.429472223
20210202,207.2985142456455,11005371.514762593,11005578.813276839
20210203,207.2985142456455,10934470.305352036,10934677.603866281
20210204,207.2985142456455,10792245.15235252,10792452.450866764
20210205,207.2985142456455,10856445.471278837,10856652.769793082
20210208,207.2985142456455,11062713.46940979,11062920.767924035
20210209,207.2985142456455,11109220.654866435,11109427.95338068
20210210,207.2985142456455,11130346.642513972,11130553.941028217
20210218,207.2985142456455,11283847.670585636,11284054.969099881
20210219,207.2985142456455,11572015.22161615,11572222.520130396
20210222,207.2985142456455,11773526.285068855,11773733.5835831
20210223,207.2985142456455,11655180.24795831,11655387.546472555
20210224,207.2985142456455,11653635.831020081,11653843.129534326
20210225,207.2985142456455,11782320.783550296,11782528.082064541
20210226,207.2985142456455,11662238.137282783,11662445.435797028
20210301,48.27542265551165,11679972.84833252,11680021.123755176
20210302,48.27542265551165,11659563.500885854,11659611.776308509
20210303,48.27542265551165,11800395.347312868,11800443.622735523
20210304,48.27542265551165,11791326.329423478,11791374.604846133
20210305,48.27542265551165,11848312.818949118,11848361.094371773
20210308,48.27542265551165,11797629.40622839,11797677.681651045
20210309,48.27542265551165,11806693.910964757,11806742.186387412
20210310,48.27542265551165,11784676.343680486,11784724.619103141
20210311,48.27542265551165,11844274.300040726,11844322.57546338
20210312,48.27542265551165,11927052.615454836,11927100.89087749
20210315,48.27542265551165,12073150.41015921,12073198.685581865
20210316,48.27542265551165,12104608.263182545,12104656.5386052
20210317,48.27542265551165,12019324.122003911,12019372.397426566
20210318,48.27542265551165,12015101.392299326,12015149.667721981
20210319,48.27542265551165,11899663.647867328,11899711.923289983
20210322,48.27542265551165,12116483.395148817,12116531.670571472
20210323,48.27542265551165,12181742.865490902,12181791.140913557
20210324,48.27542265551165,12187077.830852468,12187126.106275123
20210325,48.27542265551165,12044060.446853193,12044108.722275848
20210326,48.27542265551165,12165101.540562592,12165149.815985247
20210329,48.27542265551165,12331863.318647025,12331911.59406968
20210330,48.27542265551165,12322407.57528457,12322455.850707226
20210331,48.27542265551165,12279712.18082511,12279760.456247766
20210401,32.82100783102214,12179633.598357845,12179666.419365676
20210402,32.82100783102214,12099713.615937892,12099746.436945723
20210406,32.82100783102214,12068256.615506845,12068289.436514676
20210407,32.82100783102214,12108213.03337112,12108245.854378952
20210408,32.82100783102214,12104247.213513331,12104280.034521163
20210409,32.82100783102214,12094625.276028432,12094658.097036263
20210412,32.82100783102214,12162062.217748597,12162095.038756428
20210413,32.82100783102214,12108670.520956611,12108703.341964442
20210414,32.82100783102214,12060001.21831278,12060034.03932061
20210415,32.82100783102214,12023547.839815969,12023580.6608238
20210416,32.82100783102214,12088849.506685255,12088882.327693086
20210419,32.82100783102214,12103777.844984712,12103810.665992543
20210420,32.82100783102214,12082318.38727748,12082351.208285311
20210421,32.82100783102214,12059855.834248647,12059888.655256478
20210422,32.82100783102214,11983602.30565506,11983635.126662891
20210423,32.82100783102214,11971764.785432724,11971797.606440555
20210426,32.82100783102214,11881885.379892707,11881918.200900538
20210427,32.82100783102214,11841327.151953258,11841359.972961089
20210428,32.82100783102214,11807214.371722486,11807247.192730317
20210429,32.82100783102214,11925735.167759806,11925767.988767637
20210430,32.82100783102214,11880773.494600048,11880806.31560788
20210506,186.29078712826595,11921769.168884285,11921955.459671414
20210507,186.29078712826595,11974634.077395752,11974820.36818288
20210510,186.29078712826595,11967037.7599942,11967224.050781328
20210511,186.29078712826595,11992864.50090824,11993050.79169537
20210512,186.29078712826595,12032387.08509306,12032573.37588019
20210513,186.29078712826595,12008812.763711682,12008999.05449881
20210514,186.29078712826595,12098707.01389646,12098893.304683588
20210517,186.29078712826595,12059044.923047256,12059231.213834384
20210518,186.29078712826595,12048005.26894477,12048191.559731899
20210519,186.29078712826595,11984401.56207275,11984587.852859879
20210520,186.29078712826595,12010743.066056024,12010929.356843153
20210521,186.29078712826595,11975761.795930719,11975948.086717848
20210524,186.29078712826595,11993462.823792947,11993649.114580076
20210525,186.29078712826595,12099049.035573326,12099235.326360455
20210526,186.29078712826595,12080073.530727357,12080259.821514485
20210527,186.29078712826595,12088860.765297178,12089047.056084307
20210528,186.29078712826595,12108473.123723153,12108659.414510282
20210531,186.29078712826595,12056385.908354122,12056572.19914125
20210601,205.83268028360544,12017588.652696023,12017794.485376306
20210602,205.83268028360544,11997533.955571763,11997739.788252046
20210603,205.83268028360544,11980601.575454708,11980807.408134991
20210604,205.83268028360544,12007438.965832515,12007644.798512798
20210607,205.83268028360544,11978759.43678101,11978965.269461293
20210608,205.83268028360544,12013253.00971986,12013458.842400143
20210609,205.83268028360544,11996243.51938504,11996449.352065323
20210610,205.83268028360544,11938249.699893173,11938455.532573456
20210611,205.83268028360544,11821582.588394914,11821788.421075197
20210615,205.83268028360544,11745841.014780665,11746046.847460948
20210616,205.83268028360544,11794300.033197839,11794505.865878122
20210617,205.83268028360544,11778013.834255796,11778219.666936079
20210618,205.83268028360544,11746538.959471358,11746744.792151641
20210621,205.83268028360544,11741831.762112306,11742037.59479259
20210622,205.83268028360544,11782514.830805352,11782720.663485635
20210623,205.83268028360544,11749785.705355968,11749991.538036251
20210624,205.83268028360544,11822272.9038121,11822478.736492382
20210625,205.83268028360544,11869944.392588355,11870150.225268638
20210628,205.83268028360544,11812268.977589875,11812474.810270159
20210629,205.83268028360544,11767313.69117885,11767519.523859134
20210630,205.83268028360544,11773755.966804465,11773961.799484748
20210701,35.88301067566499,11764522.953499671,11764558.836510347
20210702,35.88301067566499,11763101.243268631,11763137.126279308
20210705,35.88301067566499,11762350.437711298,11762386.320721975
20210706,35.88301067566499,11793275.855933636,11793311.738944313
20210707,35.88301067566499,11742288.646084987,11742324.529095663
20210708,35.88301067566499,11707599.890829474,11707635.77384015
20210709,35.88301067566499,11710008.386377081,11710044.269387757
20210712,35.88301067566499,11679082.96815474,11679118.851165416
20210713,35.88301067566499,11686859.422953982,11686895.305964658
20210714,35.88301067566499,11576003.487704774,11576039.37071545
20210715,35.88301067566499,11561124.113061333,11561159.99607201
20210716,35.88301067566499,11560461.748798616,11560497.631809292
20210719,35.88301067566499,11511949.903243046,11511985.786253722
20210720,35.88301067566499,11507582.530281644,11507618.41329232
20210721,35.88301067566499,11512119.014256805,11512154.897267481
20210722,35.88301067566499,11559106.907313053,11559142.790323729
20210723,35.88301067566499,11529772.31033551,11529808.193346186
20210726,35.88301067566499,11447405.6958137,11447441.578824377
20210727,35.88301067566499,11372818.166372474,11372854.04938315
20210728,35.88301067566499,11366679.690460188,11366715.573470864
20210729,35.88301067566499,11283423.391595958,11283459.274606634
20210730,35.88301067566499,11245805.404865092,11245841.287875768
20210802,53.3998473896645,11277184.890994549,11277238.290841939
20210803,53.3998473896645,11247169.797181075,11247223.197028466
20210804,53.3998473896645,11234279.240444435,11234332.640291825
20210805,53.3998473896645,11272734.185922517,11272787.585769907
20210806,53.3998473896645,11245424.64884411,11245478.0486915
20210809,53.3998473896645,11330458.656329595,11330512.056176985
20210810,53.3998473896645,11361501.374274038,11361554.774121428
20210811,53.3998473896645,11413569.93284461,11413623.332692001
20210812,53.3998473896645,11375985.88178184,11376039.28162923
20210813,53.3998473896645,11365968.037954846,11366021.437802237
20210816,53.3998473896645,11422078.529791545,11422131.929638935
20210817,53.3998473896645,11359998.626052508,11360052.025899898
20210818,53.3998473896645,11453046.907877866,11453100.307725256
20210819,53.3998473896645,11445920.390644802,11445973.790492192
20210820,53.3998473896645,11426036.6632493,11426090.06309669
20210823,53.3998473896645,11490478.4574328,11490531.857280191
20210824,53.3998473896645,11456184.562387621,11456237.962235011
20210825,53.3998473896645,11510186.97865431,11510240.3785017
20210826,53.3998473896645,11536341.724435555,11536395.124282945
20210827,53.3998473896645,11569010.514184704,11569063.914032094
20210830,53.3998473896645,11507930.923634786,11507984.323482176
20210831,53.3998473896645,11612418.311733862,11612471.711581253
20210901,66.69508334950478,11804157.036140172,11804223.731223522
20210902,66.69508334950478,11867334.65722716,11867401.35231051
20210903,66.69508334950478,11926628.577195164,11926695.272278514
20210906,66.69508334950478,12014781.836711204,12014848.531794554
20210907,66.69508334950478,12134711.46290795,12134778.1579913
20210908,66.69508334950478,12362536.381252171,12362603.076335521
20210909,66.69508334950478,12426275.561064724,12426342.256148074
20210910,66.69508334950478,12383991.520844247,12384058.215927597
20210913,66.69508334950478,12471597.422042305,12471664.117125655
20210914,66.69508334950478,12248058.389351035,12248125.084434384
20210915,66.69508334950478,12268178.583840655,12268245.278924005
20210916,66.69508334950478,12094124.45005592,12094191.14513927
20210917,66.69508334950478,12058064.07198354,12058130.76706689
20210922,66.69508334950478,12077366.930947306,12077433.626030656
20210923,66.69508334950478,12253094.672532987,12253161.367616337
20210924,66.69508334950478,12036583.186591377,12036649.881674727
20210927,66.69508334950478,11781398.758026643,11781465.453109993
20210928,66.69508334950478,11907491.41805946,11907558.11314281
20210929,66.69508334950478,11712791.184521528,11712857.879604878
20210930,66.69508334950478,11818109.412089132,11818176.107172482
20211008,157.48711502472827,11960132.580348859,11960290.067463884
20211011,157.48711502472827,11959884.350392787,11960041.837507812
20211012,157.48711502472827,11932606.924783967,11932764.411898993
20211013,157.48711502472827,11935881.523003832,11936039.010118857
20211014,157.48711502472827,11896905.289858488,11897062.776973514
20211015,157.48711502472827,11714947.695428248,11715105.182543274
20211018,157.48711502472827,11729684.459681977,11729841.946797002
20211019,157.48711502472827,11752016.328968443,11752173.816083468
20211020,157.48711502472827,11749550.89773314,11749708.384848166
20211021,157.48711502472827,11754466.785261633,11754624.272376658
20211022,157.48711502472827,11750087.936200503,11750245.423315529
20211025,157.48711502472827,11680793.761183253,11680951.248298278
20211026,157.48711502472827,11599146.65934927,11599304.146464296
20211027,157.48711502472827,11456201.788056098,11456359.275171123
20211028,157.48711502472827,11428789.277222557,11428946.764337583
20211029,157.48711502472827,11521532.358021187,11521689.845136212
20211101,1214.0315121035092,11633015.226879083,11634229.258391187
20211102,1214.0315121035092,11488291.593990723,11489505.625502827
20211103,1214.0315121035092,11528600.98571396,11529815.017226065
20211104,1214.0315121035092,11581891.681082124,11583105.712594228
20211105,1214.0315121035092,11578302.025741337,11579516.05725344
20211108,1214.0315121035092,11576320.055925505,11577534.08743761
20211109,1214.0315121035092,11542613.98554043,11543828.017052533
20211110,1214.0315121035092,11517443.959312318,11518657.990824422
20211111,1214.0315121035092,11670234.077729546,11671448.10924165
20211112,1214.0315121035092,11598465.949198075,11599679.980710179
20211115,1214.0315121035092,11645917.44924669,11647131.480758794
20211116,1214.0315121035092,11609493.812703617,11610707.84421572
20211117,1214.0315121035092,11615145.455827635,11616359.487339739
20211118,1214.0315121035092,11546834.18779971,11548048.219311815
20211119,1214.0315121035092,11663810.630739605,11665024.662251709
20211122,1214.0315121035092,11564176.27993765,11565390.311449753
20211123,1214.0315121035092,11597558.638270495,11598772.6697826
20211124,1214.0315121035092,11675345.981331028,11676560.012843132
20211125,1214.0315121035092,11886911.831513185,11888125.863025289
20211126,1214.0315121035092,12115241.22294085,12116455.254452953
20211129,1214.0315121035092,12248488.131732896,12249702.163245
20211130,1214.0315121035092,12265752.278745193,12266966.310257297
20211201,68.17691326048225,12270025.165233415,12270093.342146676
20211202,68.17691326048225,12286390.808488961,12286458.985402223
20211203,68.17691326048225,12329266.54163896,12329334.71855222
20211206,68.17691326048225,12307284.302017406,12307352.478930667
20211207,68.17691326048225,12418324.365388338,12418392.542301599
20211208,68.17691326048225,12380649.564466916,12380717.741380177
20211209,68.17691326048225,12467788.302492931,12467856.479406193
20211210,68.17691326048225,12338506.475857835,12338574.652771097
20211213,68.17691326048225,12385802.57709853,12385870.754011791
20211214,68.17691326048225,12355938.210157733,12356006.387070995
20211215,68.17691326048225,12358208.694993176,12358276.871906437
20211216,68.17691326048225,12396431.273849968,12396499.45076323
20211217,68.17691326048225,12385554.815602612,12385622.992515873
20211220,68.17691326048225,12404471.76815996,12404539.94507322
20211221,68.17691326048225,12479124.881399017,12479193.058312278
20211222,68.17691326048225,12441183.12700858,12441251.303921841
20211223,68.17691326048225,12433759.629541524,12433827.806454785
20211224,68.17691326048225,12403895.262600727,12403963.439513989
20211227,68.17691326048225,12423635.7450107,12423703.921923961
20211228,68.17691326048225,12466964.035437781,12467032.212351043
20211229,68.17691326048225,12451778.76078958,12451846.937702842
20211230,68.17691326048225,12470231.39241001,12470299.569323272
20211231,68.17691326048225,12494954.510379031,12495022.687292293
20220104,207.7573512848394,12558053.750519777,12558261.507871062
20220105,207.7573512848394,12637901.747185204,12638109.504536489
20220106,207.7573512848394,12600232.074178627,12600439.831529912
20220107,207.7573512848394,12751959.544666639,12752167.302017923
20220110,207.7573512848394,12768062.54251491,12768270.299866196
20220111,207.7573512848394,12828624.970669819,12828832.728021104
20220112,207.7573512848394,12776090.57338255,12776298.330733836
20220113,207.7573512848394,12813801.46495894,12814009.222310225
20220114,207.7573512848394,12634863.079644717,12635070.836996002
20220117,207.7573512848394,12623068.76853443,12623276.525885714
20220118,207.7573512848394,12760759.62620021,12760967.383551495
20220119,207.7573512848394,12770871.29795057,12771079.055301854
20220120,207.7573512848394,12828747.862538178,12828955.619889462
20220121,207.7573512848394,12823351.556495864,12823559.313847149
20220124,207.7573512848394,12758444.815965172,12758652.573316457
20220125,207.7573512848394,12600198.370591376,12600406.12794266
20220126,207.7573512848394,12646097.648076862,12646305.405428147
20220127,207.7573512848394,12614488.28213289,12614696.039484175
20220128,207.7573512848394,12618019.285177022,12618227.042528307
20220207,322.4981246548705,12813170.806275388,12813493.304400044
20220208,322.4981246548705,13024207.604975887,13024530.103100542
20220209,322.4981246548705,12981960.040489687,12982282.538614342
20220210,322.4981246548705,13099431.011154206,13099753.509278862
20220211,322.4981246548705,13133991.41980602,13134313.917930676
20220214,322.4981246548705,12976013.779509647,12976336.277634302
20220215,322.4981246548705,12915912.148470195,12916234.64659485
20220216,322.4981246548705,12997873.631423824,12998196.129548479
20220217,322.4981246548705,12997029.661879217,12997352.160003873
20220218,322.4981246548705,13085462.203480914,13085784.70160557
20220221,322.4981246548705,13013316.021404997,13013638.519529652
20220222,322.4981246548705,12951196.000185654,12951518.498310309
20220223,322.4981246548705,12890008.8390431,12890331.337167755
20220224,322.4981246548705,12710753.23801811,12711075.736142766
20220225,322.4981246548705,12687414.569608636,12687737.067733292
20220228,322.4981246548705,12686742.34492517,12687064.843049826
20220301,106.0368618685552,12749532.034590296,12749638.071452165
20220302,106.0368618685552,12752240.473227674,12752346.510089543
20220303,106.0368618685552,12825675.789080136,12825781.825942004
20220304,106.0368618685552,12796776.38670294,12796882.423564808
20220307,106.0368618685552,12686433.978009233,12686540.014871102
20220308,106.0368618685552,12479767.7323845,12479873.769246368
20220309,106.0368618685552,12280604.621572556,12280710.658434425
20220310,106.0368618685552,12375881.892627005,12375987.929488873
20220311,106.0368618685552,12500048.629668927,12500154.666530795
20220314,106.0368618685552,12397275.775552668,12397381.812414536
20220315,106.0368618685552,12057353.632844642,12057459.66970651
20220316,106.0368618685552,12261223.256269468,12261329.293131337
20220317,106.0368618685552,12223843.370651035,12223949.407512903
20220318,106.0368618685552,12427781.289857103,12427887.326718971
20220321,106.0368618685552,12313126.929156734,12313232.966018602
20220322,106.0368618685552,12488625.718816947,12488731.755678816
20220323,106.0368618685552,12467851.864160214,12467957.901022082
20220324,106.0368618685552,12447490.581874399,12447596.618736267
20220325,106.0368618685552,12471944.286050566,12472050.322912434
20220328,106.0368618685552,12531616.448310766,12531722.485172635
20220329,106.0368618685552,12547444.095643185,12547550.132505054
20220330,106.0368618685552,12668826.299705343,12668932.336567212
20220331,106.0368618685552,12833488.257639602,12833594.29450147
20220401,258.24434529896826,12926380.67586958,12926638.92021488
20220406,258.24434529896826,13086139.074801384,13086397.319146682
20220407,258.24434529896826,12970983.560302578,12971241.804647878
20220408,258.24434529896826,13000832.123727206,13001090.368072506
20220411,258.24434529896826,12891090.374184621,12891348.61852992
20220412,258.24434529896826,12951375.408826996,12951633.653172296
20220413,258.24434529896826,12925392.235665735,12925650.480011035
20220414,258.24434529896826,12902955.582668906,12903213.827014204
20220415,258.24434529896826,12914820.79115319,12915079.035498489
20220418,258.24434529896826,12756629.05601724,12756887.300362539
20220419,258.24434529896826,12849726.512451954,12849984.756797254
20220420,258.24434529896826,12819407.108977683,12819665.353322983
20220421,258.24434529896826,12818592.485390225,12818850.729735523
20220422,258.24434529896826,12955639.066992583,12955897.31133788
20220425,258.24434529896826,12685303.238094779,12685561.482440077
20220426,258.24434529896826,12693578.129836008,12693836.374181308
20220427,258.24434529896826,12582396.863821715,12582655.108167015
20220428,258.24434529896826,12697239.54404771,12697497.78839301
20220429,258.24434529896826,12732345.542650482,12732603.78699578
20220505,96.02825585240498,12832711.272824485,12832807.301080337
20220506,96.02825585240498,12674580.480434366,12674676.508690218
20220509,96.02825585240498,12645172.862726629,12645268.89098248
20220510,96.02825585240498,12691713.003482841,12691809.031738693
20220511,96.02825585240498,12633308.425498597,12633404.45375445
20220512,96.02825585240498,12599198.263551775,12599294.291807627
20220513,96.02825585240498,12686257.899166854,12686353.927422706
20220516,96.02825585240498,12618669.18660206,12618765.214857912
20220517,96.02825585240498,12615391.318938587,12615487.347194439
20220518,96.02825585240498,12565853.637972984,12565949.666228836
20220519,96.02825585240498,12522560.734872513,12522656.763128364
20220520,96.02825585240498,12597366.931068733,12597462.959324585
20220523,96.02825585240498,12532939.719179465,12533035.747435316
20220524,96.02825585240498,12476412.98800474,12476509.016260592
20220525,96.02825585240498,12480446.202598918,12480542.23085477
20220526,96.02825585240498,12513458.810056273,12513554.838312125
20220527,96.02825585240498,12510537.301059771,12510633.329315623
20220530,96.02825585240498,12469614.399372369,12469710.427628221
20220531,96.02825585240498,12503786.368597291,12503882.396853143
20220601,2.249308983267838,12472462.375684204,12472464.624993186
20220602,2.249308983267838,12473043.560785238,12473045.81009422
20220606,2.249308983267838,12426384.15985284,12426386.409161823
20220607,2.249308983267838,12436197.326404095,12436199.575713078
20220608,2.249308983267838,12483293.689168548,12483295.938477531
20220609,2.249308983267838,12558863.705324702,12558865.954633685
20220610,2.249308983267838,12599316.22399724,12599318.473306224
20220613,2.249308983267838,12500629.152282208,12500631.401591191
20220614,2.249308983267838,12616491.884772103,12616494.134081086
20220615,2.249308983267838,12688660.961408371,12688663.210717354
20220616,2.249308983267838,12554032.380071728,12554034.62938071
20220617,2.249308983267838,12592793.644112192,12592795.893421175
20220620,2.249308983267838,12534674.357702479,12534676.607011462
20220621,2.249308983267838,12614963.578866988,12614965.828175971
20220622,2.249308983267838,12568766.950014684,12568769.199323667
20220623,2.249308983267838,12641205.421179192,12641207.670488175
20220624,2.249308983267838,12616125.94906906,12616128.198378043
20220627,2.249308983267838,12612413.21897638,12612415.468285363
20220628,2.249308983267838,12600112.658496268,12600114.907805251
20220629,2.249308983267838,12655020.257613959,12655022.506922942
20220630,2.249308983267838,12650190.5706422,12650192.819951182
20220701,272.49875685169536,12636815.316364858,12637087.81512171
20220704,272.49875685169536,12640427.698752161,12640700.197509013
20220705,272.49875685169536,12664114.840947352,12664387.339704204
20220706,272.49875685169536,12558769.795852194,12559042.294609046
20220707,272.49875685169536,12496982.212334285,12497254.711091137
20220708,272.49875685169536,12514246.324727714,12514518.823484566
20220711,272.49875685169536,12544633.847350204,12544906.346107056
20220712,272.49875685169536,12616739.709319783,12617012.208076635
20220713,272.49875685169536,12527125.213072088,12527397.71182894
20220714,272.49875685169536,12431938.811374268,12432211.31013112
20220715,272.49875685169536,12321245.50550043,12321518.004257282
20220718,272.49875685169536,12457154.898691986,12457427.397448838
20220719,272.49875685169536,12512902.036604488,12513174.53536134
20220720,272.49875685169536,12537826.960084053,12538099.458840905
20220721,272.49875685169536,12440070.820096545,12440343.318853397
20220722,272.49875685169536,12486128.682974836,12486401.181731688
20220725,272.49875685169536,12492662.39775514,12492934.896511992
20220726,272.49875685169536,12528438.350609412,12528710.849366264
20220727,272.49875685169536,12481818.207110677,12482090.705867529
20220728,272.49875685169536,12507855.485725993,12508127.984482845
20220729,272.49875685169536,12455938.753356557,12456211.25211341
20220801,253.78434169199318,12386833.573422551,12387087.357764244
20220802,253.78434169199318,12268152.761882184,12268406.546223875
20220803,253.78434169199318,12252915.825509597,12253169.60985129
20220804,253.78434169199318,12311562.301326174,12311816.085667867
20220805,253.78434169199318,12355853.42226687,12356107.206608564
20220808,253.78434169199318,12343554.143569142,12343807.927910835
20220809,253.78434169199318,12366555.280553794,12366809.064895485
20220810,253.78434169199318,12352219.77642565,12352473.560767341
20220811,253.78434169199318,12446913.61849022,12447167.402831912
20220812,253.78434169199318,12459428.138740093,12459681.923081785
20220815,253.78434169199318,12423324.486037219,12423578.27037891
20220816,253.78434169199318,12390917.163297324,12391170.947639015
20220817,253.78434169199318,12465511.566260211,12465765.350601904
20220818,253.78434169199318,12409155.917025266,12409409.701366957
20220819,253.78434169199318,12308444.26640343,12308698.050745122
20220822,253.78434169199318,12278850.109777756,12279103.894119449
20220823,253.78434169199318,12269307.368842976,12269561.153184667
20220824,253.78434169199318,12216635.59613365,12216889.380475342
20220825,253.78434169199318,12330443.32783392,12330697.112175614
20220826,253.78434169199318,12330473.707770577,12330727.492112268
20220829,253.78434169199318,12338898.19255672,12339151.976898413
20220830,253.78434169199318,12411780.05302905,12412033.837370742
20220831,253.78434169199318,12407770.286289977,12408024.070631668
20220901,14.315923164132982,12386821.556399629,12386835.872322792
20220902,14.315923164132982,12385765.07499279,12385779.390915954
20220905,14.315923164132982,12533377.056903861,12533391.372827025
20220906,14.315923164132982,12659988.091447655,12660002.407370819
20220907,14.315923164132982,12602917.19267129,12602931.508594453
20220908,14.315923164132982,12630729.663655022,12630743.979578186
20220909,14.315923164132982,12685439.417875104,12685453.733798267
20220913,14.315923164132982,12601455.351562439,12601469.667485602
20220914,14.315923164132982,12473836.518500421,12473850.834423585
20220915,14.315923164132982,12477662.211969003,12477676.527892167
20220916,14.315923164132982,12248295.031647814,12248309.347570978
20220919,14.315923164132982,12213894.546148067,12213908.862071231
20220920,14.315923164132982,12214972.108982215,12214986.424905378
20220921,14.315923164132982,12365670.310310522,12365684.626233686
20220922,14.315923164132982,12385934.990415413,12385949.306338577
20220923,14.315923164132982,12409772.176581098,12409786.492504261
20220926,14.315923164132982,12050347.103700332,12050361.419623496
20220927,14.315923164132982,12200740.309729407,12200754.62565257
20220928,14.315923164132982,12045549.526322987,12045563.84224615
20220929,14.315923164132982,11941173.38661239,11941187.702535553
20220930,14.315923164132982,11969648.955195297,11969663.27111846
20221010,752.0471535250545,11901703.419613808,11902455.466767333
20221011,752.0471535250545,11825238.455640959,11825990.502794484
20221012,752.0471535250545,11997381.238023087,11998133.285176612
20221013,752.0471535250545,11987533.03234964,11988285.079503166
20221014,752.0471535250545,12197717.761155698,12198469.808309224
20221017,752.0471535250545,12283706.525005186,12284458.572158711
20221018,752.0471535250545,12325678.399292927,12326430.446446452
20221019,752.0471535250545,12122622.412705878,12123374.459859403
20221020,752.0471535250545,12082082.954099655,12082835.00125318
20221021,752.0471535250545,12055966.419426095,12056718.46657962
20221024,752.0471535250545,11866153.311826458,11866905.358979983
20221025,752.0471535250545,11783085.307381155,11783837.35453468
20221026,752.0471535250545,11936184.165306648,11936936.212460173
20221027,752.0471535250545,12044361.179139614,12045113.22629314
20221028,752.0471535250545,11436576.35896342,11437328.406116946
20221031,752.0471535250545,11319669.118593182,11320421.165746707
20221101,106.26441771909595,11513341.10207195,11513447.36648967
20221102,106.26441771909595,11593132.914119225,11593239.178536944
20221103,106.26441771909595,11557937.509803627,11558043.774221346
20221104,106.26441771909595,11720623.201221216,11720729.465638936
20221107,106.26441771909595,11874790.467804134,11874896.732221853
20221108,106.26441771909595,11867449.09307897,11867555.35749669
20221109,106.26441771909595,11926859.37041244,11926965.634830158
20221110,106.26441771909595,12017086.89853058,12017193.1629483
20221111,106.26441771909595,12173448.777573314,12173555.041991033
20221114,106.26441771909595,12196189.588666672,12196295.853084391
20221115,106.26441771909595,12331136.27682371,12331242.54124143
20221116,106.26441771909595,12313322.320584517,12313428.585002236
20221117,106.26441771909595,12358998.692494806,12359104.956912525
20221118,106.26441771909595,12299498.135473661,12299604.39989138
20221121,106.26441771909595,12339855.742530456,12339962.006948175
20221122,106.26441771909595,12454022.136702726,12454128.401120445
20221123,106.26441771909595,12410608.59836553,12410714.86278325
20221124,106.26441771909595,12518196.853076076,12518303.117493795
20221125,106.26441771909595,12651874.2024118,12651980.46682952
20221128,106.26441771909595,12502241.984625377,12502348.249043096
20221129,106.26441771909595,12689313.814100236,12689420.078517955
20221130,106.26441771909595,12719160.231915675,12719266.496333394
20221201,104.09913146542385,12612467.740065569,12612571.839197034
20221202,104.09913146542385,12584491.32076251,12584595.419893974
20221205,104.09913146542385,12751955.244322669,12752059.343454134
20221206,104.09913146542385,12773521.638364334,12773625.737495799
20221207,104.09913146542385,12726462.568133919,12726566.667265384
20221208,104.09913146542385,12853430.973186446,12853535.072317911
20221209,104.09913146542385,12839194.65096704,12839298.750098504
20221212,104.09913146542385,12708833.658151653,12708937.757283118
20221213,104.09913146542385,12785164.344510319,12785268.443641784
20221214,104.09913146542385,12806344.386375345,12806448.48550681
20221215,104.09913146542385,12699019.843215086,12699123.94234655
20221216,104.09913146542385,12832377.969017865,12832482.06814933
20221219,104.09913146542385,12683869.547974225,12683973.64710569
20221220,104.09913146542385,12584729.081487034,12584833.180618498
20221221,104.09913146542385,12599845.786607798,12599949.885739263
20221222,104.09913146542385,12623676.272943087,12623780.372074552
20221223,104.09913146542385,12579716.996589633,12579821.095721098
20221226,104.09913146542385,12515277.12894483,12515381.228076294
20221227,104.09913146542385,12653370.860427484,12653474.959558949
20221228,104.09913146542385,12730509.814438038,12730613.913569503
20221229,104.09913146542385,12691915.385038529,12692019.484169994
20221230,104.09913146542385,12754460.237114623,12754564.336246088
20230103,184.19423067336902,12792495.271745756,12792679.46597643
20230104,184.19423067336902,12887882.7179598,12888066.912190475
20230105,184.19423067336902,12904148.860271722,12904333.054502396
20230106,184.19423067336902,12893652.615830727,12893836.8100614
20230109,184.19423067336902,12877782.130680192,12877966.324910866
20230110,184.19423067336902,12839245.643105367,12839429.837336041
20230111,184.19423067336902,12841053.970097559,12841238.164328232
20230112,184.19423067336902,12838033.90878284,12838218.103013514
20230113,184.19423067336902,12910614.397056809,12910798.591287483
20230116,184.19423067336902,12872273.55431686,12872457.748547534
20230117,184.19423067336902,12898484.149604665,12898668.343835339
20230118,184.19423067336902,12927133.287659865,12927317.481890539
20230119,184.19423067336902,12987285.163608843,12987469.357839517
20230120,184.19423067336902,13010562.546240322,13010746.740470996
20230130,184.19423067336902,13015605.020094808,13015789.214325482
20230131,184.19423067336902,13113955.865307452,13114140.059538126
20230201,139.78124844066042,13164349.262543973,13164489.043792414
20230202,139.78124844066042,13133658.947327359,13133798.7285758
20230203,139.78124844066042,13056282.679641645,13056422.460890086
20230206,139.78124844066042,13047806.459306248,13047946.240554688
20230207,139.78124844066042,13116986.743127957,13117126.524376398
20230208,139.78124844066042,13061949.88742235,13062089.66867079
20230209,139.78124844066042,13141897.598432621,13142037.379681062
20230210,139.78124844066042,13133659.263681706,13133799.044930147
20230213,139.78124844066042,13177668.314010922,13177808.095259363
20230214,139.78124844066042,13181385.229559436,13181525.010807877
20230215,139.78124844066042,13125358.699918749,13125498.48116719
20230216,139.78124844066042,13041629.791217068,13041769.57246551
20230217,139.78124844066042,13022907.777770484,13023047.559018925
20230220,139.78124844066042,13420038.195734542,13420177.976982983
20230221,139.78124844066042,13795775.303716535,13795915.084964976
20230222,139.78124844066042,13975601.58764007,13975741.36888851
20230223,139.78124844066042,13975412.00189532,13975551.78314376
20230224,139.78124844066042,13857201.229366265,13857341.010614706
20230227,139.78124844066042,13820878.068669211,13821017.849917652
20230228,139.78124844066042,13807712.774642656,13807852.555891097
20230301,278.0406072996557,13828185.43531098,13828463.47591828
20230302,278.0406072996557,13881033.93448632,13881311.97509362
20230303,278.0406072996557,13991867.519887226,13992145.560494525
20230306,278.0406072996557,13960552.987662394,13960831.028269693
20230307,278.0406072996557,14045208.117670983,14045486.158278283
20230308,278.0406072996557,14080058.677444488,14080336.718051787
20230309,278.0406072996557,14034618.291802907,14034896.332410207
20230310,278.0406072996557,13886168.485799655,13886446.526406955
20230313,278.0406072996557,14012324.941837123,14012602.982444422
20230314,278.0406072996557,13978033.959383428,13978311.999990728
20230315,278.0406072996557,14113636.447777992,14113914.488385292
20230316,278.0406072996557,14203741.835264478,14204019.875871778
20230317,278.0406072996557,14232189.566277718,14232467.606885018
20230320,278.0406072996557,14298254.028111007,14298532.068718307
20230321,278.0406072996557,14152376.404711451,14152654.445318751
20230322,278.0406072996557,14295121.757969797,14295399.798577096
20230323,278.0406072996557,14322251.03886565,14322529.07947295
20230324,278.0406072996557,14194265.197408328,14194543.238015627
20230327,278.0406072996557,14121657.872558098,14121935.913165398
20230328,278.0406072996557,14219684.054659646,14219962.095266946
20230329,278.0406072996557,14208333.610215161,14208611.65082246
20230330,278.0406072996557,14250188.01589726,14250466.056504559
20230331,278.0406072996557,14215252.901572447,14215530.942179747
20230403,256.43897410715,14223172.895804776,14223429.334778883
20230404,256.43897410715,14229623.694551574,14229880.13352568
20230406,256.43897410715,14204239.524270173,14204495.96324428
20230407,256.43897410715,14225815.503155168,14226071.942129275
20230410,256.43897410715,14236650.794660358,14236907.233634464
20230411,256.43897410715,14253237.081269268,14253493.520243375
20230412,256.43897410715,14310308.57034708,14310565.009321187
20230413,256.43897410715,14331591.94119425,14331848.380168356
20230414,256.43897410715,14356321.159065254,14356577.59803936
20230417,256.43897410715,14482622.988547726,14482879.427521832
20230418,256.43897410715,14494800.479344146,14495056.918318253
20230419,256.43897410715,14509524.433161322,14509780.872135429
20230420,256.43897410715,14502124.854887085,14502381.293861192
20230421,256.43897410715,14455443.484914253,14455699.92388836
20230424,256.43897410715,14450282.442858728,14450538.881832834
20230425,256.43897410715,14458779.4348863,14459035.873860406
20230426,256.43897410715,14431266.965493757,14431523.404467864
20230427,256.43897410715,14502717.556332365,14502973.995306471
20230428,256.43897410715,14563977.92699472,14564234.365968827
20230504,46.05484572658315,14666851.277760187,14666897.332605913
20230505,46.05484572658315,14791406.693735551,14791452.748581277
20230508,46.05484572658315,15150127.395186914,15150173.45003264
20230509,46.05484572658315,14901334.86706893,14901380.921914656
20230510,46.05484572658315,14924007.425131995,14924053.479977721
20230511,46.05484572658315,15152065.635107612,15152111.689953338
20230512,46.05484572658315,15217822.138362043,15217868.193207769
20230515,46.05484572658315,15220732.737991659,15220778.792837385
20230516,46.05484572658315,15138053.668445095,15138099.723290822
20230517,46.05484572658315,15116107.958096694,15116154.01294242
20230518,46.05484572658315,15033737.47041238,15033783.525258105
20230519,46.05484572658315,15021282.625774642,15021328.680620369
20230522,46.05484572658315,15067136.31859507,15067182.373440797
20230523,46.05484572658315,15092681.407137156,15092727.461982882
20230524,46.05484572658315,15004574.017489266,15004620.072334992
20230525,46.05484572658315,15064112.416889487,15064158.471735213
20230526,46.05484572658315,15105223.861153021,15105269.915998748
20230529,46.05484572658315,15115042.357578589,15115088.412424315
20230530,46.05484572658315,15064085.812141657,15064131.866987383
20230531,46.05484572658315,14980652.13670815,14980698.191553876
20230601,143.65513984952122,14863218.001165973,14863361.656305823
20230602,143.65513984952122,15027809.93979359,15027953.594933439
20230605,143.65513984952122,15063019.480332348,15063163.135472197
20230606,143.65513984952122,14831055.959713973,14831199.614853822
20230607,143.65513984952122,14765767.249044128,14765910.904183976
20230608,143.65513984952122,14926382.832388436,14926526.487528287
20230609,143.65513984952122,14874165.893606937,14874309.548746787
20230612,143.65513984952122,14878941.106980568,14879084.762120418
20230613,143.65513984952122,14798529.851314083,14798673.506453931
20230614,143.65513984952122,14684377.61322463,14684521.268364478
20230615,143.65513984952122,14697691.946988977,14697835.602128826
20230616,143.65513984952122,14758219.961620362,14758363.616760213
20230619,143.65513984952122,14581435.433700006,14581579.088839855
20230620,143.65513984952122,14470772.003581218,14470915.658721067
20230621,143.65513984952122,14368168.374419296,14368312.029559147
20230626,143.65513984952122,14244876.955323573,14245020.610463422
20230627,143.65513984952122,14431242.415159464,14431386.070299312
20230628,143.65513984952122,14499914.348725226,14500058.003865074
20230629,143.65513984952122,14471489.546288699,14471633.201428548
20230630,143.65513984952122,14591295.134881018,14591438.790020868
20230703,102.70442471001297,14720841.646521017,14720944.350945726
20230704,102.70442471001297,14685884.514974188,14685987.219398897
20230705,102.70442471001297,14751739.12412716,14751841.82855187
20230706,102.70442471001297,14732372.012321983,14732474.716746692
20230707,102.70442471001297,14799329.404863164,14799432.109287873
20230710,102.70442471001297,14895458.096455604,14895560.800880313
20230711,102.70442471001297,14874031.012731062,14874133.717155773
20230712,102.70442471001297,14883208.321683435,14883311.026108146
20230713,102.70442471001297,14937286.196264664,14937388.900689375
20230714,102.70442471001297,14925627.94116737,14925730.645592079
20230717,102.70442471001297,14915352.455284383,14915455.159709092
20230718,102.70442471001297,14971945.655737732,14972048.36016244
20230719,102.70442471001297,15001975.433002498,15002078.137427207
20230720,102.70442471001297,15017973.289240465,15018075.993665174
20230721,102.70442471001297,15013088.884583369,15013191.589008078
20230724,102.70442471001297,14943033.921125673,14943136.625550382
20230725,102.70442471001297,15091016.144134257,15091118.848558966
20230726,102.70442471001297,15205082.423533004,15205185.127957713
20230727,102.70442471001297,15182689.542753423,15182792.247178134
20230728,102.70442471001297,15301291.558780996,15301394.263205707
20230731,102.70442471001297,15360751.162705414,15360853.867130123
20230801,6.680795783002395,15396868.917895429,15396875.598691212
20230802,6.680795783002395,15322591.190969925,15322597.871765709
20230803,6.680795783002395,15316115.443968419,15316122.124764202
20230804,6.680795783002395,15294093.090579756,15294099.771375539
20230807,6.680795783002395,15269007.384386916,15269014.065182699
20230808,6.680795783002395,15253477.01757584,15253483.698371623
20230809,6.680795783002395,15182105.763704482,15182112.444500266
20230810,6.680795783002395,15385095.550153987,15385102.23094977
20230811,6.680795783002395,15103543.028210578,15103549.709006362
20230814,6.680795783002395,15074727.542826599,15074734.223622382
20230815,6.680795783002395,15045979.864613086,15045986.54540887
20230816,6.680795783002395,14958678.032156954,14958684.712952737
20230817,6.680795783002395,14976240.272827972,14976246.953623755
20230818,6.680795783002395,14949971.864189303,14949978.544985086
20230821,6.680795783002395,14952165.912908444,14952172.593704227
20230822,6.680795783002395,14802373.607945831,14802380.288741615
20230823,6.680795783002395,14783753.572971964,14783760.253767747
20230824,6.680795783002395,14628292.832728395,14628299.513524178
20230825,6.680795783002395,14645172.77551174,14645179.456307523
20230828,6.680795783002395,14889190.556494985,14889197.237290768
20230829,6.680795783002395,14776424.071675066,14776430.75247085
20230830,6.680795783002395,14633938.44393577,14633945.124731554
20230831,6.680795783002395,14573458.562893387,14573465.24368917
20230901,314.2101353588514,14819040.55518688,14819354.76532224
20230904,314.2101353588514,15457703.241559759,15458017.451695118
20230905,314.2101353588514,15403442.145795107,15403756.355930466
20230906,314.2101353588514,15215701.121342022,15216015.331477381
20230907,314.2101353588514,15149762.963011881,15150077.17314724
20230908,314.2101353588514,15008423.72171424,15008737.931849599
20230911,314.2101353588514,15106445.961003268,15106760.171138627
20230912,314.2101353588514,15040887.1147284,15041201.32486376
20230913,314.2101353588514,15020701.663721208,15021015.873856567
20230914,314.2101353588514,15091562.009453844,15091876.219589204
20230915,314.2101353588514,15089768.829181124,15090083.039316483
20230918,314.2101353588514,15116958.604236038,15117272.814371398
20230919,314.2101353588514,15140061.666629586,15140375.876764946
20230920,314.2101353588514,15078116.303056838,15078430.513192197
20230921,314.2101353588514,14928612.400272904,14928926.610408263
20230922,314.2101353588514,14926381.89057142,14926696.100706778
20230925,314.2101353588514,14958617.63733414,14958931.8474695
20230926,314.2101353588514,14838918.59326679,14839232.80340215
20230927,314.2101353588514,14867310.986648384,14867625.196783744
20230928,314.2101353588514,14895949.293363238,14896263.503498597
20231009,94.64292504698096,14948720.569946714,14948815.21287176
20231010,94.64292504698096,14769074.792636022,14769169.435561068
20231011,94.64292504698096,14609087.577758335,14609182.220683381
20231012,94.64292504698096,14834649.02016851,14834743.663093556
20231013,94.64292504698096,14717535.925240397,14717630.568165444
20231016,94.64292504698096,14715528.13856981,14715622.781494856
20231017,94.64292504698096,14802268.194635587,14802362.837560633
20231018,94.64292504698096,14665653.62964829,14665748.272573337
20231019,94.64292504698096,14526875.951040873,14526970.59396592
20231020,94.64292504698096,14547069.910381904,14547164.55330695
20231023,94.64292504698096,14339669.08126461,14339763.724189656
20231024,94.64292504698096,14412028.993671797,14412123.636596844
20231025,94.64292504698096,14559426.656101322,14559521.299026368
20231026,94.64292504698096,14534157.934095757,14534252.577020803
20231027,94.64292504698096,14620710.950573804,14620805.59349885
20231030,94.64292504698096,14577242.270711262,14577336.913636308
20231031,94.64292504698096,14606375.843842514,14606470.48676756
20231101,253.15335459960625,14502114.285400802,14502367.438755402
20231102,253.15335459960625,14484047.325452952,14484300.478807552
20231103,253.15335459960625,14610664.70909684,14610917.86245144
20231106,253.15335459960625,14649237.947391525,14649491.100746125
20231107,253.15335459960625,14611721.231232774,14611974.384587374
20231108,253.15335459960625,14737259.7349104,14737512.888265
20231109,253.15335459960625,14737619.38667566,14737872.54003026
20231110,253.15335459960625,14787641.338845054,14787894.492199654
20231113,253.15335459960625,14838564.471974768,14838817.625329368
20231114,253.15335459960625,14891389.856530141,14891643.009884741
20231115,253.15335459960625,14959286.124309935,14959539.277664535
20231116,253.15335459960625,14871132.305278752,14871385.458633352
20231117,253.15335459960625,14916931.424856387,14917184.578210987
20231120,253.15335459960625,15343379.773718191,15343632.927072791
20231121,253.15335459960625,16790114.4504653,16790367.6038199
20231122,253.15335459960625,18365421.900731463,18365675.054086063
20231123,253.15335459960625,17838006.386671994,17838259.540026594
20231124,253.15335459960625,19951103.961284764,19951357.114639364
20231127,253.15335459960625,21643006.91593837,21643260.06929297
20231128,253.15335459960625,20286175.45071913,20286428.60407373
20231129,253.15335459960625,18563567.24218549,18563820.39554009
20231130,253.15335459960625,18930837.189713344,18931090.343067944
20231201,422.6509265694767,18891081.147118628,18891503.798045196
20231204,422.6509265694767,18884479.565256618,18884902.216183186
20231205,422.6509265694767,18625443.98041908,18625866.631345652
20231206,422.6509265694767,18583873.903856535,18584296.554783106
20231207,422.6509265694767,18641449.3522373,18641872.003163867
20231208,422.6509265694767,18532460.625457264,18532883.276383832
20231211,422.6509265694767,18709788.61216198,18710211.263088547
20231212,422.6509265694767,18842851.886475004,18843274.537401572
20231213,422.6509265694767,18668858.707803655,18669281.358730227
20231214,422.6509265694767,18675830.110919934,18676252.761846505
20231215,422.6509265694767,18558695.601140045,18559118.252066612
20231218,422.6509265694767,18743757.330338866,18744179.981265433
20231219,422.6509265694767,18745852.69372766,18746275.344654232
20231220,422.6509265694767,18672002.465945788,18672425.116872355
20231221,422.6509265694767,18725456.08015141,18725878.731077977
20231222,422.6509265694767,18788219.896410342,18788642.547336914
20231225,422.6509265694767,18617049.240156963,18617471.89108353
20231226,422.6509265694767,18667595.252796225,18668017.903722793
20231227,422.6509265694767,18613988.17880732,18614410.829733886
20231228,422.6509265694767,18725802.1274681,18726224.77839467
20231229,422.6509265694767,19119765.350705013,19120188.00163158
20240102,396.5724038563203,18968127.702458337,18968524.274862193
20240103,396.5724038563203,19086805.977012433,19087202.54941629
20240104,396.5724038563203,19148556.75374169,19148953.326145545
20240105,396.5724038563203,19220410.44211321,19220807.014517065
20240108,396.5724038563203,19037587.950511355,19037984.52291521
20240109,396.5724038563203,19160257.502154596,19160654.07455845
20240110,396.5724038563203,19114400.388723902,19114796.961127758
20240111,396.5724038563203,19129179.878160182,19129576.450564038
20240112,396.5724038563203,19229420.579093717,19229817.151497573
20240115,396.5724038563203,19369880.18550869,19370276.757912546
20240116,396.5724038563203,19489765.599338416,19490162.17174227
20240117,396.5724038563203,19388719.01945737,19389115.591861226
20240118,396.5724038563203,19289929.265751515,19290325.83815537
20240119,396.5724038563203,19259526.74723023,19259923.319634087
20240122,396.5724038563203,18771084.428716052,18771481.001119908
20240123,396.5724038563203,18912371.313279055,18912767.88568291
20240124,396.5724038563203,19225482.870540228,19225879.442944083
20240125,396.5724038563203,19558168.01468639,19558564.587090246
20240126,396.5724038563203,19803848.04415368,19804244.616557535
20240129,396.5724038563203,19837205.54030457,19837602.112708427
20240130,396.5724038563203,19596243.844754238,19596640.417158093
20240131,396.5724038563203,19568074.59744443,19568471.169848286
20240201,1566.4334462834522,19264237.274131045,19265803.70757733
20240202,1566.4334462834522,19345702.264042202,19347268.697488487
20240205,1566.4334462834522,19282681.74627554,19284248.179721825
20240206,1566.4334462834522,19758482.343204577,19760048.77665086
20240207,1566.4334462834522,19973829.72225686,19975396.155703146
20240208,1566.4334462834522,20147233.455781937,20148799.88922822
20240219,1566.4334462834522,20315275.614178665,20316842.04762495
20240220,1566.4334462834522,20455956.61585655,20457523.049302835
20240221,1566.4334462834522,20509032.044880435,20510598.47832672
20240222,1566.4334462834522,20809278.580601044,20810845.01404733
20240223,1566.4334462834522,20855013.401672557,20856579.83511884
20240226,1566.4334462834522,20547408.696666792,20548975.130113076
20240227,1566.4334462834522,20595777.673967656,20597344.10741394
20240228,1566.4334462834522,20521317.161368333,20522883.594814617
20240229,1566.4334462834522,20685903.21972301,20687469.653169293
20240301,158.55524734361097,20643088.193471536,20643246.74871888
20240304,158.55524734361097,20539078.149281587,20539236.70452893
20240305,158.55524734361097,20850911.52872616,20851070.083973505
20240306,158.55524734361097,20715346.456330314,20715505.01157766
20240307,158.55524734361097,20797443.576426074,20797602.131673418
20240308,158.55524734361097,20859718.475189768,20859877.03043711
20240311,158.55524734361097,20821801.476834975,20821960.03208232
20240312,158.55524734361097,20543786.00484963,20543944.560096975
20240313,158.55524734361097,20557220.394699145,20557378.94994649
20240314,158.55524734361097,20635220.677938074,20635379.233185418
20240315,158.55524734361097,20902350.654043134,20902509.20929048
20240318,158.55524734361097,20851217.99631833,20851376.551565673
20240319,158.55524734361097,20759799.22383724,20759957.779084586
20240320,158.55524734361097,20915900.929105178,20916059.48435252
20240321,158.55524734361097,21028312.781199962,21028471.336447306
20240322,158.55524734361097,21021891.86124045,21022050.416487794
20240325,158.55524734361097,21144741.787530206,21144900.34277755
20240326,158.55524734361097,21271998.657357194,21272157.212604538
20240327,158.55524734361097,21302748.488102786,21302907.04335013
20240328,158.55524734361097,20908923.774710156,20909082.3299575
20240329,158.55524734361097,20978211.79177163,20978370.347018976
20240401,427.2687821974978,21081682.273421746,21082109.542203944
20240402,427.2687821974978,21236296.55654295,21236723.82532515
20240403,427.2687821974978,21258711.544731483,21259138.81351368
20240408,427.2687821974978,21290581.406147756,21291008.674929954
20240409,427.2687821974978,21114119.56842561,21114546.83720781
20240410,427.2687821974978,21051689.348610897,21052116.617393095
20240411,427.2687821974978,21383231.751041908,21383659.019824106
20240412,427.2687821974978,21327000.339568112,21327427.60835031
20240415,427.2687821974978,21610530.333048895,21610957.601831093
20240416,427.2687821974978,21511662.299813688,21512089.568595886
20240417,427.2687821974978,21842762.00349768,21843189.272279877
20240418,427.2687821974978,21814060.635174412,21814487.90395661
20240419,427.2687821974978,22017553.72521871,22017980.994000908
20240422,427.2687821974978,21867102.13848813,21867529.407270327
20240423,427.2687821974978,21567509.539457295,21567936.808239494
20240424,427.2687821974978,21577764.06626992,21578191.335052118
20240425,427.2687821974978,21856027.753333468,21856455.022115666
20240426,427.2687821974978,21920704.387210414,21921131.655992612
20240429,427.2687821974978,21827418.736657225,21827846.005439423
20240430,427.2687821974978,21853423.107784368,21853850.376566567
20240506,659.9306164802983,22006222.80781786,22006882.73843434
20240507,659.9306164802983,21996123.19422356,21996783.12484004
20240508,659.9306164802983,21972182.357537765,21972842.288154244
20240509,659.9306164802983,22623237.5383868,22623897.46900328
20240510,659.9306164802983,22897314.410120558,22897974.340737037
20240513,659.9306164802983,23275201.288265944,23275861.218882423
20240514,659.9306164802983,23329072.02943934,23329731.96005582
20240515,659.9306164802983,23460539.69944706,23461199.630063538
20240516,659.9306164802983,23595389.368268788,23596049.298885267
20240517,659.9306164802983,23951728.64613881,23952388.57675529
20240520,659.9306164802983,24039609.609083217,24040269.539699696
20240521,659.9306164802983,24156102.236056373,24156762.166672852
20240522,659.9306164802983,24093975.005467374,24094634.936083853
20240523,659.9306164802983,24003232.520657048,24003892.451273527
20240524,659.9306164802983,23880691.589015298,23881351.519631777
20240527,659.9306164802983,24491283.94293278,24491943.87354926
20240528,659.9306164802983,24541532.055926096,24542191.986542575
20240529,659.9306164802983,24409463.87430578,24410123.80492226
20240530,659.9306164802983,24064602.985026725,24065262.915643204
20240531,659.9306164802983,24062104.6038346,24062764.53445108
20240603,1189.3381932321936,23744038.639079787,23745227.977273017
20240604,1189.3381932321936,23739627.23055569,23740816.56874892
20240605,1189.3381932321936,23321907.362118576,23323096.70031181
20240606,1189.3381932321936,23194368.08115582,23195557.419349052
20240607,1189.3381932321936,23436348.704698432,23437538.042891666
20240611,1189.3381932321936,23205119.591243807,23206308.92943704
20240612,1189.3381932321936,23170700.009062447,23171889.347255677
20240613,1189.3381932321936,22935096.03416444,22936285.372357674
20240614,1189.3381932321936,23132353.101033244,23133542.43922648
20240617,1189.3381932321936,22929382.5510622,22930571.889255434
20240618,1189.3381932321936,22918585.59000144,22919774.928194672
20240619,1189.3381932321936,22986460.797236297,22987650.13542953
20240620,1189.3381932321936,22689905.323646907,22691094.66184014
20240621,1189.3381932321936,22701584.283937287,22702773.62213052
20240624,1189.3381932321936,22446152.11510894,22447341.453302175
20240625,1189.3381932321936,22534610.77669702,22535800.114890255
20240626,1189.3381932321936,22753667.77593611,22754857.114129342
20240627,1189.3381932321936,22636217.53877356,22637406.87696679
20240628,1189.3381932321936,22827485.239743464,22828674.577936694
20240701,203.22571232076734,23221315.02294076,23221518.24865308
20240702,203.22571232076734,23354332.105113175,23354535.330825496
20240703,203.22571232076734,23261254.39426573,23261457.61997805
20240704,203.22571232076734,23120837.121821854,23121040.347534176
20240705,203.22571232076734,23027162.194356836,23027365.420069158
20240708,203.22571232076734,22978799.352809682,22979002.578522004
20240709,203.22571232076734,23262880.978463944,23263084.204176266
20240710,203.22571232076734,23104056.7062295,23104259.931941822
20240711,203.22571232076734,23074620.45839754,23074823.684109863
20240712,203.22571232076734,23217875.439411007,23218078.66512333
20240715,203.22571232076734,23381788.758901246,23381991.984613568
20240716,203.22571232076734,23357823.071882717,23358026.29759504
20240717,203.22571232076734,23377571.107907213,23377774.333619535
20240718,203.22571232076734,23297746.615648665,23297949.841360986
20240719,203.22571232076734,23181815.167692732,23182018.393405054
20240722,203.22571232076734,22902856.36533617,22903059.59104849
20240723,203.22571232076734,22864133.89360387,22864337.11931619
20240724,203.22571232076734,22843118.359741997,22843321.58545432
20240725,203.22571232076734,22806594.636428926,22806797.862141248
20240726,203.22571232076734,22889280.974568915,22889484.200281236
20240729,203.22571232076734,23017088.898220096,23017292.123932417
20240730,203.22571232076734,22912753.709937733,22912956.935650054
20240731,203.22571232076734,23186600.918866817,23186804.14457914
20240801,96.15880276821554,23178174.15024722,23178270.309049986
20240802,96.15880276821554,23047622.399014134,23047718.5578169
20240805,96.15880276821554,22799071.202750336,22799167.361553103
20240806,96.15880276821554,23004158.545244142,23004254.704046912
20240807,96.15880276821554,22967030.785944324,22967126.94474709
20240808,96.15880276821554,23139223.510988727,23139319.669791497
20240809,96.15880276821554,23222968.122868296,23223064.281671062
20240812,96.15880276821554,23311071.986102242,23311168.14490501
20240813,96.15880276821554,23414580.97350325,23414677.132306017
20240814,96.15880276821554,23398534.519233823,23398630.678036593
20240815,96.15880276821554,23531004.296782352,23531100.455585122
20240816,96.15880276821554,23393584.726161093,23393680.884963863
20240819,96.15880276821554,23533719.870907184,23533816.02970995
20240820,96.15880276821554,23215223.033033177,23215319.191835947
20240821,96.15880276821554,23070007.004598133,23070103.163400903
20240822,96.15880276821554,22971742.36936237,22971838.52816514
20240823,96.15880276821554,22816675.636614617,22816771.795417383
20240826,96.15880276821554,22944665.52511115,22944761.683913916
20240827,96.15880276821554,22630149.961832978,22630246.120635748
20240828,96.15880276821554,22503139.14655459,22503235.30535736
20240829,96.15880276821554,22407730.10213132,22407826.260934085
20240830,96.15880276821554,22419771.804250583,22419867.963053353
20240902,99.08931285387371,22185246.36606595,22185345.455378804
20240903,99.08931285387371,22218659.746380553,22218758.835693408
20240904,99.08931285387371,22121847.246566344,22121946.3358792
20240905,99.08931285387371,22243339.09982163,22243438.189134486
20240906,99.08931285387371,22088005.11579942,22088104.205112275
20240909,99.08931285387371,21887337.21615255,21887436.305465404
20240910,99.08931285387371,21840772.251868505,21840871.34118136
20240911,99.08931285387371,21527807.334099807,21527906.423412662
20240912,99.08931285387371,21514111.406485662,21514210.495798517
20240913,99.08931285387371,21427679.131347585,21427778.22066044
20240918,99.08931285387371,21444638.12140464,21444737.210717496
20240919,99.08931285387371,21713506.63669102,21713605.726003874
20240920,99.08931285387371,21704268.499870036,21704367.58918289
20240923,99.08931285387371,21795421.271541044,21795520.3608539
20240924,99.08931285387371,22619558.004763227,22619657.094076082
20240925,99.08931285387371,22943701.3187178,22943800.408030655
20240926,99.08931285387371,23860783.935131334,23860883.02444419
20240927,99.08931285387371,24697163.12628407,24697262.215596925
20240930,99.08931285387371,26447003.14457031,26447102.233883165
20241008,437.21525657363236,26959054.068295628,26959491.2835522
20241009,437.21525657363236,24940206.00296621,24940643.218222782
20241010,437.21525657363236,25209440.949319225,25209878.1645758
20241011,437.21525657363236,24847239.957188297,24847677.172444873
20241014,437.21525657363236,25191279.992476456,25191717.207733028
20241015,437.21525657363236,24772056.40535284,24772493.62060941
20241016,437.21525657363236,24748719.45869454,24749156.67395111
20241017,437.21525657363236,24419426.831659738,24419864.046916313
20241018,437.21525657363236,24757984.375794195,24758421.591050766
20241021,437.21525657363236,24847467.34589951,24847904.561156087
20241022,437.21525657363236,25224774.61110056,25225211.826357134
20241023,437.21525657363236,25421568.647359237,25422005.86261581
20241024,437.21525657363236,25740873.006752454,25741310.222009026
20241025,437.21525657363236,26146555.845852368,26146993.06110894
20241028,437.21525657363236,26862403.352063812,26862840.567320384
20241029,437.21525657363236,26657228.365331125,26657665.5805877
20241030,437.21525657363236,26487413.19414082,26487850.409397393
20241031,437.21525657363236,26667555.42178548,26667992.637042053
20241101,420.582729620859,26469761.457014773,26470182.039744392
20241104,420.582729620859,27025379.42112961,27025800.00385923
20241105,420.582729620859,27274029.522442788,27274450.10517241
20241106,420.582729620859,27283519.111770645,27283939.694500268
20241107,420.582729620859,27971229.529499207,27971650.112228826
20241108,420.582729620859,27738565.99208775,27738986.574817374
20241111,420.582729620859,28046878.339223877,28047298.9219535
20241112,420.582729620859,27845988.336890556,27846408.91962018
20241113,420.582729620859,27852812.731681954,27853233.314411573
20241114,420.582729620859,27440339.776276827,27440760.35900645
20241115,420.582729620859,27491039.618308697,27491460.201038316
20241118,420.582729620859,27685256.102945767,27685676.68567539
20241119,420.582729620859,28336771.108690515,28337191.691420138
20241120,420.582729620859,28388717.15045669,28389137.733186312
20241121,420.582729620859,28315984.48889132,28316405.07162094
20241122,420.582729620859,27318080.099351816,27318500.68208144
20241125,420.582729620859,27636907.961746387,27637328.54447601
20241126,420.582729620859,27463137.47191699,27463558.05464661
20241127,420.582729620859,27701452.518953316,27701873.10168294
20241128,420.582729620859,27555449.10249222,27555869.685221843
20241129,420.582729620859,27860705.451353125,27861126.034082748
20241202,181.91185208174284,27941976.689885683,27942158.601737764
20241203,181.91185208174284,28238999.381846618,28239181.2936987
20241204,181.91185208174284,28373664.705775604,28373846.617627684
20241205,181.91185208174284,28193995.626577657,28194177.538429737
20241206,181.91185208174284,28363310.62420345,28363492.53605553
20241209,181.91185208174284,28651053.02638151,28651234.93823359
20241210,181.91185208174284,28501495.586237557,28501677.498089638
20241211,181.91185208174284,28639067.28165575,28639249.19350783
20241212,181.91185208174284,28805788.578146894,28805970.489998974
20241213,181.91185208174284,28305287.256000113,28305469.167852193
20241216,181.91185208174284,28581400.57218981,28581582.484041892
20241217,181.91185208174284,28235058.939694967,28235240.851547047
20241218,181.91185208174284,28272038.768381037,28272220.680233117
20241219,181.91185208174284,28104364.127795734,28104546.039647814
20241220,181.91185208174284,27954634.352337632,27954816.264189713
20241223,181.91185208174284,27972408.115036767,27972590.026888847
20241224,181.91185208174284,28130170.580520686,28130352.492372766
20241225,181.91185208174284,28336119.28592188,28336301.19777396
20241226,181.91185208174284,27943216.106154196,27943398.018006276
20241227,181.91185208174284,28072085.984908424,28072267.896760505
20241230,181.91185208174284,28334794.99681367,28334976.90866575
20241231,181.91185208174284,28189444.594857305,28189626.506709386
20250102,714.494790058251,27443890.431554656,27444604.926344715
20250103,714.494790058251,27232472.06154752,27233186.55633758
20250106,714.494790058251,27448640.752748042,27449355.2475381
20250107,714.494790058251,27377511.343022373,27378225.83781243
20250108,714.494790058251,27191334.652466442,27192049.1472565
20250109,714.494790058251,26891818.108633347,26892532.603423405
20250110,714.494790058251,26503938.026138186,26504652.520928245
20250113,714.494790058251,26336290.543546766,26337005.038336825
20250114,714.494790058251,27077701.12100312,27078415.61579318
20250115,714.494790058251,27137352.40017365,27138066.894963708
20250116,714.494790058251,27357014.483982723,27357728.97877278
20250117,714.494790058251,27255487.073508717,27256201.568298776
20250120,714.494790058251,27208542.027387418,27209256.522177476
20250121,714.494790058251,27155798.324347723,27156512.81913778
20250122,714.494790058251,26854560.909070704,26855275.403860763
20250123,714.494790058251,27072237.198066134,27072951.692856193
20250124,714.494790058251,27196293.626524393,27197008.12131445
20250127,714.494790058251,27612443.044922754,27613157.539712813
20250205,423.6993355322629,27259247.113252386,27259670.812587917
20250206,423.6993355322629,27279395.73795743,27279819.437292963
20250207,423.6993355322629,27447871.147071745,27448294.84640728
20250210,423.6993355322629,27274107.483406674,27274531.18274221
20250211,423.6993355322629,27255331.591747794,27255755.29108333
20250212,423.6993355322629,27129319.38523973,27129743.084575266
20250213,423.6993355322629,27216682.280361585,27217105.979697116
20250214,423.6993355322629,27134646.142409477,27135069.84174501
20250217,423.6993355322629,27009902.324995406,27010326.024330936
20250218,423.6993355322629,26965015.543845627,26965439.24318116
20250219,423.6993355322629,26826554.815260716,26826978.514596246
20250220,423.6993355322629,26657985.082126375,26658408.78146191
20250221,423.6993355322629,26543065.654015392,26543489.353350922
20250224,423.6993355322629,26498481.77664139,26498905.47597692
20250225,423.6993355322629,26459979.680645358,26460403.379980892
20250226,423.6993355322629,26696094.710575256,26696518.40991079
20250227,423.6993355322629,26616263.1418625,26616686.841198035
20250228,423.6993355322629,26465949.911882877,26466373.611218408
20250303,691.9798928372911,26513802.99664643,26514494.97653927
20250304,691.9798928372911,26482684.40389487,26483376.38378771
20250305,691.9798928372911,26630507.448323287,26631199.428216126
20250306,691.9798928372911,26685542.04448726,26686234.0243801
20250307,691.9798928372911,26586285.816849466,26586977.796742305
20250310,691.9798928372911,26628079.79723639,26628771.77712923
20250311,691.9798928372911,26725378.504470795,26726070.484363634
20250312,691.9798928372911,26760110.355791688,26760802.335684527
20250313,691.9798928372911,26998454.91094181,26999146.89083465
20250314,691.9798928372911,27158792.959100112,27159484.93899295
20250317,691.9798928372911,27138729.115244817,27139421.095137656
20250318,691.9798928372911,26982258.59024297,26982950.57013581
20250319,691.9798928372911,27056107.26834199,27056799.248234827
20250320,691.9798928372911,27010312.351591334,27011004.331484172
20250321,691.9798928372911,26980190.367089756,26980882.346982595
20250324,691.9798928372911,27030147.42887804,27030839.408770878
20250325,691.9798928372911,27759608.59077606,27760300.5706689
20250326,691.9798928372911,27451787.193318985,27452479.173211824
20250327,691.9798928372911,27345961.160278976,27346653.140171815
20250328,691.9798928372911,27169134.564603142,27169826.54449598
20250331,691.9798928372911,26888884.025307097,26889576.005199935
20250401,52.33757653181601,27065824.34051726,27065876.67809379
20250402,52.33757653181601,27091905.51131094,27091957.84888747
20250403,52.33757653181601,27279380.795764513,27279433.133341044
20250407,52.33757653181601,25693458.940484267,25693511.278060798
20250408,52.33757653181601,26439887.39880334,26439939.73637987
20250409,52.33757653181601,26408453.628002957,26408505.965579487
20250410,52.33757653181601,26570538.62122049,26570590.958797023
20250411,52.33757653181601,26250918.346941307,26250970.684517838
20250414,52.33757653181601,26375527.27057942,26375579.60815595
20250415,52.33757653181601,26536306.85943365,26536359.19701018
20250416,52.33757653181601,26550264.99251441,26550317.33009094
20250417,52.33757653181601,26561261.523301594,26561313.860878125
20250418,52.33757653181601,26597732.301018905,26597784.638595436
20250421,52.33757653181601,26480967.5865216,26481019.92409813
20250422,52.33757653181601,26626490.942032248,26626543.27960878
20250423,52.33757653181601,26457840.985608283,26457893.323184814
20250424,52.33757653181601,26843028.51726702,26843080.85484355
20250425,52.33757653181601,26862237.195336826,26862289.532913357
20250428,52.33757653181601,26781898.738640014,26781951.076216545
20250429,52.33757653181601,26550135.747170344,26550188.084746875
20250430,52.33757653181601,26572565.944017004,26572618.281593535
20250506,30.040877921506763,26657465.308964282,26657495.349842206
20250507,30.040877921506763,26828982.781886503,26829012.822764426
20250508,30.040877921506763,27025364.725005887,27025394.76588381
20250509,30.040877921506763,27096442.62191062,27096472.66278854
20250512,30.040877921506763,27061159.782446988,27061189.82332491
20250513,30.040877921506763,27234306.868198477,27234336.9090764
20250514,30.040877921506763,27429428.621256262,27429458.662134185
20250515,30.040877921506763,27241819.48492349,27241849.525801413
20250516,30.040877921506763,27093584.82056927,27093614.861447193
20250519,30.040877921506763,27045727.85725838,27045757.898136303
20250520,30.040877921506763,27111325.51861571,27111355.55949363
20250521,30.040877921506763,27250971.437309053,27251001.478186972
20250522,30.040877921506763,27313524.22931863,27313554.27019655
20250523,30.040877921506763,27085707.58380472,27085737.624682643
20250526,30.040877921506763,26962101.248568784,26962131.289446704
20250527,30.040877921506763,27188542.359122857,27188572.40000078
20250528,30.040877921506763,27429504.164056327,27429534.204934247
20250529,30.040877921506763,27409136.651836663,27409166.692714587
20250530,30.040877921506763,27560469.487749223,27560499.528627142
20250603,283.6563785477192,27627700.436142087,27627984.092520636
20250604,283.6563785477192,27692491.946809966,27692775.603188515
20250605,283.6563785477192,27483301.308701694,27483584.965080243
20250606,283.6563785477192,27598538.74847692,27598822.404855467
20250609,283.6563785477192,27597500.78051513,27597784.43689368
20250610,283.6563785477192,27698002.647886354,27698286.304264903
20250611,283.6563785477192,27789443.02222526,27789726.67860381
20250612,283.6563785477192,27816886.896813937,27817170.553192485
20250613,283.6563785477192,27587878.37063037,27588162.027008917
20250616,283.6563785477192,27912990.481053185,27913274.137431733
20250617,283.6563785477192,27890212.423359003,27890496.07973755
20250618,283.6563785477192,28149464.090225123,28149747.74660367
20250619,283.6563785477192,28047186.808920607,28047470.465299156
20250620,283.6563785477192,28273782.767755028,28274066.424133576
20250623,283.6563785477192,28324697.05061876,28324980.70699731
20250624,283.6563785477192,28314780.758749828,28315064.415128376
20250625,283.6563785477192,28605012.058440894,28605295.714819442
20250626,283.6563785477192,28906847.095852096,28907130.752230644
20250627,283.6563785477192,28405150.97287186,28405434.629250407
20250630,283.6563785477192,28414464.433265626,28414748.089644175
20250701,713.020924850658,28582900.747270823,28583613.768195674
20250702,713.020924850658,28697078.406607036,28697791.427531887
20250703,713.020924850658,28678061.818502706,28678774.839427557
20250704,713.020924850658,28748115.644577026,28748828.665501878
20250707,713.020924850658,28728451.607337188,28729164.62826204
20250708,713.020924850658,28805846.315693725,28806559.336618576
20250709,713.020924850658,28908409.327478673,28909122.348403525
20250710,713.020924850658,29059160.122223552,29059873.143148404
20250711,713.020924850658,28993838.878760394,28994551.899685245
20250714,713.020924850658,29289932.35903079,29290645.379955642
20250715,713.020924850658,28952114.305689104,28952827.326613955
20250716,713.020924850658,29048115.84071928,29048828.86164413
20250717,713.020924850658,29119666.50041595,29120379.521340802
20250718,713.020924850658,29300417.672776483,29301130.693701334
20250721,713.020924850658,29226086.129580732,29226799.150505584
20250722,713.020924850658,29505493.622935545,29506206.643860396
20250723,713.020924850658,29521325.89795614,29522038.91888099
20250724,713.020924850658,29561510.084782045,29562223.105706897
20250725,713.020924850658,29406655.328912474,29407368.349837326
20250728,713.020924850658,29194346.74130339,29195059.762228243
20250729,713.020924850658,29081581.73320551,29082294.75413036
20250730,713.020924850658,29240792.975510947,29241505.9964358
20250731,713.020924850658,28947554.406100437,28948267.42702529
20250801,158.03492465708405,28977952.574479904,28978110.60940456
20250804,158.03492465708405,29010064.80249819,29010222.837422848
20250805,158.03492465708405,29373147.504781514,29373305.53970617
20250806,158.03492465708405,29378598.092821866,29378756.127746522
20250807,158.03492465708405,29347957.83806485,29348115.872989506
20250808,158.03492465708405,29377314.39812362,29377472.433048274
20250811,158.03492465708405,29432609.26727226,29432767.302196916
20250812,158.03492465708405,29455798.403079014,29455956.43800367
20250813,158.03492465708405,29590600.124997653,29590758.15992231
20250814,158.03492465708405,29611179.579220302,29611337.61414496
20250815,158.03492465708405,29764424.323619403,29764582.35854406
20250818,158.03492465708405,29862383.11153207,29862541.146456726
20250819,158.03492465708405,29916722.205670193,29916880.24059485
20250820,158.03492465708405,30310304.211907476,30310462.246832132
20250821,158.03492465708405,30367495.358354043,30367653.3932787
20250822,158.03492465708405,30240913.881762035,30241071.91668669
20250825,158.03492465708405,30372869.395994235,30373027.43091889
20250826,158.03492465708405,30292831.423946068,30292989.458870724
20250827,158.03492465708405,29895905.51965088,29896063.554575536
20250828,158.03492465708405,29719987.457128804,29720145.49205346
20250829,158.03492465708405,29751861.352865968,29752019.387790624
20250901,342.8571558055264,29745592.81246368,29745935.669619486
20250902,342.8571558055264,29635366.770858444,29635709.62801425
20250903,342.8571558055264,29401269.331173137,29401612.188328944
20250904,342.8571558055264,29531183.35506218,29531526.212217987
20250905,342.8571558055264,29694808.2275178,29695151.084673606
20250908,342.8571558055264,29849115.20246797,29849458.059623778
20250909,342.8571558055264,29939857.192429096,29940200.049584903
20250910,342.8571558055264,29817063.83220591,29817406.689361718
20250911,342.8571558055264,30012058.282603193,30012401.139759
20250912,342.8571558055264,29920529.894072495,29920872.751228303
20250915,342.8571558055264,29757458.13902939,29757800.9961852
20250916,342.8571558055264,29662884.749825425,29663227.606981233
20250917,342.8571558055264,29806140.3693684,29806483.226524208
20250918,342.8571558055264,29543086.96836184,29543429.825517647
20250919,342.8571558055264,29641664.152751036,29642007.009906843
20250922,342.8571558055264,29715245.827721395,29715588.684877202
20250923,342.8571558055264,29725748.913718406,29726091.770874213
20250924,342.8571558055264,30340892.151353918,30341235.008509725
20250925,342.8571558055264,30889602.597936314,30889945.45509212
20250926,342.8571558055264,31692948.617448643,31693291.47460445
20250929,342.8571558055264,32244951.95146121,32245294.80861702
20250930,342.8571558055264,31959495.06353043,31959837.920686238
20251009,603.4552542119636,31968334.176239207,31968937.63149342
20251010,603.4552542119636,32386458.198505037,32387061.65375925
20251013,603.4552542119636,32158387.942938577,32158991.39819279
20251014,603.4552542119636,32406311.709637947,32406915.16489216
20251015,603.4552542119636,32585010.34855409,32585613.8038083
20251016,603.4552542119636,32624212.498603143,32624815.953857355
20251017,603.4552542119636,32381744.987470232,32382348.442724444
20251020,603.4552542119636,32467323.859687,32467927.314941213
20251021,603.4552542119636,32564383.243036687,32564986.6982909
20251022,603.4552542119636,32639939.62638637,32640543.081640583
20251023,603.4552542119636,32944288.265302513,32944891.720556725
20251024,603.4552542119636,32692563.243036687,32693166.6982909
20251027,603.4552542119636,32618149.22077086,32618752.67602507
20251028,603.4552542119636,32203886.837421175,32204490.292675387
20251029,603.4552542119636,32215822.709637947,32216426.16489216
20251030,603.4552542119636,32084166.709637947,32084770.16489216
20251031,603.4552542119636,32132911.837421175,32133515.292675387
20251103,645.3547462980132,32140506.568336572,32141151.92308287
20251104,645.3547462980132,32248264.830378536,32248910.185124833
20251105,645.3547462980132,32185616.568336572,32186261.92308287
20251106,645.3547462980132,32270285.830378536,32270931.185124833
20251107,645.3547462980132,32336785.282786928,32337430.637533225
20251110,645.3547462980132,32630590.90205407,32631236.25680037
20251111,645.3547462980132,32706279.44964568,32706924.804391976
20251112,645.3547462980132,32920006.973729607,32920652.328475904
20251113,645.3547462980132,32880048.068912823,32880693.42365912
20251114,645.3547462980132,33002145.711687643,33002791.06643394
20251117,645.3547462980132,32764829.90205407,32765475.25680037
20251118,645.3547462980132,32832764.80687086,32833410.161617156
20251119,645.3547462980132,32668492.806870855,32669138.161617152
20251120,645.3547462980132,32682371.521321215,32683016.87606751
20251121,645.3547462980132,32167897.735195324,32168543.08994162
20251124,645.3547462980132,32085951.30629461,32086596.661040906
20251125,645.3547462980132,32145409.925561752,32146055.28030805
20251126,645.3547462980132,32160720.187603716,32161365.542350013
20251127,645.3547462980132,32214082.44964568,32214727.804391976
20251128,645.3547462980132,32248855.25927925,32249500.614025548
20251201,378.75316919531724,32481517.0,32481895.753169194
20251202,378.75316919531724,32623426.0,32623804.753169194
20251203,378.75316919531724,32482388.0,32482766.753169194
20251204,378.75316919531724,32245731.0,32246109.753169194
20251205,378.75316919531724,32503350.0,32503728.753169194
20251208,378.75316919531724,32302081.0,32302459.753169194
20251209,378.75316919531724,32277053.0,32277431.753169194
20251210,378.75316919531724,32038769.0,32039147.753169194
20251211,378.75316919531724,31053720.0,31054098.753169194
20251212,378.75316919531724,30901809.0,30902187.753169194
20251215,378.75316919531724,31008750.0,31009128.753169194
20251216,378.75316919531724,31306075.0,31306453.753169194
20251217,378.75316919531724,31058411.0,31058789.753169194
20251218,378.75316919531724,31205707.0,31206085.753169194
20251219,378.75316919531724,31270092.0,31270470.753169194
20251222,378.75316919531724,31098920.0,31099298.753169194
20251223,378.75316919531724,31094740.0,31095118.753169194
20251224,378.75316919531724,31335613.0,31335991.753169194
20251225,378.75316919531724,31473753.0,31474131.753169194
20251226,378.75316919531724,31301970.0,31302348.753169194
20251229,378.75316919531724,31352225.0,31352603.753169194
20251230,378.75316919531724,31097199.0,31097577.753169194
20251231,106.26014829517226,31063147.0,31063253.260148294
