signal_date,trade_date,ts_code,side,shares,price,gross_amount,commission,stamp_duty,slippage,cash_after
20060125,20060206,600287.SH,buy,124600.0,1.5869162843601894,197729.7690312796,59.31893070938388,0.0,98.81547677723574,802210.912038011
20060125,20060206,600307.SH,buy,148200.0,1.3460829676046344,199489.4957990068,59.84684873970204,0.0,99.69490044924896,602661.5693902646
20060125,20060206,600575.SH,buy,491000.0,0.40177643688451203,197272.2305102954,59.18166915308861,0.0,98.58682184421923,405330.15721081605
20060125,20060206,600897.SH,buy,65900.0,3.1201208758604317,205615.96571920245,61.68478971576073,0.0,102.75660455730394,199652.50670189783
20060125,20060206,600981.SH,buy,239300.0,0.8335165026427894,199460.4990824195,59.838149724725845,0.0,99.68040933652082,132.16946975360042
20060228,20060301,000778.SZ,buy,100.0,1.2100618098169618,121.00618098169618,5.0,0.0,0.06047285406380354,6.163288771904249
20060331,20060403,000778.SZ,sell,100.0,1.1307973167146728,113.07973167146727,5.0,0.05653986583573364,0.0565681499106887,114.18648057753579
20060331,20060403,600282.SH,buy,100.0,0.7704060290663038,77.04060290663038,5.0,0.0,0.03850105092783451,32.145877670905406
20060428,20060508,600287.SH,sell,124600.0,1.704239397156398,212348.2288856872,63.70446866570615,106.1741144428436,106.22722805687226,212210.49618024955
20060428,20060508,600307.SH,sell,148200.0,1.367157176637503,202612.69357767794,60.783808073303376,101.30634678883898,101.35702530146227,414661.0996030654
20060428,20060508,600981.SH,sell,239300.0,0.999184600820448,239104.8749763332,71.73146249289995,119.5524374881666,119.61224360996857,653574.6906794176
20060428,20060508,600897.SH,sell,400.0,3.340128293377641,1336.0513173510562,5.0,0.6680256586755281,0.6683598385948244,654905.0739711099
20060428,20060508,600282.SH,buy,279900.0,0.7610677741685306,213022.86998977172,63.906860996931506,0.0,106.45820589194773,441818.2971203413
20060428,20060508,600370.SH,buy,212800.0,1.003240154250303,213489.5048244645,64.04685144733935,0.0,106.6914067088801,228264.74544442943
20060428,20060508,600707.SH,buy,124300.0,1.711369995600528,212723.29045314563,63.816987135943684,0.0,106.30849098108592,15477.638004147855
20060531,20060601,600282.SH,sell,280000.0,0.932892130966966,261209.79667075048,78.36293900122514,130.60489833537525,130.67023345211055,276478.4668375617
20060531,20060601,600897.SH,sell,65500.0,4.217211488250653,276227.35248041776,82.86820574412532,138.1136762402089,138.18276762397727,552484.8374359951
20060531,20060601,000731.SZ,buy,86500.0,3.0219832844344108,261401.55410357652,78.42046623107295,0.0,130.635459322104,291004.8628661875
20060531,20060601,600019.SH,buy,135600.0,2.0385121766045673,276422.25114757934,82.92667534427379,0.0,138.142054546508,14499.68504326389
20060531,20060601,600033.SH,buy,9300.0,1.551111570667057,14425.33760720363,5.0,0.0,7.20906427146474,69.3474360602595
20060630,20060703,000731.SZ,sell,86500.0,3.058025176783369,264519.1777917614,79.35575333752841,132.2595888958807,132.32575177174294,264376.9098855882
20060630,20060703,600575.SH,sell,491000.0,0.527252172310285,258880.81660434994,77.66424498130498,129.44040830217497,129.50516088257427,523050.62183665467
20060630,20060703,600707.SH,sell,124300.0,2.6313277606687198,327074.0406511219,98.12221219533656,163.53702032556095,163.6188297404442,849863.0032552556
20060630,20060703,000905.SZ,buy,75200.0,3.637164348236661,273514.7589873969,82.05442769621907,0.0,136.68903497618157,576266.1898401625
20060630,20060703,600019.SH,buy,300.0,2.006445692927641,601.9337078782922,5.0,0.0,0.30081644571623656,575659.2561322842
20060630,20060703,600282.SH,buy,295800.0,0.9472975867998965,280210.6261754094,84.06318785262282,0.0,140.03529544000048,295364.56676902215
20060630,20060703,600581.SH,buy,257500.0,1.0570614387184525,272193.3204700015,81.65799614100044,0.0,136.0286459120107,23089.588302879652
20060630,20060703,600690.SH,buy,29500.0,0.7806807948184944,23030.083447145586,6.909025034143675,0.0,11.509287080032664,52.59583069992368
20060731,20060801,000905.SZ,sell,75200.0,3.7080204845094986,278843.14043511427,83.65294213053427,139.42157021755713,139.49131587549346,278672.6617534661
20060731,20060801,600033.SH,sell,9300.0,1.3151051378855667,12230.47778233577,5.0,6.115238891167886,6.118298040186346,290892.02429691073
20060731,20060801,600581.SH,sell,257500.0,0.974501171225631,250934.05159059996,75.28021547717998,125.46702579529999,125.5297906906344,541625.3286462382
20060731,20060801,600690.SH,sell,29500.0,0.7265463918814439,21433.118560502593,6.4299355681507775,10.716559280251296,10.721920240372128,563041.3007118924
20060731,20060801,600282.SH,sell,800.0,0.9242282772651148,739.3826218120919,5.0,0.36969131090604596,0.36987624903053984,563775.3136423936
20060731,20060801,000088.SZ,buy,80300.0,3.266939925011823,262335.2759784494,78.7005827935348,0.0,131.10208694572793,301361.3370811507
20060731,20060801,000731.SZ,buy,82800.0,3.1431548024509763,260253.21764294084,78.07596529288224,0.0,130.06157803244423,41030.043472916965
20060731,20060801,000959.SZ,buy,17400.0,2.3444760736196315,40793.88368098159,12.238165104294476,0.0,20.38674846626236,223.92162683107745
20060731,20060801,600019.SH,buy,100.0,1.8598560532616946,185.98560532616946,5.0,0.0,0.09294632949831794,32.936021504907984
20060831,20060901,000088.SZ,sell,80300.0,3.2594634246852983,261734.91300222944,78.52047390066882,130.86745650111473,130.93292296258733,261558.46109333256
20060831,20060901,000731.SZ,sell,82800.0,3.4953764954811106,289417.173825836,86.82515214775079,144.708586912918,144.78097740159137,550744.1011801079
20060831,20060901,600370.SH,sell,212800.0,1.1968389748080293,254687.33383914863,76.40620015174459,127.34366691957432,127.40737060483661,805227.6851521853
20060831,20060901,000959.SZ,buy,97200.0,2.369595460122699,230324.67872392634,69.09740361717789,0.0,115.10478696846985,574833.9090246417
20060831,20060901,600019.SH,buy,11200.0,1.8965034631781812,21240.83878759563,6.372251636278688,0.0,10.615111837876611,553586.6979854099
20060831,20060901,600282.SH,buy,17700.0,0.9325345075250929,16505.860783194144,5.0,0.0,8.248805988601816,537075.8372022157
20060831,20060901,600428.SH,buy,113900.0,2.382490722869629,271365.6933348507,81.40970800045521,0.0,135.61503914784407,265628.73415936454
20060831,20060901,600971.SH,buy,183100.0,1.4501967606511696,265531.02687522914,79.65930806256874,0.0,132.69916385563556,18.047976072819438
20060929,20061009,000959.SZ,sell,114600.0,2.4508746477681407,280870.2346342289,84.26107039026867,140.43511731711448,140.50537000212353,280663.5864225943
20060929,20061009,600428.SH,sell,6700.0,2.5781405050703126,17273.541383971093,5.182062415191328,8.636770691985546,8.641091237604996,297923.30897345825
20060929,20061009,000531.SZ,buy,156300.0,1.8278418484769274,285691.68091694376,85.70750427508312,0.0,142.774453231832,12145.920552239404
20060929,20061009,600019.SH,buy,6300.0,1.9148271681364246,12063.411159259475,5.0,0.0,6.028691234012513,77.50939297992954
20061031,20061101,000531.SZ,sell,156300.0,1.8729109694048132,292735.9845179723,87.82079535539168,146.36799225898613,146.44121286540758,292579.30512333784
20061031,20061101,600428.SH,sell,107200.0,2.9891484116757243,320436.7097316377,96.1310129194913,160.21835486581884,160.2985041178763,612759.6654871902
20061031,20061101,600971.SH,sell,183100.0,1.6010799717679842,293157.74283071794,87.94732284921537,146.57887141535898,146.65219751407858,905682.8821236435
20061031,20061101,600019.SH,sell,13100.0,2.2332576300881857,29255.67495415523,8.776702486246569,14.627837477077616,14.635155054606003,934915.1525378354
20061031,20061101,600282.SH,sell,800.0,1.0282035090874349,822.5628072699478,5.0,0.4112814036349739,0.4114871472086179,935732.3040637018
20061031,20061101,000088.SZ,buy,90500.0,3.4186945537865654,309391.85711768415,92.81755713530524,0.0,154.6186192492023,626247.6293888823
20061031,20061101,001872.SZ,buy,37700.0,8.167284231416886,307906.6155244166,92.37198465732497,0.0,153.87636957742507,318248.6418798084
20061031,20061101,600096.SH,buy,41500.0,7.647949689845436,317389.9121285856,95.21697363857568,0.0,158.61564824014204,763.5127775841975
20061130,20061201,000088.SZ,sell,90500.0,3.7816513635237694,342239.44839890115,102.67183451967034,171.1197241994506,171.20532686286606,342729.1696177662
20061130,20061201,001872.SZ,sell,37700.0,8.591624579023334,323904.2466291797,97.1712739887539,161.95212331458984,162.0331398844719,666374.2928496426
20061130,20061201,600019.SH,sell,140400.0,3.1576798458214106,443338.25035332603,133.0014751059978,221.66912517666302,221.78001518419478,1109357.8726026858
20061130,20061201,600096.SH,sell,41500.0,9.043626992014806,375310.52016861446,112.59315605058433,187.65526008430723,187.74913465155987,1484368.1443551653
20061130,20061201,000027.SZ,buy,147200.0,2.419517265649128,356152.9415035516,106.84588245106548,0.0,177.987477013201,1128108.3569691626
20061130,20061201,000541.SZ,buy,229100.0,1.5821320545534538,362466.4536981963,108.73993610945887,0.0,181.1426555213402,765533.1633348569
20061130,20061201,000731.SZ,buy,105000.0,3.49887362053912,367381.73015660763,110.21451904698228,0.0,183.5990655455389,398041.2186592022
20061130,20061201,002044.SZ,buy,591500.0,0.6120979051650103,362055.9109051036,108.61677327153107,0.0,180.93748670921195,35876.69098082709
20061130,20061201,600282.SH,buy,33300.0,1.0765532488844427,35849.223187851945,10.754766956355583,0.0,17.915653767042386,16.71302601878415
20061229,20070104,000027.SZ,sell,147200.0,2.620347899633188,385715.2108260053,115.71456324780159,192.85760541300266,192.95408245414728,385423.3516833633
20061229,20070104,002044.SZ,sell,591500.0,0.6143105293828977,363364.67812998395,109.00940343899518,181.68233906499196,181.77322567783995,748497.3380708433
20061229,20070104,600282.SH,sell,15100.0,1.1552516438309972,17444.299821848057,5.233289946554416,8.72214991092403,8.72651316750489,765927.6824528339
20061229,20070104,000088.SZ,buy,94400.0,3.8992508782399176,368089.28290584823,110.42678487175446,0.0,183.95266512036324,397727.9727621139
20061229,20070104,000531.SZ,buy,156900.0,2.3442145055105374,367807.2559146033,110.34217677438097,0.0,183.81172209617216,29810.3746707362
20061229,20070104,000541.SZ,buy,18800.0,1.5365562340519137,28887.257200175976,8.666177160052792,0.0,14.436410394890117,914.4512934001723
20061229,20070104,002047.SZ,buy,400.0,2.2581933159349092,903.2773263739637,5.0,0.0,0.4514129567086229,6.173967026208629
20070131,20070201,000088.SZ,sell,94400.0,5.937782207760039,560526.6404125476,168.15799212376427,280.2633202062738,280.4035219672369,560084.3930672437
20070131,20070201,000541.SZ,sell,247900.0,1.9171494761594126,475261.3551399184,142.5784065419755,237.6306775699592,237.7495523461257,1034965.5391230502
20070131,20070201,002047.SZ,sell,400.0,2.760369201719374,1104.1476806877495,5.0,0.5520738403438747,0.5523500153515215,1036064.1347298976
20070131,20070201,000155.SZ,buy,99400.0,4.725034352773827,469668.4146657184,140.9005243997155,0.0,234.7168489083997,566254.8195397796
20070131,20070201,000531.SZ,buy,21200.0,2.690418900567163,57036.88069202385,17.111064207607154,0.0,28.504188251878077,509200.8277835481
20070131,20070201,600282.SH,buy,24300.0,1.3604793804583615,33059.648945138186,9.917894683541455,0.0,16.52156369072327,476131.2609437264
20070131,20070201,600323.SH,buy,152900.0,3.100851450486774,474120.18677942775,142.2360560338283,0.0,236.94162257842254,1868.8381082648411
20070131,20070201,600493.SH,buy,700.0,2.4723544176925594,1730.6480923847917,5.0,0.0,0.8648916003924114,133.1900158800495
20070228,20070301,000155.SZ,sell,99400.0,6.12636196734492,608960.3795540851,182.6881138662255,304.48018977704254,304.6325060300296,608606.4012663218
20070228,20070301,000531.SZ,sell,178100.0,2.9016930511905557,516791.532417038,155.03745972511138,258.395766208519,258.5250287228846,1124984.500457426
20070228,20070301,600282.SH,sell,354400.0,1.8023107486877448,638738.9293349368,191.62167880048102,319.3694646674684,319.52922928205226,1763212.438648895
20070228,20070301,000066.SZ,buy,190000.0,2.9093282103924416,552772.3599745639,165.83170799236916,0.0,276.2480559592368,1210274.2469663387
20070228,20070301,000852.SZ,buy,121900.0,4.553744980835919,555101.5131638985,166.53045394916953,0.0,277.4120505566243,655006.2033484911
20070228,20070301,600035.SH,buy,275500.0,1.999327468808611,550814.7176567724,165.24441529703168,0.0,275.2697239663685,104026.2412764217
20070228,20070301,600323.SH,buy,8000.0,3.4512674992624643,27610.139994099714,8.283041998229914,0.0,13.798170911592024,76407.81824032376
20070228,20070301,600493.SH,buy,26000.0,2.9319587645713043,76230.92787885391,22.86927836365617,0.0,38.09641573156114,154.0210831061995
20070330,20070402,000066.SZ,sell,190000.0,3.392129394985466,644504.5850472385,193.35137551417154,322.25229252361925,322.41349927324336,644143.0024623069
20070330,20070402,000731.SZ,sell,105000.0,6.769048948738724,710750.139617566,213.22504188526977,355.375069808783,355.55284623184707,1354324.541968179
20070330,20070402,000852.SZ,sell,121900.0,6.797931693739733,828667.8734668735,248.60036204006204,414.33393673343676,414.5412073369371,2182329.481136279
20070330,20070402,600035.SH,sell,275500.0,2.399068967626193,660943.5005810162,198.28305017430483,330.4717502905081,330.6370688248426,2842744.2269168305
20070330,20070402,600323.SH,sell,160900.0,4.2932599075621996,690785.5191267579,207.23565573802733,345.39275956337895,345.5655423345743,3532977.117628287
20070330,20070402,600493.SH,sell,26700.0,3.641494607255693,97227.906013727,29.1683718041181,48.613953006863504,48.63827214293997,3630127.2413172033
20070330,20070402,000900.SZ,buy,298500.0,2.4281950885136316,724816.233921319,217.44487017639568,0.0,362.22700345888734,2905093.5625257078
20070330,20070402,600056.SH,buy,355600.0,2.0486807655261945,728510.8802211147,218.5532640663344,0.0,364.0734034088673,2176364.1290405267
20070330,20070402,600096.SH,buy,46600.0,15.537824318859451,724062.6132588504,217.2187839776551,0.0,361.8503814386204,1452084.2969976985
20070330,20070402,600282.SH,buy,314000.0,2.324645202261461,729938.5935100989,218.98157805302964,0.0,364.7869033033494,721926.7219095466
20070330,20070402,600598.SH,buy,132600.0,5.441098031942296,721489.5990355485,216.44687971066455,0.0,360.5645172591321,220.6759942874778
20070430,20070508,600096.SH,sell,46600.0,19.88038692210151,926426.0305699304,277.9278091709791,463.21301528496525,463.4447376538301,925905.5657397619
20070430,20070508,600056.SH,sell,35500.0,3.144566494967684,111632.11057135278,33.48963317140583,55.81605528567639,55.843977274314966,1037448.3706226576
20070430,20070508,600282.SH,sell,53400.0,3.8587177668626147,206055.52875046362,61.816658625139084,103.02776437523181,103.07930402722559,1243339.0549501209
20070430,20070508,000088.SZ,buy,147400.0,6.879543171121671,1014044.6634233342,304.21339902700026,0.0,506.76894723798614,228990.1781277596
20070430,20070508,000900.SZ,buy,19000.0,3.181273485746487,60444.19622918325,18.133258868754975,0.0,30.206994617277815,168527.8486397076
20070430,20070508,600598.SH,buy,26300.0,6.384829149922719,167921.00664296752,50.376301992890255,0.0,83.91854404943297,556.4656947471958
20070531,20070601,000088.SZ,sell,147400.0,7.917042943680052,1166972.1298984396,350.09163896953186,583.4860649492198,583.7779539260082,1166595.017889268
20070531,20070601,600056.SH,sell,320100.0,2.5902700280581263,829145.4359814062,248.74363079442185,414.57271799070315,414.78010804462247,1995077.137521889
20070531,20070601,600282.SH,sell,7100.0,4.026858541739257,28590.695646348722,8.577208693904616,14.295347823174362,14.302499072713545,2023644.9606117208
20070531,20070601,600598.SH,sell,12300.0,6.976630152842177,85812.55087995878,25.743765263987633,42.906275439979396,42.92773930962721,2109388.8614509758
20070531,20070601,000900.SZ,buy,25600.0,2.9640393326985484,75879.40691708284,22.76382207512485,0.0,37.92074308700103,2033486.6907118177
20070531,20070601,000911.SZ,buy,78100.0,13.050460561143462,1019240.9698253043,305.7722909475913,0.0,509.36580201156903,1013939.9485955657
20070531,20070601,002043.SZ,buy,649700.0,1.5600733070525974,1013579.6275920725,304.07388827762173,0.0,506.5365455230931,56.24711521563586
20070629,20070702,000900.SZ,sell,343100.0,2.729591945356678,936522.9964518762,280.95689893556283,468.2614982259381,468.4957460989244,935830.0251699303
20070629,20070702,600282.SH,sell,253500.0,4.0298547162494796,1021568.170569243,306.4704511707729,510.78408528462154,511.0396050872514,1956580.9412027178
20070629,20070702,600598.SH,sell,146600.0,5.773762885110768,846433.6389572386,253.93009168717157,423.21681947861936,423.4285337453475,2802337.433248791
20070629,20070702,000088.SZ,buy,121700.0,7.081882676154661,861865.1216880223,258.5595365064067,0.0,430.7172022428131,1940213.7520242622
20070629,20070702,000731.SZ,buy,106700.0,8.106786298600678,864994.0980606923,259.49822941820764,0.0,432.2809085760964,1074960.1557341516
20070629,20070702,000911.SZ,buy,11500.0,9.694627845420857,111488.22022233986,33.44646606670196,0.0,55.71625198516995,963438.489045745
20070629,20070702,002043.SZ,buy,78100.0,1.185655713359974,92599.71121341398,27.77991336402419,0.0,46.276717248081695,870810.997918967
20070629,20070702,600012.SH,buy,235600.0,3.6948824882488247,870514.3142314231,261.1542942694269,0.0,435.03963729704265,35.529393274569884
20070731,20070801,000088.SZ,sell,121700.0,7.485997736843291,911045.9245738285,273.31377737214854,455.52296228691426,455.7508377057966,910352.617227444
20070731,20070801,000731.SZ,sell,106700.0,9.1623912556142,977627.1469740351,293.2881440922105,488.81357348701755,489.0581025383435,1887197.6624838999
20070731,20070801,002043.SZ,sell,727800.0,1.506563546279296,1096476.9489820716,328.94308469462146,548.2384744910358,548.5127308564261,2982797.4299067855
20070731,20070801,600012.SH,sell,235600.0,4.155003833716704,978918.9032236555,293.6756709670966,489.4594516118278,489.7043037636904,3960933.198007862
20070731,20070801,000911.SZ,sell,5700.0,12.106172578083644,69005.18369507678,20.70155510852303,34.50259184753839,34.519851773409755,4029883.177555983
20070731,20070801,000637.SZ,buy,126600.0,7.994467677165355,1012099.6079291339,303.62988237874015,0.0,505.79690551175736,3017479.93974447
20070731,20070801,000912.SZ,buy,60700.0,16.569410508474576,1005763.2178644068,301.728965359322,0.0,502.6302937853616,2011414.9929147041
20070731,20070801,600035.SH,buy,333300.0,3.025902638016799,1008533.349250999,302.56000477529966,0.0,504.0146672918927,1002579.0836589298
20070731,20070801,600051.SH,buy,125500.0,7.981456105269319,1001672.7412112996,300.50182236338986,0.0,500.58607756672427,605.8406252668938
20070831,20070903,000912.SZ,sell,60700.0,20.200411907866147,1226165.0028074752,367.8495008422425,613.0825014037376,613.3891960016917,1225789.9114304963
20070831,20070903,600051.SH,sell,125500.0,8.274933406816364,1038504.1425554537,311.5512427666361,519.2520712777268,519.5118271914544,2263463.2506719055
20070831,20070903,600035.SH,sell,19000.0,3.571088606648727,67850.68352632581,20.35520505789774,33.925341763162905,33.942312919622054,2331259.6536514102
20070831,20070903,000637.SZ,buy,12600.0,8.109722125984254,102182.4987874016,30.654749636220476,0.0,51.06571653543506,2229046.5001143725
20070831,20070903,600012.SH,buy,245000.0,4.604094409440943,1128003.1303130311,338.4009390939093,0.0,563.7197053038981,1100704.9688622474
20070831,20070903,600033.SH,buy,322100.0,3.415699535685708,1100196.8204443664,330.0590461333099,0.0,549.8234984728042,178.0893717475701
20070928,20071008,600012.SH,sell,245000.0,4.6864578124479115,1148182.1640497383,344.45464921492146,574.0910820248691,574.3782711604144,1147441.7076902462
20070928,20071008,600033.SH,sell,322100.0,3.263308419640945,1051111.6419663483,315.33349258990444,525.5558209831742,525.8187303484883,2197712.4603430214
20070928,20071008,000637.SZ,sell,12300.0,8.991328858267718,110593.34495669292,33.17800348700787,55.29667247834646,55.324334645672934,2308217.330623749
20070928,20071008,000911.SZ,sell,5800.0,14.629843938591849,84853.09484383272,25.455928453149813,42.42654742191636,42.44777130757575,2393002.5429917066
20070928,20071008,002043.SZ,buy,705700.0,1.6209904552327463,1143932.964257749,343.17988927732466,0.0,571.6806418078486,1248726.3988446803
20070928,20071008,600035.SH,buy,33900.0,3.2770950664600833,111093.52275299683,33.32805682589905,0.0,55.51900187556748,1137599.5480348575
20070928,20071008,600051.SH,buy,149700.0,7.596716727794145,1137228.4941507834,341.168548245235,0.0,568.3300820342265,29.885335828876123
20071031,20071101,002043.SZ,sell,705700.0,1.472424667890701,1039090.0881304677,311.7270264391403,519.5450440652338,519.8049465384101,1038288.7013957922
20071031,20071101,000637.SZ,sell,1900.0,8.389464586614174,15939.982714566931,5.0,7.969991357283466,7.973978346455624,1054215.7141190018
20071031,20071101,000911.SZ,sell,7000.0,14.713655902593969,102995.59131815778,30.89867739544733,51.49779565907889,51.52355743778753,1157128.908964105
20071031,20071101,600033.SH,buy,348200.0,3.000276619183392,1044696.3187996572,313.40889563989714,0.0,522.0871158419177,112119.18126880785
20071031,20071101,600035.SH,buy,9900.0,2.929290165538612,28999.97263883226,8.699991791649676,0.0,14.492739949437237,83110.50863818394
20071031,20071101,600051.SH,buy,12800.0,6.450042504730878,82560.54406055524,24.76816321816657,0.0,41.25964220917376,525.1964144105295
20071130,20071203,000911.SZ,sell,71100.0,12.758043409211224,907096.886394918,272.12906591847536,453.548443197459,453.7753308628453,906896.4053002124
20071130,20071203,600035.SH,sell,358100.0,2.8954772486341027,1036870.4027358722,311.06112082076163,518.4352013679361,518.6945486421464,1942937.3117138958
20071130,20071203,600033.SH,sell,25300.0,2.9795424701069497,75382.42449370582,22.614727348111746,37.69121224685291,37.71006728049542,2018259.4302680066
20071130,20071203,600051.SH,sell,3100.0,6.081849962933339,18853.734885093352,5.656120465528005,9.426867442546676,9.431583234163554,2037098.0821651919
20071130,20071203,000637.SZ,buy,16500.0,6.852400866141733,113064.61429133858,33.91938428740157,0.0,56.50405511810095,1923999.548489566
20071130,20071203,000912.SZ,buy,62300.0,15.438588970013036,961824.0928318122,288.5472278495436,0.0,480.67171056056395,961886.9084299041
20071130,20071203,002043.SZ,buy,702700.0,1.3684071579004213,961579.7098566261,288.4739129569878,0.0,480.5495801382931,18.724660321022384
20071228,20080102,002043.SZ,sell,702700.0,1.7217869100334808,1209899.661680527,362.9698985041581,604.9498308402635,605.2524570687674,1208950.4666115036
20071228,20080102,000912.SZ,sell,2400.0,19.616418956975227,47079.40549674055,14.123821649022164,23.539702748370274,23.5514784876068,1255992.2085838467
20071228,20080102,600051.SH,sell,8900.0,7.8528967303302855,69890.78089993953,20.96723426998186,34.94539044996977,34.962871885916684,1325827.0768590663
20071228,20080102,000637.SZ,buy,8900.0,7.858257874015749,69938.49507874016,20.981548523622045,0.0,34.9517716535338,1255867.6002318026
20071228,20080102,600012.SH,buy,263800.0,4.449334933493349,1173734.5554555454,352.1203666366636,0.0,586.5739907324314,81780.92440962046
20071228,20080102,600033.SH,buy,24200.0,3.373092057070086,81628.82778109609,24.488648334328825,0.0,40.794016882093274,127.60798019004869
20080131,20080201,000912.SZ,sell,59900.0,19.539829717514124,1170435.800079096,351.1307400237288,585.2179000395481,585.5106553670485,1169627.0594192229
20080131,20080201,600033.SH,sell,347100.0,3.341344055762794,1159780.5217552658,347.9341565265797,579.8902608776328,580.1803510531317,2328479.7567570843
20080131,20080201,600051.SH,sell,3200.0,8.131742391580016,26021.57565305605,7.806472695916814,13.010787826528025,13.017296474765317,2354480.515149618
20080131,20080201,001872.SZ,buy,91800.0,12.961051900408949,1189824.5644575416,356.94736933726244,0.0,594.6149747413583,1164299.0033227392
20080131,20080201,002043.SZ,buy,774800.0,1.502127727076358,1163848.5629387621,349.1545688816286,0.0,581.633464736864,101.28581509529613
20080229,20080303,000637.SZ,sell,150400.0,8.651765052107459,1301225.463836962,390.36763915108855,650.6127319184809,650.9382010188419,1300285.7692809876
20080229,20080303,001872.SZ,sell,600.0,13.610419354903376,8166.2516129420255,5.0,4.0831258064710125,4.085168390665785,1308442.937768123
20080229,20080303,002043.SZ,sell,34300.0,1.6713207419807756,57326.301449940605,17.19789043498218,28.663150724970304,28.677489469693683,1365723.3781769038
20080229,20080303,600051.SH,sell,10000.0,9.028570329112938,90285.70329112938,27.08571098733881,45.14285164556469,45.165434362745145,1455936.8529054003
20080229,20080303,600012.SH,buy,56800.0,3.8834955995599554,220582.55005500547,66.17476501650164,0.0,110.23615694901673,1235288.1280853783
20080229,20080303,600650.SH,buy,111800.0,11.045135418709547,1234846.1398117275,370.4538419435182,0.0,617.1145126493648,71.53443170734681
20080331,20080401,001872.SZ,sell,91200.0,10.024333413519365,914219.2073129661,274.2657621938898,457.10960365648305,457.33827279286925,913559.3663788231
20080331,20080401,002043.SZ,sell,740500.0,1.3536807430608055,1002400.5902365266,300.72017707095796,501.2002951182633,501.4510206285631,1915158.0361431604
20080331,20080401,600051.SH,sell,137300.0,6.722441346885426,922991.196927369,276.8973590782107,461.49559846368453,461.72646169457585,2837410.8401129874
20080331,20080401,600012.SH,sell,18700.0,3.232206470647065,60442.261001100116,18.132678300330035,30.221130500550057,30.23624862486031,2897804.7473052866
20080331,20080401,600650.SH,sell,1500.0,8.670130526682792,13005.195790024189,5.0,6.502597895012094,6.505850820421983,2910798.4404974156
20080331,20080401,002108.SZ,buy,1196300.0,0.8134369789072915,973114.6578667929,291.93439736003785,0.0,486.3141718474217,1937391.8482332625
20080331,20080401,600011.SH,buy,180500.0,5.31838754347826,959968.951597826,287.99068547934775,0.0,479.744603497209,977134.9059499572
20080331,20080401,600642.SH,buy,210400.0,4.641578383833088,976588.0919584817,292.9764275875445,0.0,488.0500209686579,253.837563887937
20080430,20080505,002108.SZ,sell,1196300.0,0.7935354664331957,949306.478494032,284.7919435482096,474.653239247016,474.89068458916154,948800.8708751247
20080430,20080505,600011.SH,sell,180500.0,5.896861058601134,1064383.4210775048,319.3150263232514,532.1917105387524,532.457939508371,2012332.7852157676
20080430,20080505,600012.SH,sell,301900.0,3.3723170650398377,1018102.521935527,305.43075658065806,509.0512609677635,509.30591392470524,3029620.825133746
20080430,20080505,600642.SH,sell,210400.0,4.58793082538268,965300.6456605158,289.5901936981547,482.6503228302579,482.89176871452946,3994149.2302777334
20080430,20080505,600650.SH,sell,110300.0,8.7378659214225,963786.6111329017,289.1359833398705,481.89330556645086,482.1343727528583,4957164.812121728
20080430,20080505,000895.SZ,buy,163400.0,6.056176693529082,989579.271722652,296.8737815167956,0.0,494.5423646789277,3967288.6666175597
20080430,20080505,600022.SH,buy,172100.0,5.7791837044433345,994597.5155346979,298.37925466040934,0.0,497.0502326510614,2972392.7718282016
20080430,20080505,600033.SH,buy,290100.0,3.419986442473488,992138.0669615588,297.6414200884676,0.0,495.8211229193257,1979957.0634465544
20080430,20080505,600051.SH,buy,139700.0,7.091274800522836,990651.0896330401,297.195326889912,0.0,495.07800581352785,989008.7784866244
20080430,20080505,600452.SH,buy,1215700.0,0.8132465031940883,988663.7739330531,296.5991321799159,0.0,494.08484454418067,48.405421391362324
20080530,20080602,000895.SZ,sell,163400.0,6.324395810711894,1033406.2754703235,310.021882641097,516.7031377351618,516.961618544301,1032627.9558713386
20080530,20080602,600022.SH,sell,10700.0,5.82831753369945,62362.99761058412,18.708899283175235,31.181498805292062,31.197097353964637,1094941.0630838342
20080530,20080602,600452.SH,sell,37700.0,0.795098663186805,29975.219602142548,8.992565880642763,14.987609801071274,14.995107354745414,1124892.302510295
20080530,20080602,600033.SH,buy,25400.0,2.9883731802148015,75904.67877745596,22.771403633236787,0.0,37.9333727023768,1048964.852329206
20080530,20080602,600051.SH,buy,18600.0,5.967232305546343,110990.52088316198,33.29715626494859,0.0,55.46752667822875,937941.034289779
20080530,20080602,600642.SH,buy,203200.0,4.612894516670162,937340.1657873768,281.20204973621304,0.0,468.43586496124044,319.6664526660461
20080630,20080701,600022.SH,sell,161400.0,4.051582780828756,653925.4608257612,196.17763824772834,326.9627304128806,327.1262935596751,653721.9869097667
20080630,20080701,600051.SH,sell,158300.0,4.732839872022476,749208.5517411579,224.76256552234736,374.60427587057893,374.79167170636356,1402331.1718095317
20080630,20080701,600452.SH,sell,1178000.0,0.6125033306526259,721528.9235087932,216.45867705263794,360.7644617543966,360.94493422145024,2123282.872179518
20080630,20080701,600642.SH,sell,203200.0,3.510519321835466,713337.5261969666,214.00125785908997,356.66876309848334,356.8471866918262,2836049.728355527
20080630,20080701,000088.SZ,buy,213700.0,3.2971822550498797,704607.8479041593,211.38235437124777,0.0,352.1278600221267,2131230.4980969965
20080630,20080701,000900.SZ,buy,262600.0,2.691939468723888,706903.3044868929,212.07099134606784,0.0,353.27501473599114,1424115.1226187577
20080630,20080701,600033.SH,buy,5600.0,2.2129324039534333,12392.421462139226,5.0,0.0,6.193114173980575,1411717.7011566185
20080630,20080701,600377.SH,buy,273800.0,2.594568167689049,710392.7643132616,213.11782929397847,0.0,355.0188727203058,701111.819014063
20080630,20080701,600641.SH,buy,214800.0,3.262027742191111,700683.5590226507,210.2050677067952,0.0,350.1666961632436,218.05492370552383
20080731,20080801,000088.SZ,sell,213700.0,3.298313987659604,704849.6991628574,211.4549097488572,352.4248495814287,352.6011501564644,704503.8743272326
20080731,20080801,600033.SH,sell,321100.0,2.3166890018369717,743888.8384898516,223.16665154695545,371.94441924492577,372.1304844871629,1447797.6017462923
20080731,20080801,600641.SH,sell,214800.0,3.360958655107028,721933.9191169896,216.58017573509687,360.9669595584948,361.1475333251292,2169153.973727988
20080731,20080801,000900.SZ,sell,2800.0,2.7675434620392148,7749.121693709802,5.0,3.8745608468549007,3.876499096401858,2176894.220860851
20080731,20080801,001872.SZ,buy,82800.0,8.815374933846524,729913.0445224922,218.97391335674766,0.0,364.7741351936711,1446762.2024250021
20080731,20080801,600022.SH,buy,173600.0,4.142010059910135,719052.9464003993,215.71588392011978,0.0,359.34679980017245,727493.5401406827
20080731,20080801,600301.SH,buy,108000.0,6.66333,719639.64,215.89189199999998,0.0,359.64000000001397,7638.008248682716
20080731,20080801,600377.SH,buy,2900.0,2.611807823288312,7574.242687536104,5.0,0.0,3.7852287294035705,58.76556114661162
20080829,20080901,000900.SZ,sell,259800.0,2.546276149576055,661522.5436598591,198.45676309795772,330.76127182992957,330.92673519742675,661052.0911860779
20080829,20080901,001872.SZ,sell,2100.0,7.419654526501483,15581.274505653115,5.0,7.790637252826557,7.794534520086017,676620.5750544782
20080829,20080901,600377.SH,sell,24200.0,2.3680833768877396,57307.6177206833,17.192285316204988,28.653808860341652,28.66814293180505,733882.3466809851
20080829,20080901,000021.SZ,buy,196500.0,3.022794223880597,593979.0649925373,178.19371949776115,0.0,296.84111194021534,139725.08796895004
20080829,20080901,600022.SH,buy,31700.0,2.9013700798801794,91973.43153220169,27.592029459660505,0.0,45.963733899145154,47724.06440728869
20080829,20080901,600301.SH,buy,9400.0,5.06253,47587.782,14.276334599999998,0.0,23.78200000000652,122.00607268869499
20080926,20081006,001872.SZ,sell,80700.0,7.5875762970090594,612317.4071686311,183.6952221505893,306.15870358431556,306.3118595140986,611949.559315585
20080926,20081006,600301.SH,sell,117400.0,4.25787,499873.93799999997,149.96218139999996,249.93696899999998,250.06200000003446,1111423.598165185
20080926,20081006,600377.SH,sell,7300.0,2.2991936786510054,16784.11385415234,5.035234156245702,8.39205692707617,8.396255054605717,1128194.284728254
20080926,20081006,000021.SZ,buy,2700.0,2.8239261828358204,7624.6006936567155,5.0,0.0,3.810395149253054,1120564.6840345971
20080926,20081006,000429.SZ,buy,257500.0,2.17546303345222,560181.7311139466,168.054519334184,0.0,279.95089011185337,560214.8984013163
20080926,20081006,000767.SZ,buy,159900.0,3.50175,559929.825,167.97894749999998,0.0,279.82499999995343,117.09445381630212
20081031,20081103,000021.SZ,sell,199200.0,2.1002180223880598,418363.4300597015,125.50902901791044,209.18171502985075,209.2863582089194,418145.83376947
20081031,20081103,000767.SZ,sell,159900.0,2.3988,383568.12,115.07043599999999,191.78406,191.88000000000466,801407.09927347
20081031,20081103,600022.SH,sell,205300.0,1.784579056415377,366374.0802820769,109.91222408462306,183.18704014103847,183.2786794807762,1167488.0802913213
20081031,20081103,600377.SH,sell,245200.0,2.3336385277693728,572208.1670090501,171.66245010271504,286.1040835045251,286.24720710818656,1739238.4807667641
20081031,20081103,000429.SZ,sell,17600.0,1.9036105030131598,33503.54485303161,10.051063455909484,16.751772426515807,16.760152502763958,1772715.2227839134
20081031,20081103,000039.SZ,buy,180900.0,2.4400926858112006,441412.7668632462,132.42383005897386,0.0,220.5960853889119,1331170.0320906083
20081031,20081103,000761.SZ,buy,169200.0,2.59021439324437,438264.2753369474,131.4792826010842,0.0,219.0226263552904,892774.2774710597
20081031,20081103,000959.SZ,buy,186900.0,2.3990411042944784,448380.782392638,134.51423471779137,0.0,224.07835202023853,444258.9808437039
20081031,20081103,001872.SZ,buy,75600.0,5.870691075294682,443824.245292278,133.1472735876834,0.0,221.80122203507926,301.5882778381929
20081128,20081201,000761.SZ,sell,169200.0,3.2037267764804,542070.5705804836,162.62117117414508,271.0352852902418,271.17087072564755,541938.5024018575
20081128,20081201,000959.SZ,sell,2400.0,2.6895663274804313,6454.959185953036,5.0,3.227479592976518,3.2290941400460724,548385.2341082175
20081128,20081201,000039.SZ,buy,3200.0,2.665149778191845,8528.479290213905,5.0,0.0,4.262108590812204,539851.7548180036
20081128,20081201,000429.SZ,buy,3900.0,2.043135598327389,7968.228833476816,5.0,0.0,3.9821233550610486,531878.5259845268
20081128,20081201,001872.SZ,buy,5800.0,6.237998364204954,36180.39051238874,10.85411715371662,0.0,18.081154678853636,495687.2813549844
20081128,20081201,600006.SH,buy,205300.0,2.4136529614926556,495522.9529944422,148.65688589833263,0.0,247.63765766838333,15.671474643866532
20081231,20090105,000039.SZ,sell,184100.0,2.48104247265616,456759.919215999,137.0279757647997,228.37995960799952,228.49420671135886,456410.18275527004
20081231,20090105,600006.SH,sell,205300.0,2.5390447823210267,521265.8938105068,156.37976814315203,260.6329469052534,260.76332856947556,977259.0638507283
20081231,20090105,000429.SZ,sell,300.0,1.9987910281638175,599.6373084491453,5.0,0.29981865422457266,0.2999686385437599,977853.4013405233
20081231,20090105,000959.SZ,buy,8700.0,2.603403865030675,22649.61362576687,6.79488408773006,0.0,11.319147239260928,955196.9928306687
20081231,20090105,001872.SZ,buy,200.0,5.945397642530671,1189.0795285061342,5.0,0.0,0.5942426429317038,954002.9133021625
20081231,20090105,600012.SH,buy,252200.0,1.9100121012101208,481705.05192519247,144.51151557755773,0.0,240.73215988260927,472153.3498613925
20081231,20090105,600377.SH,buy,197600.0,2.387692300497896,471807.9985783842,141.54239957351527,0.0,235.7861062361044,203.80888343480183
20090123,20090202,000429.SZ,sell,243500.0,2.1256983950313613,517607.5591901365,155.28226775704093,258.80377959506825,258.9332462181337,517397.2820262192
20090123,20090202,600012.SH,sell,252200.0,2.003508195819582,505284.76698569854,151.58543009570954,252.6423834928493,252.7687678768416,1022277.8211983291
20090123,20090202,000959.SZ,sell,12500.0,2.8670954580071926,35838.693225089904,10.75160796752697,17.919346612544953,17.92831076792936,1058087.8434688388
20090123,20090202,001872.SZ,sell,1600.0,6.356149979953492,10169.839967925587,5.0,5.084919983962794,5.087463715819467,1068247.5985167804
20090123,20090202,600377.SH,buy,24800.0,2.3187336781008447,57504.59521690095,17.251378565070283,0.0,28.73792864412826,1010725.7519213144
20090123,20090202,601398.SH,buy,337900.0,1.5231725816142598,514680.0153274584,154.4040045982375,0.0,257.21140196273336,495891.3325892578
20090123,20090202,601988.SH,buy,402800.0,1.2307079256965945,495729.1524705883,148.71874574117646,0.0,247.74070588231552,13.461372928344645
20090227,20090302,601398.SH,sell,337900.0,1.5298975966352895,516952.3979030643,155.0857193709193,258.4761989515322,258.6055017023464,516552.2973576702
20090227,20090302,601988.SH,sell,402800.0,1.2773795665634677,514528.4894117648,154.35854682352942,257.2642447058824,257.3929411764839,1030669.1639779055
20090227,20090302,000959.SZ,sell,10000.0,3.1067597842183203,31067.597842183204,9.32027935265496,15.533798921091602,15.541569705943402,1061711.907741815
20090227,20090302,600377.SH,sell,1700.0,2.432667468984678,4135.534697273953,5.0,2.0677673486369765,2.068801749512204,1065840.3746717405
20090227,20090302,000900.SZ,buy,231900.0,2.291556066730145,531411.8518747207,159.42355556241617,0.0,265.57313936774153,534269.0992414574
20090227,20090302,001872.SZ,buy,500.0,6.5741779167668986,3287.088958383449,5.0,0.0,1.6427231176326131,530977.010283074
20090331,20090401,000959.SZ,sell,170700.0,3.497323871377195,596993.1848440872,179.09795545322615,298.49659242204365,298.64591537963133,1127492.600579286
20090331,20090401,000900.SZ,sell,12600.0,2.6381871870607516,33241.15855696547,9.97234756708964,16.620579278482737,16.628893725341186,1160707.166209406
20090331,20090401,001872.SZ,sell,4200.0,7.550260348007377,31711.093461630986,9.513328038489295,15.855546730815494,15.863478470047994,1192392.8907962677
20090331,20090401,000429.SZ,buy,234800.0,2.477169585536834,581639.4186840487,174.4918256052146,0.0,290.6743721559178,610578.9802866138
20090331,20090401,600019.SH,buy,208700.0,2.775141476376803,579172.0261198388,173.75160783595163,0.0,289.4412924137432,31233.202558938996
20090331,20090401,600377.SH,buy,12200.0,2.5385392869914454,30970.179301295633,9.29105379038869,0.0,15.477350975161244,253.73220385297464
20090430,20090504,000429.SZ,sell,234800.0,2.4905570747755506,584782.8011572993,175.43484034718978,292.39140057864967,292.5376694132574,584568.7071202265
20090430,20090504,000900.SZ,sell,219300.0,2.9751943245046415,652460.1153638678,195.73803460916034,326.23005768193394,326.39325430907775,1236506.8543918033
20090430,20090504,001872.SZ,sell,76300.0,7.711962793681341,588422.7611578864,176.5268283473659,294.2113805789432,294.3585598587524,1824458.8773407633
20090430,20090504,600377.SH,sell,232900.0,2.5446132286193714,592640.4209454516,177.79212628363547,296.3202104727258,296.46844469511416,2416625.1859494587
20090430,20090504,000039.SZ,buy,180200.0,3.3324243152502477,600502.8616080947,180.1508584824284,0.0,300.10138011397794,1815942.1734828816
20090430,20090504,000554.SZ,buy,104700.0,5.742364630960156,601225.5768615283,180.36767305845848,0.0,300.4625571521465,1214536.228948295
20090430,20090504,000898.SZ,buy,116900.0,5.140573248407642,600933.0127388533,180.27990382165598,0.0,300.3163481953088,613422.9363056199
20090430,20090504,002003.SZ,buy,320900.0,1.8709267849300162,600380.4052840422,180.11412158521264,0.0,300.040182550787,12862.416899992386
20090430,20090504,600019.SH,buy,4500.0,2.8137521403959584,12661.884631781813,5.0,0.0,6.327778426677469,195.5322682105725
20090527,20090601,000554.SZ,sell,104700.0,6.827058013182116,714792.9739801675,214.43789219405025,357.39648699008376,357.5752746274229,714416.671869194
20090527,20090601,600019.SH,sell,213200.0,2.960406575950476,631158.6819926415,189.34760459779244,315.57934099632075,315.73720960109495,1345070.4269162414
20090527,20090601,000898.SZ,sell,4700.0,5.792770955414012,27226.023490445856,8.167807047133756,13.613011745222929,13.6198216560515,1372274.6695878948
20090527,20090601,000039.SZ,buy,2700.0,3.5574814076308927,9605.19980060341,5.0,0.0,4.800199800400151,1362664.4697872915
20090527,20090601,000767.SZ,buy,150100.0,4.32216,648756.216,194.6268648,0.0,324.2160000000149,713713.6269224915
20090527,20090601,002003.SZ,buy,34900.0,1.822764313238748,63614.474532032305,19.08434235960969,0.0,31.791341595206177,650080.0680480995
20090527,20090601,002222.SZ,buy,214200.0,3.0339558269179725,649873.3381258297,194.96200143774888,0.0,324.7742819219129,11.767920832033269
20090630,20090701,000039.SZ,sell,182900.0,3.9425877956480613,721099.3078240304,216.3297923472091,360.54965391201523,360.7300189214293,720534.1962986033
20090630,20090701,000767.SZ,sell,150100.0,4.3978,660109.78,198.03293399999998,330.05489,330.21999999997206,1380115.8884746032
20090630,20090701,000898.SZ,sell,112200.0,7.857261396724295,881584.7287124658,264.47541861373975,440.79236435623295,441.012870791601,2260995.349404099
20090630,20090701,002222.SZ,sell,214200.0,2.9370759888505447,629121.6768117867,188.736503043536,314.5608384058934,314.71819750452414,2889613.728874436
20090630,20090701,000429.SZ,buy,263200.0,2.7312382609765096,718861.9102890174,215.6585730867052,0.0,359.25132947973907,2170536.160012332
20090630,20090701,001872.SZ,buy,82400.0,8.721991724801539,718692.1181236468,215.60763543709402,0.0,359.166475823964,1451628.434253248
20090630,20090701,002003.SZ,buy,9200.0,1.9734264041704062,18155.522918367737,5.44665687551032,0.0,9.073224846757512,1433467.4646780046
20090630,20090701,600012.SH,buy,254100.0,2.8226060506050605,717224.1974587459,215.16725923762377,0.0,358.43288228823803,716028.0999600211
20090630,20090701,600066.SH,buy,362700.0,1.9733496217754034,715733.9078179388,214.72017234538163,0.0,357.6881098540034,79.47196973685641
20090731,20090803,000429.SZ,sell,263200.0,3.0140499631041697,793297.9502890175,237.98938508670523,396.64897514450877,396.8473988438491,792742.7838985232
20090731,20090803,001872.SZ,sell,82400.0,9.950919733782374,819955.7860636676,245.98673581910026,409.97789303183384,410.18298452405725,1612042.60533334
20090731,20090803,600012.SH,sell,254100.0,3.039916758342501,772442.8482948295,231.73285448844882,386.2214241474147,386.4146314631216,2383867.4993495336
20090731,20090803,002003.SZ,sell,7900.0,2.295917288472188,18137.746578930288,5.4413239736790855,9.068873289465143,9.073409994460235,2401990.735731201
20090731,20090803,600066.SH,sell,21800.0,2.3958826385967935,52230.2415214101,15.669072456423027,26.11512076070505,26.128184853128914,2454179.1930593937
20090731,20090803,002254.SZ,buy,134400.0,6.087544038551219,818165.9187812839,245.44977563438513,0.0,408.87852013052907,1635767.8245024756
20090731,20090803,600377.SH,buy,284200.0,2.8827626977140812,819281.1586903419,245.78434760710255,0.0,409.43586141441483,816240.8814645266
20090731,20090803,600829.SH,buy,92700.0,8.802512949956101,815992.9504609306,244.79788513827916,0.0,407.79257894086186,3.1331184577429667
20090831,20090901,002254.SZ,sell,134400.0,5.412930296906576,727497.8319042438,218.24934957127311,363.7489159521219,363.9308813927928,726918.9667571781
20090831,20090901,600066.SH,sell,340900.0,2.0019287819147706,682457.5217547453,204.73725652642358,341.2287608773726,341.39946060755756,1408830.5224945196
20090831,20090901,600829.SH,sell,92700.0,8.549294102509764,792519.5633026551,237.75586899079653,396.25978165132756,396.4580106565263,2200716.0701465327
20090831,20090901,000989.SZ,buy,143400.0,5.022531326938449,720230.9922829735,216.06929768489204,0.0,359.93552837730385,1480269.0085658743
20090831,20090901,002003.SZ,buy,1300.0,2.0055347186312513,2607.1951342206266,5.0,0.0,1.3029460940633726,1477656.8134316537
20090831,20090901,600012.SH,buy,278500.0,2.6127468646864687,727650.0018151816,218.29500054455445,0.0,363.6431793179363,749788.5166159276
20090831,20090901,600377.SH,buy,9600.0,2.5016820922619867,24016.14808571507,7.204844425714521,0.0,12.002073006351566,725765.1636857868
20090831,20090901,601398.SH,buy,380700.0,1.9053623793310632,725371.4578113358,217.61143734340072,0.0,362.5044766672654,176.09443710756022
20090930,20091009,000989.SZ,sell,143400.0,5.232472605027089,750336.5715608846,225.10097146826536,375.1682857804423,375.3559637622675,749912.3967407434
20090930,20091009,601398.SH,sell,380700.0,2.0912430602843983,796136.2330502705,238.84086991508113,398.0681165251352,398.2672501502093,1545411.7208045735
20090930,20091009,600377.SH,sell,4500.0,2.66489800704206,11992.041031689268,5.0,5.996020515844634,5.999020025858044,1557392.765815747
20090930,20091009,000900.SZ,buy,233100.0,3.2849850449855227,765730.0139861254,229.71900419583758,0.0,382.6736701579066,791433.0328254257
20090930,20091009,002003.SZ,buy,3100.0,2.124088495102064,6584.674334816399,5.0,0.0,3.2906918214966936,784843.3584906093
20090930,20091009,600012.SH,buy,7900.0,2.686197579757976,21220.96088008801,6.3662882640264025,0.0,10.605177851117332,763616.0313222572
20090930,20091009,600829.SH,buy,80600.0,9.471264705882353,763383.9352941177,229.01518058823527,0.0,381.5012170384871,3.080847551347688
20091030,20091102,000900.SZ,sell,8300.0,3.5935696818950276,29826.62835972873,8.947988507918618,14.913314179864365,14.920774567148328,29805.847904592294
20091030,20091102,600829.SH,sell,2400.0,10.319986527807211,24767.967666737306,7.430390300021191,12.383983833368653,12.390178922829364,54554.00119719621
20091030,20091102,002003.SZ,buy,10300.0,2.1858352536806125,22514.10311291031,6.754230933873092,0.0,11.25142584353307,32033.143853352027
20091030,20091102,600012.SH,buy,4700.0,2.7911271727172715,13118.297711771176,5.0,0.0,6.55587092042515,18909.84614158085
20091030,20091102,600377.SH,buy,6800.0,2.7527469617363076,18718.67933980689,5.615603801942067,0.0,9.35466233873376,185.55119797201405
20091130,20091201,000900.SZ,sell,224800.0,4.45652255915483,1001826.2712980057,300.5478813894017,500.91313564900287,501.16371750773396,1001210.3614789393
20091130,20091201,600829.SH,sell,78200.0,11.216195884169418,877106.5181420485,263.1319554426145,438.5532590710243,438.7726453935029,1877615.194406474
20091130,20091201,002003.SZ,sell,200.0,2.578434783937062,515.6869567874124,5.0,0.25784347839370625,0.2579724646259365,1878125.6235197831
20091130,20091201,600012.SH,sell,2600.0,3.3229434910157685,8639.653076640998,5.0,4.319826538320499,4.321987532086496,1886755.9567698857
20091130,20091201,600377.SH,sell,6100.0,3.3008904725882324,20135.431882788216,6.040629564836465,10.067715941394109,10.072752317551931,1906875.2803071677
20091130,20091201,001872.SZ,buy,102600.0,9.29981236468607,954160.7486167909,286.24822458503724,0.0,476.841953331721,952428.2834657917
20091130,20091201,601988.SH,buy,562500.0,1.6925331501547984,952049.8969620741,285.6149690886222,0.0,475.7870549533982,92.77153462904971
20091231,20100104,002003.SZ,sell,371600.0,2.629016518932957,976942.5384354868,293.08276153064605,488.47126921774344,488.71562703116797,976253.7559393675
20091231,20100104,600377.SH,sell,290000.0,3.215792889170082,932579.9378593238,279.77398135779714,466.28996892966194,466.5232305448735,1908087.6298484039
20091231,20100104,001872.SZ,sell,7300.0,9.777804506454975,71377.97289712132,21.413391869136394,35.68898644856066,35.70683986849326,1979408.5003672075
20091231,20100104,601988.SH,sell,7200.0,1.7811291137770895,12824.129619195044,5.0,6.412064809597522,6.415272445819937,1992221.217921593
20091231,20100104,600012.SH,buy,17300.0,3.132148349834983,54186.16645214521,16.25584993564356,0.0,27.079543454347004,1938018.7956195122
20091231,20100104,601398.SH,buy,429000.0,2.319757336270779,995175.8972601641,298.55276917804923,0.0,497.33927899051923,942544.34559017
20091231,20100104,601857.SH,buy,117100.0,8.041827718117071,941698.0257915091,282.5094077374527,0.0,470.6137060428737,563.8103909235215
20100129,20100201,001872.SZ,sell,95300.0,9.623924304386176,917159.9862080025,275.14799586240076,458.5799931040013,458.8093978028046,916990.0686099597
20100129,20100201,600012.SH,sell,305800.0,3.8261021268793547,1170022.0303997067,351.00660911991196,585.0110151998533,585.303667033324,2086076.0813853466
20100129,20100201,000088.SZ,buy,245500.0,3.7393921251154096,918020.7667158331,275.4062300147499,0.0,458.7809928614879,1167779.9084394989
20100129,20100201,600350.SH,buy,349400.0,2.6607535007242875,929667.273153066,278.90018194591977,0.0,464.6013359085191,237833.73510448693
20100129,20100201,601398.SH,buy,56100.0,2.0677026717404368,115998.11988463851,34.79943596539155,0.0,57.97007490487886,121800.81578388302
20100129,20100201,601857.SH,buy,7500.0,7.565705066214109,56742.78799660582,17.022836398981745,0.0,28.357215390598867,65041.004950878225
20100129,20100201,601988.SH,buy,38700.0,1.6761007894736841,64865.10055263158,19.45953016578947,0.0,32.41634210526536,156.4448680808564
20100226,20100301,000088.SZ,sell,245500.0,3.7767559360010807,927193.5822882653,278.15807468647955,463.5967911441327,463.8287054968532,926608.2722905156
20100226,20100301,600350.SH,sell,349400.0,2.9423555448253667,1028059.0273619831,308.4177082085949,514.0295136809915,514.2866570095066,1953844.852430609
20100226,20100301,601857.SH,sell,124600.0,7.534940860783442,938853.6312536168,281.656089376085,469.4268156268084,469.66164645005483,2891947.400779223
20100226,20100301,601398.SH,sell,10100.0,2.082707374324054,21035.344480672946,6.310603344201883,10.517672240336474,10.522933707186894,2912965.9169843113
20100226,20100301,601988.SH,sell,16500.0,1.7031534152476782,28102.03135158669,8.430609405476007,14.051015675793346,14.058044698140293,2941045.4667108166
20100226,20100301,600377.SH,buy,290300.0,3.389375737903336,983935.7767133384,295.18073301400153,0.0,491.72202734288294,1956814.509264464
20100226,20100301,600664.SH,buy,119400.0,8.17774526831218,976422.7850364742,292.9268355109422,0.0,487.967408813769,980098.7973924788
20100226,20100301,600829.SH,buy,87200.0,11.232854697102722,979504.9295873573,293.8514788762072,0.0,489.5077109382255,300.01632624526974
20100331,20100401,601988.SH,sell,577500.0,1.7647131772445819,1019121.8598587461,305.7365579576238,509.56092992937306,509.81583784823306,1018606.5786971044
20100331,20100401,600377.SH,sell,19900.0,3.6099290650015137,71837.58839353012,21.551276518059037,35.91879419676506,35.93676257804327,1090386.6970199198
20100331,20100401,601398.SH,sell,12900.0,2.1253858041257767,27417.47687322252,8.225243061966756,13.708738436611261,13.715596234724217,1117782.2399116438
20100331,20100401,002212.SZ,buy,113200.0,8.616961784291666,975440.0739818166,292.63202219454496,0.0,487.4762988415314,142049.53390763258
20100331,20100401,600664.SH,buy,9000.0,7.613612038572998,68522.50834715698,20.55675250414709,0.0,34.244132107516634,73506.46880797145
20100331,20100401,600829.SH,buy,7000.0,10.39011874451273,72730.8312115891,21.81924936347673,0.0,36.34724198479671,753.8183470188815
20100430,20100504,600377.SH,sell,270400.0,3.2023564286303747,865917.1783016534,259.775153490496,432.9585891508267,433.1751767391106,865978.262906031
20100430,20100504,600664.SH,sell,128400.0,8.942841222144498,1148260.8129233536,344.47824387700604,574.1304064616768,574.4176152693108,2013320.467179046
20100430,20100504,600829.SH,sell,94200.0,11.308532605734007,1065263.7714601434,319.57913143804296,532.6318857300718,532.8983348975889,3077732.0276220217
20100430,20100504,000792.SZ,buy,32500.0,29.2530301160266,950723.4787708645,285.21704363125934,0.0,475.12417729676235,2126723.331807526
20100430,20100504,002212.SZ,buy,22600.0,6.967510353635174,157465.73399215494,47.23972019764648,0.0,78.69352023594547,1969210.3580951733
20100430,20100504,600177.SH,buy,351200.0,2.7122233817613526,952532.851674587,285.75985550237607,0.0,476.028411631356,1016391.7465650839
20100430,20100504,600533.SH,buy,232400.0,4.085786210367387,949536.7152893808,284.8610145868142,0.0,474.53109209856484,66570.17026111635
20100430,20100504,601398.SH,buy,34800.0,1.9096344922892048,66455.28033166433,19.936584099499296,0.0,33.21103464849875,94.95334535252186
20100531,20100601,000792.SZ,sell,32500.0,28.35384421224047,921499.9368978153,276.4499810693446,460.7499684489077,460.980458678212,920857.6902936497
20100531,20100601,002212.SZ,sell,135800.0,7.055247635843952,958102.6289476088,287.4307886842826,479.0513144738044,479.2909599536797,1878193.8371381003
20100531,20100601,600177.SH,sell,351200.0,2.3694522388005272,832151.6262667452,249.64548788002352,416.0758131333726,416.2839551109355,2709679.742103832
20100531,20100601,600533.SH,sell,232400.0,3.6516659562153997,848647.1682244589,254.59415046733767,424.32358411222947,424.5358520381851,3557647.9925937112
20100531,20100601,600548.SH,buy,347600.0,2.583304202554685,897956.5408080085,269.38696224240255,0.0,448.7538934572367,2659422.0648234603
20100531,20100601,601006.SH,buy,253700.0,3.429237877813505,869997.6496012863,260.99929488038583,0.0,434.7814340835903,1789163.4159272937
20100531,20100601,601398.SH,buy,8500.0,1.8871838574003603,16041.062787903064,5.0,0.0,8.016523132384464,1773117.3531393907
20100531,20100601,601857.SH,buy,137000.0,6.328947446027153,867065.8001057201,260.119740031716,0.0,433.31624193198513,905791.433293639
20100531,20100601,601988.SH,buy,542900.0,1.6678846091331265,905494.5542983743,271.6483662895123,0.0,452.52101664070506,25.230628975084983
20100630,20100701,600548.SH,sell,347600.0,2.2704149120811254,789196.2234393992,236.75886703181973,394.5981117196996,394.7955094744684,788590.0970896228
20100630,20100701,601857.SH,sell,137000.0,6.025724780213666,825524.2948892723,247.65728846678167,412.7621474446362,412.9686317604501,1613453.9725429835
20100630,20100701,601006.SH,sell,6700.0,3.4246533762057885,22945.177620578783,6.883553286173634,11.472588810289391,11.478327974276908,1636380.7940214658
20100630,20100701,601398.SH,sell,26900.0,1.7965777288203486,48327.94090526738,14.498382271580212,24.16397045263369,24.176058481869404,1684670.072574009
20100630,20100701,000959.SZ,buy,281800.0,2.8791922085889565,811356.3643803679,243.40690931411035,0.0,405.4754444678547,873070.3012843269
20100630,20100701,600377.SH,buy,289800.0,2.838631491211179,822635.4061529997,246.7906218458999,0.0,411.112147003063,50188.104509481345
20100630,20100701,601988.SH,buy,34700.0,1.4451455863003095,50146.55184462074,15.043965553386222,0.0,25.06074554953375,26.508699307218194
20100730,20100802,000959.SZ,sell,281800.0,3.310998633382695,933039.4148872434,279.911824466173,466.5197074436217,466.7530839855317,932319.4920546408
20100730,20100802,600377.SH,sell,289800.0,3.168040802684785,918098.2246180506,275.42946738541514,459.0491123090253,459.27875168493483,1849683.238092997
20100730,20100802,601006.SH,sell,1100.0,3.6093160582561006,3970.247664081711,5.0,1.9851238320408555,1.986116890485846,1853646.5006332467
20100730,20100802,600900.SH,buy,195800.0,4.7809924441017735,936118.3205551272,280.8354961665381,0.0,467.8252476536436,917247.344581953
20100730,20100802,601398.SH,buy,3200.0,1.9093860204286,6110.03526537152,5.0,0.0,3.053490887242333,911132.3093165815
20100730,20100802,601939.SH,buy,417900.0,2.171824416225325,907605.4235405632,272.2816270621689,0.0,453.57592380826827,3254.604148956132
20100730,20100802,601988.SH,buy,2100.0,1.526141946594427,3204.8980878482967,5.0,0.0,1.6016482198137965,44.70606110783547
20100831,20100901,600900.SH,sell,4800.0,4.5796142397575315,21982.148350836153,6.594644505250845,10.991074175418076,10.996572461644973,22009.26869326332
20100831,20100901,601006.SH,sell,7600.0,3.6009222999810864,27367.009479856257,8.210102843956877,13.683504739928129,13.690349914882972,49354.384565535685
20100831,20100901,601398.SH,buy,700.0,1.8116965031043462,1268.1875521730424,5.0,0.0,0.6337768876426253,48081.197013362646
20100831,20100901,601939.SH,buy,4400.0,2.053361266249398,9034.789571497351,5.0,0.0,4.515137217140364,39041.407441865296
20100831,20100901,601988.SH,buy,27300.0,1.428093720975232,38986.95858262383,11.696087574787148,0.0,19.483737422597187,42.75277166667365
20100930,20101008,600900.SH,sell,191000.0,4.458185074309415,851513.3491930983,255.45400475792945,425.75667459654915,425.96965942613315,850874.8912854104
20100930,20101008,601006.SH,sell,238300.0,3.5589535086060153,848098.6211008135,254.42958633024404,424.04931055040674,424.2614412709372,1698295.0334893432
20100930,20101008,601398.SH,sell,2000.0,1.7965777288203486,3593.155457640697,5.0,1.7965777288203486,1.7974764670539116,1701881.3923692552
20100930,20101008,601988.SH,sell,4100.0,1.4266663409442724,5849.331997871516,5.0,2.924665998935758,2.9261290634676698,1707722.7997011277
20100930,20101008,600210.SH,buy,254100.0,3.3443549687282834,849800.5975538568,254.940179266157,0.0,424.68795479938854,857667.2619680048
20100930,20101008,600377.SH,buy,260300.0,3.2929998982202293,857167.8735067256,257.15036205201767,0.0,428.36975187738426,242.23809922707733
20100930,20101008,601939.SH,buy,100.0,2.0358111699566677,203.58111699566678,5.0,0.0,0.10173968865348115,33.65698223141055
20101029,20101101,600377.SH,sell,5000.0,3.640673182405854,18203.36591202927,5.46100977360878,9.101682956014635,9.106236074050685,18222.46020153106
20101029,20101101,601398.SH,sell,2700.0,1.938529549369117,5234.029783296616,5.0,2.6170148916483083,2.618324053674769,23448.872969936026
20101029,20101101,601939.SH,sell,4300.0,2.222251342079923,9555.680770943669,5.0,4.777840385471834,4.78023050072261,32994.77590049422
20101029,20101101,600210.SH,buy,2600.0,3.608067546907574,9380.975621959693,5.0,0.0,4.688143739109364,23608.800278534527
20101029,20101101,601988.SH,buy,15500.0,1.513353047600619,23456.972237809594,7.0370916713428775,0.0,11.722624806501699,144.79094905358943
20101130,20101201,600210.SH,sell,256700.0,3.8559353254574944,989818.5980449388,296.9455794134816,494.9092990224694,495.15687746112235,989171.5341155564
20101130,20101201,601398.SH,sell,477700.0,1.896747927097937,906076.4847746845,271.82294543240533,453.0382423873423,453.264874824672,1894523.1577024213
20101130,20101201,000088.SZ,buy,292900.0,3.005258042650933,880240.0806924583,264.07202420773746,0.0,439.9000903010601,1014019.0049857552
20101130,20101201,600011.SH,buy,237300.0,3.7239952826086946,883704.0805630432,265.11122416891294,0.0,441.63122466916684,130049.81319854304
20101130,20101201,600377.SH,buy,29800.0,3.1384209556295217,93524.94447775975,28.057483343327924,0.0,46.73910268754116,36496.81123743995
20101130,20101201,601939.SH,buy,14300.0,2.0596595510351468,29453.131579802597,8.835939473940778,0.0,14.719206186804513,7034.843718163411
20101130,20101201,601988.SH,buy,4800.0,1.4370378192724456,6897.781532507739,5.0,0.0,3.4471671826622696,132.06218565567178
20101231,20110104,600011.SH,sell,237300.0,3.630628012287334,861548.0273157844,258.4644081947353,430.77401365789217,430.9895084120799,860990.8510795874
20101231,20110104,601939.SH,sell,432400.0,2.0709909484833893,895496.4861242175,268.6489458372652,447.74824306210877,447.9722291766666,1755770.9400149055
20101231,20110104,600377.SH,sell,6200.0,3.121245517563888,19351.722208896103,5.80551666266883,9.675861104448051,9.68070145517413,1775107.1808460345
20101231,20110104,000088.SZ,buy,5700.0,2.9014657711622043,16538.354895624565,5.0,0.0,8.265044925348775,1758563.82595041
20101231,20110104,000539.SZ,buy,231400.0,3.74122276772016,865718.948450445,259.71568453513345,0.0,432.6431526488159,892585.1618154299
20101231,20110104,601006.SH,buy,265400.0,3.293645243048988,874133.4475052014,262.2400342515604,0.0,436.8482996027451,18189.474275976885
20101231,20110104,601988.SH,buy,12700.0,1.4282485971362227,18138.757183630027,5.441627155089008,0.0,9.064846168726945,45.27546519177122
20110131,20110201,601006.SH,sell,265400.0,3.6386942122186503,965709.4439228298,289.7128331768489,482.8547219614149,483.0962700963719,964982.1518328834
20110131,20110201,000539.SZ,buy,5400.0,3.703176434489107,19997.152746241176,5.999145823872352,0.0,9.993579583326209,944978.9999408183
20110131,20110201,600377.SH,buy,20800.0,3.0353683272357164,63135.661206502904,18.94069836195087,0.0,31.552054575964576,881824.3980359534
20110131,20110201,600900.SH,buy,193600.0,4.543679259830378,879656.3047031611,263.8968914109483,0.0,439.6083481773967,1904.1964413813548
20110131,20110201,601328.SH,buy,800.0,2.3343161724175943,1867.4529379340754,5.0,0.0,0.9332598390476505,31.74350344727941
20110228,20110301,000088.SZ,sell,298600.0,3.393442835588984,1013282.0307068706,303.9846092120612,506.6410153534353,506.8944625846343,1012503.1485857525
20110228,20110301,000539.SZ,sell,236800.0,3.959198532445959,937538.2124832032,281.2614637449609,468.7691062416016,469.00360804551747,1949291.3304989692
20110228,20110301,600377.SH,sell,5900.0,3.0697707039309,18111.64715319231,5.433494145957692,9.055823576596154,9.060353753469826,1967388.488334439
20110228,20110301,600900.SH,buy,9600.0,4.503162374710871,43230.35879722436,12.969107639167307,0.0,21.604377210001985,1924145.1604295755
20110228,20110301,601328.SH,buy,392600.0,2.338522147503031,918103.7951096899,275.43113853290697,0.0,458.8224863115465,1005765.9341813526
20110228,20110301,601398.SH,buy,479400.0,1.9257691327858997,923213.7222575604,276.96411667726807,0.0,461.3761730422266,82275.24780711497
20110228,20110301,601988.SH,buy,57700.0,1.4238539860681114,82156.37499613003,24.646912498839008,0.0,41.05765866873844,94.22589848609641
20110331,20110401,600900.SH,sell,203200.0,4.602743604604791,935277.5004556936,280.58325013670805,467.6387502278468,467.87268657120876,934623.5043538151
20110331,20110401,601398.SH,sell,9000.0,2.0277138553975567,18249.42469857801,5.474827409573402,9.124712349289004,9.129276987783669,952858.3295126342
20110331,20110401,601988.SH,sell,19000.0,1.4663330301857582,27860.327573529405,8.35809827205882,13.930163786764703,13.937132352941262,980696.3688241048
20110331,20110401,600377.SH,buy,4200.0,3.1524735867741316,13240.389064451352,5.0,0.0,6.616886089181207,967450.9797596534
20110331,20110401,601328.SH,buy,8200.0,2.3931998236137138,19624.238553632455,5.887271566089736,0.0,9.807215668981371,947820.8539344548
20110331,20110401,601939.SH,buy,426700.0,2.220500643957631,947487.6247767212,284.24628743301633,0.0,473.5070588589879,48.982870300649665
20110429,20110503,601328.SH,sell,401600.0,2.5000538713115055,1004021.6347187005,301.2064904156101,502.01081735935026,502.2619483335875,1003267.4002812263
20110429,20110503,601939.SH,sell,2700.0,2.3164747893596536,6254.481931271064,5.0,3.127240965635532,3.1288053683201724,1009513.7549715317
20110429,20110503,601988.SH,sell,900.0,1.4795036861455109,1331.5533175309597,5.0,0.6657766587654799,0.6661097136222907,1010839.6425124039
20110429,20110503,600377.SH,buy,9200.0,3.189947269826424,29347.514882403102,8.80425446472093,0.0,14.666424229089898,981483.3233755361
20110429,20110503,601398.SH,buy,7900.0,2.0659072621670336,16320.667371119565,5.0,0.0,8.15625555778206,965157.6560044165
20110429,20110503,601628.SH,buy,60500.0,15.940744745057234,964415.0570759627,289.3245171227888,0.0,481.96654526528437,453.2744113310473
20110531,20110601,601398.SH,sell,478300.0,2.045778121369918,978495.6754512318,293.5487026353695,489.2478377256159,489.49258401745465,978166.1533222019
20110531,20110601,600377.SH,sell,3900.0,3.1820793882210547,12410.109614062114,5.0,6.205054807031057,6.208158886473029,990565.057881457
20110531,20110601,601988.SH,sell,9500.0,1.4663330301857582,13930.163786764702,5.0,6.965081893382352,6.968566176470631,1004483.2565863284
20110531,20110601,600350.SH,buy,405700.0,2.364484403669725,959271.3225688074,287.7813967706422,0.0,479.39596330281347,44924.15262075036
20110531,20110601,601628.SH,buy,2800.0,14.997505411030176,41993.015150884494,12.597904545265347,0.0,20.98601456815959,2918.539565320607
20110531,20110601,601939.SH,buy,1200.0,2.251775300914781,2702.130361097737,5.0,0.0,1.3503899855559212,211.4092042228699
20110630,20110701,600350.SH,sell,405700.0,2.1393772251730248,867945.3402526962,260.3836020758088,433.9726701263481,434.1897650087485,867462.3931847168
20110630,20110701,601628.SH,sell,63300.0,15.081781931024233,954676.796233834,286.40303887015017,477.338398116917,477.5771867102012,1821375.4479815639
20110630,20110701,601939.SH,sell,23300.0,2.306621750120366,53744.28677780453,16.12328603334136,26.872143388902266,26.885586181982944,1875076.7393299462
20110630,20110701,601988.SH,sell,27100.0,1.4533132275541796,39384.788466718266,11.81543654001548,19.692394233359135,19.702245356034837,1914430.019965891
20110630,20110701,600019.SH,buy,280600.0,3.232664406062022,907085.6323410034,272.125689702301,0.0,453.3161580914166,1007072.2619351853
20110630,20110701,600377.SH,buy,36200.0,2.6741171787747917,96803.04187164747,29.04091256149424,0.0,48.37733226969431,910240.1791509764
20110630,20110701,600900.SH,buy,209800.0,4.336745759444873,909849.2603315343,272.95477809946027,0.0,454.69728152488824,117.96404134260956
20110729,20110801,600900.SH,sell,209800.0,4.038789952941802,847338.1321271901,254.201439638157,423.6690660635951,423.8810065668076,846778.225662831
20110729,20110801,601939.SH,sell,401900.0,2.204105227892794,885829.891090114,265.74896732703417,442.91494554505704,443.13651380187366,1731899.452840073
20110729,20110801,600377.SH,sell,15800.0,2.750451995708745,43457.14153219818,13.037142459659451,21.72857076609909,21.739440486337116,1775321.8286590455
20110729,20110801,601988.SH,sell,7200.0,1.407322302631579,10132.72057894737,5.0,5.066360289473685,5.068894736839866,1785444.4828777034
20110729,20110801,600019.SH,buy,4800.0,3.114723084447818,14950.670805349528,5.0,0.0,7.47159960287172,1770488.812072354
20110729,20110801,600246.SH,buy,219300.0,4.04210027762176,886432.590882452,265.92977726473555,0.0,442.99479804211296,883790.2914126372
20110729,20110801,600660.SH,buy,155300.0,5.6859207826445,883023.4975446909,264.90704926340726,0.0,441.29110322066117,501.88681868300773
20110831,20110901,600246.SH,sell,219300.0,3.860952293990212,846706.8380720535,254.01205142161604,423.35341903602676,423.56520163675305,846531.3594202789
20110831,20110901,600377.SH,sell,6000.0,2.6714443979864115,16028.666387918469,5.0,8.014333193959235,8.018342365141507,862547.0114750034
20110831,20110901,601988.SH,sell,16100.0,1.3797277476780185,22213.6167376161,6.664085021284829,11.10680836880805,11.112364551081555,884742.8573192294
20110831,20110901,001696.SZ,buy,191900.0,4.404435420276001,845211.1571509646,253.56334714528936,0.0,422.3943813847145,39278.136821119464
20110831,20110901,600019.SH,buy,13100.0,2.8359526879051566,37150.98021155755,11.145294063467265,0.0,18.566207002273586,2116.011315498443
20110831,20110901,600660.SH,buy,300.0,5.426157904249574,1627.847371274872,5.0,0.0,0.8135169271736231,483.16394422357075
20110930,20111010,600019.SH,sell,2900.0,2.7313615458739706,7920.9484830345145,5.0,3.9604742415172574,3.962455469251836,8395.151953016568
20110930,20111010,600377.SH,sell,13900.0,2.6615684482711193,36995.80143096856,11.098740429290567,18.49790071548428,18.507154292623454,45361.356742840355
20110930,20111010,001696.SZ,buy,10800.0,3.982192024613178,43007.673865822326,12.902302159746696,0.0,21.49309038771753,2340.780574858283
20110930,20111010,601988.SH,buy,1700.0,1.312052757352941,2230.4896875,5.0,0.0,1.1146874999999454,105.29088735828327
20111031,20111101,001696.SZ,sell,202700.0,4.043666861819703,819651.2728908537,245.89538186725608,409.8256364454269,410.0306517712306,819100.8427598992
20111031,20111101,600019.SH,sell,4400.0,2.8063400981136484,12347.896431700054,5.0,6.173948215850027,6.177036734216017,831437.5652433834
20111031,20111101,601988.SH,sell,18200.0,1.3797277476780185,25111.045007739936,7.53331350232198,12.555522503869968,12.5618034055733,856528.5214151172
20111031,20111101,600377.SH,buy,1900.0,2.68894592468297,5108.997256897644,5.0,0.0,2.553222017440021,851414.5241582196
20111031,20111101,600660.SH,buy,6900.0,5.022082315635243,34652.36797788318,10.395710393364952,0.0,17.317525226324506,816751.760469943
20111031,20111101,601398.SH,buy,401900.0,2.031281506108551,816372.0373050267,244.91161119150797,0.0,407.98202763858717,134.81155372492503
20111130,20111201,600660.SH,sell,162500.0,4.630691244498869,752487.3272310662,225.74619816931983,376.2436636155331,376.43187955522444,752020.1489230063
20111130,20111201,600377.SH,sell,23100.0,2.8146456688581414,65018.31495062307,19.50549448518692,32.50915747531153,32.5254201853968,816986.4492216689
20111130,20111201,601398.SH,sell,4400.0,2.001001802523533,8804.407931103546,5.0,4.402203965551773,4.404406168634523,825781.4549488069
20111130,20111201,600012.SH,buy,318900.0,2.4845566556655667,792325.1174917492,237.69753524752474,0.0,395.9645764576271,33218.63992181013
20111130,20111201,600019.SH,buy,11400.0,2.6375968288267244,30068.603848624658,9.020581154587397,0.0,15.026788530045451,3141.015492030885
20111130,20111201,601988.SH,buy,2300.0,1.3442786145510834,3091.840813467492,5.0,0.0,1.5451478328168378,44.17467856339317
20111230,20120104,600012.SH,sell,318900.0,2.3805339767310065,759152.2851795179,227.74568555385537,379.57614258975894,379.7660256025847,758589.1380299376
20111230,20120104,600019.SH,sell,200.0,2.6028268848916665,520.5653769783333,5.0,0.2602826884891667,0.26041289493650766,759104.4431242275
20111230,20120104,600377.SH,sell,1200.0,2.8146456688581414,3377.5748026297697,5.0,1.688787401314885,1.6896322174234228,762475.3291394559
20111230,20120104,601398.SH,sell,3800.0,1.9962935629881833,7585.915539355096,5.0,3.7929577696775483,3.794855197275865,770052.4517210413
20111230,20120104,601988.SH,sell,9200.0,1.347534100232198,12397.313722136223,5.0,6.198656861068112,6.20175773993833,782438.5667863165
20111230,20120104,600004.SH,buy,241000.0,3.245066299165673,782060.9780989272,234.61829342967815,0.0,390.8350715136621,142.97039395954926
20120131,20120201,600004.SH,sell,1800.0,3.361697333134684,6051.055199642432,5.0,3.025527599821216,3.027041120381,6186.00006600216
20120131,20120201,600019.SH,sell,4900.0,2.726005934999708,13357.429081498569,5.0,6.678714540749285,6.682055568533542,19531.75043295998
20120131,20120201,600377.SH,buy,600.0,2.8916054520947374,1734.9632712568425,5.0,0.0,0.8670481115725579,17791.787161703138
20120131,20120201,601398.SH,buy,6300.0,2.0265685559783693,12767.381902663727,5.0,0.0,6.380500700981429,5019.405259039411
20120131,20120201,601988.SH,buy,3600.0,1.3811081656346746,4971.989396284829,5.0,0.0,2.484752321981432,42.41586275458212
20120229,20120301,600004.SH,sell,239200.0,3.518055348629321,841518.8393921335,252.45565181764005,420.75941969606674,420.9699046483729,840888.0401833744
20120229,20120301,600019.SH,sell,300.0,2.8277625416106993,848.3287624832097,5.0,0.4241643812416049,0.4243765695264301,841730.9447814764
20120229,20120301,600377.SH,sell,5500.0,3.0664823865980804,16865.653126289442,5.059695937886832,8.43282656314472,8.437045085684076,858583.1053852648
20120229,20120301,601006.SH,buy,252500.0,3.3308872328352552,841049.0262909019,252.31470788727057,0.0,420.31435596733354,17281.76438647567
20120229,20120301,601398.SH,buy,2200.0,2.0878369076707384,4593.241196875624,5.0,0.0,2.295472862006136,12683.523189600044
20120229,20120301,601988.SH,buy,8900.0,1.4087303289473683,12537.699927631578,5.0,0.0,6.26571710526332,140.82326196846589
20120330,20120405,601006.SH,sell,252500.0,3.248747425761301,820308.7250047285,246.09261750141854,410.1543625023643,410.35954227345064,819793.3012866932
20120330,20120405,600377.SH,sell,300.0,2.893653266580475,868.0959799741426,5.0,0.4340479899870713,0.4342651225483678,820655.9632186773
20120330,20120405,601398.SH,sell,3900.0,2.0292512397356295,7914.079834968955,5.0,3.9570399174844777,3.9590194271968357,828561.0860137288
20120330,20120405,600019.SH,buy,14000.0,2.5571822913624946,35800.55207907492,10.740165623722476,0.0,17.89133037434658,792749.7937690301
20120330,20120405,601939.SH,buy,353700.0,2.23896196437169,791920.8467982666,237.57625403947998,0.0,395.76254212798085,591.3707167239627
20120330,20120405,601988.SH,buy,400.0,1.3626933900928793,545.0773560371517,5.0,0.0,0.27240247678014384,41.293360686810956
20120427,20120502,600019.SH,sell,311200.0,2.704583491502657,841666.3825556269,252.49991476668805,420.83319127781346,421.0437131343642,841034.3428102693
20120427,20120502,601398.SH,sell,2700.0,2.071625395553775,5593.388567995193,5.0,2.7966942839975966,2.7980933306625957,846619.9346839805
20120427,20120502,601988.SH,sell,4000.0,1.4027232101393188,5610.892840557275,5.0,2.8054464202786376,2.8068498452012136,852223.0220781176
20120427,20120502,600377.SH,buy,600.0,2.97563501224108,1785.3810073446482,5.0,0.0,0.8922443814815324,850432.6410707729
20120427,20120502,601006.SH,buy,251500.0,3.3002080083222993,830002.3140930582,249.00069422791745,0.0,414.7937601663871,20181.326283486793
20120427,20120502,601939.SH,buy,8900.0,2.2436264684641305,19968.275569330763,5.990482670799229,0.0,9.979148210557469,207.06023148522945
20120531,20120601,601398.SH,sell,395600.0,1.9821688443821348,784145.9948375726,235.24379845127174,392.0729974187863,392.2691319846781,783725.7382731878
20120531,20120601,601939.SH,sell,362600.0,2.0969288637457875,760346.4059942225,228.10392179826673,380.1732029971113,380.3633846894372,1543463.867142615
20120531,20120601,600377.SH,sell,7100.0,2.9924127637333924,21246.130622507088,6.373839186752126,10.623065311253544,10.628379500998562,1564693.000860624
20120531,20120601,601006.SH,sell,5500.0,3.257504157367127,17916.272865519197,5.374881859655758,8.958136432759598,8.96261774163213,1582594.9407078507
20120531,20120601,601988.SH,sell,10600.0,1.3935250251547988,14771.365266640867,5.0,7.3856826333204335,7.389377321980646,1597353.9202918583
20120531,20120601,600019.SH,buy,308900.0,2.594709075512468,801505.6334258014,240.4516900277404,0.0,400.5525404425571,795607.8351760291
20120531,20120601,600028.SH,buy,330100.0,2.4090460240010545,795226.092522748,238.56782775682439,0.0,397.4143390916288,143.1748255242128
20120629,20120702,600019.SH,sell,308900.0,2.4256685306313153,749289.0091120133,224.78670273360396,374.64450455600667,374.83192051621154,748832.7527302479
20120629,20120702,600028.SH,sell,330100.0,2.284144621741615,753996.1396369071,226.19884189107214,376.9980698184536,377.18666314997245,1502225.6954554454
20120629,20120702,600377.SH,sell,269700.0,2.9035292162957664,783081.8296349682,234.92454889049043,391.5409148174841,391.7367832091404,2284681.059626706
20120629,20120702,601006.SH,sell,246000.0,3.0867478910535273,759339.9811991677,227.80199435975027,379.66999059958385,379.85992055991665,3043413.5688409144
20120629,20120702,601988.SH,sell,8700.0,1.3645727902476779,11871.783275154798,5.0,5.935891637577399,5.938861068110782,3055274.4162244317
20120629,20120702,600269.SH,buy,315200.0,2.4139470489320556,760876.109823384,228.26283294701517,0.0,380.2479309462942,2294170.043568101
20120629,20120702,601288.SH,buy,620200.0,1.2326384831460675,764482.387247191,229.3447161741573,0.0,382.050168539281,1529458.3116047354
20120629,20120702,601398.SH,buy,393500.0,1.9550126677348287,769297.4847536552,230.78924542609653,0.0,384.4565141197527,759930.0376056542
20120629,20120702,601939.SH,buy,366300.0,2.073604892874338,759561.47225987,227.868441677961,0.0,379.5909406596329,140.69690410618205
20120731,20120801,600269.SH,sell,315200.0,2.1671654983504456,683090.5650800604,204.9271695240181,341.5452825400302,341.7161406102823,682684.7895321025
20120731,20120801,601288.SH,sell,620200.0,1.1979962078651685,742997.2481179775,222.89917443539323,371.49862405898875,371.6844662920339,1425087.6398515855
20120731,20120801,601398.SH,sell,5100.0,1.8541695874223914,9456.264895854196,5.0,4.728132447927098,4.730497696775274,1434534.1766149919
20120731,20120801,601988.SH,sell,16400.0,1.3161836842105263,21585.41242105263,6.4756237263157885,10.792706210526315,10.798105263154866,1456102.3207061077
20120731,20120801,600377.SH,buy,273300.0,2.6745795450169174,730962.5896531235,219.28877689593705,0.0,365.2986455037026,724920.4422760882
20120731,20120801,601006.SH,buy,260800.0,2.7652177416304147,721168.7870172121,216.35063610516363,0.0,360.40419141284656,3535.304622770869
20120731,20120801,601939.SH,buy,1800.0,1.955394637698604,3519.7103478574872,5.0,0.0,1.758975686085705,10.594274913381923
20120831,20120903,601398.SH,sell,388400.0,1.8937252052874025,735522.8697336272,220.65686092008815,367.7614348668136,367.94540757057257,734945.0457127537
20120831,20120903,601006.SH,sell,2000.0,2.785706884811803,5571.413769623607,5.0,2.785706884811803,2.787100435028151,740508.6737754925
20120831,20120903,601939.SH,sell,4200.0,1.978042741935484,8307.779516129032,5.0,4.153889758064516,4.155967741935456,748807.2994018635
20120831,20120903,601988.SH,sell,20600.0,1.340378237229102,27611.7916869195,8.283537506075849,13.80589584345975,13.81280224458169,776397.0016554334
20120831,20120903,600377.SH,buy,22000.0,2.474512571177069,54439.27656589552,16.331782969768653,0.0,27.206035265306127,721941.3933065681
20120831,20120903,601288.SH,buy,611500.0,1.1800841292134832,721621.445014045,216.48643350421347,0.0,360.6304073034553,103.46185901889112
20120928,20121008,601939.SH,sell,363900.0,1.9534402202696202,710856.8961561148,213.25706884683441,355.4284480780574,355.60625120357145,710391.6724982087
20120928,20121008,600377.SH,sell,6400.0,2.5141165598437545,16090.345983000028,5.0,8.045172991500014,8.04919759029326,726468.9733082172
20120928,20121008,601006.SH,sell,4200.0,2.827562247020995,11875.76143748818,5.0,5.93788071874409,5.940851144316184,738333.7968649867
20120928,20121008,600016.SH,buy,321400.0,2.2358604784691605,718605.5577799882,215.58166733399642,0.0,359.12321728130337,19512.657417664537
20120928,20121008,601288.SH,buy,4900.0,1.1705287921348315,5735.591081460674,5.0,0.0,2.866362359550294,13772.066336203863
20120928,20121008,601988.SH,buy,10500.0,1.3078130224458204,13732.036735681115,5.0,0.0,6.862587074303519,35.0296005227483
20121031,20121101,601006.SH,sell,254600.0,2.813610459617931,716345.2230187253,214.90356690561757,358.17261150936264,358.35178740299307,715807.176440833
20121031,20121101,601288.SH,sell,616400.0,1.1932233146067417,735502.8511235956,220.65085533707867,367.7514255617978,367.9353932583472,1450721.6252835297
20121031,20121101,601988.SH,sell,553500.0,1.3210225948142416,731186.0062296827,219.3558018689048,365.59300311484134,365.77589106024243,2181322.682708229
20121031,20121101,600016.SH,sell,14000.0,2.388352917740802,33436.940848371225,10.031082254511366,16.718470424185615,16.726833841101325,2214732.8740039216
20121031,20121101,000778.SZ,buy,253800.0,2.897586933237541,735407.563655688,220.62226909670636,0.0,367.52002181694843,1479104.688079137
20121031,20121101,002003.SZ,buy,512600.0,1.4330853342626362,734599.5423430273,220.37986270290818,0.0,367.1162130648736,744284.7658734067
20121031,20121101,600377.SH,buy,4400.0,2.5113670137265145,11050.014860396665,5.0,0.0,5.522246307044043,733229.75101301
20121031,20121101,600688.SH,buy,409500.0,1.78972330490874,732891.693360129,219.8675080080387,0.0,366.26271532231476,118.19014487299137
20121130,20121203,600016.SH,sell,307400.0,2.4954717363105723,767108.01174187,230.13240352256096,383.554005870935,383.7458788101794,766612.5154773494
20121130,20121203,600377.SH,sell,19300.0,2.561453482518637,49436.05221260969,14.830815663782905,24.718026106304848,24.730391301956843,816009.018848189
20121130,20121203,000088.SZ,buy,243300.0,2.880292985903123,700775.2834702298,210.23258504106894,0.0,350.21253546734806,115023.50279291812
20121130,20121203,000778.SZ,buy,8000.0,2.6846019107944397,21476.81528635552,6.443044585906655,0.0,10.733041122617578,93540.24446197669
20121130,20121203,002003.SZ,buy,35200.0,1.2820686579846856,45128.81676106093,13.538645028318278,0.0,22.553131814624066,48397.88905588744
20121130,20121203,600688.SH,buy,30200.0,1.5986854240476946,48280.29980624038,14.484089941872112,0.0,24.128085860189458,103.10515970519191
20121231,20130104,000778.SZ,sell,14300.0,3.2262194836438898,46134.938616107625,13.840481584832286,23.067469308053813,23.079008812455868,46201.13582491993
20121231,20130104,002003.SZ,sell,22200.0,1.5165149410911036,33666.6316922225,10.09998950766675,16.83331584611125,16.841736714464787,79840.83421178866
20121231,20130104,000088.SZ,buy,6100.0,3.1959415323034657,19495.243347051142,5.848573004115342,0.0,9.74275029837736,60339.742291733404
20121231,20130104,600377.SH,buy,15200.0,2.7693481115726346,42094.09129590404,12.628227388771212,0.0,21.03652738425444,18233.02276844059
20121231,20130104,600688.SH,buy,10200.0,1.7796686796002639,18152.62053192269,5.445786159576807,0.0,9.071774378768168,74.95645035832422
20130131,20130201,000088.SZ,sell,249400.0,3.523846896322652,878847.4159428694,263.6542247828608,439.4237079714347,439.6435297363205,878219.2944604733
20130131,20130201,000778.SZ,sell,247500.0,3.0926183700574095,765423.0465892089,229.62691397676264,382.71152329460443,382.9029747819295,1643030.002612411
20130131,20130201,002003.SZ,sell,525600.0,1.5039427965017473,790472.3338413184,237.1417001523955,395.2361669206592,395.4338838625699,2432869.9585866565
20130131,20130201,600688.SH,sell,449900.0,1.7410597893810935,783302.799242554,234.99083977276618,391.651399621277,391.84732328285463,3215546.1155898166
20130131,20130201,600012.SH,buy,324100.0,2.465195044504451,798969.7139238925,239.6909141771677,0.0,399.28521435474977,2416336.710751747
20130131,20130201,600019.SH,buy,288400.0,2.8029396352858726,808367.7908164457,242.51033724493368,0.0,403.98190445592627,1607726.4095980562
20130131,20130201,600377.SH,buy,2700.0,2.8219973152147007,7619.392751079692,5.0,0.0,3.8077924793005877,1600102.0168469765
20130131,20130201,601006.SH,buy,237400.0,3.3517790807641386,795712.3537734065,238.7137061320219,0.0,397.6573482125532,804150.949367438
20130131,20130201,601988.SH,buy,533600.0,1.5064068517801854,803818.6961099069,241.14560883297204,0.0,401.70849380793516,91.10764869814739
20130228,20130301,600012.SH,sell,324100.0,2.4449282061539495,792401.231614495,237.72036948434848,396.2006158072475,396.39881521475036,791858.4182779016
20130228,20130301,600019.SH,sell,288400.0,2.8057271944168662,809171.7228698243,242.75151686094725,404.58586143491215,404.78825556265656,1600382.8037694301
20130228,20130301,601006.SH,sell,237400.0,3.6739706828068854,872200.6400983545,261.66019202950633,436.1003200491773,436.3184792888351,2471885.683355706
20130228,20130301,601988.SH,sell,533600.0,1.4565120917182661,777194.8521408668,233.15845564226,388.5974260704334,388.79182198131457,3248458.7796148597
20130228,20130301,600377.SH,sell,5000.0,2.866513650867879,14332.568254339396,5.0,7.166284127169698,7.169869061699501,3262779.181585072
20130228,20130301,000088.SZ,buy,241400.0,3.377439446483663,815313.8823811562,244.59416471434685,0.0,407.4532145833364,2447220.7050392013
20130228,20130301,000778.SZ,buy,265400.0,3.0808531153397443,817658.4168111681,245.2975250433504,0.0,408.624895957415,1629316.99070299
20130228,20130301,600210.SH,buy,357400.0,2.282162960389159,815645.0420430854,244.69351261292562,0.0,407.6187116657384,813427.2551472916
20130228,20130301,600688.SH,buy,386900.0,2.101416689471498,813038.1171565226,243.91143514695676,0.0,406.3159006277565,145.22655562206637
20130329,20130401,000088.SZ,sell,4600.0,3.326763736573063,15303.11318823609,5.0,7.651556594118045,7.655384286259505,15435.688187264039
20130329,20130401,600377.SH,sell,6700.0,2.8402153604929445,19029.442915302727,5.708832874590818,9.514721457651364,9.519481198251015,34449.90754823452
20130329,20130401,000778.SZ,buy,2600.0,2.961977753976153,7701.142160337999,5.0,0.0,3.848646756790913,26743.76538789652
20130329,20130401,600210.SH,buy,12100.0,2.1387127171646974,25878.42387769284,7.7635271633078515,0.0,12.932745566060476,857.5779830403735
20130329,20130401,600688.SH,buy,400.0,2.03773739585115,815.09495834046,5.0,0.0,0.4073438072666704,37.48302469991347
20130426,20130502,000088.SZ,sell,236800.0,3.2400471462832443,767243.1642398722,230.17294927196164,383.62158211993614,383.8134888643399,766666.8527331803
20130426,20130502,600688.SH,sell,387300.0,1.8917284250006112,732666.4190027367,219.79992570082098,366.33320950136834,366.51646773528773,1498747.1386007147
20130426,20130502,000778.SZ,sell,500.0,2.874898036805368,1437.449018402684,5.0,0.718724509201342,0.7190840512266732,1500178.8688946082
20130426,20130502,600377.SH,sell,9200.0,2.8717733089428656,26420.314442274364,7.926094332682308,13.210157221137182,13.216765603938256,1526578.0470853287
20130426,20130502,600012.SH,buy,324800.0,2.346390464046405,762107.6227222723,228.63228681668167,0.0,380.8633796713548,764241.7920762397
20130426,20130502,600210.SH,buy,2100.0,2.0669875955524666,4340.67395066018,5.0,0.0,2.169252349155613,759896.1181255796
20130426,20130502,601988.SH,buy,546400.0,1.390156805340557,759581.6784380804,227.8745035314241,0.0,379.6010386996204,86.56518396781757
20130531,20130603,600012.SH,sell,324800.0,2.4093224555788915,782547.933572024,234.76438007160718,391.273966786012,391.469701636699,782008.4604091342
20130531,20130603,600210.SH,sell,371600.0,2.1821727120282803,810895.379789709,243.2686139369127,405.44768989485453,405.6505151523743,1592255.1238950114
20130531,20130603,600377.SH,sell,271000.0,3.2136510838170165,870899.4437144115,261.26983311432343,435.44972185720576,435.6675556349801,2462457.8480544514
20130531,20130603,601988.SH,sell,546400.0,1.4323175386996903,782618.3031455107,234.7854909436532,391.30915157275535,391.5049040247686,3244450.056557446
20130531,20130603,000778.SZ,buy,4800.0,2.971884034089786,14265.043363630972,5.0,0.0,7.128957203212849,3230180.013193815
20130531,20130603,002003.SZ,buy,524600.0,1.5423335379709366,809108.1740195533,242.732452205866,0.0,404.35191105422564,2420829.106722056
20130531,20130603,600177.SH,buy,418200.0,1.9296403875821975,806975.610086875,242.0926830260625,0.0,403.2861619624309,1613611.4039521548
20130531,20130603,600548.SH,buy,430800.0,1.8833151590990342,811332.170539864,243.39965116195918,0.0,405.46335359313525,802035.8337611288
20130531,20130603,600795.SH,buy,429600.0,1.866298154703838,801761.6872607688,240.52850617823063,0.0,400.68050337873865,33.61799418181181
20130628,20130701,000778.SZ,sell,272300.0,2.4605775944686488,670015.278973813,201.0045836921439,335.00763948690656,335.17522710049525,669512.8847448158
20130628,20130701,002003.SZ,sell,524600.0,1.355034492734251,710851.0948883881,213.2553284665164,355.425547444194,355.6033491187263,1379795.2987572933
20130628,20130701,600177.SH,sell,418200.0,1.5595545676855576,652205.7202061001,195.66171606183002,326.1028601030501,326.2659930996597,2031479.2543872285
20130628,20130701,600548.SH,sell,430800.0,1.6614498748659279,715752.6060922417,214.7257818276725,357.8763030461209,358.0553307114169,2746659.258394596
20130628,20130701,600795.SH,sell,429600.0,1.6060656985892516,689965.8241139424,206.98974723418272,344.98291205697126,345.1554898018949,3436073.1098492476
20130628,20130701,600012.SH,buy,319800.0,2.1661056805680565,692720.5966456644,207.8161789936993,0.0,346.187204720336,2743144.6970245894
20130628,20130701,601006.SH,buy,238000.0,2.894811539625496,688965.1464308681,206.6895439292604,0.0,344.31041800638195,2053972.861049792
20130628,20130701,601018.SH,buy,443400.0,1.559176226873348,691338.7389956425,207.40162169869274,0.0,345.49662118719425,1362426.720432451
20130628,20130701,601288.SH,buy,546000.0,1.2481268726591759,681477.27247191,204.44318174157297,0.0,340.5683520598104,680745.0047787995
20130628,20130701,601988.SH,buy,491600.0,1.3842095607585136,680477.4200688853,204.14322602066557,0.0,340.068675696617,63.44148389354814
20130731,20130801,601006.SH,sell,238000.0,2.990450310194818,711727.1738263667,213.51815214790997,355.8635869131833,356.0416077169357,711221.2335711991
20130731,20130801,601018.SH,sell,443400.0,1.5730397885563259,697485.8422458749,209.24575267376247,348.74292112293745,348.9173798126867,1408149.0871432773
20130731,20130801,600012.SH,sell,600.0,2.132669838650532,1279.6019031903193,5.0,0.6398009515951596,0.6401210121009626,1409423.049245516
20130731,20130801,600033.SH,buy,568800.0,1.199103754521993,682050.2155721096,204.61506467163284,0.0,340.8546804457437,727168.2186087349
20130731,20130801,601288.SH,buy,12700.0,1.2481268726591759,15851.211282771534,5.0,0.0,7.921644818974528,711312.0073259634
20130731,20130801,601398.SH,buy,335900.0,2.053740156218706,689851.3184738633,206.95539554215898,0.0,344.7532825956587,21253.73345655785
20130731,20130801,601988.SH,buy,15400.0,1.3739180398606807,21158.337813854483,6.347501344156345,0.0,10.573881965941837,89.0481413592097
20130830,20130902,600012.SH,sell,319200.0,2.3265489148914895,742634.4136333634,222.79032409000902,371.31720681668173,371.50295829575043,742129.354243816
20130830,20130902,600033.SH,sell,568800.0,1.3772707420012846,783391.5980503306,235.01747941509916,391.69579902516534,391.89174489770085,1524894.2390157063
20130830,20130902,600377.SH,buy,219000.0,3.2481889032542015,711353.3698126702,213.40601094380102,0.0,355.49893543857615,813327.4631920924
20130830,20130902,601288.SH,buy,20200.0,1.2583156634563937,25417.976401819153,7.625392920545745,0.0,12.702636882466322,787901.8613973527
20130830,20130902,601398.SH,buy,17200.0,2.053740156218706,35324.330686961745,10.597299206088522,0.0,17.65333867415029,752566.9334111848
20130830,20130902,601939.SH,buy,321700.0,2.2263774374097256,716225.6216147087,214.8676864844126,0.0,357.933843885432,36126.444109991775
20130830,20130902,601988.SH,buy,26400.0,1.363626518962848,35999.74010061919,10.799922030185755,0.0,17.990874613002234,115.90408734240191
20130930,20131008,601288.SH,sell,578900.0,1.2672365837346176,733603.2583239701,220.08097749719101,366.8016291619851,366.9851217227988,733132.2798046535
20130930,20131008,601988.SH,sell,25200.0,1.4290915982972134,36013.10827708978,10.803932483126932,18.00655413854489,18.015561919499305,769116.5775951216
20130930,20131008,600377.SH,buy,7700.0,3.203075168486782,24663.67879734822,7.399103639204466,0.0,12.325676560391003,744445.4996941341
20130930,20131008,600900.SH,buy,166200.0,4.334854510408635,720452.8196299152,216.13584588897453,0.0,360.0463866216596,23776.544218329946
20130930,20131008,601398.SH,buy,11400.0,2.027410154215902,23112.475758061282,6.933742727418384,0.0,11.55046264770499,657.1347175412448
20130930,20131008,601939.SH,buy,200.0,2.247331577997111,449.4663155994222,5.0,0.0,0.22462084737594523,202.66840194182254
20131031,20131101,600377.SH,sell,226700.0,3.278743820317443,743291.2240659643,222.9873672197893,371.64561203298217,371.83152779680677,742899.2594886534
20131031,20131101,601988.SH,sell,7800.0,1.449654067337461,11307.301725232195,5.0,5.6536508626160975,5.656479102168305,754195.9075630229
20131031,20131101,600028.SH,buy,321700.0,2.2531326849531848,724832.7847494396,217.44983542483186,0.0,362.2352747373516,29145.672978158575
20131031,20131101,600900.SH,buy,5500.0,4.210627910562838,23158.45350809561,6.947536052428682,0.0,11.573440034029773,5980.271934010536
20131031,20131101,601398.SH,buy,1200.0,2.0168781534147806,2420.2537840977366,5.0,0.0,1.2095221309832596,3555.0181499127993
20131031,20131101,601939.SH,buy,1500.0,2.247331577997111,3370.9973669956667,5.0,0.0,1.6846563553199303,179.0207829171327
20131129,20131202,600028.SH,sell,321700.0,2.391247402083608,769264.2892502968,230.77928677508902,384.6321446251484,384.82455690356437,768827.8986018137
20131129,20131202,601939.SH,sell,3000.0,2.2974183618199326,6892.255085459798,5.0,3.446127542729899,3.447851468463341,775711.7075597307
20131129,20131202,600900.SH,buy,1400.0,4.282548573631457,5995.56800308404,5.0,0.0,2.996285858612282,769711.1395566467
20131129,20131202,601088.SH,buy,99100.0,7.397592664804469,733101.4330821228,219.93042992463683,0.0,366.3675327745732,36389.776044599246
20131129,20131202,601398.SH,buy,11900.0,2.0010801522130977,23812.853811335863,7.143856143400758,0.0,11.900476667331532,12569.778377119983
20131129,20131202,601988.SH,buy,8600.0,1.4459586861455105,12435.24470085139,5.0,0.0,6.214515092877264,129.5336762685929
20131231,20140102,600900.SH,sell,173100.0,4.114975487198576,712302.2568340735,213.690677050222,356.1511284170367,356.3292930634925,711861.9487048748
20131231,20140102,601088.SH,sell,99100.0,6.941775048417133,687929.9072981379,206.37897218944136,343.96495364906895,344.13702216011006,1399241.5120771741
20131231,20140102,601939.SH,sell,320400.0,2.1561192826191626,690820.6181511797,207.24618544535392,345.4103090755899,345.5831006257795,2089509.473733833
20131231,20140102,600269.SH,buy,346200.0,1.980819840163818,685759.8286647138,205.7279485994141,0.0,342.7085600523278,1403543.91712052
20131231,20140102,600377.SH,buy,219700.0,3.1579614337193624,693804.1269881439,208.14123809644315,0.0,346.72869914444163,709531.6488942797
20131231,20140102,601288.SH,buy,552800.0,1.2634100588550026,698413.0805350455,209.52392416051362,0.0,349.03202425537165,10909.044435073738
20131231,20140102,601398.SH,buy,100.0,1.8852281434007607,188.52281434007608,5.0,0.0,0.0942143000200133,10715.521620733662
20131231,20140102,601988.SH,buy,7900.0,1.3481892376160989,10650.69497716718,5.0,0.0,5.322686145509579,59.826643566480925
20140130,20140207,600269.SH,sell,346200.0,1.8975178180370298,656920.6686044197,197.07620058132588,328.46033430220984,328.62464662548155,656454.9587131027
20140130,20140207,600377.SH,sell,3800.0,3.064667763320772,11645.737500618934,5.0,5.822868750309467,5.825781641127833,668089.8733449713
20140130,20140207,600900.SH,buy,167800.0,3.929483500385505,659367.3313646878,197.81019940940632,0.0,329.5189062291756,8524.731780874194
20140130,20140207,601288.SH,buy,2900.0,1.207371709470305,3501.3779574638843,5.0,0.0,1.7498140716961643,5018.353823410309
20140130,20140207,601398.SH,buy,600.0,1.785174135790106,1071.1044814740637,5.0,0.0,0.5352845984377836,3942.2493419362454
20140130,20140207,601988.SH,buy,3000.0,1.2864401122291018,3859.3203366873054,5.0,0.0,1.9286958204329494,77.92900524894003
20140228,20140303,601988.SH,sell,519900.0,1.2902949322755415,670824.335290054,201.24730058701618,335.412167645027,335.5799576238496,670365.6048270708
20140228,20140303,600377.SH,sell,4500.0,3.109736406899018,13993.81383104558,5.0,6.99690691552279,7.00040711908332,684347.4217512009
20140228,20140303,600269.SH,buy,345000.0,1.8994162850885923,655298.6183555643,196.58958550666927,0.0,327.48556639452,28852.213810129906
20140228,20140303,600900.SH,buy,2200.0,3.8771775636083268,8529.79063993832,5.0,0.0,4.262763938000717,20317.423170191585
20140228,20140303,601288.SH,buy,8600.0,1.1920885232744782,10251.961300160512,5.0,0.0,5.123418940609554,10060.461870031073
20140228,20140303,601398.SH,buy,5700.0,1.7535781333867413,9995.395360304425,5.0,0.0,4.995200080111317,60.06650972664829
20140331,20140401,600269.SH,sell,345000.0,1.8839641193367653,649967.621171184,194.9902863513552,324.983810585592,325.1463837774936,649507.7135839738
20140331,20140401,600900.SH,sell,170000.0,3.762263302581555,639584.7614388643,191.87542843165926,319.7923807194322,319.9523568978766,1288580.8072136869
20140331,20140401,601288.SH,sell,23600.0,1.2316114588906724,29066.030429819868,8.71980912894596,14.533015214909934,14.54028535759062,1317623.584819163
20140331,20140401,601398.SH,sell,17700.0,1.8149542759863808,32124.69068495894,9.637407205487682,16.06234534247947,16.07038053274664,1349722.575751574
20140331,20140401,600377.SH,buy,10000.0,2.98878492834154,29887.8492834154,8.966354785024619,0.0,14.9364564134994,1319825.7601133736
20140331,20140401,601939.SH,buy,317800.0,2.095414058738565,665922.587867116,199.77677636013476,0.0,332.79489648528397,653703.3954698975
20140331,20140401,601988.SH,buy,492200.0,1.3276061958204333,653447.7695828172,196.03433087484515,0.0,326.5606044891756,59.59155620553065
20140430,20140505,600377.SH,sell,221400.0,3.0984692460044565,686001.0910653867,205.80032731961597,343.0005455326933,343.1721315984614,685511.8817487399
20140430,20140505,600900.SH,buy,176900.0,3.7137215111796453,656957.3353276793,197.08720059830378,0.0,328.3145104086725,28357.459220462246
20140430,20140505,601288.SH,buy,1900.0,1.2277492910647405,2332.723653023007,5.0,0.0,1.1657789370428873,26019.73556743924
20140430,20140505,601398.SH,buy,5200.0,1.8009721369917882,9365.055112357299,5.0,0.0,4.680187462447066,16649.68045508194
20140430,20140505,601939.SH,buy,7600.0,2.0692213830043333,15726.082510832934,5.0,0.0,7.859111699566711,918.5979442490061
20140430,20140505,601988.SH,buy,600.0,1.3430434771671824,805.8260863003095,5.0,0.0,0.4027116873065779,107.7718579486966
20140530,20140603,600900.SH,sell,176900.0,3.938619394890065,696741.7709560526,209.02253128681576,348.3708854780263,348.54515805700794,696292.1493972365
20140530,20140603,601288.SH,sell,3100.0,1.2672365837346176,3928.4334095773143,5.0,1.9642167047886572,1.9651993044412848,700213.618590109
20140530,20140603,601398.SH,sell,4000.0,1.8728223833366713,7491.289533346685,5.0,3.7456447666733426,3.7475185259354475,707696.1624786891
20140530,20140603,601328.SH,buy,353500.0,1.9204504299415723,678879.2269843458,203.66376809530374,0.0,339.2699785028817,28613.27172624797
20140530,20140603,601939.SH,buy,5900.0,2.1111296641791046,12455.665018656717,5.0,0.0,6.224720149253699,16152.606707591254
20140530,20140603,601988.SH,buy,11700.0,1.3790638003095974,16135.04646362229,5.0,0.0,8.063491486067505,12.560243968964642
20140630,20140701,601288.SH,sell,539500.0,1.2875937979311574,694656.8539838594,208.3970561951578,347.3284269919297,347.50217808096204,694113.6887446413
20140630,20140701,601939.SH,sell,331300.0,2.1665858810784786,717789.9024012999,215.33697072038996,358.89495120065,359.0744884448359,1411329.35922402
20140630,20140701,601988.SH,sell,3300.0,1.4179903405572756,4679.368123839009,5.0,2.3396840619195047,2.3408544891635756,1416001.3876637972
20140630,20140701,600269.SH,buy,373600.0,1.8654981371405819,696950.1040357214,209.0850312107164,0.0,348.30090156698134,718842.1985968652
20140630,20140701,601328.SH,buy,7600.0,1.9607748484180356,14901.88884797707,5.0,0.0,7.447220813579406,703935.3097488881
20140630,20140701,601398.SH,buy,100.0,1.925336310835169,192.53363108351692,5.0,0.0,0.09621870618866524,703737.7761178046
20140630,20140701,601857.SH,buy,138500.0,5.078077498330737,703313.7335188071,210.9941200556421,0.0,351.4811261963332,213.04847894178238
20140731,20140801,600269.SH,sell,373600.0,2.030588105784819,758627.7163212084,227.5883148963625,379.3138581606042,379.50360996555537,758233.8626270932
20140731,20140801,601328.SH,sell,361100.0,2.4549325781795472,886476.1539806345,265.94284619419034,443.23807699031727,443.45980689360294,1644000.8356845432
20140731,20140801,601857.SH,sell,138500.0,5.396810594257735,747458.2673046963,224.23748019140885,373.72913365234814,373.91609169822186,2390861.1363753956
20140731,20140801,601288.SH,buy,562800.0,1.3772265248796145,775103.088202247,232.5309264606741,0.0,387.3578651684802,1615525.5172466878
20140731,20140801,601398.SH,buy,16600.0,2.032928634087723,33746.6153258562,10.123984597756857,0.0,16.86487522531388,1581768.777936234
20140731,20140801,601800.SH,buy,252600.0,3.0778548466425297,777466.134261903,233.23984027857088,0.0,388.53879773197696,804069.4038340524
20140731,20140801,601939.SH,buy,334600.0,2.334941562349542,781271.4467621568,234.38143402864702,0.0,390.44050312938634,22563.575637866976
20140731,20140801,601988.SH,buy,15000.0,1.4970329721362228,22455.494582043342,6.736648374613002,0.0,11.222136222910194,101.34440744902167
20140829,20140901,601800.SH,sell,252600.0,3.137210581323861,792459.3928424073,237.73781785272217,396.2296964212037,396.42791037622374,791926.7697355824
20140829,20140901,600000.SH,buy,169500.0,4.474577750323922,758440.9286799048,227.5322786039714,0.0,379.03094886546023,33258.30877707363
20140829,20140901,601288.SH,buy,8700.0,1.3388178170144462,11647.715008025682,5.0,0.0,5.8209470304973365,21605.593769047948
20140829,20140901,601398.SH,buy,6500.0,1.964975587822952,12772.341320849187,5.0,0.0,6.382979170837643,8828.25244819876
20140829,20140901,601939.SH,buy,3500.0,2.267262096774193,7935.417338709676,5.0,0.0,3.9657258064507914,887.8351094890841
20140829,20140901,601988.SH,buy,500.0,1.4803992724458201,740.19963622291,5.0,0.0,0.36991486068097856,142.63547326617402
20140930,20141008,600000.SH,sell,1800.0,4.6067050471570195,8292.069084882634,5.0,4.146034542441317,4.1481085967407125,8425.558523606367
20140930,20141008,601288.SH,sell,1400.0,1.3648870385232745,1910.8418539325844,5.0,0.9554209269662922,0.9558988764044898,10330.444956611986
20140930,20141008,601939.SH,sell,100.0,2.3044361960359496,230.44361960359495,5.0,0.11522180980179748,0.11527944952655389,10555.77335440578
20140930,20141008,601398.SH,buy,700.0,1.9989521109553374,1399.2664776687361,5.0,0.0,0.6992835970356737,9151.506876737043
20140930,20141008,601988.SH,buy,6100.0,1.4914884055727553,9098.079273993808,5.0,0.0,4.5467662538703735,48.427602743235184
20141031,20141103,600000.SH,sell,2400.0,4.828090668032664,11587.417603278394,5.0,5.793708801639197,5.79660710519056,11625.05149721999
20141031,20141103,601398.SH,sell,1400.0,2.076153472862007,2906.6148620068097,5.0,1.4533074310034049,1.4540344482270484,14525.213051795798
20141031,20141103,601988.SH,sell,5300.0,1.556465959752322,8249.269586687307,5.0,4.124634793343653,4.12669814241417,22765.358003689762
20141031,20141103,601288.SH,buy,7600.0,1.3991743579454252,10633.725120385232,5.0,0.0,5.314205457463686,12126.63288330453
20141031,20141103,601939.SH,buy,5100.0,2.3575013842079917,12023.257059460757,5.0,0.0,6.00862421761849,98.3758238437731
20141128,20141201,600000.SH,sell,165300.0,5.864363787025041,969379.3339952392,290.81380019857176,484.6896669976196,484.93213306413963,968702.2063518867
20141128,20141201,601288.SH,sell,577700.0,1.5677015783841628,905661.2018325309,271.69836054975923,452.83060091626544,453.05712948087603,1873638.8792229516
20141128,20141201,601939.SH,sell,343100.0,2.6988384789760875,925971.4821366956,277.7914446410087,462.9857410683478,463.2173497432377,2798869.584173938
20141128,20141201,601988.SH,sell,517500.0,1.8444952476780185,954526.2906733745,286.35788720201236,477.2631453366873,477.5018962848699,3752632.2538147736
20141128,20141201,000568.SZ,buy,66500.0,13.812990487936483,918563.8674477761,275.5691602343328,0.0,459.0524075200083,2833792.817206763
20141128,20141201,600028.SH,buy,327400.0,2.845661426875906,931669.5511591716,279.50086534775147,0.0,465.6019745921949,1901843.7651822437
20141128,20141201,601088.SH,buy,122500.0,7.533023474860335,922795.375670391,276.83861270111726,0.0,461.1671042829985,978771.5508991515
20141128,20141201,601398.SH,buy,15900.0,2.2934153114360103,36465.303451832566,10.93959103554977,0.0,18.223539955943124,942295.3078562834
20141128,20141201,601857.SH,buy,167700.0,5.6145686234142005,941563.1581465615,282.46894744396843,0.0,470.5463059202302,449.6807622779161
20141231,20150105,000568.SZ,sell,66500.0,15.698295239183771,1043936.6334057208,313.18099002171624,521.9683167028604,522.2294314184692,1043551.1648612742
20141231,20150105,600028.SH,sell,327400.0,3.4628771286649958,1133745.9719249196,340.12379157747586,566.8729859624598,567.1565642445348,2176390.1400086535
20141231,20150105,601088.SH,sell,122500.0,9.515746264432032,1165678.917392924,349.70367521787716,582.839458696462,583.1310242083855,3341136.514267663
20141231,20150105,601398.SH,sell,405900.0,2.788947308231524,1132033.7124111757,339.6101137233527,566.0168562055878,566.3000062084757,4472264.599708909
20141231,20150105,601857.SH,sell,167700.0,7.510765329401292,1259555.3457405968,377.866603722179,629.7776728702984,630.0927192298695,5730812.301172914
20141231,20150105,002003.SZ,buy,504600.0,2.282809760736313,1151905.8052675435,345.57174158026305,0.0,575.665070098592,4578560.92416379
20141231,20150105,600183.SH,buy,278100.0,4.1361273718647755,1150257.022115594,345.07710663467816,0.0,574.841090512462,3427958.8249415616
20141231,20150105,600377.SH,buy,258100.0,4.413979330454157,1139248.065190218,341.77441955706536,0.0,569.3393629135098,2288368.985331787
20141231,20150105,600481.SH,buy,273700.0,4.168052274472169,1140795.9075230325,342.2387722569097,0.0,570.1128973127343,1147230.8390364973
20141231,20150105,601566.SH,buy,145500.0,7.880164992515771,1146564.0064110446,343.96920192331334,0.0,572.9955054526217,322.8634235293139
20150130,20150202,600377.SH,sell,258100.0,4.2529435727450275,1097684.7361254916,329.30542083764743,548.8423680627458,549.1169265259523,1097129.4517601205
20150130,20150202,601566.SH,sell,145500.0,8.696772073131616,1265380.3366406502,379.614100992195,632.6901683203251,633.0066716559231,2361497.484131458
20150130,20150202,002003.SZ,sell,28700.0,2.499809639099467,71744.53664215471,21.52336099264641,35.87226832107736,35.890213427788694,2433184.625144299
20150130,20150202,000895.SZ,buy,102400.0,11.568266715870102,1184590.5117050984,355.3771535115295,0.0,591.9992562243715,1248238.736285689
20150130,20150202,002275.SZ,buy,89400.0,13.045193370165745,1166240.2872928176,349.87208618784524,0.0,582.8287292816676,81648.57690668362
20150130,20150202,600183.SH,buy,21500.0,3.78455654525627,81367.96572300981,24.41038971690294,0.0,40.663651035982184,256.20079395691573
20150227,20150302,002003.SZ,sell,4700.0,2.610604526150967,12269.841272909545,5.0,6.134920636454773,6.137989631270102,12514.907146230007
20150227,20150302,000895.SZ,buy,400.0,11.719391817601531,4687.7567270406125,5.0,0.0,2.342707010015147,7822.150419189395
20150227,20150302,002275.SZ,buy,500.0,13.34921270718232,6674.60635359116,5.0,0.0,3.3356353591152583,1142.5440655982347
20150227,20150302,600183.SH,buy,200.0,4.037894346782987,807.5788693565974,5.0,0.0,0.40358764085772236,329.9651962416374
20150331,20150401,000895.SZ,sell,102800.0,13.267743488147813,1363924.0305815951,409.1772091744785,681.9620152907976,682.3031668742187,1363162.8565533715
20150331,20150401,600183.SH,sell,299800.0,4.63816249218466,1390521.115156961,417.15633454708825,695.2605575784804,695.6083617594559,2752571.554818207
20150331,20150401,002003.SZ,sell,19800.0,3.0445511671026746,60282.113108632955,18.084633932589885,30.141056554316478,30.1561346216331,2812805.442236353
20150331,20150401,002275.SZ,sell,1500.0,15.454975828729284,23182.463743093926,6.954739122928177,11.591231871546963,11.597030386739789,2835969.3600084526
20150331,20150401,600182.SH,buy,84300.0,15.907949999999998,1341040.1849999998,402.31205549999993,0.0,670.1850000000559,1494526.8629529527
20150331,20150401,600377.SH,buy,286500.0,4.685330518801749,1342347.193636701,402.70415809101024,0.0,670.838177729398,151776.96515816078
20150331,20150401,600882.SH,buy,15700.0,9.6048,150795.36,45.23860799999999,0.0,75.35999999998603,936.3665501607757
20150430,20150504,002003.SZ,sell,451400.0,3.4207921377150603,1544145.5709645783,463.2436712893734,772.0727854822892,772.4590149896685,1543846.6210579674
20150430,20150504,002275.SZ,sell,88400.0,17.20824240331492,1521208.6284530389,456.36258853591164,760.6043142265195,760.9848066295963,3063838.2826082436
20150430,20150504,600182.SH,sell,84300.0,19.3684359375,1632759.14953125,489.82774485937495,816.379574765625,816.7879687498789,4695291.224819869
20150430,20150504,600481.SH,sell,273700.0,7.273520729366603,1990762.6236276394,597.2287870882917,995.3813118138197,995.8792514391243,6684461.238348606
20150430,20150504,600377.SH,buy,28200.0,5.439083819767281,153382.16371743733,46.014649115231194,0.0,76.65275548098725,6531033.059982054
20150430,20150504,600882.SH,buy,134400.0,11.015505,1480483.872,444.14516159999994,0.0,739.8719999999739,5050105.042820454
20150430,20150504,601288.SH,buy,782700.0,2.1728354735152484,1700678.325120385,510.2034975361155,0.0,849.9142054573167,3348916.5142025324
20150430,20150504,601328.SH,buy,444600.0,3.748192933524419,1666446.5782449567,499.93397347348696,0.0,832.8068856794853,1681970.0019841022
20150430,20150504,601398.SH,buy,550800.0,3.0522243280592822,1681165.1598950527,504.34954796851576,0.0,840.1624986978713,300.49254108103923
20150529,20150601,600377.SH,sell,314700.0,5.228831474706351,1645513.2650900886,493.65397952702654,822.7566325450443,823.168216653401,1644497.3470190975
20150529,20150601,000895.SZ,buy,117200.0,14.024027579190935,1643616.0322811776,493.0848096843532,0.0,821.3973174816929,388.2299282355234
20150529,20150601,601288.SH,buy,100.0,1.997252808988764,199.7252808988764,5.0,0.0,0.09981273408240554,183.504647336647
20150630,20150701,000895.SZ,sell,117200.0,11.791432900620624,1381955.935952737,414.5867807858211,690.9779679763685,691.3236297913827,1381033.8758513115
20150630,20150701,601328.SH,sell,444600.0,4.542522369823246,2019605.445623415,605.8816336870244,1009.8027228117076,1010.3078767498955,3399023.637118228
20150630,20150701,601398.SH,sell,550800.0,2.9416888443821354,1620282.2154856801,486.084664645704,810.1411077428401,810.5463809331413,5018009.626831519
20150630,20150701,600000.SH,buy,208500.0,8.295937862717329,1729703.044376563,518.9109133129689,0.0,864.4193125320598,3287787.6715416433
20150630,20150701,600104.SH,buy,121100.0,13.998836896318046,1695259.1481441155,508.5777444432346,0.0,847.2059710866306,1592019.9456530847
20150630,20150701,601288.SH,buy,99400.0,2.0082267255216695,199617.73651685394,59.88532095505618,0.0,99.75898876402061,1392342.3238152757
20150630,20150701,601939.SH,buy,350100.0,3.9749643415984592,1391635.0159936205,417.49050479808614,0.0,695.4697731102351,289.8173168571666
20150731,20150803,600104.SH,sell,121100.0,12.871266139597923,1558710.3295053085,467.6130988515925,779.3551647526543,779.7450372711755,1557753.1785585615
20150731,20150803,601939.SH,sell,350100.0,3.5297701011073666,1235772.512397689,370.7317537193067,617.8862561988445,618.1953538756352,2792537.0729463324
20150731,20150803,601288.SH,sell,41800.0,1.9600146869983952,81928.61391653292,24.578584174959875,40.96430695826646,40.98479935793148,2874400.143971732
20150731,20150803,600000.SH,buy,10200.0,7.397745898996597,75457.0081697653,22.637102450929586,0.0,37.70964926025772,2798920.4986995156
20150731,20150803,600036.SH,buy,134200.0,11.713643328428345,1571970.934675084,471.5912804025252,0.0,785.5926710020285,1226477.972744029
20150731,20150803,600182.SH,buy,79800.0,15.361254914062497,1225828.1421421873,367.7484426426562,0.0,612.6077671875246,282.0821591990534
20150831,20150901,600000.SH,sell,218700.0,7.227655645282793,1580688.2896233469,474.206486887004,790.3441448116735,790.7395145688206,1579705.8211508472
20150831,20150901,600036.SH,sell,134200.0,11.484225110362177,1541183.0098106042,462.35490294318123,770.5915049053021,770.9769934017677,3119655.884553603
20150831,20150901,600104.SH,buy,132700.0,11.278643053986896,1496675.933264061,449.0027799792183,0.0,747.9639846396167,1622530.9485095625
20150831,20150901,600182.SH,buy,49200.0,11.660358515625,573689.6389687499,172.10689169062496,0.0,286.70146874990314,1048669.202649122
20150831,20150901,601288.SH,buy,37900.0,1.7095577581594437,64792.23903424291,19.437671710272873,0.0,32.37992955234222,983857.5259431689
20150831,20150901,601398.SH,buy,395700.0,2.485199519327058,983393.4497977168,295.01803493931504,0.0,491.45099939918146,169.05811051279306
20150930,20151008,600104.SH,sell,700.0,11.728490173932686,8209.94312175288,5.0,4.10497156087644,4.107025073413752,8369.896260704796
20150930,20151008,600182.SH,sell,4000.0,12.4084020703125,49633.608281249995,14.890082484374997,24.816804140625,24.829218750004657,57963.79765532979
20150930,20151008,000651.SZ,buy,5800.0,9.960675901689454,57771.92022979883,17.331576068939647,0.0,28.871524352711276,174.54584946202522
20151030,20151102,600182.SH,sell,7200.0,13.50574375,97241.35500000001,29.1724065,48.620677500000006,48.64499999998952,97338.10776546203
20151030,20151102,000651.SZ,buy,9500.0,10.236059294265575,97242.56329552295,29.172768988656884,0.0,48.59698315616697,66.37170095041802
20151130,20151201,000651.SZ,sell,15300.0,10.711657630973724,163888.36175389797,49.16650852616939,81.94418087694899,81.98517346367589,163823.62276544527
20151130,20151201,600104.SH,sell,132000.0,12.730925231533769,1680482.1305624575,504.1446391687372,840.2410652812288,840.6613959793467,1842961.367623453
20151130,20151201,600182.SH,sell,117800.0,14.4342636328125,1700356.2559453126,510.10687678359375,850.1781279726563,850.6034296874423,3541957.3385640094
20151130,20151201,600882.SH,sell,150100.0,11.09445,1665276.945,499.5830835,832.6384725,833.0549999999348,5205902.062008009
20151130,20151201,601398.SH,sell,395700.0,2.7197289805728015,1076196.7576126575,322.8590272837972,538.0983788063288,538.3675625876058,6281237.862214576
20151130,20151201,601288.SH,sell,1100.0,1.7995456482967722,1979.5002131264494,5.0,0.9897501065632247,0.9902452291778445,6283211.372677596
20151130,20151201,000002.SZ,buy,148500.0,10.519227673936731,1562105.3095796045,468.63159287388135,0.0,780.6623236278538,4720637.431505118
20151130,20151201,600036.SH,buy,133700.0,11.768125390421037,1573398.3646992927,472.01950940978776,0.0,786.3060293348972,3146767.047296415
20151130,20151201,601166.SH,buy,161500.0,9.802825939311465,1583156.3891988015,474.94691675964043,0.0,791.1826032975223,1563135.711180854
20151130,20151201,601988.SH,buy,659900.0,2.367932600619195,1562598.7231486067,468.77961694458196,0.0,780.9089071205817,68.2084153026808
20151231,20160104,600036.SH,sell,133700.0,12.184980552522903,1629131.899872312,488.7395699616936,814.565949936156,814.9734366545454,1627896.8027677168
20151231,20160104,601166.SH,sell,161500.0,10.628334029937792,1716475.9458349533,514.942783750486,858.2379729174767,858.6673065708019,3342999.567846002
20151231,20160104,601988.SH,sell,659900.0,2.308009504643963,1523055.472114551,456.9166416343653,761.5277360572755,761.9086904022843,4864836.595582861
20151231,20160104,601006.SH,buy,385000.0,4.69467830149423,1807451.1460752785,542.2353438225836,0.0,903.2739360693377,3056843.2141637607
20151231,20160104,601088.SH,buy,249900.0,7.224526659217878,1805409.2121385476,541.6227636415642,0.0,902.2534793294035,1250892.3792615714
20151231,20160104,601288.SH,buy,99400.0,1.8587138041733549,184756.15213483147,55.426845640449436,0.0,92.33191011234885,1066080.8002810995
20151231,20160104,601398.SH,buy,392300.0,2.71651880632886,1065690.3277228118,319.70709831684354,0.0,532.5788744243328,70.76545997080393
20160129,20160201,601088.SH,sell,249900.0,6.4454013854748595,1610705.8062301674,483.2117418690502,805.3529031150837,805.7557810056023,1609488.007045154
20160129,20160201,601288.SH,sell,18300.0,1.7135800918494744,31358.51568084538,9.407554704253613,15.67925784042269,15.687101391118631,1640821.4359134547
20160129,20160201,601006.SH,buy,58100.0,3.7034585209003215,215170.94006430867,64.5512820192926,0.0,107.53170418005902,1425585.9445671267
20160129,20160201,601398.SH,buy,286900.0,2.4258868816342876,695986.9463408771,208.79608390226312,0.0,347.81956338870805,729390.2021423473
20160129,20160201,601939.SH,buy,257900.0,2.8266413095811265,728990.7937409725,218.69723812229174,0.0,364.31324025033973,180.71116325247567
20160229,20160301,601288.SH,sell,13400.0,1.7078490547529876,22885.177333690033,6.865553200107009,11.442588666845017,11.448312823256856,23047.58035507556
20160229,20160301,601398.SH,sell,300.0,2.3819848588023227,714.5954576406968,5.0,0.35729772882034844,0.35747646705385705,23756.818514987437
20160229,20160301,601006.SH,buy,6600.0,3.55096317003972,23436.35692226215,7.030907076678645,0.0,11.71232229997986,313.4306856486073
20160229,20160301,601939.SH,buy,100.0,2.6735315719788155,267.35315719788156,5.0,0.0,0.13360977371206673,41.077528450725765
20160331,20160401,601006.SH,sell,449700.0,3.737842646113108,1680907.8379570646,504.27235138711933,840.4539189785323,840.8743561566807,1679604.1892151495
20160331,20160401,601288.SH,sell,16100.0,1.8282008337792046,29434.033423845194,8.830210027153557,14.717016711922597,14.724378901373711,1709014.6754122556
20160331,20160401,601398.SH,sell,2900.0,2.541968916483076,7371.70985780092,5.0,3.68585492890046,3.687698778289814,1716377.6994151275
20160331,20160401,600900.SH,buy,191300.0,8.63374868928296,1651636.1242598302,495.490837277949,0.0,825.4053594500292,64246.08431801945
20160331,20160401,601939.SH,buy,22500.0,2.850196653827636,64129.42471112181,19.23882741333654,0.0,32.04868801154953,97.4207794843096
20160429,20160503,600900.SH,sell,191300.0,8.660209244144314,1656698.0284048072,497.00940852144214,828.3490142024036,828.7633959001396,1655470.0907615677
20160429,20160503,601398.SH,sell,4100.0,2.5241929100741034,10349.190931303823,5.0,5.174595465651912,5.177184057682098,1665809.107097406
20160429,20160503,601288.SH,buy,12800.0,1.7898725521669343,22910.36866773676,6.873110600321027,0.0,11.449459604064032,1642891.8653190688
20160429,20160503,601328.SH,buy,535400.0,3.02203354095469,1617996.7578271409,485.3990273481422,0.0,808.5940818723757,24409.70846457989
20160429,20160503,601939.SH,buy,8800.0,2.767752948964853,24356.22595089071,7.306867785267212,0.0,12.172026961965457,46.17564590391339
20160531,20160601,601328.SH,sell,535400.0,3.1030300775364714,1661362.3035130268,498.408691053908,830.6811517565134,831.0967001065146,1660079.3893161202
20160531,20160601,601288.SH,sell,8000.0,1.8282008337792046,14625.606670233637,5.0,7.3128033351168185,7.316461565898862,1674692.6831830188
20160531,20160601,601398.SH,sell,11500.0,2.5834462647706786,29709.632044862803,8.912889613458841,14.854816022431402,14.862247146007576,1704378.5475222457
20160531,20160601,601006.SH,buy,473300.0,3.534624382447513,1672937.720212408,501.8813160637224,0.0,836.0508346890565,30938.945993773872
20160531,20160601,601939.SH,buy,10700.0,2.8678631620125183,30686.135833533946,9.205840750060183,0.0,15.335400216659764,243.6043194898666
20160531,20160601,601988.SH,buy,100.0,1.9358281114551081,193.58281114551082,5.0,0.0,0.09674303405572005,45.021508344355794
20160630,20160701,601006.SH,sell,473300.0,3.509328248534141,1660965.060031209,498.2895180093626,830.4825300156044,830.8979790050071,1659681.3094915284
20160630,20160701,601288.SH,sell,2000.0,1.8396629079721778,3679.325815944356,5.0,1.839662907972178,1.8405831995714834,1663353.7956445648
20160630,20160701,601398.SH,sell,8600.0,2.6367742839975965,22676.25884237933,6.802877652713799,11.338129421189667,11.343801321847423,1686011.9134798702
20160630,20160701,600104.SH,buy,123800.0,13.61330878698893,1685327.6278292297,505.59828834876885,0.0,842.2426925683394,178.68736229161732
20160729,20160801,000002.SZ,sell,148500.0,12.424011078952585,1844965.6452244588,553.4896935673376,922.4828226122294,922.9442947597709,1843668.3600705708
20160729,20160801,600104.SH,sell,123800.0,16.552303399141632,2049175.160813734,614.7525482441201,1024.587580406867,1025.1001304718666,3891204.180755654
20160729,20160801,601288.SH,sell,33800.0,1.8747086900303191,63365.153723024785,19.009546116907433,31.682576861512395,31.698426074552117,3954518.6423557
20160729,20160801,601398.SH,sell,25700.0,2.6821751652313237,68931.90174644502,20.679570523933503,34.46595087322251,34.48319246945903,4023395.3985807477
20160729,20160801,601006.SH,buy,463400.0,3.6055393379988647,1670806.929228674,501.24207876860214,0.0,834.9859716284554,2352087.227273305
20160729,20160801,601939.SH,buy,222000.0,3.1503707390467017,699382.3040683678,209.81469122051033,0.0,349.51639383728616,1652495.1085137166
20160729,20160801,601988.SH,buy,817100.0,2.0216914551083587,1651924.0879690398,495.57722639071187,0.0,825.5492693495471,75.44331828621216
20160831,20160901,601939.SH,sell,522000.0,3.277837873134328,1711031.3697761192,513.3094109328357,855.5156848880597,855.9436567162629,1709737.9879985845
20160831,20160901,601988.SH,sell,817200.0,2.11064693498452,1724820.6752693497,517.4462025808049,862.4103376346749,862.841758514056,3433178.8067277186
20160831,20160901,601398.SH,sell,13500.0,2.819402731824554,38061.93687963148,11.418581063889443,19.03096843981574,19.040488684157026,3471210.2940578465
20160831,20160901,601006.SH,buy,8900.0,3.6815069415547566,32765.411779837334,9.8296235339512,0.0,16.374518630600505,3438435.0526544754
20160831,20160901,601166.SH,buy,163800.0,10.422421953202319,1707192.71593454,512.157814780362,0.0,853.1697730808519,1730730.1789051553
20160831,20160901,601288.SH,buy,12000.0,1.937119315141787,23245.43178170144,6.973629534510432,0.0,11.616907437131886,1707477.7734939193
20160831,20160901,601328.SH,buy,500900.0,3.407575129533679,1706854.3823834197,512.0563147150259,0.0,853.0006908460055,111.33479578467086
20160930,20161010,601166.SH,sell,163800.0,10.399046426551676,1703363.8046691646,511.00914140074934,851.6819023345823,852.1079563125968,1702112.448421214
20160930,20161010,601328.SH,sell,500900.0,3.257437823834197,1631650.6059585493,489.4951817875648,815.8253029792746,816.233419689117,3332457.7338949963
20160930,20161010,601006.SH,sell,17200.0,3.753718948363912,64563.96591185928,19.369189773557782,32.28198295592964,32.29813202193327,3396970.0486341263
20160930,20161010,601288.SH,sell,2400.0,1.8988984795790975,4557.356350989834,5.0,2.278678175494917,2.27981808453751,3401520.126306941
20160930,20161010,600023.SH,buy,449100.0,3.796350285099785,1704940.9130383134,511.48227391149396,0.0,852.044434301788,1696067.7309947158
20160930,20161010,601398.SH,buy,2100.0,2.7660288283597034,5808.660539555377,5.0,0.0,2.9028788303621695,1690254.0704551605
20160930,20161010,601991.SH,buy,519500.0,3.2524688458038775,1689657.5653951145,506.8972696185343,0.0,844.4065794078633,89.60779042751528
20161031,20161101,601006.SH,sell,455100.0,3.963880506903726,1803962.0186918858,541.1886056075657,901.9810093459429,902.4322254585568,1802608.4568673598
20161031,20161101,600023.SH,sell,2800.0,3.8792428224878712,10861.879902966039,5.0,5.430939951483019,5.433656779872763,1813459.9058303745
20161031,20161101,600011.SH,buy,297700.0,5.8595105217391295,1744376.2823217388,523.3128846965216,0.0,871.7522650281899,68560.31062393915
20161031,20161101,601288.SH,buy,13600.0,1.9129053237025144,26015.512402354198,7.804653720706258,0.0,13.001255573388335,42536.99356786425
20161031,20161101,601398.SH,buy,14900.0,2.759784970959343,41120.796067294206,12.33623882018826,0.0,20.550122972155805,1403.8612617498584
20161031,20161101,601991.SH,buy,400.0,3.3202286134247916,1328.0914453699165,5.0,0.0,0.6637138657520154,70.76981637994186
20161130,20161201,600011.SH,sell,297700.0,6.213375689981096,1849721.9429073725,554.9165828722117,924.8609714536863,925.3236332703382,1848312.9351694267
20161130,20161201,600023.SH,sell,446300.0,4.124855962086731,1840923.2158793083,552.2769647637924,920.4616079396542,920.9220689737704,3687763.4124760316
20161130,20161201,601991.SH,sell,519900.0,3.4353711170994607,1786049.4437800096,535.8148331340028,893.0247218900048,893.4714576187544,5472384.0167010175
20161130,20161201,600016.SH,buy,357800.0,5.036799982695756,1802167.0338085415,540.6501101425624,0.0,900.6332003038842,3669676.3327823337
20161130,20161201,600027.SH,buy,478700.0,3.7669891961442836,1803257.7281942687,540.9773184582806,0.0,901.1782749595586,1865877.6272696068
20161130,20161201,601288.SH,buy,17200.0,1.9431728130016048,33422.5723836276,10.02677171508828,0.0,16.702934724446095,1832445.0281142641
20161130,20161201,601398.SH,buy,13700.0,2.822223544962948,38664.462565992384,11.599338769797715,0.0,19.322569997995743,1793768.966209502
20161130,20161201,601988.SH,buy,841500.0,2.1309720743034055,1793213.0005263158,537.9639001578947,0.0,896.1584210526198,18.001783028244972
20161230,20170103,600016.SH,sell,357800.0,4.794169208255897,1715353.74271396,514.6061228141879,857.67687135698,858.1059243190102,1713999.461502817
20161230,20170103,601988.SH,sell,841500.0,2.086386625386997,1755694.345263158,526.7083035789474,877.847172631579,878.2863157894462,3468289.2512897644
20161230,20170103,601398.SH,sell,7700.0,2.744551331864611,21133.045255357505,6.339913576607251,10.566522627678752,10.571808531942224,3489405.390108918
20161230,20170103,600027.SH,buy,11300.0,3.5454015963710908,40063.03803899333,12.018911411697998,0.0,20.02150826536672,3449330.3331585126
20161230,20170103,600177.SH,buy,415100.0,4.151917911863071,1723461.125214361,517.0383375643082,0.0,861.2999126506038,1725352.1696065874
20161230,20170103,600377.SH,buy,302900.0,5.676123579897119,1719297.8323508375,515.7893497052512,0.0,859.2193065222818,5538.547906044638
20161230,20170103,601288.SH,buy,2900.0,1.8765843365436061,5442.094575976458,5.0,0.0,2.7196874442661283,91.45333006817964
20170126,20170203,600377.SH,sell,302900.0,5.843086952933734,1769871.038043628,530.9613114130883,884.935519021814,885.3782081259415,1768546.5945432615
20170126,20170203,601288.SH,sell,6700.0,1.9412306112894595,13006.245095639379,5.0,6.5031225478196895,6.50637573568747,1781541.336516353
20170126,20170203,601398.SH,sell,10800.0,2.863066048467855,30921.113323452835,9.27633399703585,15.460556661726418,15.468290807126323,1812437.7129491472
20170126,20170203,000600.SZ,buy,225500.0,7.815210689669072,1762330.0105203756,528.6990031561127,0.0,880.7246429384686,49579.00342561561
20170126,20170203,600027.SH,buy,3800.0,3.6025854930867536,13689.824873729664,5.0,0.0,6.841491691018746,35884.17855188594
20170126,20170203,600177.SH,buy,8500.0,4.172633111708432,35467.38144952167,10.640214434856501,0.0,17.72482831060188,406.15688792941364
20170228,20170301,000600.SZ,sell,3100.0,8.057581243365984,24978.50185443455,7.493550556330365,12.489250927217276,12.495498676551506,25364.675940880417
20170228,20170301,600027.SH,sell,8300.0,3.7132381907794305,30819.876983469272,9.24596309504078,15.409938491734636,15.41764731539297,56159.89702276292
20170228,20170301,600177.SH,buy,11400.0,4.196307625817417,47837.90693431855,14.351372080295564,0.0,23.9069999671774,8307.638716364076
20170228,20170301,601288.SH,buy,2100.0,1.967386804440877,4131.512289325842,5.0,0.0,2.06472378277158,4171.1264270382335
20170228,20170301,601398.SH,buy,1400.0,2.9221252633687156,4090.975368716202,5.0,0.0,2.044465451632277,75.15105832203153
20170331,20170405,000600.SZ,sell,222400.0,8.514810157604094,1893693.7790511504,568.108133715345,946.8468895255752,947.3205498005264,1892253.9750862315
20170331,20170405,601288.SH,sell,16700.0,2.0137999799357944,33630.45966492777,10.08913789947833,16.815229832463885,16.823641653289087,1925857.5303834274
20170331,20170405,601398.SH,sell,12100.0,3.019006465051071,36529.97822711796,10.958993468135386,18.26498911355898,18.274126176649588,1962358.2846279636
20170331,20170405,600027.SH,buy,24000.0,3.5882895189078376,86118.9484537881,25.83568453613643,0.0,43.037955249266815,1876213.5004896394
20170331,20170405,600177.SH,buy,12500.0,4.128243397754087,51603.042471926085,15.480912741577823,0.0,25.78862692249095,1824594.9771049717
20170331,20170405,601988.SH,buy,818600.0,2.22811040247678,1823931.175467492,547.1793526402475,0.0,911.5098328173626,116.62228483939543
20170428,20170502,600027.SH,sell,509500.0,3.6846748200811277,1877341.8208313345,563.2025462494003,938.6709104156672,939.140480655944,1875956.5696595088
20170428,20170502,601288.SH,sell,9700.0,2.0379897694845726,19768.500764000353,5.930550229200105,9.884250382000177,9.889194979492459,1895709.255622898
20170428,20170502,601398.SH,sell,6900.0,3.0314816983777293,20917.223718806334,6.275167115641899,10.458611859403167,10.463843781290052,1916609.7455627292
20170428,20170502,600177.SH,buy,9300.0,4.086812998063365,38007.3608819893,11.402208264596789,0.0,18.99418334931397,1878590.9824724754
20170428,20170502,601211.SH,buy,127300.0,14.33167593351718,1824422.346336737,547.3267039010211,0.0,911.7552955204155,53621.309431837406
20170428,20170502,601988.SH,buy,24600.0,2.173470092879257,53467.364284829724,16.040209285448917,0.0,26.720321981418238,137.90493772223272
20170531,20170601,601211.SH,sell,500.0,15.1040190802713,7552.00954013565,5.0,3.776004770067825,3.777893716925064,7681.138473087815
20170531,20170601,601288.SH,sell,2900.0,2.1468438224540756,6225.8470851168195,5.0,3.1129235425584096,3.1144807829487036,13898.872634662075
20170531,20170601,601398.SH,sell,22400.0,3.268511131584218,73214.64934748648,21.964394804245945,36.60732467374324,36.62563749248511,87054.95026267058
20170531,20170601,600177.SH,buy,10900.0,4.196307625817417,45739.75312140984,13.72192593642295,0.0,22.85844733704289,41301.47521532432
20170531,20170601,601988.SH,buy,18200.0,2.2584661300309596,41104.083566563466,12.331225069969038,0.0,20.54177089782752,185.0604236908839
20170630,20170703,600177.SH,sell,467700.0,4.347244664681404,2033206.3296714926,609.9618989014477,1016.6031648357463,1017.1117206958588,2031764.825031446
20170630,20170703,601211.SH,sell,126800.0,16.079486979205488,2038878.9489632559,611.6636846889767,1019.4394744816279,1019.9494492062367,4069012.6708355313
20170630,20170703,601398.SH,sell,584800.0,3.268511131584218,1911425.3097504505,573.4275929251351,955.7126548752253,956.19075025036,5978908.840338182
20170630,20170703,601988.SH,sell,861400.0,2.2440786377708983,1933049.3385758519,579.9148015727556,966.5246692879259,967.0081733744591,7910411.739443173
20170630,20170703,600064.SH,buy,398800.0,4.868954610164113,1941739.098533448,582.5217295600344,0.0,970.3843570882455,5968090.119180164
20170630,20170703,601288.SH,buy,23000.0,2.1247777487961472,48869.88822231138,14.660966466693413,0.0,24.42273274478066,5919205.5699913865
20170630,20170703,601328.SH,buy,545400.0,3.6190797927461142,1973846.1189637308,592.1538356891192,0.0,986.429844559636,3944767.2971919663
20170630,20170703,601818.SH,buy,777400.0,2.5604283412887825,1990476.9925178995,597.1430977553698,0.0,994.7411256961059,1953693.1615763116
20170630,20170703,601939.SH,buy,488800.0,3.995312337506018,1952908.6705729417,585.8726011718825,0.0,975.9663521104958,198.61840219795704
20170731,20170801,600064.SH,sell,398800.0,5.136990720860328,2048631.8994790986,614.5895698437296,1024.3159497395493,1024.8283639214933,2047191.612361713
20170731,20170801,601818.SH,sell,777400.0,2.738944083134447,2129255.130228719,638.7765390686158,1064.6275651143596,1065.1601451868191,4174743.3384862496
20170731,20170801,601939.SH,sell,488800.0,4.381350196597658,2141603.976096935,642.4811928290804,1070.8019880484676,1071.337656876538,6314634.031402307
20170731,20170801,601288.SH,sell,32600.0,2.3543777777777777,76752.71555555555,23.025814666666662,38.37635777777778,38.39555555554398,6391325.344785417
20170731,20170801,601328.SH,sell,5100.0,3.934058885459156,20063.700315841696,6.0191100947525085,10.031850157920848,10.036868592214887,6411372.994141007
20170731,20170801,600023.SH,buy,517300.0,4.179926161656579,2162275.8034249484,648.6827410274844,0.0,1080.5976029108278,4248448.507975031
20170731,20170801,600377.SH,buy,317600.0,6.686831415564053,2123737.657583143,637.1212972749429,0.0,1061.3381597115658,2124073.729094613
20170731,20170801,601988.SH,buy,852500.0,2.4906874458204333,2123311.0475619193,636.9933142685758,0.0,1061.1249612998217,125.68821842502803
20170831,20170901,600377.SH,sell,317600.0,6.902125842433913,2192115.167557011,657.6345502671032,1096.0575837785054,1096.605886721518,2190487.1636413904
20170831,20170901,601288.SH,sell,897600.0,2.3924539682539683,2147466.681904762,644.2400045714286,1073.733340952381,1074.2704761903733,4336235.872200629
20170831,20170901,601328.SH,sell,540300.0,4.032256923161724,2178628.4155842797,653.5885246752838,1089.3142077921398,1089.859137360938,6513121.385052441
20170831,20170901,601988.SH,sell,852500.0,2.6786213196594426,2283524.675009675,685.0574025029024,1141.7623375048374,1142.3335042567924,8794819.240322107
20170831,20170901,000541.SZ,buy,320900.0,6.772929806423229,2173433.1748812143,652.0299524643642,0.0,1086.1735006901436,6620734.035488429
20170831,20170901,600023.SH,buy,21500.0,4.1347377707197515,88896.86207047466,26.669058621142394,0.0,44.42621792627324,6531810.504359333
20170831,20170901,600376.SH,buy,259900.0,8.346879883731877,2169354.081781915,650.8062245345744,0.0,1084.1349734039977,4361805.616352883
20170831,20170901,600398.SH,buy,357300.0,6.088835966494397,2175541.090828448,652.6623272485343,0.0,1087.2269319482148,2185611.8631971865
20170831,20170901,601158.SH,buy,442400.0,4.937810403500243,2184487.3225085074,655.3461967525521,0.0,1091.6978123481385,469.19449192658067
20170929,20171009,600376.SH,sell,259900.0,8.331125142157786,2165259.4244468086,649.5778273340426,1082.6297122234043,1083.171297872439,2163996.4113991777
20170929,20171009,600398.SH,sell,357300.0,6.4665199004543705,2310487.5604323465,693.1462681297039,1155.2437802161733,1155.8216910618357,4472635.581783178
20170929,20171009,000541.SZ,buy,200.0,6.7952827100747895,1359.0565420149578,5.0,0.0,0.6791886766689004,4471271.525241164
20170929,20171009,000876.SZ,buy,305100.0,7.165763300897257,2186274.3831037534,655.882314931126,0.0,1092.5908961039968,2284341.259822479
20170929,20171009,600023.SH,buy,10300.0,4.051892387335566,41734.49158955633,12.520347476866899,0.0,20.856817386084003,2242594.2478854456
20170929,20171009,600028.SH,buy,629400.0,3.4712630950811016,2184812.9920440456,655.4438976132136,0.0,1091.8605657392181,57125.811943786684
20170929,20171009,601158.SH,buy,11700.0,4.839754594069032,56625.12875060768,16.987538625182303,0.0,28.298415167715575,483.6956545538269
20171031,20171101,000541.SZ,sell,321100.0,6.840595467785246,2196515.2047058423,658.9545614117526,1098.2576023529211,1098.8070058557205,2195241.688196631
20171031,20171101,000876.SZ,sell,1500.0,7.168274903982989,10752.412355974484,5.0,5.376206177987242,5.378895625799487,2205983.7243464277
20171031,20171101,600023.SH,sell,900.0,4.0252709073175605,3622.7438165858043,5.0,1.8113719082929023,1.8122780473163402,2209599.6567911054
20171031,20171101,600028.SH,sell,2300.0,3.4970329728779292,8043.175837619237,5.0,4.021587918809619,4.023599718668265,2217633.8110408057
20171031,20171101,601158.SH,buy,5200.0,4.783722702965484,24875.35805542052,7.462607416626155,0.0,12.431463296063157,2192750.9903779686
20171031,20171101,601339.SH,buy,582400.0,3.7633301747777614,2191763.4937905683,657.5290481371704,0.0,1095.3340798551217,329.96753926295787
20171130,20171201,000876.SZ,sell,303600.0,7.342403039302414,2229153.5627322127,668.7460688196637,1114.5767813661064,1115.1343485401012,2227700.2074212898
20171130,20171201,600028.SH,sell,627100.0,3.526272379005671,2211325.4088744563,663.3976226623369,1105.6627044372283,1106.2158123431727,4437256.555968647
20171130,20171201,600023.SH,sell,7400.0,4.017747036462762,29731.328069824438,8.919398420947331,14.86566403491222,14.873100585202337,4466964.098976015
20171130,20171201,600578.SH,buy,715100.0,3.011141132250877,2153267.023672602,645.9801071017806,0.0,1076.0954641038552,2313051.0951963114
20171130,20171201,600642.SH,buy,513900.0,4.179877739043823,2148039.1700946204,644.4117510283861,0.0,1073.4828436248936,164367.5133506623
20171130,20171201,601158.SH,buy,22900.0,4.4965592610597955,102971.20707826932,30.891362123480793,0.0,51.45987360231811,61365.41491026951
20171130,20171201,601339.SH,buy,16900.0,3.6146887675154438,61088.240171011,18.3264720513033,0.0,30.528855657670647,258.84826720720594
20171229,20180102,600642.SH,sell,513900.0,4.314889948539176,2217421.9445542824,665.2265833662847,1108.7109722771413,1109.2656050794758,2215906.8552658465
20171229,20180102,601158.SH,sell,6200.0,4.5270498784637825,28067.70924647545,8.420312773942634,14.033854623237724,14.040875060767576,2243952.110344925
20171229,20180102,600023.SH,buy,2100.0,4.01423539488821,8429.894329265242,5.0,0.0,4.212840744259665,2235517.2160156597
20171229,20180102,600377.SH,buy,316100.0,6.839593919346409,2161995.6379054,648.5986913716199,0.0,1080.4575901576318,72872.97941888822
20171229,20180102,600578.SH,buy,6100.0,2.994995603391623,18269.473180688903,5.480841954206671,0.0,9.130171504591999,54598.02539624511
20171229,20180102,601339.SH,buy,15300.0,3.5606373466927828,54477.751404399576,16.34332542131987,0.0,27.225263070657093,103.93066642421036
20180131,20180201,600023.SH,sell,542900.0,4.348797354073926,2360962.0835267343,708.2886250580202,1180.481041763367,1181.0715775522403,2359177.244526337
20180131,20180201,000726.SZ,buy,250100.0,8.842425191712632,2211490.540447329,663.4471621341987,0.0,1105.1926738866605,147023.25691687362
20180131,20180201,600377.SH,buy,3600.0,6.909031421065661,24872.51311583638,7.461753934750913,0.0,12.43004153714719,122143.28204710249
20180131,20180201,600578.SH,buy,31600.0,2.938486252384234,92856.1655753418,27.85684967260254,0.0,46.40488034748705,29259.25962208808
20180131,20180201,601158.SH,buy,4000.0,4.608623043266893,18434.49217306757,5.530347651920271,0.0,9.212639766647044,10819.237101368588
20180131,20180201,601339.SH,buy,2900.0,3.6146887675154438,10482.597425794787,5.0,0.0,5.238679373211198,331.63967557380056
20180228,20180301,601339.SH,sell,617500.0,3.719070678017177,2296526.1436756067,688.957843102682,1148.2630718378034,1148.8374905828387,2295020.5624362403
20180228,20180301,600377.SH,sell,5000.0,6.811947313839299,34059.736569196495,10.217920970758948,17.029868284598248,17.038387478336517,2329053.0512161814
20180228,20180301,000726.SZ,buy,6100.0,8.42945478440737,51419.67418488496,15.425902255465488,0.0,25.696988598137978,2277617.951129041
20180228,20180301,600578.SH,buy,35800.0,2.728594377213932,97683.67870425875,29.305103611277623,0.0,48.81743063680187,2179904.967321171
20180228,20180301,600900.SH,buy,173900.0,12.416467540478026,2159223.7052891287,647.7671115867386,0.0,1079.0723164863884,20033.494920455385
20180228,20180301,601158.SH,buy,4400.0,4.489555274671852,19754.043208556148,5.926212962566844,0.0,9.872085561495624,273.52549893666946
20180330,20180402,000726.SZ,sell,400.0,8.421029542244048,3368.4118168976192,5.0,1.6842059084488097,1.6850484326646438,3635.25310992584
20180330,20180402,600578.SH,sell,20700.0,2.7903847120485987,57760.963539405995,17.328289061821796,28.880481769703,28.89492923430953,61350.00787850031
20180330,20180402,601158.SH,sell,19400.0,4.6529956246961595,90268.1151191055,27.080434535731648,45.13405755955275,45.15663587748713,151545.90850551054
20180330,20180402,600377.SH,buy,9900.0,6.666000165048277,65993.40163397793,19.798020490193377,0.0,32.98021071162657,85532.70885104241
20180330,20180402,600900.SH,buy,7000.0,12.121017733230532,84847.12413261372,25.454137239784114,0.0,42.40236088585516,660.1305811889033
20180427,20180502,600578.SH,sell,767900.0,2.758125929250349,2117964.9010713426,635.3894703214028,1058.9824505356714,1059.5122066391632,2116930.6597316745
20180427,20180502,601158.SH,sell,465000.0,4.4920649489547895,2088810.2012639772,626.6430603791931,1044.4051006319887,1044.9275644137524,4204069.812834641
20180427,20180502,000726.SZ,sell,5600.0,8.453387004462082,47338.96722498766,14.201690167496297,23.66948361249383,23.681324274628423,4251370.908885849
20180427,20180502,600900.SH,sell,2000.0,12.093766644511208,24187.533289022416,7.256259986706724,12.093766644511208,12.099816552785342,4275539.09214824
20180427,20180502,600377.SH,buy,12100.0,6.388250158171265,77297.8269138723,23.189348074161686,0.0,38.62959865760058,4198218.075886293
20180427,20180502,600642.SH,buy,522400.0,4.0258822433948405,2103120.8839494647,630.9362651848394,0.0,1051.0349245122634,2094466.2556716437
20180427,20180502,600795.SH,buy,901600.0,2.3223366035633712,2093818.6817727354,628.1456045318206,0.0,1046.3861478122417,19.42829437647015
20180531,20180601,000726.SZ,sell,250200.0,9.286591656576528,2323505.2324754475,697.0515697426342,1161.7526162377237,1162.3337831292301,2321665.8565838435
20180531,20180601,600642.SH,sell,522400.0,3.9412746898371416,2058921.8979709228,617.6765693912768,1029.4609489854613,1029.9759369539097,4378940.617036389
20180531,20180601,600795.SH,sell,901600.0,2.3118463591409575,2084360.6774014872,625.3082032204461,1042.1803387007437,1042.7016895455308,6461633.805895955
20180531,20180601,600900.SH,sell,178900.0,12.911117581687183,2309798.935363837,692.9396806091511,1154.8994676819186,1155.477206284646,8769584.9021115
20180531,20180601,600377.SH,sell,10300.0,6.707895165460898,69091.32020424725,20.727396061274174,34.54566010212363,34.5629415729054,8838620.949259585
20180531,20180601,000541.SZ,buy,386200.0,5.691423260008799,2198027.663015398,659.4082989046194,0.0,1098.464599207975,6639933.877945282
20180531,20180601,000876.SZ,buy,323900.0,6.894626311133577,2233169.4621761655,669.9508386528496,0.0,1116.0267177289352,4406094.464930464
20180531,20180601,600033.SH,buy,886300.0,2.468608846765014,2187928.0208878317,656.3784062663494,0.0,1093.4173017926514,2217510.0656363657
20180531,20180601,601328.SH,buy,599400.0,3.6983977180024254,2216819.592170654,665.0458776511961,0.0,1107.8558681514114,25.427588060498238
20180629,20180702,000541.SZ,sell,386200.0,5.11460391097896,1975260.0304200742,592.5780091260223,987.6300152100372,988.124077248387,1973705.2499837987
20180629,20180702,600033.SH,sell,886300.0,2.3058438979860933,2043669.4467850744,613.1008340355223,1021.8347233925373,1022.3458963406738,4015739.761211445
20180629,20180702,600377.SH,sell,326400.0,6.298623381839189,2055870.6718323112,616.7612015496933,1027.9353359161555,1028.449560696492,6069965.736506291
20180629,20180702,601328.SH,sell,21200.0,3.51671722522324,74554.40517473269,22.366321552419805,37.27720258736635,37.29585051261529,6144460.498156884
20180629,20180702,000876.SZ,buy,5800.0,6.129632661443194,35551.86943637053,10.665560830911158,0.0,17.76705119258986,6108897.963159682
20180629,20180702,600236.SH,buy,596400.0,3.4163057518143107,2037484.7503820548,611.2454251146164,0.0,1018.233258561464,4070801.9673525128
20180629,20180702,600900.SH,buy,162500.0,12.677108789514264,2060030.178296068,618.0090534888203,0.0,1029.500338978367,2010153.780002956
20180629,20180702,601288.SH,buy,878400.0,2.2875039794007495,2009343.4955056184,602.8030486516855,0.0,1004.1696629214566,207.4814486859832
20180731,20180801,000876.SZ,sell,329700.0,6.4594854697003825,2129692.359360216,638.9077078080649,1064.8461796801082,1065.3788691144437,2128196.0869214144
20180731,20180801,600900.SH,sell,162500.0,13.301988966580705,2161573.2070693644,648.4719621208093,1080.7866035346822,1081.3272671680897,4288040.035425123
20180731,20180801,601288.SH,sell,878400.0,2.425128901373284,2130233.2269662926,639.0699680898878,1065.1166134831462,1065.6494382023811,6416569.075809842
20180731,20180801,601328.SH,sell,3000.0,3.7085038400764345,11125.511520229304,5.0,5.562755760114652,5.565538529377591,6427684.024574311
20180731,20180801,600177.SH,buy,651200.0,3.2727622031679102,2131222.746702943,639.3668240108829,0.0,1065.0788339343853,4295821.911047358
20180731,20180801,600236.SH,buy,700.0,3.566143723385114,2496.30060636958,5.0,0.0,1.2475265399148157,4293320.610440988
20180731,20180801,600377.SH,buy,336600.0,6.439958116249002,2167689.9019294144,650.3069705788242,0.0,1083.3032993152738,2124980.401540995
20180731,20180801,600688.SH,buy,458600.0,4.631376030493318,2123949.0475842357,637.1847142752706,0.0,1061.4438018915243,394.1692424840294
20180831,20180903,600177.SH,sell,651200.0,3.1884293143000946,2076305.1694722215,622.8915508416663,1038.1525847361108,1038.6719206962734,2075038.2945791278
20180831,20180903,600236.SH,sell,597100.0,3.418878681700954,2041412.4608436397,612.4237382530919,1020.7062304218199,1021.2168388413265,4114817.6254540924
20180831,20180903,601328.SH,sell,575200.0,3.618209833535443,2081194.2962495869,624.358288874876,1040.5971481247934,1041.117706977995,6194346.96626668
20180831,20180903,600377.SH,sell,4600.0,6.4553545938436985,29694.631131681013,8.908389339504303,14.847315565840507,14.854742937306582,6224017.841693455
20180831,20180903,600688.SH,sell,13600.0,4.747369795000855,64564.22921201163,19.36926876360349,32.28211460600582,32.29826373787364,6288530.419522097
20180831,20180903,000157.SZ,buy,725000.0,2.896431118630402,2099912.5610070415,629.9737683021124,0.0,1049.4315647208132,4187987.8847467536
20180831,20180903,601158.SH,buy,529200.0,3.966007292173068,2098811.0590179875,629.6433177053962,0.0,1048.8810889641754,2088547.1824110607
20180831,20180903,601566.SH,buy,210500.0,9.914481118357747,2086998.2754143057,626.0994826242917,0.0,1042.977648882661,922.8075141306035
20180928,20181008,000157.SZ,sell,725000.0,2.788316639185273,2021529.563409323,606.4588690227969,1010.7647817046616,1011.2704169128556,2020835.1472727263
20180928,20181008,600377.SH,sell,332000.0,6.54996520232168,2174588.4471707977,652.3765341512393,1087.2942235853989,1087.8381426562555,4193683.9236857872
20180928,20181008,600688.SH,sell,445000.0,5.01446319544555,2231436.1219732696,669.4308365919808,1115.7180609866348,1116.2761990861036,6423334.896761479
20180928,20181008,601158.SH,sell,19100.0,4.130796961594555,78898.22196645601,23.6694665899368,39.449110983228,39.468845405921456,6502170.000150362
20180928,20181008,000863.SZ,buy,643200.0,3.295497992451734,2119664.3087449553,635.8992926234865,0.0,1059.3025031210855,4381869.792112783
20180928,20181008,002394.SZ,buy,281500.0,7.714152675441118,2171533.9781366745,651.4601934410023,0.0,1085.2243768796325,2209684.3537826673
20180928,20181008,300195.SZ,buy,240100.0,8.88444,2133154.0439999998,639.9462131999999,0.0,1066.0439999997616,75890.36356946733
20180928,20181008,601566.SH,buy,7800.0,9.609196509141453,74951.73277130333,22.485519831391,0.0,37.45713781673112,916.1452783326095
20181031,20181101,000863.SZ,sell,643200.0,3.040828948323414,1955861.1795616199,586.7583538684859,977.93058978081,978.4197996805888,1955212.635896303
20181031,20181101,601566.SH,sell,218300.0,8.582993857585803,1873667.559110981,562.1002677332942,936.8337795554905,937.3024307705928,3827381.260959995
20181031,20181101,002394.SZ,sell,28200.0,7.970574475544573,224770.20021035694,67.43106006310708,112.38510010517847,112.4413207655598,4051971.6450101836
20181031,20181101,601158.SH,sell,2600.0,3.9253576810889648,10205.929970831308,5.0,5.102964985415654,5.105517744286772,4062167.4720160295
20181031,20181101,002083.SZ,buy,467900.0,4.25592,1991344.9679999999,597.4034903999999,0.0,995.1748965517618,2070225.1005256297
20181031,20181101,300195.SZ,buy,12000.0,7.913955,94967.45999999999,28.490237999999994,0.0,47.45999999999185,1975229.1502876298
20181031,20181101,600873.SH,buy,706600.0,2.7942931210002504,1974447.519298777,592.3342557896331,0.0,986.7303944521118,189.29673306318
20181130,20181203,300195.SZ,sell,252100.0,8.315840000000001,2096423.2640000004,628.9269792000001,1048.2116320000002,1048.7359999995679,2094935.4221218636
20181130,20181203,600873.SH,sell,10100.0,2.953224418684097,29827.566628709377,8.948269988612813,14.913783314354689,14.921243936321844,2124739.12669727
20181130,20181203,601158.SH,sell,7200.0,4.06476290714633,29266.292931453572,8.779887879436071,14.633146465726787,14.640466699078388,2153982.0065943785
20181130,20181203,000429.SZ,buy,391500.0,5.215897343500186,2042023.8099803226,612.6071429940968,0.0,1020.501654163003,111345.58947106171
20181130,20181203,002083.SZ,buy,12700.0,4.28076,54365.652,16.309695599999998,0.0,27.169241379313462,56963.62777546171
20181130,20181203,002394.SZ,buy,7100.0,7.916338128628082,56206.00071325938,16.861800213977812,0.0,28.08895587868028,740.765261988352
20181228,20190102,000429.SZ,sell,391500.0,5.742664885417949,2248253.3026411273,674.4759907923382,1124.1266513205637,1124.6889958181418,2247195.4652610025
20181228,20190102,600873.SH,sell,696500.0,2.9602559053952495,2061818.2381077914,618.5454714323374,1030.9091190538957,1031.4248314693104,4307364.248778308
20181228,20190102,002083.SZ,buy,31900.0,4.098599999999999,130745.33999999998,39.22360199999999,0.0,65.33999999999651,4176579.685176308
20181228,20190102,002394.SZ,buy,5100.0,7.815245402034601,39857.751550376466,11.95732546511294,0.0,19.91891631703038,4136709.9763004663
20181228,20190102,600828.SH,buy,540100.0,3.802956141827895,2053976.6122012462,616.1929836603738,0.0,1026.4750685661566,2082117.1711155598
20181228,20190102,601158.SH,buy,3600.0,4.090863077297035,14727.107078269326,5.0,0.0,7.3598736023323,2067385.0640372904
20181228,20190102,601988.SH,buy,855800.0,2.415007209752322,2066763.170106037,620.0289510318111,0.0,1032.8651524765883,1.8649802214931697
20190131,20190201,601988.SH,sell,855800.0,2.4592457681888544,2104622.5284160217,631.3867585248065,1052.311264208011,1052.8376830494963,2102940.69537351
20190131,20190201,002083.SZ,sell,25000.0,4.259937931034483,106498.44827586207,31.94953448275862,53.24922413793104,53.27586206897104,2209353.9448907515
20190131,20190201,002394.SZ,buy,3900.0,7.807469038450486,30449.129249956895,9.134738774987067,0.0,15.216956146905432,2178895.6809020196
20190131,20190201,600395.SH,buy,606700.0,3.4375618559531427,2085568.7780067716,625.6706334020314,0.0,1042.2632573742885,92701.23226184607
20190131,20190201,600828.SH,buy,24700.0,3.737948344531692,92327.32410993279,27.698197232979833,0.0,46.140591759074596,346.2099546803074
20190228,20190301,600395.SH,sell,606700.0,3.8704289069888045,2348189.217870108,704.4567653610322,1174.0946089350539,1174.6819499097764,2346656.876450492
20190228,20190301,600828.SH,sell,564800.0,4.334933367603011,2448370.3660221803,734.5111098066541,1224.1851830110902,1224.7975818021223,4793068.546179855
20190228,20190301,002083.SZ,buy,7900.0,4.645079999999999,36696.13199999999,11.008839599999996,0.0,18.338896551715152,4756361.405340255
20190228,20190301,002394.SZ,buy,2900.0,8.569552669693662,24851.70274211162,7.455510822633486,0.0,12.419641550281085,4731502.247087321
20190228,20190301,600688.SH,buy,491500.0,4.769368612407457,2344144.6729982654,703.2434018994795,0.0,1171.4865932026878,2386654.3306871564
20190228,20190301,601158.SH,buy,19800.0,4.480119348565872,88706.36310160428,26.61190893048128,0.0,44.33101604277908,2297921.3556766217
20190228,20190301,601988.SH,buy,894400.0,2.568446894349845,2297218.9023065013,689.1656706919504,0.0,1148.0354334362783,13.287699428386986
20190329,20190401,002083.SZ,sell,495400.0,5.128468965517242,2540643.5255172416,762.1930576551724,1270.3217627586207,1270.9572413791902,2538624.298396256
20190329,20190401,601158.SH,sell,523700.0,4.5196641711229955,2366948.1264171125,710.0844379251337,1183.4740632085563,1184.066096256487,4903678.866312236
20190329,20190401,002394.SZ,sell,5300.0,9.003797092744795,47720.124591547414,14.316037377464223,23.86006229577371,23.87199829491874,4951360.81480411
20190329,20190401,600236.SH,buy,675400.0,3.5002150158939602,2364045.221734781,709.2135665204341,0.0,1181.431894919835,2586606.3795028087
20190329,20190401,600377.SH,buy,330100.0,7.212170288559403,2380737.412253459,714.2212236760377,0.0,1189.7738192169927,205154.74602567358
20190329,20190401,600688.SH,buy,24100.0,4.622751494123683,111408.31100838077,33.422493302514226,0.0,55.67631734551105,93713.0125239903
20190329,20190401,601988.SH,buy,37000.0,2.528419150541796,93551.50857004646,28.065452571013935,0.0,46.752378095974564,133.43850137283152
20190430,20190506,600688.SH,sell,515600.0,4.351037652405503,2243395.013580277,673.0185040740831,1121.6975067901385,1122.258636108134,2241733.7360707857
20190430,20190506,601988.SH,sell,931400.0,2.565879731037152,2389860.3814880033,716.9581144464009,1194.9301907440017,1195.5279547213577,4629682.2292535985
20190430,20190506,600236.SH,sell,18000.0,3.5206666634678827,63371.99994242189,19.011599982726565,31.685999971210947,31.70185089665756,4693003.531596066
20190430,20190506,600377.SH,sell,7800.0,7.263183635463373,56652.83235661431,16.99584970698429,28.326416178307156,28.3405864715387,4749611.041686796
20190430,20190506,000429.SZ,buy,396500.0,5.932741873693273,2352332.152919383,705.6996458758148,0.0,1175.578287315555,2396573.189121537
20190430,20190506,002394.SZ,buy,7300.0,8.429578125179608,61535.92031381114,18.46077609414334,0.0,30.752583864967164,2335018.8080316316
20190430,20190506,600028.SH,buy,657000.0,3.5525028682579447,2333994.38444547,700.1983153336408,0.0,1166.4139852300286,324.22527082823217
20190531,20190603,600236.SH,sell,657400.0,3.610479588556349,2373529.281516944,712.0587844550831,1186.764640758472,1187.3583199181594,2371954.683362559
20190531,20190603,600377.SH,sell,322300.0,7.787180851649107,2509808.3884865073,752.9425165459521,1254.9041942432536,1255.53196022287,4879755.225138277
20190531,20190603,000429.SZ,sell,16400.0,6.042756637150004,99101.20884926006,29.730362654778016,49.55060442463003,49.57539212067786,4978777.153020457
20190531,20190603,002394.SZ,buy,24400.0,7.890057201563309,192517.39571814475,57.75521871544342,0.0,96.21059256279841,4786202.002083597
20190531,20190603,600028.SH,buy,36100.0,3.4571763154424366,124804.06498747197,37.44121949624159,0.0,62.37084707019676,4661360.495876629
20190531,20190603,601006.SH,buy,438800.0,5.3505877075846415,2347837.886088141,704.3513658264421,0.0,1173.3322769058868,2312818.2584226616
20190531,20190603,601328.SH,buy,599800.0,3.8542467423657807,2311777.196070995,693.5331588212985,0.0,1155.310942563694,347.52919284487143
20190628,20190701,000429.SZ,sell,380100.0,5.539460262165376,2105548.8456490594,631.6646536947178,1052.7744228245297,1053.3010733611882,2104211.935765385
20190628,20190701,002394.SZ,sell,298700.0,7.858164474969828,2347233.728673488,704.1701186020463,1173.616864336744,1174.203966319561,4449567.877455935
20190628,20190701,601328.SH,sell,599800.0,3.9793858596994087,2386835.6386477053,716.0506915943115,1193.4178193238527,1194.0148267368786,6834494.047592722
20190628,20190701,600028.SH,sell,48400.0,3.663383445426173,177307.75875862676,53.19232762758802,88.65387937931338,88.69822849353659,7011659.960144342
20190628,20190701,601006.SH,sell,15000.0,5.4788933799886514,82183.40069982977,24.65502020994893,41.09170034991489,41.11225647815445,7093777.614123612
20190628,20190701,600023.SH,buy,651900.0,3.60533800580203,2350319.8459823434,705.095953794703,0.0,1174.5726366727613,4742752.672187474
20190628,20190701,601818.SH,buy,861500.0,2.734958681384248,2356166.9040125296,706.8500712037588,0.0,1177.4947046539746,2385878.91810374
20190628,20190701,601988.SH,buy,904700.0,2.636232318111455,2384999.3781954334,715.49981345863,0.0,1191.9037372288294,164.04009484825656
20190731,20190801,600023.SH,sell,651900.0,3.488421475016255,2274101.9595630965,682.2305878689289,1137.0509797815482,1137.619789676275,2272446.7180902944
20190731,20190801,601006.SH,sell,423800.0,5.3108291658785705,2250729.4004993383,675.2188201498014,1125.364700249669,1125.927664081566,4521375.535069233
20190731,20190801,601818.SH,sell,861500.0,2.781901909307876,2396608.4948687353,718.9825484606205,1198.3042474343677,1198.903699283488,6916066.743142073
20190731,20190801,601988.SH,sell,904700.0,2.5846977167182663,2338376.0243150154,701.5128072945046,1169.1880121575077,1169.772898606956,9252572.066637635
20190731,20190801,600016.SH,buy,542100.0,4.2437262005330245,2300523.9733089525,690.1571919926857,0.0,1149.6871430827305,6951357.93613669
20190731,20190801,600019.SH,buy,502800.0,4.548579291012089,2287025.6675208784,686.1077002562635,0.0,1142.941363078542,4663646.160915555
20190731,20190801,600028.SH,buy,18500.0,3.5003646314123693,64756.745681128836,19.427023704338648,0.0,32.36219174468715,4598869.988210722
20190731,20190801,600395.SH,buy,559500.0,4.105160062231171,2296837.05481834,689.051116445502,0.0,1147.8446051063947,2301343.882275936
20190731,20190801,600808.SH,buy,923200.0,2.4919003493449776,2300522.4025152833,690.156720754585,0.0,1149.686358078383,131.3230398981832
20190830,20190902,600395.SH,sell,559500.0,3.9125892628351804,2189093.6925562834,656.7281077668849,1094.5468462781416,1095.0943934745155,2187473.740642137
20190830,20190902,600016.SH,sell,14100.0,4.099104310528066,57797.37077844573,17.339211233533717,28.898685389222866,28.913141960198118,2245224.87352396
20190830,20190902,600028.SH,sell,9700.0,3.323687889577564,32239.772528902373,9.671931758670711,16.119886264451186,16.127950239570055,2277438.8542348393
20190830,20190902,000429.SZ,buy,396000.0,5.450278403640389,2158310.247841594,647.4930743524781,0.0,1078.6158160124905,118481.11331889313
20190830,20190902,600019.SH,buy,14000.0,4.155227308298779,58173.18231618291,17.45195469485487,0.0,29.072055130527588,60290.47904801536
20190830,20190902,600808.SH,buy,26500.0,2.271528209606987,60195.49755458515,18.058649266375543,0.0,30.08270742357854,76.92284416383336
20190930,20191008,600019.SH,sell,516800.0,4.222521217076448,2182198.9649851085,654.6596894955325,1091.0994824925542,1091.6453051446006,2180530.128657284
20190930,20191008,600016.SH,sell,6200.0,4.2114085382137665,26110.732936925353,7.833219881077605,13.055366468462676,13.061897417170258,2206619.97300786
20190930,20191008,600028.SH,sell,6400.0,3.400422108664117,21762.70149545035,6.528810448635104,10.881350747725175,10.886794144793384,2228365.2643421143
20190930,20191008,000429.SZ,buy,1100.0,5.625153646537941,6187.669011191735,5.0,0.0,3.09228836141574,2222172.5953309224
20190930,20191008,600808.SH,buy,14300.0,2.271528209606987,32482.853397379913,9.744856019213973,0.0,16.233310043669917,2189679.9970775233
20190930,20191008,601328.SH,buy,591800.0,3.698868316613384,2188990.269771801,656.6970809315402,0.0,1093.9481608057395,33.03022479079664
20191031,20191101,600016.SH,sell,521800.0,4.302655723208398,2245125.756370142,673.5377269110426,1122.562878185071,1123.1244404050522,2243362.6859898367
20191031,20191101,601328.SH,sell,591800.0,3.796873259104105,2246989.594737809,674.0968784213427,1123.4947973689045,1124.0568257817067,4488554.689051855
20191031,20191101,000429.SZ,sell,6800.0,5.70688153158693,38806.794414791126,11.642038324437337,19.403397207395564,19.413103759274236,4527330.438031115
20191031,20191101,002516.SZ,buy,967700.0,2.2779083974161796,2204331.956179637,661.299586853891,0.0,1101.6151705044322,2322337.1822646237
20191031,20191101,600028.SH,buy,19400.0,3.3287900303310027,64578.52658842145,19.373557976526435,0.0,32.273126730840886,2257739.282118226
20191031,20191101,600808.SH,buy,23000.0,2.2461006550218334,51660.31506550217,15.49809451965065,0.0,25.81724890829355,2206063.468958204
20191031,20191101,601566.SH,buy,257500.0,8.564399807548382,2205332.9504437083,661.5998851331125,0.0,1102.115417513065,68.91862936271355
20191129,20191202,002516.SZ,sell,967700.0,2.1593584785583215,2089611.1997008878,626.8833599102663,1044.805599850444,1045.328263982432,2088008.42937049
20191129,20191202,600808.SH,sell,987000.0,2.336996855895196,2306615.896768559,691.9847690305676,1153.3079483842794,1153.884890829213,4392779.033421634
20191129,20191202,000429.SZ,sell,5800.0,5.8015109447382445,33648.763479481815,10.094629043844543,16.824381739740907,16.832798138813814,4426400.877890332
20191129,20191202,600028.SH,sell,7500.0,3.37997868917315,25349.840168798626,7.604952050639588,12.674920084399313,12.681260714754899,4451730.438186996
20191129,20191202,002327.SZ,buy,504800.0,4.378759544334975,2210397.8179802955,663.1193453940886,0.0,1104.6465856973082,2240669.500861306
20191129,20191202,002394.SZ,buy,295600.0,7.534313006494625,2227142.9247198114,668.1428774159434,0.0,1113.014954882674,12858.433264079038
20191129,20191202,601566.SH,buy,1400.0,8.63472790815781,12088.619071420933,5.0,0.0,6.041288891263321,764.8141926581047
20191231,20200102,002327.SZ,sell,504800.0,4.662143230812242,2353449.90291402,706.0349708742059,1176.7249514570099,1177.3136082608253,2352331.9571843464
20191231,20200102,000429.SZ,sell,500.0,6.040873841880869,3020.436920940435,5.0,1.5102184604702176,1.51097394744329,2355345.883886826
20191231,20200102,002394.SZ,buy,700.0,7.832083519742515,5482.45846381976,5.0,0.0,2.7398593022580826,2349858.4254230065
20191231,20200102,002516.SZ,buy,1023000.0,2.2530253122116273,2304844.8943924946,691.4534683177483,0.0,1151.846523934044,44322.07756219432
20191231,20200102,600028.SH,buy,8800.0,3.499096689305024,30792.05086588421,9.237615259765263,0.0,15.388331267306057,13520.789081050341
20191231,20200102,601566.SH,buy,1500.0,8.965379626323106,13448.06943948466,5.0,0.0,6.720674382551806,67.71964156568174
20200123,20200203,002516.SZ,sell,1023000.0,2.1261918586323576,2175094.271380902,652.5282814142705,1087.547135690451,1088.0911812810227,2173421.915605363
20200123,20200203,000429.SZ,buy,6500.0,5.29651710275489,34427.36116790678,10.328208350372034,0.0,17.205078044935362,2138984.2262291056
20200123,20200203,002394.SZ,buy,8000.0,6.832418851083396,54659.35080866717,16.39780524260015,0.0,27.316017395634844,2084308.4776151958
20200123,20200203,600028.SH,buy,9900.0,3.069383060793881,30386.89230185942,9.116067690557825,0.0,15.185853224316816,2053912.469245646
20200123,20200203,600873.SH,buy,700600.0,2.930551290965405,2053144.2344503629,615.9432703351088,0.0,1026.0590876813512,152.29152494785376
20200228,20200302,002394.SZ,sell,304300.0,7.898536255531928,2403524.5825583655,721.0573747675096,1201.7622912791828,1202.3634730158374,2401754.0544172665
20200228,20200302,600873.SH,sell,700600.0,3.3296014187865812,2332718.7540018787,699.8156262005635,1166.3593770009393,1166.9428484248929,4732606.633415943
20200228,20200302,601566.SH,sell,260400.0,8.300499657329201,2161450.110768524,648.4350332305571,1080.725055384262,1081.265688228421,6892327.584095852
20200228,20200302,000429.SZ,buy,19600.0,5.456796850018448,106953.21826036158,32.08596547810847,0.0,53.44988418807043,6785342.279870013
20200228,20200302,300741.SZ,buy,98300.0,22.58731184339315,2220332.7542055463,666.0998262616638,0.0,1109.611571317073,4564343.425838204
20200228,20200302,600028.SH,buy,36800.0,3.151233275748384,115965.38454754054,34.78961536426216,0.0,57.95371541604982,4448343.251675299
20200228,20200302,600808.SH,buy,947200.0,2.348030911869789,2224054.879723064,667.2164639169192,0.0,1111.4717040094547,2223621.1554883183
20200228,20200302,601006.SH,buy,466500.0,4.76460846377908,2222689.8483529408,666.8069545058821,0.0,1110.7895294115879,264.50018087169155
20200331,20200401,300741.SZ,sell,98300.0,24.15424069082914,2374361.8599085044,712.3085579725513,1187.1809299542522,1187.7748173628934,2372726.870601449
20200331,20200401,600808.SH,sell,947200.0,2.117043370385073,2005263.4804287413,601.5790441286223,1002.6317402143707,1003.1333068676759,4376386.140245847
20200331,20200401,600028.SH,sell,400.0,3.0118029412281855,1204.7211764912743,5.0,0.6023605882456371,0.6026619192052749,4377585.25906175
20200331,20200401,000429.SZ,buy,27400.0,4.895817734595991,134145.40592793017,40.24362177837905,0.0,67.03918337228242,4243399.609512041
20200331,20200401,601006.SH,buy,3000.0,4.562718274635899,13688.154823907698,5.0,0.0,6.840657083412225,4229706.454688134
20200331,20200401,601169.SH,buy,631100.0,3.354707630457286,2117155.985581593,635.1467956744779,0.0,1058.0489683067426,2111915.322310866
20200331,20200401,601566.SH,buy,261700.0,8.06649675184433,2111002.1999576613,633.3006599872983,0.0,1054.9736131723039,279.82169321738183
20200430,20200506,000429.SZ,sell,437500.0,5.378561167650557,2353120.5108471187,705.9361532541355,1176.5602554235593,1177.148829838261,2351517.8361316584
20200430,20200506,601006.SH,sell,469500.0,4.746400343105731,2228434.9610881405,668.5304883264421,1114.2174805440702,1114.7748679784127,4578170.049250929
20200430,20200506,601169.SH,sell,631100.0,3.420740822931255,2158829.533351915,647.6488600055744,1079.4147666759575,1079.954744047951,6735272.518976162
20200430,20200506,600016.SH,buy,532800.0,4.0751013183926394,2171213.982439598,651.3641947318794,0.0,1085.064458990004,4563407.172341833
20200430,20200506,600028.SH,buy,8800.0,3.0079953995780033,26470.35951628643,7.941107854885928,0.0,13.228565475405048,4536928.871717691
20200430,20200506,601328.SH,buy,629000.0,3.4886629467533896,2194368.993507882,658.3106980523646,0.0,1096.6361786643974,2341901.567511757
20200430,20200506,601566.SH,buy,23700.0,7.581881636907943,179690.59479471826,53.90717843841547,0.0,89.80039719873457,2162157.0655386
20200430,20200506,601988.SH,buy,898400.0,2.4058741625386992,2161437.3476247676,648.4312042874302,0.0,1080.1785845202394,71.2867095451802
20200529,20200601,600016.SH,sell,532800.0,4.014876139763791,2139126.007266148,641.7378021798444,1069.563003633074,1070.098052659072,2137485.99316988
20200529,20200601,601988.SH,sell,898400.0,2.417443150541796,2171830.9264467494,651.5492779340248,1085.9154632233747,1086.4586925697513,4307579.454875471
20200529,20200601,601328.SH,sell,18100.0,3.4716150310513365,62836.232062029194,18.850869618608755,31.4181160310146,31.43383294747764,4370365.41795185
20200529,20200601,600028.SH,buy,29100.0,2.8306532671765794,82372.01007483846,24.711603022451534,0.0,41.16542232625943,4287968.696273989
20200529,20200601,600188.SH,buy,761200.0,2.7883949259496417,2122526.2176328674,636.7578652898602,0.0,1060.7327424450777,2164805.720775832
20200529,20200601,600282.SH,buy,1040000.0,2.033537026042779,2114878.5070844903,634.4635521253471,0.0,1056.9107981431298,49292.75013921643
20200529,20200601,601566.SH,buy,6700.0,7.281386120496097,48785.28700732385,14.635586102197154,0.0,24.380453277022752,492.8275457903801
20200630,20200701,600028.SH,sell,752000.0,2.7949339803947426,2101790.3532568463,630.5371059770538,1050.895176628423,1051.420887072105,2100601.748520031
20200630,20200701,600188.SH,sell,761200.0,2.90400448329994,2210528.2126879143,663.1584638063742,1105.264106343957,1105.8170148516074,4309361.538637795
20200630,20200701,600282.SH,sell,1040000.0,2.311464490103295,2403923.0697074267,721.176920912228,1201.9615348537134,1202.5628162617795,6711361.4698894555
20200630,20200701,601566.SH,sell,292100.0,7.366185694429596,2151662.841342885,645.4988524028655,1075.8314206714426,1076.369605474174,8861302.980959266
20200630,20200701,600015.SH,buy,481700.0,4.570299229709336,2201513.1389509873,660.4539416852962,0.0,1100.2064662422054,6659129.388066594
20200630,20200701,600236.SH,buy,608700.0,3.6100089845858574,2197412.4689174113,659.2237406752233,0.0,1098.1571558802389,4461057.695408507
20200630,20200701,600919.SH,buy,537900.0,4.050255126797063,2178632.23270414,653.5896698112418,0.0,1088.7717304867692,2281771.8730345564
20200630,20200701,601328.SH,buy,18500.0,3.4818756647558153,64414.69979798258,19.324409939394773,0.0,32.19125427185645,2217337.848826634
20200630,20200701,601398.SH,buy,594200.0,3.729932129381133,2216325.6712782695,664.8977013834808,0.0,1107.6090311235748,347.2798469811678
20200731,20200803,600015.SH,sell,481700.0,4.76716053277344,2296341.228636966,688.9023685910897,1148.170614318483,1148.7449868116528,2294851.4355010376
20200731,20200803,600236.SH,sell,608700.0,3.7761137575721238,2298520.444234152,689.5561332702455,1149.260222117076,1149.8351396867074,4591533.063379802
20200731,20200803,600919.SH,sell,537900.0,4.352521854445611,2341221.505506294,702.366451651888,1170.610752753147,1171.196350928396,6930881.591681691
20200731,20200803,601398.SH,sell,594200.0,3.7262040612858005,2214110.453216023,664.2331359648068,1107.0552266080115,1107.6090311231092,9143220.75653514
20200731,20200803,002775.SZ,buy,491000.0,4.571047237356566,2244384.1935420735,673.315258062622,0.0,1121.6312811300159,6898163.247735005
20200731,20200803,600028.SH,buy,796400.0,2.854826849531847,2273584.102967163,682.0752308901489,0.0,1136.2239395137876,4623897.069536952
20200731,20200803,601006.SH,buy,487000.0,4.695329279364479,2286625.359050501,685.9876077151503,0.0,1142.7413088707253,2336585.722878736
20200731,20200803,601328.SH,buy,29300.0,3.4330727505236465,100589.03159034284,30.17670947710285,0.0,50.26938110460469,2235966.514578916
20200731,20200803,601566.SH,buy,277800.0,8.043878798246553,2234589.530152892,670.3768590458676,0.0,1116.7363968780264,706.6075669778511
20200831,20200901,002775.SZ,sell,491000.0,4.6170298967275825,2266961.679293243,680.0885037879729,1133.4808396466217,1134.0478635779582,2265854.717516787
20200831,20200901,601006.SH,sell,5900.0,4.777232658974844,28185.67268795158,8.455701806385473,14.09283634397579,14.099886287116533,2294017.841666588
20200831,20200901,601566.SH,sell,4200.0,8.31207090291885,34910.69779225917,10.47320933767775,17.455348896129586,17.464080936595565,2328900.6109006135
20200831,20200901,600016.SH,buy,550700.0,4.1290461216692735,2273865.699203269,682.1597097609807,0.0,1136.3646672680043,54352.75198758347
20200831,20200901,600028.SH,buy,5200.0,2.869100983779506,14919.32511565343,5.0,0.0,7.455934590529068,39428.42687193004
20200831,20200901,601328.SH,buy,11500.0,3.4042838804982916,39149.26462573035,11.744779387719104,0.0,19.564849887916353,267.41746681196673
20200930,20201009,600028.SH,sell,801600.0,2.802063914018199,2246134.433476988,673.8403300430964,1123.0672167384942,1123.6290312539786,2244604.9433970186
20200930,20201009,601566.SH,sell,273600.0,10.120134664278842,2768868.8441466913,830.6606532440073,1384.4344220733456,1385.1269855657592,5011258.692468392
20200930,20201009,600016.SH,buy,37600.0,3.957313642829502,148794.99297038928,44.638497891116785,0.0,74.36031632701633,4862419.0610001115
20200930,20201009,601006.SH,buy,25000.0,4.623093444297333,115577.33610743332,34.673200832229995,0.0,57.75978815963026,4746807.051691846
20200930,20201009,601169.SH,buy,668400.0,3.4572088747488277,2310798.4118821165,693.2395235646349,0.0,1154.8217950435355,2435315.400286165
20200930,20201009,601328.SH,buy,42400.0,3.2747339653841916,138848.72013228972,41.654616039686914,0.0,69.38966523352428,2296425.0255378354
20200930,20201009,601988.SH,buy,969600.0,2.367564382546439,2295590.4253170276,688.6771275951082,0.0,1147.2216018578038,145.92309321276844
20201030,20201102,601988.SH,sell,969600.0,2.343093347136223,2271863.309383282,681.5589928149845,1135.931654691641,1136.4999046437442,2270191.741828988
20201030,20201102,601006.SH,sell,5000.0,4.611256297711368,23056.281488556837,6.9168844465670505,11.528140744278419,11.533907698125404,2293229.578292354
20201030,20201102,601169.SH,sell,4600.0,3.439056570663094,15819.660225050233,5.0,7.909830112525117,7.913787006027633,2309036.3286872916
20201030,20201102,601328.SH,sell,4300.0,3.2570808201962307,14005.447526843793,5.0,7.002723763421897,7.006226876859728,2323029.773490372
20201030,20201102,600016.SH,buy,4400.0,3.8826473476817767,17083.648329799817,5.125094498939944,0.0,8.537555387207249,2305941.000066073
20201030,20201102,600028.SH,buy,815500.0,2.826788308716867,2305245.865758605,691.5737597275814,0.0,1152.0469094244763,3.560547740664333
20201130,20201201,600028.SH,sell,815500.0,3.034489732735505,2474626.377045804,742.3879131137412,1237.313188522902,1237.9321546000428,2472650.236491908
20201130,20201201,601006.SH,sell,5600.0,4.892694475505959,27399.08906283337,8.21972671885001,13.699544531416684,13.706397730278695,2500027.406283491
20201130,20201201,000429.SZ,buy,454200.0,5.272063854076989,2394571.402521768,718.3714207565304,0.0,1196.6873575816862,104737.63234096626
20201130,20201201,600016.SH,buy,16100.0,3.94984701331473,63592.53691436715,19.077761074310143,0.0,31.780378268042114,41126.0176655248
20201130,20201201,601169.SH,buy,5300.0,3.5822568553248493,18985.9613332217,5.69578839996651,0.0,9.488236548335408,22134.36054390313
20201130,20201201,601328.SH,buy,6500.0,3.375495010472936,21940.717568074084,6.582215270422225,0.0,10.96487634586083,187.0607605586265
20201231,20210104,000429.SZ,sell,454200.0,4.66531570583774,2118986.3935915013,635.6959180774503,1059.4931967957507,1060.0232084002346,2117478.2652371866
20201231,20210104,601169.SH,sell,669100.0,3.556631154275508,2379741.9053257424,713.9225715977227,1189.8709526628713,1190.466185755562,4495316.377038669
20201231,20210104,600016.SH,sell,18700.0,3.8862258073042986,72672.42259659039,21.801726778977116,36.3362112982952,36.35438849253114,4567930.661697182
20201231,20210104,601006.SH,sell,400.0,4.647338115377341,1858.9352461509363,5.0,0.9294676230754682,0.9299325893700825,4569783.66747571
20201231,20210104,601328.SH,sell,1500.0,3.2211307007680166,4831.696051152025,5.0,2.4158480255760124,2.4170565538524897,4574607.947678836
20201231,20210104,600603.SH,buy,503200.0,4.5510946393949725,2290110.8225435503,687.033246763065,0.0,1144.4831696869805,2283810.0918885227
20201231,20210104,600828.SH,buy,689700.0,3.30990345681211,2282840.4141633124,684.8521242489936,0.0,1140.8497821902856,284.82560096122324
20210129,20210201,600016.SH,sell,590100.0,3.8116341411372296,2249245.3066850794,674.7735920055237,1124.6226533425397,1125.1852459651418,2247730.736040693
20210129,20210201,601328.SH,sell,713300.0,3.207405894241723,2287842.624362621,686.3527873087862,1143.9213121813104,1144.4935589609668,4533743.086303824
20210129,20210201,601006.SH,sell,21900.0,4.597786962360507,100691.53447569511,30.20746034270853,50.345767237847554,50.37095271420549,4634354.067551938
20210129,20210201,000036.SZ,buy,648700.0,3.360046785046729,2179662.349459813,653.8987048379438,0.0,1089.286531463731,2454037.819387287
20210129,20210201,002775.SZ,buy,569800.0,3.8301270261368465,2182406.379492775,654.7219138478324,0.0,1090.6578608159907,270976.7179806642
20210129,20210201,600603.SH,buy,40200.0,3.997454015491036,160697.65142273964,48.20929542682189,0.0,80.30867137567839,110230.85726249777
20210129,20210201,600828.SH,buy,36900.0,2.9807740265522544,109990.5615797782,32.997168473933456,0.0,54.967796891432954,207.2985142456455
20210226,20210301,000036.SZ,sell,648700.0,3.746138454828661,2430120.0156473527,729.0360046942058,1215.0600078236764,1215.6678417441435,2428383.2181490804
20210226,20210301,600828.SH,sell,726600.0,3.173351411802801,2305757.135815915,691.7271407447745,1152.8785679079576,1153.4552955557592,4732295.7482563425
20210226,20210301,002775.SZ,sell,4600.0,4.124804394390139,18974.10021419464,5.692230064258392,9.487050107097321,9.491796005098877,4751254.669190366
20210226,20210301,600603.SH,sell,3200.0,4.302810982803975,13768.99514497272,5.0,6.88449757248636,6.887941543258421,4765011.779837766
20210226,20210301,600016.SH,buy,601300.0,3.8826473476817767,2334635.8501610523,700.3907550483157,0.0,1166.734557801392,2429675.538921665
20210226,20210301,601006.SH,buy,21800.0,4.725213705314923,103009.65877586532,30.902897632759593,0.0,51.479089842992835,2326634.9772481667
20210226,20210301,601328.SH,buy,707000.0,3.289800474038144,2325888.935144968,697.7666805434903,0.0,1162.3632859294303,48.27542265551165
20210331,20210401,002775.SZ,sell,565200.0,4.540903083297917,2566518.4226799826,769.9555268039948,1283.2592113399912,1283.9011619212106,2564513.483364494
20210331,20210401,600603.SH,sell,540200.0,4.462174352537455,2410466.5852407333,723.1399755722199,1205.2332926203667,1205.836210725829,4973051.695337035
20210331,20210401,601006.SH,sell,8400.0,5.066948897295252,42562.37073728012,12.768711221184036,21.28118536864006,21.29183128427394,5015580.016177725
20210331,20210401,601328.SH,sell,21700.0,3.566980546062544,77403.47784955721,23.22104335486716,38.7017389247786,38.72109947451099,5092921.571245003
20210331,20210401,600016.SH,buy,54300.0,3.7557146459306416,203935.30527403383,61.18059158221014,0.0,101.91669428985915,4888925.085379386
20210331,20210401,601169.SH,buy,694400.0,3.5304740912135415,2451561.2089386834,735.468362681605,0.0,1225.168020458892,2436628.4080780214
20210331,20210401,601988.SH,buy,985800.0,2.4709523510061917,2435864.8276219037,730.759448286571,0.0,1217.323751934804,32.82100783102214
20210430,20210506,601328.SH,sell,685300.0,3.4591081505162977,2370526.815548819,711.1580446646457,1185.2634077744096,1185.8563359421678,2368663.215104211
20210430,20210506,601006.SH,sell,4700.0,4.951462882542084,23271.875547947795,6.981562664384338,11.635937773973899,11.641758653302531,2391916.4731517206
20210430,20210506,601169.SH,sell,12500.0,3.504901972842964,43811.27466053705,13.143382398161114,21.905637330268526,21.91659562807763,2435692.6987925293
20210430,20210506,601988.SH,sell,300.0,2.402165189628483,720.6495568885448,5.0,0.3603247784442724,0.3605050309597573,2436407.9880246394
20210430,20210506,600016.SH,buy,21800.0,3.509315871943144,76503.08600836054,22.95092580250816,0.0,38.23242679078248,2359881.9510904765
20210430,20210506,601916.SH,buy,788900.0,2.9902243172951883,2358987.963914174,707.6963891742522,0.0,1178.9045296921395,186.29078712826595
20210531,20210601,601916.SH,sell,788900.0,3.0478901170351107,2404480.513328999,721.3441539986995,1202.2402566644994,1202.8416775031947,2402743.219705464
20210531,20210601,601988.SH,sell,985500.0,2.446376818885449,2410904.3550116103,723.2713065034831,1205.4521775058051,1206.0552051076666,4811718.851233065
20210531,20210601,601169.SH,sell,14100.0,3.6004234102579717,50765.9700846374,15.22979102539122,25.3829850423187,25.39568288375449,4862444.2085416345
20210531,20210601,002807.SZ,buy,727600.0,3.3056216708769393,2405170.327730061,721.5510983190183,0.0,1201.984171778895,2456552.3297132542
20210531,20210601,600016.SH,buy,3500.0,3.524249130972689,12334.87195840441,5.0,0.0,6.164353802299956,2444212.45775485
20210531,20210601,600269.SH,buy,806600.0,3.000347579704786,2420080.3577898806,726.0241073369641,0.0,1209.4354611644521,23406.075857632328
20210531,20210601,601006.SH,buy,4700.0,4.9347415301683375,23193.285191791187,6.957985557537356,0.0,11.590847172308713,205.83268028360544
20210630,20210701,002807.SZ,sell,727600.0,3.21284603933598,2337666.7782208594,701.3000334662578,1168.8333891104296,1169.4180981591344,2336002.477478566
20210630,20210701,601006.SH,sell,486600.0,4.763798108568186,2318064.1596292793,695.4192478887837,1159.0320798146397,1159.6118857576512,4652212.1857801415
20210630,20210701,601169.SH,sell,667800.0,3.5857278045018166,2394549.027846313,718.3647083538939,1197.2745139231565,1197.8734506485052,7044845.574404178
20210630,20210701,600269.SH,sell,19200.0,2.96208580529564,56872.04746167629,17.061614238502884,28.436023730838144,28.450248855260725,7101672.124227885
20210630,20210701,600016.SH,buy,4000.0,3.4570320161215604,13828.128064486242,5.0,0.0,6.910608727877843,7087838.996163399
20210630,20210701,600170.SH,buy,959000.0,2.454613451215661,2353974.299715819,706.1922899147456,0.0,1176.3989503826015,4733158.504157665
20210630,20210701,601288.SH,buy,996000.0,2.3705087212413054,2361026.68635634,708.3080059069019,0.0,1179.9233814869076,2371423.509795418
20210630,20210701,601988.SH,buy,981200.0,2.416099086687306,2370676.423857585,711.2029271572754,0.0,1184.7458390095271,35.88301067566499
20210730,20210802,600016.SH,sell,684900.0,3.1097817449763197,2129889.5171342813,638.9668551402843,1064.9447585671408,1065.4774973155,2128221.4885312496
20210730,20210802,600170.SH,sell,959000.0,2.372198323225504,2274938.1919732583,682.4814575919775,1137.469095986629,1138.03811504459,4401339.729950929
20210730,20210802,600269.SH,sell,787400.0,2.8562970265350818,2249048.2786937235,674.714483608117,1124.5241393468618,1125.0866826879792,6648588.7700216975
20210730,20210802,601288.SH,sell,996000.0,2.2746602104512217,2265561.5696094166,679.668470882825,1132.7807848047084,1133.3474585339427,8912337.890375426
20210730,20210802,601988.SH,sell,24000.0,2.3431544620743034,56235.70708978328,16.870712126934983,28.11785354489164,28.13191950464534,8968528.608899537
20210730,20210802,002394.SZ,buy,341100.0,6.588272469682166,2247259.7394085866,674.177921822576,0.0,1123.0683355364017,6720594.691569128
20210730,20210802,600023.SH,buy,754100.0,2.9749574501075373,2243415.413126094,673.0246239378281,0.0,1121.1471329964697,4476506.253819097
20210730,20210802,601006.SH,buy,489200.0,4.579947236618119,2240510.1881535836,672.153056446075,0.0,1119.695246453397,2235323.9126090673
20210730,20210802,601328.SH,buy,677200.0,3.29976392900452,2234600.132721861,670.3800398165582,0.0,1116.7416955130175,53.3998473896645
20210831,20210901,600023.SH,sell,754100.0,3.171933971890162,2391955.408202371,717.5866224607113,1195.9777041011855,1196.5759920971468,2390095.243723199
20210831,20210901,601988.SH,sell,957200.0,2.3745010100619193,2272872.366831269,681.8617100493807,1136.4361834156346,1137.0046857581474,4661149.312661003
20210831,20210901,002394.SZ,sell,2100.0,6.851797783397515,14388.775345134782,5.0,7.194387672567391,7.197986665900316,4675525.893618465
20210831,20210901,000863.SZ,buy,782600.0,2.964648951952388,2320134.269797939,696.0402809393815,0.0,1159.4873912031762,2354695.583539587
20210831,20210901,002775.SZ,buy,576900.0,4.0520249999999995,2337613.2224999997,701.2839667499999,0.0,1168.2224999996834,16381.07707283739
20210831,20210901,601006.SH,buy,1500.0,4.735727754870437,7103.591632305655,5.0,0.0,3.5500208057492273,9272.485440531735
20210831,20210901,601328.SH,buy,2700.0,3.4077001322897145,9200.79035718223,5.0,0.0,4.598096130524937,66.69508334950478
20210930,20211008,000863.SZ,sell,782600.0,3.048794190013065,2385986.3331042244,715.7958999312673,1192.9931665521121,1193.5899615325034,2384144.2391210906
20210930,20211008,002394.SZ,sell,339000.0,7.02286763607104,2380752.1286280826,714.2256385884247,1190.3760643140413,1190.9715500888415,4762991.766046271
20210930,20211008,601006.SH,sell,5200.0,4.894400450160772,25450.882340836015,7.635264702250804,12.725441170418009,12.73180707395295,4788422.287681234
20210930,20211008,002775.SZ,buy,11900.0,4.032015,47980.978500000005,14.39429355,0.0,23.978500000004715,4740426.914887684
20210930,20211008,600177.SH,buy,500900.0,4.737155330668485,2372841.105131844,711.8523315395531,0.0,1185.8276387462392,2366873.9574243007
20210930,20211008,600479.SH,buy,325100.0,7.2766918604651165,2365652.523837209,709.6957571511628,0.0,1182.2351443460211,511.73782994039357
20210930,20211008,601328.SH,buy,100.0,3.492507149156653,349.2507149156653,5.0,0.0,0.17453808841355567,157.48711502472827
20211029,20211101,002775.SZ,sell,588800.0,3.45827,2036229.3760000002,610.8688128,1018.1146880000001,1018.6239999998361,2034757.8796142251
20211029,20211101,600177.SH,sell,15000.0,4.747186285454817,71207.79428182227,21.362338284546677,35.60389714091114,35.621707994898316,2105908.707660622
20211029,20211101,600479.SH,sell,3400.0,7.183896230954292,24425.247185244592,7.327574155573377,12.212623592622297,12.218732959099725,2130314.4146481184
20211029,20211101,601006.SH,sell,17500.0,4.933306654057121,86332.86644599962,25.899859933799885,43.166433222999814,43.18802723661065,2216578.2148009613
20211029,20211101,601328.SH,sell,22300.0,3.512122456179032,78320.33077279241,23.49609923183772,39.16016538639621,39.17975526403461,2294835.8893091353
20211029,20211101,600729.SH,buy,129400.0,17.719737075763142,2292933.977603751,687.8801932811251,0.0,1145.894041780848,1214.0315121035092
20211130,20211201,600479.SH,sell,321700.0,8.731854823576587,2809037.6967445877,842.7113090233762,1404.5188483722939,1405.2214591018856,2808004.498099296
20211130,20211201,600729.SH,sell,129400.0,19.32662773229061,2500865.628558405,750.2596885675215,1250.4328142792026,1251.0583434505388,5306869.434154855
20211130,20211201,601328.SH,sell,657700.0,3.51982447910925,2314988.5599101535,694.496567973046,1157.4942799550768,1158.073316613678,7620006.003217081
20211130,20211201,600177.SH,buy,16600.0,4.825838425782403,80108.9178679879,24.032675360396368,0.0,40.03444171314186,7539873.052673732
20211130,20211201,601006.SH,buy,45800.0,4.743516780783052,217253.06855986378,65.17592056795912,0.0,108.57224815583322,7322554.8081933
20211130,20211201,601169.SH,buy,707700.0,3.4428661206844056,2436516.353608354,730.9549060825061,0.0,1217.6493521281518,4885307.499678863
20211130,20211201,601288.SH,buy,1076100.0,2.269138282504013,2441819.7058025682,732.5459117407704,0.0,1220.2997030494735,2442755.247964554
20211130,20211201,601988.SH,buy,1024000.0,2.384721176470588,2441954.4847058817,732.5863454117645,0.0,1220.3670588228852,68.17691326048225
20211231,20220104,600177.SH,sell,502500.0,5.101564110807588,2563535.965680813,769.0607897042438,1281.7679828404066,1282.4091874337755,2561553.3138215286
20211231,20220104,601006.SH,sell,14000.0,4.979994098732742,69719.91738225838,20.915975214677513,34.859958691129194,34.877397389820544,2631217.455269881
20211231,20220104,601169.SH,buy,13800.0,3.4820787188698774,48052.68632040431,14.415805896121292,0.0,24.01433599220036,2583150.3531435807
20211231,20220104,601229.SH,buy,461600.0,5.395210223463687,2490429.039150838,747.1287117452513,0.0,1244.59222346358,91974.18528099777
20211231,20220104,601288.SH,buy,17400.0,2.292531460674157,39890.04741573033,11.9670142247191,0.0,19.93505617977644,52072.17085104272
20211231,20220104,601988.SH,buy,21600.0,2.400410131578947,51848.85884210525,15.554657652631573,0.0,25.911473684202065,207.7573512848394
20220128,20220207,601006.SH,sell,499800.0,5.151181395876678,2574560.4616591637,772.368138497749,1287.2802308295818,1287.9241929263808,2572708.5706411214
20220128,20220207,601229.SH,sell,461600.0,5.336976359404097,2463548.287500931,739.0644862502792,1231.7741437504656,1232.3903389200568,5034286.019512052
20220128,20220207,601169.SH,sell,5700.0,3.5491105096510993,20229.929905011268,6.0689789715033795,10.114964952505634,10.12002496498826,5054499.765473139
20220128,20220207,601988.SH,sell,300.0,2.437194106037152,731.1582318111456,5.0,0.3655791159055728,0.36576199690387057,5055225.558125834
20220128,20220207,600177.SH,buy,511800.0,4.944082552600961,2530381.450421172,759.1144351263516,0.0,1264.5584459877573,2524084.9932695352
20220128,20220207,601288.SH,buy,1100.0,2.3237223649010166,2556.0946013911184,5.0,0.0,1.2774085963974358,2521523.898668144
20220128,20220207,601328.SH,buy,682500.0,3.6929600981148716,2520445.2669634,756.1335800890199,0.0,1259.59283706313,322.4981246548705
20220228,20220301,601328.SH,sell,682500.0,3.6969710065042447,2523182.711939147,756.9548135817441,1261.5913559695737,1262.2224672026932,2521486.6638942505
20220228,20220301,600177.SH,sell,3700.0,4.983438169023331,18438.721225386325,5.531616367615897,9.219360612693164,9.223972598989349,2539910.6341426563
20220228,20220301,601169.SH,buy,1900.0,3.5448188759666315,6735.1558643366,5.0,0.0,3.3658949846749238,2533170.47827832
20220228,20220301,601229.SH,buy,478600.0,5.281865470869912,2527900.8143583396,758.3702443075018,0.0,1263.3187478049658,4511.293675672729
20220228,20220301,601288.SH,buy,1900.0,2.3159246388443018,4400.256813804173,5.0,0.0,2.1990288924562265,106.0368618685552
20220331,20220401,600177.SH,sell,508100.0,5.005586783107879,2543338.6444971133,763.0015933491339,1271.6693222485567,1272.3054749858566,2541410.0104433843
20220331,20220401,601169.SH,sell,1200.0,3.572614552761371,4287.137463313646,5.0,2.143568731656823,2.1446410521821235,2545690.0043379664
20220331,20220401,601288.SH,sell,24400.0,2.391509193864812,58352.82433030141,17.505847299090423,29.176412165150705,29.191007668974635,2603996.1464088038
20220331,20220401,601988.SH,sell,40700.0,2.5547436609907117,103978.06700232197,31.19342010069659,51.98903350116099,52.01504102165927,2707891.0309575237
20220331,20220401,601229.SH,buy,33200.0,4.987169114126097,165574.0145889864,49.672204376695916,0.0,82.74563447723631,2542267.3441641605
20220331,20220401,601398.SH,buy,677300.0,3.7520252853995593,2541246.7258011214,762.3740177403364,0.0,1269.988368716091,258.24434529896826
20220429,20220505,601229.SH,sell,511800.0,4.906696794360202,2511247.419353551,753.3742258060653,1255.6237096767757,1256.2518355944194,2509496.6657633674
20220429,20220505,601398.SH,sell,677300.0,3.7719484518325666,2554740.686426197,766.4222059278591,1277.3703432130985,1278.0093478867784,5062193.559640424
20220429,20220505,601169.SH,sell,2800.0,3.572614552761371,10003.32074773184,5.0,5.00166037386592,5.004162455092228,5072186.8787277825
20220429,20220505,601288.SH,sell,4100.0,2.391509193864812,9805.187694845728,5.0,4.902593847422864,4.905046370608034,5081982.163828781
20220429,20220505,000651.SZ,buy,99200.0,25.586789094900137,2538209.4782140935,761.462843464228,0.0,1268.4705038545653,2543011.222771223
20220429,20220505,601818.SH,buy,998100.0,2.54699183323389,2542152.5487507456,762.6457646252236,0.0,1270.441053848248,96.02825585240498
20220531,20220601,000651.SZ,sell,99200.0,25.309463882633874,2510698.81715728,753.209645147184,1255.3494085786401,1255.9773972774856,2508786.286359407
20220531,20220601,601288.SH,sell,7400.0,2.3603494649545214,17466.586040663457,5.239975812199036,8.733293020331729,8.737661851257144,2526238.899131238
20220531,20220601,601988.SH,sell,3300.0,2.499887202012384,8249.627766640868,5.0,4.124813883320434,4.126877321979919,2534479.4020839958
20220531,20220601,601006.SH,buy,476900.0,5.210858335540004,2485058.340219028,745.5175020657083,0.0,1241.908216001466,48675.544362902176
20220531,20220601,601169.SH,buy,10300.0,3.4663936795956887,35703.85489983559,10.711156469950676,0.0,17.84300594693923,12960.978306596633
20220531,20220601,601818.SH,buy,5200.0,2.4911017303102625,12953.728997613365,5.0,0.0,6.473627684963503,2.249308983267838
20220630,20220701,601288.SH,sell,1060600.0,2.3525595327269486,2495124.6404102016,748.5373921230604,1247.5623202051008,1248.1864134119824,2493130.790006857
20220630,20220701,601988.SH,sell,1001300.0,2.5547436609907117,2558064.8277499997,767.4194483249998,1279.032413875,1279.6722499998286,5049149.165894656
20220630,20220701,601169.SH,sell,17200.0,3.5569451906878564,61179.45727983113,18.353837183949338,30.589728639915563,30.605031155493634,5110279.679608664
20220630,20220701,601818.SH,sell,4800.0,2.570038920047733,12336.186816229118,5.0,6.168093408114559,6.171178997612515,5122604.698331485
20220630,20220701,600015.SH,buy,585700.0,4.364757234433435,2556438.312207663,766.9314936622989,0.0,1277.5803659204394,2565399.4546301593
20220630,20220701,600028.SH,buy,744000.0,3.390664549650534,2522654.4249399975,756.7963274819991,0.0,1260.6968640382402,41988.233362679835
20220630,20220701,601006.SH,buy,8100.0,5.148546128239077,41703.22363873652,12.510967091620955,0.0,20.841191223749775,272.49875685169536
20220729,20220801,600015.SH,sell,585700.0,4.285071142313496,2509766.1680530147,752.9298504159043,1254.8830840265073,1255.5108394464478,2508030.853875424
20220729,20220801,601818.SH,sell,998500.0,2.459408105608592,2455718.993450179,736.7156980350537,1227.8594967250897,1228.4737335913815,4961785.272130843
20220729,20220801,600028.SH,sell,14500.0,3.420484163699504,49597.02037364281,14.879106112092842,24.798510186821403,24.810915644637134,5011342.6148881875
20220729,20220801,601006.SH,buy,4700.0,5.071701975411386,23836.999284433517,7.151099785330055,0.0,11.912543370533967,4987498.464503969
20220729,20220801,601169.SH,buy,5400.0,3.497755635389393,18887.88043110272,5.666364129330815,0.0,9.439220605243463,4968604.917708737
20220729,20220801,601825.SH,buy,485300.0,5.135672133484162,2492341.686379864,747.702505913959,0.0,1245.5480691553093,2475515.528822959
20220729,20220801,601988.SH,buy,963800.0,2.567461494775542,2474519.3886646675,742.3558165994002,0.0,1236.6413736455142,253.78434169199318
20220831,20220901,601006.SH,sell,489700.0,5.427336799319084,2657766.8306265557,797.3300491879667,1328.883415313278,1329.5481894076802,2655894.4015037464
20220831,20220901,601169.SH,sell,712200.0,3.469060640057643,2470664.9878490535,741.199496354716,1235.3324939245267,1235.9504691590555,5124582.85736252
20220831,20220901,601825.SH,sell,485300.0,4.597815326923076,2231319.7781557688,669.3959334467306,1115.6598890778844,1116.2179980771616,7354117.579695764
20220831,20220901,601988.SH,sell,963800.0,2.5648953163699693,2472046.1059173765,741.6138317752129,1236.0230529586884,1236.6413736455142,9824186.048728406
20220831,20220901,600028.SH,sell,25400.0,3.5201099160402656,89410.79186742274,26.82323756022682,44.70539593371137,44.727759813613375,9913525.311962334
20220831,20220901,000761.SZ,buy,734500.0,3.371685,2476502.6325,742.9507897499999,0.0,1237.6324999998324,7436279.7286725845
20220831,20220901,002110.SZ,buy,482700.0,5.14383727309399,2482930.251722469,744.8790755167406,0.0,1240.8447035094723,4952604.597874599
20220831,20220901,600507.SH,buy,396200.0,6.2830854568079735,2489358.457987319,746.8075373961957,0.0,1244.0572003936395,2462499.3323498834
20220831,20220901,601000.SH,buy,1091200.0,2.2559993516119645,2461746.4924789756,738.5239477436926,0.0,1230.2581171807833,14.315923164132982
20220930,20221010,600028.SH,sell,704100.0,3.751047842212844,2641112.7857020637,792.333835710619,1320.556392851032,1321.2170013515279,2639014.2113966662
20220930,20221010,601000.SH,sell,1091200.0,2.2193361670291916,2421739.625462254,726.5218876386762,1210.869812731127,1211.4755505057983,5058816.4451585505
20220930,20221010,000761.SZ,buy,33400.0,3.1315649999999997,104594.271,31.378281299999994,0.0,52.270999999993364,4954190.795877251
20220930,20221010,002110.SZ,buy,19100.0,4.78772546187979,91445.55632190399,27.433666896571197,0.0,45.699928196845576,4862717.805888451
20220930,20221010,300158.SZ,buy,479500.0,4.98249,2389103.955,716.7311864999999,0.0,1193.9550000000745,2472897.119701951
20220930,20221010,600507.SH,buy,15000.0,5.866152316927196,87992.28475390794,26.39768542617238,0.0,43.97415529929276,2384878.4372626166
20220930,20221010,600694.SH,buy,196400.0,12.135495757123635,2383411.366699082,715.0234100097244,0.0,1191.1101282848977,752.0471535250545
20221031,20221101,300158.SZ,sell,479500.0,5.307345,2544871.9274999998,763.4615782499999,1272.43596375,1273.0725000002421,2543588.077111525
20221031,20221101,000761.SZ,buy,32800.0,2.831415,92870.412,27.861123599999996,0.0,46.411999999996624,2450689.803987925
20221031,20221101,002110.SZ,buy,44900.0,4.144745802743041,186099.08654316256,55.829725962948764,0.0,93.00304175069323,2264534.8877187995
20221031,20221101,600507.SH,buy,1300.0,5.5267881333033095,7184.824573294302,5.0,0.0,3.590616978158323,2257345.0631455053
20221031,20221101,601825.SH,buy,518000.0,4.356296969457013,2256561.8301787325,676.9685490536197,0.0,1127.7170565607958,106.26441771909595
20221130,20221201,000761.SZ,sell,800700.0,3.2083950000000003,2568961.8765000002,770.68856295,1284.4809382500002,1285.1234999997541,2567012.971416519
20221130,20221201,002110.SZ,sell,546700.0,5.00034649858814,2733689.430778136,820.1068292334407,1366.8447153890681,1367.5284796291962,5298515.450650033
20221130,20221201,600507.SH,sell,412500.0,5.947466950544567,2453330.117099634,735.9990351298901,1226.6650585498169,1227.2786978986114,7749882.903655987
20221130,20221201,600694.SH,sell,196400.0,12.800156193800204,2513950.67646236,754.185202938708,1256.97533823118,1257.6041403007694,10261822.419577178
20221130,20221201,601169.SH,buy,707100.0,3.6322846982889856,2568388.5101601416,770.5165530480424,0.0,1283.5524788405746,7692663.392863988
20221130,20221201,601288.SH,buy,1052000.0,2.4262972578919206,2552464.7153023006,765.7394145906901,0.0,1275.5945603707805,5139432.938147096
20221130,20221201,601328.SH,buy,648600.0,3.95497837504134,2565198.974051813,769.5596922155439,0.0,1281.9585077720694,2573464.404403067
20221130,20221201,601825.SH,buy,7200.0,4.856737864253392,34968.512622624425,10.490553786787327,0.0,17.475518552033463,2538485.401226656
20221130,20221201,601988.SH,buy,957000.0,2.6516405601780186,2537620.0160903637,761.2860048271091,0.0,1268.1759200850502,104.09913146542385
20221230,20230103,601825.SH,sell,525200.0,4.83549205505279,2539600.4273137255,761.8801281941176,1269.8002136568628,1270.4354313723743,2537672.84610334
20221230,20230103,601988.SH,sell,957000.0,2.6658092304566567,2551179.4335470204,765.3538300641061,1275.5897167735102,1276.2278306889348,5086811.336103523
20221230,20230103,601169.SH,sell,4700.0,3.6286542288254284,17054.674875479515,5.116402462643854,8.527337437739758,8.531603239356627,5103852.367239103
20221230,20230103,601288.SH,sell,5000.0,2.4406463750668808,12203.231875334404,5.0,6.101615937667202,6.1046682718024385,5116044.497498499
20221230,20230103,000581.SZ,buy,162500.0,15.679252697735377,2547878.563381999,764.3635690145995,0.0,1273.302630375605,2567401.5705474857
20221230,20230103,601328.SH,buy,4000.0,3.930104297210892,15720.417188843569,5.0,0.0,7.856280454194348,2551676.153358642
20221230,20230103,920267.BJ,buy,291400.0,8.75335189123417,2550726.741105637,765.218022331691,0.0,1274.7260075490922,184.19423067336902
20230131,20230201,601169.SH,sell,702400.0,3.5698565908583495,2507467.2694189046,752.2401808256712,1253.7336347094524,1254.3608151171356,2505645.4898340427
20230131,20230201,920267.BJ,sell,291400.0,9.504156396324808,2769511.173889049,830.8533521667146,1384.7555869445246,1385.4483111002482,5272941.05478398
20230131,20230201,000581.SZ,sell,2400.0,16.5386910701332,39692.85856831968,11.907857570495903,19.84642928415984,19.85635746288608,5312602.159065445
20230131,20230201,601328.SH,sell,2100.0,4.025573021717562,8453.70334560688,5.0,4.22685167280344,4.228966155880698,5321046.635559379
20230131,20230201,600177.SH,buy,509000.0,5.1569040279444325,2624864.150223716,787.4592450671148,0.0,1311.7761870180257,2695395.026090596
20230131,20230201,600507.SH,buy,440200.0,5.9922018708446405,2637767.2635458107,791.3301790637431,0.0,1318.2245195130818,56836.43236572156
20230131,20230201,601288.SH,buy,23200.0,2.4430882423756017,56679.64722311396,17.003894166934188,0.0,28.325660781163606,139.78124844066042
20230228,20230301,000581.SZ,sell,160100.0,19.703229500441957,3154487.0430207574,946.3461129062272,1577.2435215103787,1578.0325377788395,3152103.2346347817
20230228,20230301,600507.SH,sell,440200.0,6.209000513516396,2733202.0260499176,819.9606078149752,1366.6010130249588,1367.2846553525887,5883118.69906386
20230228,20230301,600177.SH,buy,18200.0,5.244309180960439,95446.42709347999,28.633928128043994,0.0,47.699363864798215,5787643.638042252
20230228,20230301,601169.SH,buy,755800.0,3.649100831151434,2757990.408184254,827.3971224552762,0.0,1378.306051066611,3028825.832735542
20230228,20230301,601288.SH,buy,59800.0,2.459879226859283,147100.7777661851,44.13023332985553,0.0,73.51363206704264,2881680.924736027
20230228,20230301,601328.SH,buy,31000.0,4.062766045639951,125945.7474148385,37.78372422445155,0.0,62.941403005912434,2755697.393596964
20230228,20230301,601398.SH,buy,761900.0,3.615425876226716,2754592.975097135,826.3778925291405,0.0,1376.6081834565848,278.0406072996557
20230331,20230403,601288.SH,sell,1130000.0,2.608388393971821,2947478.8851881577,884.2436655564472,1473.7394425940788,1474.4766809344292,2945398.942687307
20230331,20230403,601328.SH,sell,681500.0,4.232649823246243,2884550.8545423145,865.3652563626943,1442.2754272711572,1442.9969257339835,5827642.156545987
20230331,20230403,601398.SH,sell,761900.0,3.7462052713799316,2854233.79626437,856.2701388793109,1427.116898132185,1427.8308135387488,8679592.565773346
20230331,20230403,300834.SZ,buy,112300.0,25.2567308707124,2836330.8767810026,850.8992630343007,0.0,1417.456710035447,5842410.789729308
20230331,20230403,600177.SH,buy,25900.0,5.180741796948797,134181.21254097385,40.25436376229215,0.0,67.05707773161703,5708189.322824572
20230331,20230403,600681.SH,buy,798500.0,3.5737990456843196,2853678.537978929,856.1035613936787,0.0,1426.1262058862485,2853654.6812842498
20230331,20230403,601169.SH,buy,9300.0,3.707957296170006,34484.002854381055,10.345200856314316,0.0,17.233384734819992,2819160.3332290123
20230331,20230403,601229.SH,buy,583600.0,4.82874996009577,2818058.4767118916,845.4175430135674,0.0,1408.3250758182257,256.43897410715
20230428,20230504,300834.SZ,sell,112300.0,23.546177531616777,2644235.736800564,793.2707210401692,1322.117868400282,1322.7792580290698,2642376.7871852308
20230428,20230504,601169.SH,sell,765100.0,3.956241068927724,3026920.0418366017,908.0760125509804,1513.4600209183009,1514.2171294828877,5666875.292988364
20230428,20230504,601229.SH,sell,583600.0,5.02492044094174,2932543.5693335994,879.7630708000797,1466.2717846667997,1467.0052873101085,8597072.827466495
20230428,20230504,600177.SH,sell,13200.0,5.350199227315665,70622.62980056678,21.186788940170032,35.31131490028339,35.32897938997485,8667638.959163222
20230428,20230504,600681.SH,sell,12600.0,3.6728260594321354,46277.60834884491,13.88328250465347,23.138804174422454,23.150379364102264,8713879.545425389
20230428,20230504,920267.BJ,buy,341300.0,8.56814734119692,2924308.6875505084,877.2926062651525,0.0,1461.4236319586635,5788693.565268615
20230428,20230504,920275.BJ,buy,981500.0,2.955573064351379,2900894.9626608784,870.2684887982634,0.0,1449.7226200201549,2886928.3341189385
20230428,20230504,920433.BJ,buy,869400.0,3.3195496599159338,2886016.474330913,865.8049422992738,0.0,1442.287093618419,46.05484572658315
20230531,20230601,600177.SH,sell,539900.0,5.461381121643258,2948599.6675751954,884.5799002725586,1474.2998337875977,1475.0373524632305,2946286.8426868618
20230531,20230601,600681.SH,sell,785900.0,3.9023776881466437,3066878.6251144474,920.0635875343341,1533.4393125572237,1534.2064157645218,6010711.964901218
20230531,20230601,920267.BJ,sell,341300.0,9.250971902160417,3157356.7102073506,947.2070130622051,1578.6783551036754,1579.4680891484022,9165542.789740402
20230531,20230601,920275.BJ,sell,981500.0,2.9043735603557055,2850642.649489125,855.1927948467373,1425.3213247445624,1426.0343419155106,12013904.925109936
20230531,20230601,920433.BJ,sell,869400.0,3.3259853920519684,2891611.6998499813,867.4835099549944,1445.8058499249908,1446.529114481993,14903203.335600037
20230531,20230601,000789.SZ,buy,389900.0,7.642262900161825,2979718.3047730955,893.9154914319286,0.0,1489.1145950891078,11922591.11533551
20230531,20230601,002110.SZ,buy,692500.0,4.312909713594191,2986689.9766639774,896.0069929991931,0.0,1492.5986889870837,8935005.131678533
20230531,20230601,600808.SH,buy,1115400.0,2.6699766395394993,2978091.9437423577,893.4275831227072,0.0,1488.3018209603615,5956019.760353053
20230531,20230601,600997.SH,buy,552600.0,5.420663747810859,2995458.7870402806,898.6376361120841,0.0,1496.9809030685574,2959662.3356766603
20230531,20230601,920834.BJ,buy,947900.0,3.121248118165891,2958631.091209448,887.5893273628343,0.0,1478.5762574761175,143.65513984952122
20230630,20230703,000789.SZ,sell,389900.0,7.452161733624148,2905597.8599400553,871.6793579820165,1452.7989299700278,1453.525692816358,2903417.0367919523
20230630,20230703,002110.SZ,sell,692500.0,4.21789,2920888.8249999997,876.2666474999999,1460.4444125,1461.1750000002794,5821969.150731952
20230630,20230703,600808.SH,sell,1115400.0,2.548320279872965,2842396.4401703053,852.7189320510915,1421.1982200851528,1421.909174672328,8662091.673750121
20230630,20230703,600997.SH,sell,20700.0,5.4703160892408444,113235.54304728548,33.97066291418564,56.61777152364274,56.646094570925925,8775236.628362969
20230630,20230703,920834.BJ,sell,2100.0,3.0668715241950095,6440.43020080952,5.0,3.22021510040476,3.221826013410464,8781668.838348677
20230630,20230703,002538.SZ,buy,474100.0,6.175864741144413,2927977.4737765663,878.3932421329698,0.0,1463.2571083339863,5852812.971329978
20230630,20230703,601101.SH,buy,554100.0,5.267284628431435,2918602.412613858,875.5807237841573,0.0,1458.5719203464687,2933334.977992336
20230630,20230703,601229.SH,buy,592100.0,4.952461691939345,2932352.5677972864,879.7057703391858,0.0,1465.4435621174052,102.70442471001297
20230731,20230801,002538.SZ,sell,474100.0,6.561122570703749,3110628.2107706475,933.1884632311942,1555.3141053853237,1556.0921514607035,3108242.412626741
20230731,20230801,601101.SH,sell,554100.0,5.5151755763553,3055958.7868584716,916.7876360575414,1527.9793934292359,1528.7437653113157,6161756.432455726
20230731,20230801,601229.SH,sell,592100.0,5.283082064378825,3128112.8903187024,938.4338670956106,1564.0564451593511,1564.8388645914383,9287366.832462173
20230731,20230801,600997.SH,sell,12300.0,5.892521693443996,72478.01682936115,21.74340504880834,36.239008414680576,36.25713698317122,9359786.86687807
20230731,20230801,000096.SZ,buy,362400.0,8.453820037362483,3063664.381540164,919.099314462049,0.0,1531.0666574412026,6295203.386023444
20230731,20230801,002267.SZ,buy,425600.0,7.183043323122128,3057103.2383207777,917.1309714962332,0.0,1527.7877252977341,3237183.01673117
20230731,20230801,920339.BJ,buy,769000.0,3.9833475468594646,3063194.263534928,918.9582790604784,0.0,1530.8317159092985,173069.79491718113
20230731,20230801,920834.BJ,buy,56200.0,3.0784912946293717,173011.2107581707,51.9033632274512,0.0,86.46237419199315,6.680795783002395
20230831,20230901,000096.SZ,sell,362400.0,8.178362243132913,2963838.4769113674,889.1515430734102,1481.9192384556836,1482.6605687402189,2961474.0869256216
20230831,20230901,002267.SZ,sell,425600.0,6.439178225125817,2740514.2526135477,822.1542757840642,1370.257126306774,1370.942597605288,5699795.928137079
20230831,20230901,600997.SH,sell,519600.0,5.61717021244194,2918681.6423848323,875.6044927154496,1459.3408211924161,1460.0708566205576,8616142.625208003
20230831,20230901,920339.BJ,sell,4000.0,3.8190599690672298,15276.239876268919,5.0,7.6381199381344596,7.641940908588367,8631406.226964334
20230831,20230901,920834.BJ,sell,37700.0,3.058328706578868,115298.99223802332,34.589697671406995,57.64949611901166,57.67833528663323,8746612.980008567
20230831,20230901,000937.SZ,buy,581700.0,5.0098920741213675,2914254.2195163993,874.2762658549198,0.0,1456.3989103026688,5831484.4842263125
20230831,20230901,601339.SH,buy,603700.0,4.826278137712822,2913624.111737231,874.0872335211692,0.0,1456.0840138620697,2916986.2852555607
20230831,20230901,920395.BJ,buy,884400.0,3.2969214562634845,2915797.335919426,874.7392007758277,0.0,1457.1700829183683,314.2101353588514
20230928,20231009,601339.SH,sell,603700.0,4.882595901762845,2947623.1458942294,884.2869437682688,1473.8115729471147,1474.548847370781,2945579.257512873
20230928,20231009,920395.BJ,sell,884400.0,3.2589557017286843,2882220.422608848,864.6661267826544,1441.1102113044242,1441.8311268677935,5825493.903783634
20230928,20231009,000937.SZ,sell,39800.0,5.471025906472258,217746.83107759588,65.32404932327876,108.87341553879794,108.92787947852048,6043066.537396368
20230928,20231009,920834.BJ,sell,10700.0,3.15170473831531,33723.240699973816,10.116972209992143,16.861620349986907,16.870055377672543,6076762.799503782
20230928,20231009,600273.SH,buy,394000.0,7.55962255914078,2978491.2883014674,893.5473864904402,0.0,1488.5013934536837,3097377.963815824
20230928,20231009,601919.SH,buy,372900.0,8.008234235043448,2986270.5462477016,895.8811638743105,0.0,1492.389078584034,110211.53640424833
20230928,20231009,920339.BJ,buy,29600.0,3.71904960536168,110083.86831870573,33.025160495611715,0.0,55.01442694586876,94.64292504698096
20231031,20231101,600273.SH,sell,394000.0,7.588287657978799,2989785.337243647,896.935601173094,1494.8926686218235,1495.640488866251,2987488.151898899
20231031,20231101,920339.BJ,sell,794600.0,3.5550261934280143,2824823.8132979004,847.44714398937,1412.4119066489502,1413.1184658817947,5810052.106146161
20231031,20231101,601919.SH,sell,6700.0,7.9839196461397055,53492.261629136025,16.047678488740807,26.746130814568012,26.759510569856502,5863501.573965994
20231031,20231101,920834.BJ,sell,800.0,3.0784092792847213,2462.727423427777,5.0,1.2313637117138885,1.2319797015647964,5865958.070025709
20231031,20231101,000937.SZ,buy,13800.0,5.239102822610581,72299.61895202602,21.689885685607805,0.0,36.13174360420089,5793636.761187998
20231031,20231101,002030.SZ,buy,298100.0,9.73825058369406,2902972.498999199,870.8917496997595,0.0,1450.7608690643683,2889793.370439099
20231031,20231101,920970.BJ,buy,919500.0,3.1415699999999998,2888673.6149999998,866.6020844999998,0.0,1443.6149999997579,253.15335459960625
20231130,20231201,000937.SZ,sell,555700.0,5.724541307220598,3181127.6044224864,954.3382813267458,1590.5638022112432,1591.3594819521531,3178835.855693548
20231130,20231201,002030.SZ,sell,298100.0,10.327195181328609,3078536.883554058,923.5610650662173,1539.268441777029,1540.0384610071778,6254909.909740763
20231130,20231201,920834.BJ,sell,952800.0,5.7445316015223815,5473389.709930525,1642.0169129791575,2736.6948549652625,2738.063886907883,11723920.907903343
20231130,20231201,920970.BJ,sell,919500.0,4.577710000000001,4209204.345000001,1262.7613035000002,2104.6021725000005,2105.6549999993294,15929757.889427343
20231130,20231201,600177.SH,buy,650300.0,5.793052890910217,3767222.294958914,1130.166688487674,0.0,1882.6698125726543,12161405.42777994
20231130,20231201,601166.SH,buy,288600.0,13.116727573165559,3785487.57761558,1135.646273284674,0.0,1891.7978898626752,8374782.203891076
20231130,20231201,601229.SH,buy,741100.0,5.081656344772546,3766015.517110934,1129.80465513328,0.0,1882.0667251925915,4607636.882125009
20231130,20231201,601568.SH,buy,810700.0,4.698520694183864,3809090.726774859,1142.7272180324576,0.0,1903.593566603493,797403.4281321177
20231130,20231201,601919.SH,buy,97600.0,8.16333765040107,796741.7546791445,239.0225264037433,0.0,398.1717914438341,422.6509265694767
20231229,20240102,601166.SH,sell,288600.0,13.390819973844197,3864590.644451435,1159.3771933354305,1932.2953222257177,1933.2619532020763,3861921.6228624433
20231229,20240102,601919.SH,sell,463800.0,8.327842685494653,3862453.4375324203,1158.736031259726,1931.22671876621,1932.1928151734173,7721285.097644838
20231229,20240102,601229.SH,sell,12300.0,5.145412173450387,63288.569733439756,18.986570920031927,31.64428486671988,31.660114924176014,7784523.036522491
20231229,20240102,600177.SH,buy,24200.0,5.587382374073168,135214.65345257067,40.564396035771196,0.0,67.57353995629819,7649267.8186738845
20231229,20240102,601006.SH,buy,583000.0,6.45205740306412,3761549.4659863818,1128.4648397959145,0.0,1879.8348155850545,3886589.8878477067
20231229,20240102,601009.SH,buy,580000.0,6.472433387358184,3754011.3646677467,1126.2034094003238,0.0,1876.0676485090517,131452.31977055967
20231229,20240102,601568.SH,buy,29000.0,4.517808359792178,131016.44243397316,39.30493273019194,0.0,65.47548347525299,396.5724038563203
20240131,20240201,601006.SH,sell,583000.0,6.669725696992624,3888450.0813467,1166.5350244040098,1944.2250406733501,1945.197639492806,3885735.8936854787
20240131,20240201,601009.SH,sell,580000.0,7.234889659643436,4196236.002593193,1258.8708007779578,2098.1180012965965,2099.16758508794,8078614.9074765965
20240131,20240201,601568.SH,sell,839700.0,4.190236060759129,3518541.2202194408,1055.562366065832,1759.2706101097203,1760.1506854519248,11594341.294719862
20240131,20240201,601229.SH,sell,20600.0,5.49819126895451,113262.74014046289,33.978822042138866,56.63137007023145,56.65969992018654,11707513.424668211
20240131,20240201,600177.SH,buy,4200.0,5.724496051964534,24042.883418251044,7.212865025475312,0.0,12.015433992128237,11683463.328384936
20240131,20240201,600681.SH,buy,1180500.0,3.304552192091463,3901023.862763972,1170.3071588291914,0.0,1949.5371628003195,7781269.158462135
20240131,20240201,600755.SH,buy,650200.0,5.992310082054243,3896200.015351669,1168.8600046055005,0.0,1947.1264444538392,3883900.2831058605
20240131,20240201,601225.SH,buy,181100.0,21.431085029320453,3881169.498809934,1164.3508496429802,0.0,1939.614941933658,1566.4334462834522
20240229,20240301,600177.SH,sell,678700.0,6.266680947674398,4253196.359186614,1275.958907755984,2126.598179593307,2127.6620105979964,4251360.235545548
20240229,20240301,600681.SH,sell,1180500.0,3.33646261712414,3938694.119515047,1181.608235854514,1969.3470597575235,1970.332225870341,8186903.399764983
20240229,20240301,600755.SH,sell,650200.0,6.686942011909549,4347849.696143589,1304.3549088430766,2173.9248480717947,2175.0123542482033,12531274.816151656
20240229,20240301,601225.SH,sell,181100.0,22.751100074738414,4120224.2235351265,1236.067267060538,2060.1121117675634,2061.1426831092685,16648202.860307954
20240229,20240301,601006.SH,buy,619200.0,6.667425104974465,4128469.625000189,1238.5408875000567,0.0,2063.2032108949497,12518494.694420265
20240229,20240301,601009.SH,buy,537800.0,7.653215153970826,4115899.10980551,1234.7697329416528,0.0,2056.9210943551734,8401360.814881813
20240229,20240301,601229.SH,buy,32000.0,5.61566090981644,179701.14911412608,53.91034473423782,0.0,89.80567172120209,8221605.755422953
20240229,20240301,601818.SH,buy,1412300.0,2.920144704653938,4124120.3663827567,1237.236109914827,0.0,2061.0296683572233,4096248.152930281
20240229,20240301,601916.SH,buy,1631600.0,2.509721218032076,4094861.139341135,1228.4583418023403,0.0,2046.407365987543,158.55524734361097
20240329,20240401,601009.SH,sell,537800.0,7.855272710168417,4224565.663528575,1267.3696990585722,2112.2828317642875,2113.339501515031,4221344.566245096
20240329,20240401,601818.SH,sell,1412300.0,2.826628937947494,3992048.0490632453,1197.6144147189734,1996.0240245316227,1997.0225357995369,8210198.97686909
20240329,20240401,601916.SH,sell,1631600.0,2.705625270914608,4414498.192024275,1324.3494576072824,2207.249096012137,2208.353272647597,12621165.570339747
20240329,20240401,601229.SH,sell,9600.0,5.790739787177442,55591.10195690344,16.67733058707103,27.795550978451722,27.809455706308654,12676712.199415084
20240329,20240401,600585.SH,buy,204000.0,20.555021434526726,4193224.372643452,1257.9673117930356,0.0,2095.564404119272,8482229.85945984
20240329,20240401,600755.SH,buy,648400.0,6.445062399365007,4178978.4597482705,1253.693537924481,0.0,2088.4450073698536,4301997.706173645
20240329,20240401,601006.SH,buy,21300.0,6.586662216758086,140295.90521694723,42.088771565084166,0.0,70.11289616036811,4161659.7121851332
20240329,20240401,601919.SH,buy,468200.0,8.885058624665774,4159984.4480685154,1247.9953344205544,0.0,2078.952747660689,427.2687821974978
20240430,20240506,600585.SH,sell,204000.0,21.427280019617463,4371165.124001962,1311.3495372005884,2185.582562000981,2186.6758999517187,4368095.460684958
20240430,20240506,601006.SH,sell,640500.0,6.230456128239078,3990607.1501371297,1197.1821450411387,1995.303575068565,1996.301725931,8355510.125101978
20240430,20240506,601229.SH,sell,38500.0,6.32421061452514,243482.1086592179,73.04463259776536,121.74105432960894,121.80195530725177,8598797.448074268
20240430,20240506,601919.SH,sell,33300.0,10.28128726604278,342366.8659592246,102.71005978776736,171.1834329796123,171.269067513349,8940890.420540726
20240430,20240506,600064.SH,buy,750800.0,5.8748418172737615,4410831.23640914,1323.2493709227417,0.0,2204.3134614732116,4528735.934760664
20240430,20240506,600755.SH,buy,16900.0,6.587102342050738,111322.02958065747,33.39660887419724,0.0,55.63319819123717,4417380.508571132
20240430,20240506,601166.SH,buy,289100.0,15.272901968754418,4415395.959166902,1324.6187877500706,0.0,2206.59468224179,659.9306164802983
20240531,20240603,600064.SH,sell,750800.0,5.85978529495964,4399526.799455698,1319.8580398367092,2199.763399727849,2200.8638316439465,4396667.108632614
20240531,20240603,600755.SH,sell,665300.0,7.156979049881971,4761538.161886475,1428.4614485659424,2380.7690809432374,2381.9600609736517,9154396.03998958
20240531,20240603,601229.SH,sell,692100.0,6.720011550944401,4650919.99440862,1395.2759983225858,2325.4599972043097,2326.623308858834,13801595.298402673
20240531,20240603,601919.SH,sell,434900.0,13.228589615641711,5753113.62384258,1725.9340871527738,2876.5568119212903,2877.9958098260686,19550106.431346178
20240531,20240603,002763.SZ,buy,698300.0,6.889907956288343,4811222.72587615,1443.366817762845,0.0,2404.4091583583504,14737440.338652264
20240531,20240603,002807.SZ,buy,1259400.0,3.8656405034283647,4868387.650017682,1460.5162950053045,0.0,2432.977336340584,9867592.172339577
20240531,20240603,600177.SH,buy,711000.0,6.812835870227253,4843926.303731577,1453.1778911194729,0.0,2420.7527754772455,5022212.690716881
20240531,20240603,601166.SH,buy,9900.0,16.07248330711862,159117.58474047435,47.7352754221423,0.0,79.51903285380104,4863047.370700985
20240531,20240603,603886.SH,buy,334400.0,14.534688733654285,4860399.912533993,1458.1199737601978,0.0,2428.985463535413,1189.3381932321936
20240628,20240701,002763.SZ,sell,698300.0,6.197710287028921,4327861.093432296,1298.3583280296887,2163.930546716148,2165.013053242117,4325588.142750783
20240628,20240701,002807.SZ,sell,1259400.0,3.5242504661373752,4438441.03705341,1331.5323111160228,2219.220518526705,2220.3306838683784,8760478.42697455
20240628,20240701,601166.SH,sell,299000.0,15.823066765340025,4731096.962836668,1419.3290888510003,2365.548481418334,2366.7318473411724,13487790.512240948
20240628,20240701,603886.SH,sell,334400.0,14.022261271225036,4689044.169097652,1406.7132507292954,2344.522084548826,2345.6949320146814,18173083.44600332
20240628,20240701,600177.SH,sell,8000.0,6.51475825695602,52118.06605564816,15.635419816694446,26.059033027824082,26.07206906234933,18225159.817606125
20240628,20240701,600925.SH,buy,916600.0,4.936797286856934,4525068.393133066,1357.5205179399195,0.0,2261.4034948190674,13698733.90395512
20240628,20240701,601077.SH,buy,947800.0,4.782171851207386,4532542.480574361,1359.7627441723082,0.0,2265.1386709520593,9164831.660636587
20240628,20240701,601216.SH,buy,1273200.0,3.5610438294929594,4533921.003710436,1360.1763011131306,0.0,2265.8275880608708,4629550.480625038
20240628,20240701,601288.SH,buy,1126100.0,4.109722819689674,4627958.867252542,1388.3876601757624,0.0,2312.8230221150443,203.22571232076734
20240731,20240801,600925.SH,sell,916600.0,4.795138043083076,4395223.530289948,1318.5670590869843,2197.611765144974,2198.711120704189,4391910.577178037
20240731,20240801,601077.SH,sell,947800.0,4.949034898082387,4690695.2764024865,1407.2085829207458,2345.347638201243,2346.5208986504003,9078853.297359401
20240731,20240801,601216.SH,sell,1273200.0,3.6449636939503747,4640767.775137617,1392.230332541285,2320.383887568809,2321.5446598986164,13715908.458276909
20240731,20240801,601288.SH,sell,1126100.0,4.303362669431069,4846016.702046326,1453.8050106138978,2423.0083510231634,2424.220461254008,18558048.3469616
20240731,20240801,002394.SZ,buy,753900.0,6.136091398930974,4625999.305654061,1387.799791696218,0.0,2311.8437309609726,13930661.241515841
20240731,20240801,600177.SH,buy,5600.0,6.54875356189389,36673.01994660578,11.001905983981734,0.0,18.327346300153295,13893977.219663251
20240731,20240801,600681.SH,buy,1476800.0,3.155696679973544,4660332.85698493,1398.099857095479,0.0,2329.0019275285304,9232246.262821225
20240731,20240801,601186.SH,buy,573700.0,8.064673886138614,4626703.408477723,1388.0110225433166,0.0,2312.195606435649,4604154.843320959
20240731,20240801,601568.SH,buy,1220700.0,3.7705233727810645,4602677.881153845,1380.8033643461536,0.0,2300.188846153207,96.15880276821554
20240830,20240902,601186.SH,sell,573700.0,7.458397648514853,4278882.730952972,1283.6648192858913,2139.4413654764858,2140.5116212861612,4275555.783570977
20240830,20240902,002394.SZ,sell,2400.0,5.912793987202331,14190.705569285596,5.0,7.095352784642798,7.098902235758942,4289734.393787478
20240830,20240902,600177.SH,sell,25100.0,6.478158491467503,162601.77813583432,48.78053344075029,81.30088906791717,81.34155984781682,4452206.090500804
20240830,20240902,601568.SH,sell,29100.0,3.708204142011834,107908.74053254437,32.37262215976331,53.954370266272186,53.98136094673828,4560028.504040922
20240830,20240902,000001.SZ,buy,472500.0,9.408041854399707,4445299.776203861,1333.5899328611583,0.0,2221.539118542336,113395.13790419977
20240830,20240902,600681.SH,buy,38100.0,2.9727577420040627,113262.06997035479,33.97862099110643,0.0,56.602733618361526,99.08931285387371
20240930,20241008,000001.SZ,sell,472500.0,12.472699134971625,5893350.341274093,1768.0051023822277,2946.6751706370464,2948.149245259352,5888734.750313928
20240930,20241008,600177.SH,sell,683500.0,8.257541380298848,5644029.5334342625,1693.2088600302786,2822.0147667171314,2823.4264799570665,11528249.060121443
20240930,20241008,600681.SH,sell,1514900.0,3.700810831719186,5606358.328971395,1681.9074986914184,2803.1791644856976,2804.5814552120864,17130122.30242966
20240930,20241008,002394.SZ,sell,43800.0,8.173277832059314,357989.56904419797,107.39687071325937,178.994784522099,179.08432668540627,17487825.479818624
20240930,20241008,600983.SH,buy,667400.0,8.668600496570448,5785423.971411117,1735.627191423335,0.0,2891.266352528706,11700665.881216083
20240930,20241008,601568.SH,buy,31900.0,4.727806508875739,150817.02763313608,45.24510828994082,0.0,75.37082840234507,11549803.608474657
20240930,20241008,603167.SH,buy,701900.0,8.245833045502188,5787750.214637985,1736.3250643913955,0.0,2892.428892871365,5760317.06877228
20240930,20241008,603551.SH,buy,535600.0,10.750844674744899,5758152.407793368,1727.4457223380102,0.0,2877.6373852044344,437.21525657363236
20241031,20241101,002394.SZ,sell,707700.0,7.423073586604595,5253309.177240072,1575.9927531720214,2626.654588620036,2627.9685729062185,5249543.745154853
20241031,20241101,600983.SH,sell,667400.0,8.68909426264647,5799101.510890255,1739.7304532670762,2899.5507554451274,2901.0012560728937,11044005.974836396
20241031,20241101,603167.SH,sell,4600.0,7.624057696220482,35070.66540261421,10.521199620784262,17.53533270130711,17.544104753680585,11079048.583706688
20241031,20241101,000937.SZ,buy,978800.0,5.432096418877786,5316935.974797578,1595.0807924392732,0.0,2657.139417690225,5760517.528116671
20241031,20241101,601568.SH,buy,67400.0,4.131946597633136,278493.20068047335,83.547960204142,0.0,139.1770118342829,5481940.7794759935
20241031,20241101,603551.SH,buy,19100.0,9.599631600765306,183352.96357461734,55.0058890723852,0.0,91.6306664540607,5298532.810012303
20241031,20241101,605368.SH,buy,515400.0,10.276529434034908,5296523.270301592,1588.9569810904773,0.0,2646.9381660679355,420.582729620859
20241129,20241202,601568.SH,sell,1290900.0,4.303468491124261,5555347.475192308,1666.6042425576925,2777.6737375961543,2779.063269230537,5551323.779941776
20241129,20241202,603167.SH,sell,697300.0,8.030072603119798,5599369.626155435,1679.8108878466303,2799.6848130777175,2801.085355755873,11146213.910396285
20241129,20241202,603551.SH,sell,554700.0,10.369111320153062,5751746.049288903,1725.5238147866708,2875.8730246444516,2877.311680484563,16893358.56284576
20241129,20241202,000937.SZ,buy,500.0,5.697299779395388,2848.649889697694,5.0,0.0,1.4236131382795065,16890504.912956063
20241129,20241202,600016.SH,buy,1467600.0,3.7912733170737023,5564072.720137365,1669.2218160412094,0.0,2780.6460370495915,11324762.971002657
20241129,20241202,601006.SH,buy,847100.0,6.59006925326272,5582447.66443885,1674.734299331655,0.0,2789.828917760402,5740640.572264475
20241129,20241202,601009.SH,buy,547900.0,10.157958972447323,5565545.721003888,1669.6637163011662,0.0,2781.3821694161743,173425.18754428532
20241129,20241202,605368.SH,buy,16600.0,10.433211945585215,173191.31829671457,51.95739548901437,0.0,86.55238295687013,181.91185208174284
20241231,20250102,000937.SZ,sell,979300.0,5.764691751585027,5645362.632327217,1693.6087896981649,2822.6813161636082,2824.093362844549,5641028.254073436
20241231,20250102,600016.SH,sell,1467600.0,3.9596422992843943,5811171.038429777,1743.351311528933,2905.585519214889,2907.0390387345105,11447550.35567247
20241231,20250102,605368.SH,sell,532000.0,10.542480229722793,5608599.482212526,1682.5798446637575,2804.299741106263,2805.7025924017653,17051662.958299227
20241231,20250102,002322.SZ,buy,465400.0,11.964948491676745,5568487.028026357,1670.546108407907,0.0,2782.8520879689604,11481505.384164462
20241231,20250102,002966.SZ,buy,724300.0,7.743491718098412,5608611.05141868,1682.5833154256038,0.0,2802.904073671438,5871211.749430357
20241231,20250102,600256.SH,buy,919100.0,6.06681910325663,5576013.437803168,1672.8040313409501,0.0,2786.6134121948853,293525.50759584736
20241231,20250102,601006.SH,buy,43900.0,6.551417820692264,287607.2423283904,86.28217269851712,0.0,143.73175528657157,5831.983094758412
20241231,20250102,601009.SH,buy,500.0,10.224976609400322,5112.488304700161,5.0,0.0,2.5549666690149024,714.494790058251
20250127,20250205,002322.SZ,sell,465400.0,12.58159295573427,5855473.361598729,1756.6420084796187,2927.7366807993644,2929.201281439513,5851503.477699509
20250127,20250205,002966.SZ,sell,724300.0,7.5547431185710305,5471900.440780997,1641.570132234299,2735.9502203904985,2737.318879830651,11319026.398127882
20250127,20250205,601006.SH,sell,891000.0,6.390418475127673,5693862.861338756,1708.1588584016267,2846.931430669378,2848.355608473532,17008334.169177566
20250127,20250205,601009.SH,sell,5300.0,10.253014258614614,54340.97557065746,16.302292671197236,27.170487785328728,27.18407982523786,17062631.671967767
20250127,20250205,000983.SZ,buy,772400.0,7.16333361183143,5532958.881778596,1659.8876645335786,0.0,2765.0968924425542,11528012.902524639
20250127,20250205,600188.SH,buy,432100.0,12.819333259919857,5539233.90161137,1661.7701704834108,0.0,2768.232834388502,5987117.230742785
20250127,20250205,600256.SH,buy,84500.0,5.526746186052775,467010.0527214595,140.10301581643782,0.0,233.38833219459048,5519967.075005509
20250127,20250205,605368.SH,buy,535500.0,10.304179289014373,5517888.009267197,1655.366402780159,0.0,2757.565222023055,423.6993355322629
20250228,20250303,000983.SZ,sell,772400.0,6.6271556293393346,5118815.008101702,1535.6445024305103,2559.407504050851,2560.68784797471,5115143.655430753
20250228,20250303,600188.SH,sell,432100.0,12.589140283188401,5439767.516365708,1631.9302549097122,2719.883758182854,2721.2443803725764,10550559.357783368
20250228,20250303,600256.SH,sell,1003600.0,5.52122220185882,5541098.601785512,1662.3295805356533,2770.549300892756,2771.935268526897,16087225.08068745
20250228,20250303,000001.SZ,buy,483800.0,10.943791311419131,5294606.236464576,1588.3818709393727,0.0,2645.9801281681284,10791030.462351935
20250228,20250303,600348.SH,buy,855300.0,6.1886006713892465,5293110.154239222,1587.9330462717667,0.0,2645.2324608881027,5496332.375066441
20250228,20250303,600755.SH,buy,857200.0,6.160618585801317,5280882.251748889,1584.2646755246665,0.0,2639.1215650914237,213865.85864202678
20250228,20250303,601009.SH,buy,6700.0,9.66968761750405,64786.90703727713,19.436072111183137,0.0,32.37726488619228,149059.51553263847
20250228,20250303,605368.SH,buy,15400.0,9.631366151180696,148323.03872818273,44.49691161845482,0.0,74.12445713553461,691.9798928372911
20250331,20250401,000001.SZ,sell,483800.0,10.695594894883616,5174528.810144694,1552.358643043408,2587.264405072347,2588.5586844142526,5171081.166989414
20250331,20250401,600348.SH,sell,855300.0,6.449969451844631,5516658.872162713,1654.9976616488136,2758.3294360813566,2759.7092907270417,10683326.712054396
20250331,20250401,601009.SH,sell,6100.0,9.880003478683673,60268.021219970404,18.08040636599112,30.134010609985204,30.14908515255229,10743546.51885739
20250331,20250401,605368.SH,sell,4400.0,9.907169194045174,43591.544453798764,13.077463336139628,21.795772226899384,21.806675564679608,10787103.190075625
20250331,20250401,000937.SZ,buy,1004200.0,5.37722675808104,5399811.110464981,1619.9433331394941,0.0,2698.556277094409,5385672.136277504
20250331,20250401,002304.SZ,buy,72500.0,73.8841119609319,5356598.117167563,1606.9794351502687,0.0,2676.960578294471,27467.039674790576
20250331,20250401,600755.SH,buy,4400.0,6.228745489593749,27406.480154212495,8.221944046263747,0.0,13.696391881167074,52.33757653181601
20250430,20250506,000937.SZ,sell,1004200.0,5.728148539213648,5752206.763078345,1725.6620289235034,2876.1033815391725,2877.5421526161954,5747657.335244414
20250430,20250506,600755.SH,sell,861600.0,6.105847609603233,5260798.300434145,1578.2394901302434,2630.3991502170725,2631.715007720515,11004246.997038212
20250430,20250506,601009.SH,sell,4300.0,9.985211647382142,42936.41008374321,12.880923025122962,21.468205041871606,21.47894451412867,11047149.057993887
20250430,20250506,605368.SH,sell,4600.0,9.815838085728952,45152.85519435318,13.545856558305953,22.57642759717659,22.58772145790863,11092265.790904084
20250430,20250506,000001.SZ,buy,511600.0,10.373802180616053,5307237.195603173,1592.1711586809517,0.0,2652.2924515763298,5783436.42414223
20250430,20250506,002304.SZ,buy,7300.0,66.35950440209207,484424.38213527214,145.32731464058162,0.0,242.0911454948946,5298866.714692318
20250430,20250506,600016.SH,buy,1390200.0,3.810421162109428,5297247.499564527,1589.174249869358,0.0,2647.300099731423,30.040877921506763
20250530,20250603,600016.SH,sell,1390200.0,4.150929366882675,5770622.005840295,1731.1866017520883,2885.3110029201475,2886.75438010972,5766035.549113544
20250530,20250603,000001.SZ,sell,10400.0,10.951833636819602,113899.06982292386,34.169720946877156,56.94953491146193,56.97802392342419,5879843.499680609
20250530,20250603,601009.SH,sell,35600.0,10.951213923613556,389863.21568064264,116.95896470419278,194.93160784032133,195.02912240149453,6269394.824788707
20250530,20250603,002304.SZ,buy,7400.0,63.26852311989856,468187.0710872493,140.45612132617478,0.0,233.97654726996552,5801067.297580132
20250530,20250603,601939.SH,buy,619200.0,8.847836488324505,5478580.353570534,1643.57410607116,0.0,2737.921216177754,320843.3699035272
20250530,20250603,605368.SH,buy,33500.0,9.566076849332648,320463.5744526437,96.1390723357931,0.0,160.15171137062134,283.6563785477192
20250630,20250701,000001.SZ,sell,501200.0,11.803932753199971,5916131.095903826,1774.8393287711476,2958.0655479519132,2959.5453206123784,5911681.847405651
20250630,20250701,601009.SH,sell,503800.0,11.301390097385665,5693640.331062898,1708.0920993188693,2846.820165531449,2848.2442876752466,11600767.266203698
20250630,20250701,601939.SH,sell,4300.0,9.269685980781576,39859.64971736078,11.957894915208232,19.92982485868039,19.93979475605738,11640595.028201284
20250630,20250701,002304.SZ,buy,700.0,64.38217499999999,45067.52249999999,13.520256749999996,0.0,22.522499999999127,11595513.985444535
20250630,20250701,600737.SH,buy,623900.0,9.113197370317,5685723.839340776,1705.7171518022328,0.0,2841.4411990698427,5908084.428951956
20250630,20250701,601006.SH,buy,887400.0,6.377486374125213,5659381.408398714,1697.814422519614,0.0,2828.2765659168363,247005.20613072254
20250630,20250701,605368.SH,buy,26000.0,9.469935373459958,246218.3197099589,73.86549591298765,0.0,123.04763603693573,713.020924850658
20250731,20250801,002304.SZ,sell,87900.0,67.46625,5930283.375,1779.0850125,2965.1416875,2966.625,5926252.16922485
20250731,20250801,600737.SH,sell,623900.0,9.422009285998211,5878391.593534284,1763.5174780602852,2939.1957967671424,2940.6661298312247,11799941.049484307
20250731,20250801,601006.SH,sell,887400.0,6.448452617363345,5722356.852648232,1716.7070557944694,2861.178426324116,2862.6097311899066,17517720.01665042
20250731,20250801,601939.SH,sell,614900.0,9.201166654630077,5657797.375932034,1697.33921277961,2828.898687966017,2830.313844888471,23170991.15468171
20250731,20250801,000895.SZ,buy,239300.0,24.1104565734461,5769632.258025652,1730.8896774076954,0.0,2883.374441791326,17399628.00697865
20250731,20250801,600177.SH,buy,809600.0,7.168004813393778,5803216.696923602,1740.9650090770806,0.0,2900.1582693262026,11594670.345045969
20250731,20250801,600894.SH,buy,580000.0,9.902682176376837,5743555.662298566,1723.0666986895696,0.0,2870.34265981894,5849391.616048713
20250731,20250801,605368.SH,buy,10200.0,9.575690996919919,97672.04816858318,29.30161445057495,0.0,48.811618275154615,5751690.266265679
20250731,20250801,605377.SH,buy,652200.0,8.816018535961783,5749807.289154275,1724.9421867462825,0.0,2873.4669111212716,158.03492465708405
20250829,20250901,600894.SH,sell,580000.0,10.209353545245264,5921425.056242254,1776.4275168726758,2960.712528121127,2962.1936249332502,5916845.951121917
20250829,20250901,605377.SH,sell,652200.0,9.118966460337752,5947389.925432282,1784.2169776296844,2973.6949627161407,2975.182553993538,11859477.964613853
20250829,20250901,000895.SZ,sell,5600.0,25.20739,141161.384,42.34841519999999,70.580692,70.61600000000908,12000526.419506652
20250829,20250901,600177.SH,buy,13300.0,7.236551307510931,96246.13238989539,28.873839716968615,0.0,48.09901668659586,11904251.41327704
20250829,20250901,600750.SH,buy,275100.0,21.41677567540737,5891754.9883045675,1767.5264964913702,0.0,2944.4052915070206,6010728.89847598
20250829,20250901,603156.SH,buy,279300.0,21.081869916755267,5888166.267749746,1766.4498803249237,0.0,2942.611827960238,120796.18084590882
20250829,20250901,605368.SH,buy,12500.0,9.63337588244353,120417.19853054413,36.12515955916324,0.0,60.178510010257014,342.8571558055264
20250930,20251009,000895.SZ,sell,233700.0,24.72763,5778847.131,1733.6541392999998,2889.4235655,2890.868999999948,5774566.910451005
20250930,20251009,600750.SH,sell,275100.0,21.424678328251527,5893929.008101995,1768.1787024305984,2946.9645040509977,2948.4387234123424,11663780.775346518
20250930,20251009,603156.SH,sell,279300.0,30.104940000000003,8408309.742,2522.4929226,4204.154871000001,4206.257999999449,20065363.869552918
20250930,20251009,002014.SZ,buy,567000.0,11.26563,6387612.21,1916.283663,0.0,3192.2099999999627,13675835.375889918
20250930,20251009,002327.SZ,buy,924300.0,7.023509999999999,6491830.292999999,1947.5490878999994,0.0,3244.2929999986663,7182057.533802019
20250930,20251009,002818.SZ,buy,539500.0,11.8059,6369283.05,1910.7849149999997,0.0,3183.0499999998137,810863.6988870194
20250930,20251009,600177.SH,buy,51000.0,7.325865656103315,373619.14846126904,112.08574453838071,0.0,186.71621612249874,437132.464681212
20250930,20251009,605368.SH,buy,45200.0,9.654825,436398.09,130.91942699999998,0.0,218.0900000000256,603.4552542119636
20251031,20251103,002014.SZ,sell,567000.0,11.404295000000001,6466235.265000001,1939.8705795,3233.1176325000006,3234.734999999404,6461665.732042213
20251031,20251103,002327.SZ,sell,23500.0,7.2063950000000006,169350.2825,50.80508475,84.67514125,84.71749999999884,6630880.534316213
20251031,20251103,600177.SH,sell,12600.0,7.427332610964415,93584.39089815163,28.075317269445485,46.79219544907581,46.81560325069586,6724390.057701646
20251031,20251103,002818.SZ,buy,23400.0,11.36568,265956.912,79.7870736,0.0,132.91200000001118,6458353.358628047
20251031,20251103,600750.SH,buy,298300.0,21.440714999999997,6395765.284499999,1918.7295853499995,0.0,3196.2844999991357,60669.344542698
20251031,20251103,605368.SH,buy,6300.0,9.524759999999999,60005.98799999999,18.001796399999996,0.0,29.98799999999028,645.3547462980132
20251128,20251201,600177.SH,sell,861300.0,7.625131082627914,6567525.401467422,1970.2576204402264,3283.762700733711,3285.4054034352303,6562916.735892546
20251128,20251201,600750.SH,sell,298300.0,22.318835,6657708.4805,1997.3125441499997,3328.8542402499997,3330.519499999471,13215299.049608145
20251128,20251201,002327.SZ,sell,2000.0,7.266365,14532.730000000001,5.0,7.266365,7.269999999998618,13229819.513243144
20251128,20251201,002014.SZ,buy,575700.0,11.205599999999999,6451063.919999999,1935.3191759999995,0.0,3223.919999998994,6776820.274067146
20251128,20251201,002818.SZ,buy,25100.0,10.975485,275484.67350000003,82.64540205,0.0,137.67350000003353,6501252.955165096
20251128,20251201,600894.SH,buy,702200.0,9.234615,6484546.653,1945.3639958999997,0.0,3240.652999999933,14760.938169195317
20251128,20251201,605368.SH,buy,1500.0,9.58479,14377.185,5.0,0.0,7.184999999999491,378.75316919531724
20251230,20251231,002014.SZ,sell,575700.0,11.974010000000002,6893437.557000001,2068.0312671,3446.7187785000006,3448.442999999039,6888301.560123596
20251230,20251231,605368.SH,sell,677100.0,7.706145,5217830.7795,1565.34923385,2608.91538975,2610.220499999821,12101958.074999996
20251230,20251231,002818.SZ,sell,24800.0,11.064465,274398.732,82.3196196,137.19936600000003,137.26799999998184,12376137.288014395
20251230,20251231,600894.SH,sell,30800.0,9.31534,286912.472,86.07374159999999,143.45623600000002,143.52799999999115,12662820.230036795
20251230,20251231,000651.SZ,buy,154400.0,40.58028,6265595.232,1879.6785695999997,0.0,3131.2319999998435,6395345.319467195
20251230,20251231,000937.SZ,buy,1151100.0,5.412705,6230564.7255,1869.1694176499998,0.0,3113.7254999997094,162911.42454954516
20251230,20251231,002327.SZ,buy,24100.0,6.753374999999999,162756.3375,48.82690124999999,0.0,81.33749999999418,106.26014829517226
