signal_date,trade_date,ts_code,side,shares,price,gross_amount,commission,stamp_duty,slippage,cash_after
20210108,20210111,000521.SZ,buy,43200.0,4.627035445281347,199887.9312361542,59.966379370846255,0.0,99.8940186087566,800052.102384475
20210108,20210111,001896.SZ,buy,23200.0,8.56428,198691.296,59.607388799999995,0.0,99.2960000000021,601301.198995675
20210108,20210111,300727.SZ,buy,9900.0,20.103197260273973,199021.65287671232,59.70649586301369,0.0,99.46109589037951,402219.83962309966
20210108,20210111,600006.SH,buy,25000.0,7.952294922588327,198807.37306470817,59.642211919412446,0.0,99.35400952759665,203352.82434647207
20210108,20210111,600333.SH,buy,27400.0,7.321344202107639,200604.8311377493,60.181449341324786,0.0,100.2522894241556,2687.8117593814386
20210115,20210118,000521.SZ,sell,43200.0,3.9023813597014416,168582.8747391023,50.574862421730685,84.29143736955115,84.3336041716102,171135.82019869247
20210115,20210118,001896.SZ,sell,23200.0,7.946025000000001,184347.78,55.304334,92.17389,92.22000000000116,355336.12197469245
20210115,20210118,300727.SZ,sell,9900.0,19.45132622309198,192568.1296086106,57.77043888258317,96.2840648043053,96.33223091976834,547750.1970796161
20210115,20210118,600006.SH,sell,25000.0,7.57574443959243,189393.61098981075,56.81808329694322,94.69680549490538,94.74417758369236,736992.2931806351
20210115,20210118,600333.SH,sell,27400.0,6.06698004704554,166235.2532890478,49.870575986714336,83.11762664452391,83.15920624762657,903094.5582670516
20210115,20210118,300999.SZ,buy,1500.0,115.6611988939364,173491.7983409046,52.04753950227138,0.0,86.7025478965079,729550.7123866447
20210115,20210118,600121.SH,buy,26200.0,6.90345,180870.39,54.261117,0.0,90.39000000001397,548626.0612696446
20210115,20210118,600559.SH,buy,7100.0,25.242560233980893,179222.17766126434,53.766653298379296,0.0,89.56630567778484,369350.11695508193
20210115,20210118,601908.SH,buy,15900.0,11.311636624752882,179855.02233357084,53.95650670007125,0.0,89.88256988182548,189441.138114811
20210115,20210118,603025.SH,buy,10600.0,16.97341822805139,179918.23321734474,53.975469965203416,0.0,89.91415952891111,9468.929427501076
20210122,20210125,300999.SZ,sell,1500.0,130.40089373889,195601.340608335,58.6804021825005,97.80067030416751,97.84959510169574,204913.78896334942
20210122,20210125,600121.SH,sell,26200.0,6.57671,172309.802,51.69294059999999,86.154901,86.19800000000396,377085.7431217494
20210122,20210125,600559.SH,sell,7100.0,25.688941526242353,182391.4848363207,54.71744545089621,91.19574241816036,91.2413630996889,559331.314770201
20210122,20210125,601908.SH,sell,15900.0,12.150574241414187,193194.13043848556,57.95823913154566,96.59706521924278,96.64538791321684,752370.8899043357
20210122,20210125,603025.SH,sell,10600.0,19.072190932815843,202165.22388784794,60.64956716635438,101.08261194392398,101.1331785331713,954374.3816130734
20210122,20210125,002553.SZ,buy,18300.0,10.476616243965042,191722.07726456027,57.516623179368075,0.0,95.81313206622144,762594.7877253338
20210122,20210125,600189.SH,buy,13700.0,13.896945,190388.1465,57.11644395,0.0,95.14650000000256,572149.5247813838
20210122,20210125,600319.SH,buy,33900.0,5.612805,190274.0895,57.08222685,0.0,95.08950000000186,381818.3530545338
20210122,20210125,601633.SH,buy,5100.0,37.205597657725725,189748.5480544012,56.92456441632036,0.0,94.82686059689149,192012.8804357163
20210122,20210125,603698.SH,buy,13100.0,14.497871886914611,189922.12171858142,56.97663651557442,0.0,94.91360405724845,2033.782080619305
20210129,20210201,002553.SZ,sell,18300.0,12.00418048850048,219676.5029395588,65.90295088186762,109.8382514697794,109.89319806880667,221534.54381782646
20210129,20210201,600189.SH,sell,13700.0,12.873560000000001,176367.77200000003,52.910331600000006,88.18388600000002,88.22799999997369,397761.2216002265
20210129,20210201,600319.SH,sell,33900.0,4.467765,151457.2335,45.43717005,75.72861675,75.7664999999979,549097.2893134265
20210129,20210201,601633.SH,sell,5100.0,38.57986928598413,196757.33335851907,59.02720000755571,98.37866667925954,98.42788061956526,745697.2168052588
20210129,20210201,603698.SH,sell,13100.0,13.50881663189699,176965.49787785055,53.08964936335516,88.48274893892527,88.52701244514901,922521.142284807
20210129,20210201,002497.SZ,buy,8600.0,21.23605189345737,182630.04628373336,54.789013885120006,0.0,91.26938844763208,739836.3069871885
20210129,20210201,002756.SZ,buy,5700.0,32.27184460598465,183949.5142541125,55.18485427623374,0.0,91.92879273070139,555831.6078787998
20210129,20210201,600893.SH,buy,3100.0,59.24848450836539,183670.3019759327,55.101090592779805,0.0,91.78925635977066,372106.2048122743
20210129,20210201,601908.SH,buy,20000.0,9.213590286653487,184271.80573306972,55.28154171992091,0.0,92.08985793753527,187779.11753748468
20210129,20210201,601919.SH,buy,36100.0,5.1094886280080205,184452.53947108955,55.33576184132686,0.0,92.18017964571482,3271.2423045538017
20210205,20210208,002497.SZ,sell,8600.0,19.86356362280047,170826.64715608404,51.24799414682521,85.41332357804203,85.45605160383275,173961.22814291297
20210205,20210208,002756.SZ,sell,5700.0,27.983494595018016,159505.91919160268,47.8517757574808,79.75295959580134,79.79285602382151,333339.5425991624
20210205,20210208,600893.SH,sell,3100.0,55.56061651904208,172237.91120903046,51.67137336270913,86.11895560451524,86.16203662281623,505439.6634792256
20210205,20210208,601908.SH,sell,20000.0,8.28493182612294,165698.63652245878,49.70959095673763,82.84931826122939,82.89076364302309,671005.7410924664
20210205,20210208,601919.SH,sell,36100.0,4.686275342580213,169174.5398671457,50.75236196014371,84.58726993357286,84.62958472591708,840044.9413277183
20210205,20210208,001896.SZ,buy,29800.0,5.602799999999999,166963.43999999997,50.08903199999999,0.0,83.43999999997322,673031.4122957183
20210205,20210208,002176.SZ,buy,32800.0,5.152575,169004.46,50.70133799999999,0.0,84.45999999999185,503976.25095771835
20210205,20210208,002466.SZ,buy,3600.0,45.84074270598026,165026.67374152894,49.50800212245868,0.0,82.47210082036327,338900.06921406696
20210205,20210208,600499.SH,buy,24300.0,6.900923138716649,167692.43227081458,50.30772968124437,0.0,83.80431397841312,171157.32921357112
20210205,20210208,601127.SH,buy,12700.0,13.238697075328133,168131.45285666728,50.43943585700018,0.0,84.02371457102709,2975.436921046843
20210210,20210218,002176.SZ,sell,32800.0,5.647175000000001,185227.34000000003,55.568202,92.61367000000001,92.65999999997439,188054.59504904688
20210210,20210218,002466.SZ,sell,3600.0,49.738632688146474,179059.0776773273,53.717723303198184,89.52953883866365,89.57432600166067,366970.42546423234
20210210,20210218,601127.SH,sell,12700.0,12.889642880920679,163698.4645876926,49.10953937630778,81.8492322938463,81.8901773825346,530537.9312802549
20210210,20210218,600499.SH,sell,1600.0,7.800446232063267,12480.713971301228,5.0,6.240356985650614,6.243478725013119,543007.4048945705
20210210,20210218,000633.SZ,buy,33900.0,5.2226099999999995,177046.479,53.11394369999999,0.0,88.47899999999208,365907.81195087044
20210210,20210218,001896.SZ,buy,2200.0,5.522759999999999,12150.071999999998,5.0,0.0,6.072000000000116,353752.73995087045
20210210,20210218,300712.SZ,buy,6100.0,28.656832432935914,174806.67784090908,52.44200335227272,0.0,87.3596590909001,178893.6201066091
20210210,20210218,600199.SH,buy,14100.0,12.516255,176479.1955,52.94375864999999,0.0,88.19550000000163,2361.4808479590865
20210219,20210222,001896.SZ,sell,32000.0,5.887055,188385.76,56.515727999999996,94.19288,94.23999999999069,190596.5322399591
20210219,20210222,300712.SZ,sell,6100.0,29.585423435171382,180471.08295454542,54.14132488636362,90.2355414772727,90.28068181819981,370923.2383281409
20210219,20210222,600199.SH,sell,14100.0,13.043475,183912.9975,55.17389924999999,91.95649875,92.00250000000233,554689.105430141
20210219,20210222,600499.SH,sell,22700.0,7.626134584419396,173113.2550663203,51.933976519896085,86.55662753316015,86.59992749689263,727663.8698924083
20210219,20210222,000633.SZ,sell,3300.0,6.1169400000000005,20185.902000000002,6.0557706,10.092951000000001,10.097999999998137,747833.6231708083
20210219,20210222,300763.SZ,buy,2300.0,79.65768137007356,183212.66715116918,54.96380014535075,0.0,91.56055329891387,564565.9922194937
20210219,20210222,603185.SH,buy,2400.0,77.43392356049563,185841.4165451895,55.75242496355685,0.0,92.8742711370287,378668.82324934064
20210219,20210222,603882.SH,buy,1400.0,130.37337217249797,182522.72104149716,54.756816312449146,0.0,91.21575264443527,196091.34539153104
20210219,20210222,688598.SH,buy,2000.0,89.34735332220669,178694.70664441338,53.60841199332401,0.0,89.30270197120262,17343.03033512432
20210226,20210301,000633.SZ,sell,30600.0,6.306845,192989.457,57.89683709999999,96.4947285,96.54300000000512,210178.0957695243
20210226,20210301,603185.SH,sell,2400.0,70.89019314868804,170136.4635568513,51.04093906705538,85.06823177842564,85.11078717201599,380178.4501555301
20210226,20210301,603882.SH,sell,1400.0,126.06224247355576,176487.13946297806,52.94614183889341,88.24356973148903,88.28771358827362,556524.3999069378
20210226,20210301,688598.SH,sell,2000.0,81.89441955884344,163788.83911768688,49.13665173530606,81.89441955884344,81.93538725245162,720182.2079533306
20210226,20210301,300274.SZ,buy,2800.0,61.26576258487473,171544.13523764923,51.46324057129476,0.0,85.729203017283,548586.6094751101
20210226,20210301,300595.SZ,buy,2600.0,65.72312631560557,170880.12842057447,51.264038526172335,0.0,85.39736552751856,377655.21701600944
20210226,20210301,300763.SZ,buy,300.0,65.47180176748272,19641.540530244816,5.892462159073444,0.0,9.81586233395501,358007.7840236055
20210226,20210301,300896.SZ,buy,500.0,317.7324488875526,158866.2244437763,47.65986733313289,0.0,79.3934155141178,199093.8997124961
20210226,20210301,601015.SH,buy,25300.0,6.892364914772727,174376.83234375,52.313049703124996,0.0,87.14484374999302,24664.754319042957
20210305,20210308,300595.SZ,sell,2600.0,58.359879161910534,151735.6858209674,45.52070574629021,75.8678429104837,75.90579580835765,176279.05159135358
20210305,20210308,300763.SZ,sell,2600.0,59.934887473926885,155830.7074322099,46.749212229662966,77.91535371610495,77.95433088156278,331985.0944576177
20210305,20210308,300896.SZ,sell,500.0,296.3790965123271,148189.54825616357,44.45686447684907,74.09477412808178,74.13184004809591,480056.0910751764
20210305,20210308,601015.SH,sell,25300.0,6.502023336038961,164501.19040178572,49.35035712053571,82.25059520089286,82.29174107141444,644425.6805246407
20210305,20210308,000615.SZ,buy,15300.0,10.328709651344083,158029.25766556445,47.40877729966933,0.0,78.97514126214082,486349.0140817766
20210305,20210308,300087.SZ,buy,11500.0,13.756400904638825,158198.61040334648,47.45958312100394,0.0,79.05977531400276,328102.9440953091
20210305,20210308,300274.SZ,buy,200.0,52.77272725357059,10554.545450714117,5.0,0.0,5.274635407653477,317543.398644595
20210305,20210308,600309.SH,buy,1500.0,101.67590082538504,152513.85123807756,45.754155371423266,0.0,76.21881621092325,164983.793251146
20210305,20210308,603799.SH,buy,3000.0,52.73730078515625,158211.90235546874,47.46357070664062,0.0,79.06641796874464,6724.427324970631
20210312,20210315,000615.SZ,sell,15300.0,10.327896136741764,158016.810892149,47.40504326764469,79.00840544607449,79.04792941076448,164614.8247684059
20210312,20210315,300087.SZ,sell,11500.0,11.379766165034239,130867.31089789375,39.26019326936812,65.43365544894688,65.4663886432536,295377.44181758136
20210312,20210315,300274.SZ,sell,3000.0,52.38914561603535,157167.43684810604,47.150231054431806,78.58371842405302,78.6230299390154,452419.1447162089
20210312,20210315,600309.SH,sell,1500.0,106.35955272738515,159539.32909107773,47.86179872732331,79.76966454553886,79.80956933018751,611830.8423440137
20210312,20210315,603799.SH,sell,3000.0,49.869162320312505,149607.4869609375,44.88224608828125,74.80374348046875,74.84116406249814,761318.6433153825
20210312,20210315,000820.SZ,buy,108100.0,1.4107049999999999,152497.2105,45.749163149999994,0.0,76.2104999999865,608775.6836522325
20210312,20210315,300083.SZ,buy,13000.0,11.605799999999999,150875.4,45.26261999999999,0.0,75.39999999999418,457855.02103223256
20210312,20210315,600010.SH,buy,86800.0,1.7567600839285715,152486.775285,45.7460325855,0.0,76.20528500000364,305322.49971464707
20210312,20210315,600392.SH,buy,9300.0,16.509092472569534,153534.55999489667,46.060367998469,0.0,76.72891553965746,151741.87935175194
20210312,20210315,600499.SH,buy,21500.0,7.014339068935759,150808.28998211882,45.24248699463564,0.0,75.36646176016075,888.3468826384924
20210319,20210322,000820.SZ,sell,108100.0,1.5692150000000002,169632.14150000003,50.889642450000004,84.81607075000001,84.85849999997299,170384.78266943851
20210319,20210322,300083.SZ,sell,13000.0,12.51374,162678.62,48.803585999999996,81.33931,81.38000000000466,332933.2597734385
20210319,20210322,600010.SH,sell,86800.0,1.6955125339285715,147170.487945,44.1511463835,73.5852439725,73.62205499998527,479986.01132808253
20210319,20210322,600392.SH,sell,9300.0,15.950581576932896,148340.40866547593,44.502122599642775,74.17020433273797,74.20730798671138,628207.7476666261
20210319,20210322,600499.SH,sell,21500.0,7.992189044471527,171832.06445613783,51.549619336841346,85.91603222806891,85.9590117339394,799902.3464711991
20210319,20210322,000831.SZ,buy,8300.0,19.080342857142856,158366.8457142857,47.51005371428571,0.0,79.14385093169403,641487.9907031991
20210319,20210322,002378.SZ,buy,28600.0,5.569458203028918,159286.50460662707,47.78595138198812,0.0,79.60345057805534,482153.70014519
20210319,20210322,600111.SH,buy,8200.0,19.40531153779473,159123.55460991678,47.73706638297503,0.0,79.52201629680349,322982.40846889024
20210319,20210322,600295.SH,buy,24500.0,6.553673666928891,160565.0048397578,48.16950145192734,0.0,80.24238122923998,162369.2341276805
20210319,20210322,601015.SH,buy,26100.0,6.149725111607143,160507.82541294643,48.15234762388393,0.0,80.21380580356345,1813.2563671101816
20210326,20210329,000831.SZ,sell,8300.0,17.104486956521736,141967.2417391304,42.59017252173912,70.9836208695652,71.01913043478271,143666.92431284927
20210326,20210329,002378.SZ,sell,28600.0,6.268553252046804,179280.6230085386,53.78418690256157,89.64031150426929,89.68515408129315,322804.122822981
20210326,20210329,600111.SH,sell,8200.0,18.171259537844264,149004.32821032297,44.70129846309689,74.50216410516148,74.5394338220649,471689.2475707357
20210326,20210329,600295.SH,sell,24500.0,5.955292916509903,145904.6764544926,43.771402936347776,72.9523382272463,72.98883264354663,617477.2002840647
20210326,20210329,601015.SH,sell,26100.0,5.818477293019481,151862.25734780845,45.55867720434253,75.93112867390423,75.96911323053064,769217.967825995
20210326,20210329,002109.SZ,buy,31500.0,4.892026850152905,154098.8457798165,46.22965373394495,0.0,77.01091743118013,615072.8923924444
20210326,20210329,600722.SH,buy,23500.0,6.533265,153531.7275,46.059518249999996,0.0,76.72750000000815,461495.10537419445
20210326,20210329,600746.SH,buy,16400.0,9.390680300391294,154007.15692641723,46.20214707792516,0.0,76.96509591524955,307441.7463006993
20210326,20210329,600773.SH,buy,16000.0,9.55690800997251,152910.52815956017,45.87315844786805,0.0,76.41705555201042,154485.34498269125
20210326,20210329,603098.SH,buy,9900.0,15.520438773121048,153652.34385389838,46.095703156169506,0.0,76.78777803792036,786.905425636709
20210402,20210406,002109.SZ,sell,31500.0,4.736183221202854,149189.7714678899,44.75693144036696,74.59488573394495,74.63220183487283,149857.32507635228
20210402,20210406,600722.SH,sell,23500.0,6.5067450000000004,152908.5075,45.87255225,76.45425375,76.49249999999302,302643.5057703523
20210402,20210406,600746.SH,sell,16400.0,9.5741807382134,157016.56410669975,47.10496923200992,78.50828205334987,78.54755583126098,459534.4566257667
20210402,20210406,600773.SH,sell,16000.0,9.736313963114492,155781.02340983186,46.73430702294955,77.89051170491594,77.92947644315427,615190.8552168707
20210402,20210406,603098.SH,sell,9900.0,16.829714079450554,166614.16938656048,49.98425081596814,83.30708469328025,83.34875907283276,781671.733267922
20210402,20210406,000659.SZ,buy,42000.0,3.711855,155897.91,46.769372999999995,0.0,77.91000000000349,625727.0538949219
20210402,20210406,000890.SZ,buy,33800.0,4.62231,156234.07799999998,46.870223399999986,0.0,78.07799999997951,469446.1056715219
20210402,20210406,002996.SZ,buy,9700.0,16.155066815144767,156704.14810690423,47.011244432071265,0.0,78.31291759465239,312694.9463201856
20210402,20210406,300859.SZ,buy,4800.0,32.44493974723229,155735.710786715,46.7207132360145,0.0,77.82894092288916,156912.5148202346
20210402,20210406,600526.SH,buy,22900.0,6.812066143610344,155996.31468867688,46.79889440660306,0.0,77.95917775545968,869.4012371510908
20210409,20210412,000659.SZ,sell,42000.0,3.85807,162038.94,48.611681999999995,81.01947,81.05999999999767,162778.7100851511
20210409,20210412,000890.SZ,sell,33800.0,5.147425000000001,173982.96500000003,52.1948895,86.99148250000002,87.03499999997439,336622.48871315114
20210409,20210412,002996.SZ,sell,9700.0,16.472828507795104,159786.43652561252,47.93593095768375,79.89321826280626,79.93318485521013,496281.09608954313
20210409,20210412,300859.SZ,sell,4800.0,31.217850494758505,149845.68237484084,44.95370471245224,74.92284118742042,74.9603213480732,646006.9019184841
20210409,20210412,600526.SH,sell,22900.0,6.80525748179764,155840.39633316596,46.752118899949785,77.92019816658298,77.95917775545968,801722.6259345836
20210409,20210412,002010.SZ,buy,27200.0,5.885874848352398,160095.79587518523,48.02873876255556,0.0,80.00789399057976,641578.8013206358
20210409,20210412,002044.SZ,buy,13500.0,11.830433791866028,159710.85619019138,47.91325685705741,0.0,79.81552033493062,481820.0318735874
20210409,20210412,002658.SZ,buy,19200.0,8.399376438569206,161268.02762052877,48.38040828615863,0.0,80.59371695181471,320503.62384477246
20210409,20210412,003022.SZ,buy,7200.0,22.132317890659913,159352.68881275138,47.80580664382541,0.0,79.63652614332386,161103.12922537726
20210409,20210412,688198.SH,buy,1500.0,101.77210862177033,152658.16293265548,45.79744887979664,0.0,76.29093599831685,8399.168843841966
20210416,20210419,002010.SZ,sell,27200.0,5.762029114207435,156727.19190644223,47.01815757193266,78.36359595322111,78.40279735188233,165000.97899675905
20210416,20210419,002044.SZ,sell,13500.0,11.41175538277512,154058.69766746412,46.21760930023923,77.02934883373206,77.06788277509622,318936.4297060892
20210416,20210419,002658.SZ,sell,19200.0,7.66943794366684,147253.20851840332,44.17596255552099,73.62660425920166,73.66343597718515,466071.83565767785
20210416,20210419,003022.SZ,sell,7200.0,22.668534932221064,163213.45151199168,48.964035453597496,81.60672575599584,81.64754953072406,629154.7164084599
20210416,20210419,688198.SH,sell,1500.0,98.231854000975,147347.7810014625,44.20433430043875,73.67389050073126,73.71074587365729,776384.6191851213
20210416,20210419,002269.SZ,buy,53900.0,2.891445,155848.8855,46.75466565,0.0,77.88550000000396,620488.9790194712
20210416,20210419,002355.SZ,buy,28100.0,5.50275,154627.275,46.38818249999999,0.0,77.27499999999418,465815.3158369712
20210416,20210419,003001.SZ,buy,7100.0,21.77193354917467,154580.72819914014,46.37421845974204,0.0,77.25173823043588,311188.21341937134
20210416,20210419,603801.SH,buy,6600.0,23.287929136826232,153700.33230305315,46.11009969091594,0.0,76.81176027140464,157441.7710166273
20210416,20210419,605299.SH,buy,12200.0,12.636684638500972,154167.55258971185,46.25026577691355,0.0,77.04525366800954,3227.9681611385313
20210423,20210426,002355.SZ,sell,28100.0,6.01699,169077.419,50.72322569999999,84.5387095,84.58100000000559,172170.12522593854
20210423,20210426,003001.SZ,sell,7100.0,19.760827450772254,140301.874900483,42.090562470144896,70.1509374502415,70.18603046546923,312359.7586265012
20210423,20210426,603801.SH,sell,6600.0,22.147777018759605,146175.3283238134,43.852598497144015,73.0876641619067,73.12422627504566,458418.14668765554
20210423,20210426,605299.SH,sell,12200.0,11.413770549761358,139248.00070708856,41.774400212126565,69.62400035354429,69.65882976842113,597554.7489941784
20210423,20210426,000980.SZ,buy,39100.0,3.731865,145915.9215,43.77477645,0.0,72.92149999999674,451595.05271772837
20210423,20210426,002162.SZ,buy,24400.0,5.9729849999999995,145740.834,43.7222502,0.0,72.83400000000256,305810.4964675284
20210423,20210426,002269.SZ,buy,5500.0,2.46123,13536.765,5.0,0.0,6.764999999999418,292268.7314675284
20210423,20210426,002348.SZ,buy,58800.0,2.4812399999999997,145896.91199999998,43.76907359999999,0.0,72.91199999998207,146328.0503939284
20210423,20210426,300859.SZ,buy,4900.0,29.504310767120607,144571.12275889097,43.371336827667285,0.0,72.2494366611063,1713.5562982097617
20210430,20210506,000980.SZ,sell,39100.0,4.65767,182114.89700000003,54.634469100000004,91.05744850000002,91.10299999997369,183682.76138060977
20210430,20210506,002162.SZ,sell,24400.0,6.546725,159740.09,47.92202699999999,79.870045,79.91000000000349,343295.0593086098
20210430,20210506,002269.SZ,sell,59400.0,2.8085950000000004,166830.54300000003,50.049162900000006,83.41527150000002,83.45699999996577,509992.13787420985
20210430,20210506,002348.SZ,sell,58800.0,2.25887,132821.55599999998,39.846466799999995,66.410778,66.4440000000177,642707.4366294099
20210430,20210506,000966.SZ,buy,17600.0,8.496063460967646,149530.71691303057,44.85921507390917,0.0,74.72799445927376,493131.86050130543
20210430,20210506,002786.SZ,buy,23100.0,6.4032,147913.92,44.374176,0.0,73.9200000000128,345173.5663253054
20210430,20210506,300859.SZ,buy,2200.0,20.878465758792988,45932.62466934457,13.77978740080337,0.0,22.954834917210974,299227.16186856
20210430,20210506,600149.SH,buy,26200.0,5.66283,148366.14599999998,44.50984379999999,0.0,74.14599999997881,150816.50602476002
20210430,20210506,603126.SH,buy,17500.0,8.482577232924694,148445.10157618215,44.53353047285464,0.0,74.18545805904432,2326.870918105007
20210507,20210510,000966.SZ,sell,17600.0,8.312770396754726,146304.75898288316,43.891427694864944,73.15237949144158,73.18897397842375,148514.58609380183
20210507,20210510,002786.SZ,sell,23100.0,6.15692,142224.852,42.667455600000004,71.11242600000001,71.1479999999865,290625.65821220184
20210507,20210510,600149.SH,sell,26200.0,5.49725,144027.95,43.208385,72.013975,72.04999999998836,434538.38585220184
20210507,20210510,603126.SH,sell,17500.0,8.7508431155263,153139.75452171025,45.94192635651307,76.56987726085512,76.60818135150475,587555.6285702947
20210507,20210510,002876.SZ,buy,3000.0,46.939595366465596,140818.7860993968,42.24563582981904,0.0,70.37420594671858,446694.5968350681
20210507,20210510,300563.SZ,buy,9900.0,14.475389047952746,143306.3515747322,42.99190547241965,0.0,71.61736710381228,303345.2533548635
20210507,20210510,300859.SZ,buy,600.0,18.623983540707357,11174.390124424413,5.0,0.0,5.584402860780756,292165.8632304391
20210507,20210510,600892.SH,buy,34600.0,4.132065,142969.449,42.89083469999999,0.0,71.44899999999325,149153.5233957391
20210507,20210510,605369.SH,buy,4400.0,31.857594223790322,140173.4145846774,42.05202437540322,0.0,70.05168145158677,8938.05678668627
20210514,20210517,002876.SZ,sell,3000.0,51.97271947899429,155918.1584369829,46.77544753109486,77.95907921849145,77.99807825760217,164731.48069691955
20210514,20210517,300563.SZ,sell,9900.0,14.67400880969066,145272.68721593753,43.581806164781256,72.63634360796877,72.672679947922,309887.9497630843
20210514,20210517,300859.SZ,sell,7700.0,19.143945331635155,147408.3790535907,44.22251371607721,73.70418952679535,73.74106005681097,457178.4021134321
20210514,20210517,600892.SH,sell,34600.0,4.09795,141789.07,42.536721,70.894535,70.92999999999302,598854.0408574322
20210514,20210517,605369.SH,sell,4400.0,32.71968036290323,143966.5935967742,43.18997807903226,71.9832967983871,72.0193064516061,742705.461179329
20210514,20210517,000825.SZ,buy,23100.0,6.398109822894962,147796.3369088736,44.338901072662075,0.0,73.86123783548828,594864.7853693827
20210514,20210517,000898.SZ,buy,36100.0,4.105661146496815,148214.36738853503,44.464310216560506,0.0,74.07014861996868,446605.9536706311
20210514,20210517,002636.SZ,buy,11400.0,13.015183404864091,148373.09081545065,44.51192724463519,0.0,74.14947067238973,298188.3509279358
20210514,20210517,600746.SH,buy,13000.0,11.444343095056306,148776.46023573197,44.63293807071959,0.0,74.35105459054466,149367.2577541331
20210514,20210517,603776.SH,buy,7300.0,20.37773369523954,148757.45597524865,44.62723679257459,0.0,74.34155720903073,565.1745420918742
20210521,20210524,000825.SZ,sell,23100.0,5.705296433386445,131792.34761122687,39.53770428336806,65.89617380561343,65.92913837480592,132252.08827522976
20210521,20210524,000898.SZ,sell,36100.0,3.9825391264786165,143769.66246587806,43.13089873976342,71.88483123293904,71.92079162874143,275906.7350111351
20210521,20210524,002636.SZ,sell,11400.0,12.665579965885332,144387.61161109278,43.31628348332783,72.19380580554639,72.2299207659089,420178.836532939
20210521,20210524,600746.SH,sell,13000.0,10.933153278893872,142130.99262562033,42.6392977876861,71.06549631281017,71.10104683623649,562196.1243644588
20210521,20210524,603776.SH,sell,7300.0,20.04358719345532,146318.18651222382,43.895455953667145,73.15909325611192,73.19569110166049,708397.2563274729
20210521,20210524,002316.SZ,buy,29100.0,4.872434999999999,141787.85849999997,42.53635754999999,0.0,70.85849999997299,566566.8614699228
20210521,20210524,002378.SZ,buy,17800.0,7.928028233599211,141118.90255806595,42.335670767419785,0.0,70.52418918441981,425405.62324108946
20210521,20210524,002581.SZ,buy,7800.0,17.908949999999997,139689.80999999997,41.906942999999984,0.0,69.80999999996857,285673.9062980895
20210521,20210524,002762.SZ,buy,9300.0,15.251812692368715,141841.85803902906,42.55255741170871,0.0,70.88548627638374,143789.4957016487
20210521,20210524,688068.SH,buy,1400.0,100.26214040114611,140366.99656160455,42.11009896848136,0.0,70.14842406875687,3380.3890410756576
20210528,20210531,002316.SZ,sell,29100.0,5.83708,169859.02800000002,50.9577084,84.92951400000001,84.97199999997974,173103.52981867568
20210528,20210531,002378.SZ,sell,17800.0,7.9054237148178075,140716.54212375698,42.214962637127094,70.3582710618785,70.39346779577318,313707.49870873365
20210528,20210531,002581.SZ,sell,7800.0,24.3878,190224.84,57.067451999999996,95.11242,95.16000000000349,503780.15883673367
20210528,20210531,002762.SZ,sell,9300.0,15.992581442699244,148731.00741710296,44.61930222513088,74.36550370855149,74.40270506107481,652392.1814479029
20210528,20210531,688068.SH,sell,1400.0,101.05737344794652,141480.3228271251,42.444096848137534,70.74016141356256,70.77554918816895,793759.3200167663
20210528,20210531,000820.SZ,buy,33900.0,4.692345,159070.49550000002,47.72114865,0.0,79.49550000001909,634641.1033681163
20210528,20210531,000928.SZ,buy,17700.0,8.948735560593251,158392.61942250055,47.517785826750156,0.0,79.15673134554527,476200.966159789
20210528,20210531,002490.SZ,buy,23000.0,6.883439999999999,158319.12,47.495735999999994,0.0,79.11999999999534,317834.350423789
20210528,20210531,300061.SZ,buy,16600.0,9.534764999999998,158277.099,47.48312969999999,0.0,79.09899999998743,159509.768294089
20210528,20210531,600733.SH,buy,9900.0,15.88794,157290.606,47.1871818,0.0,78.60599999999977,2171.9751122890157
20210604,20210607,000928.SZ,sell,17700.0,8.333132509797895,147496.44542342276,44.24893362702682,73.74822271171138,73.78511526933289,149550.42337937304
20210604,20210607,002490.SZ,sell,23000.0,5.7371300000000005,131953.99000000002,39.586197000000006,65.97699500000002,66.00999999998021,281398.85018737306
20210604,20210607,300061.SZ,sell,16600.0,9.055470000000001,150320.80200000003,45.0962406,75.16040100000001,75.19799999997485,431599.3955457731
20210604,20210607,600733.SH,sell,9900.0,15.742125000000001,155847.0375,46.75411125,77.92351875,77.96249999999418,587321.7554157731
20210604,20210607,000820.SZ,buy,7500.0,3.4016999999999995,25512.749999999996,7.6538249999999985,0.0,12.749999999996362,561801.3515907731
20210604,20210607,000966.SZ,buy,12100.0,11.528983140397743,139500.6959988127,41.85020879964381,0.0,69.71549025428249,422258.8053831607
20210604,20210607,000980.SZ,buy,31500.0,4.46223,140560.245,42.1680735,0.0,70.24499999999534,281656.3923096607
20210604,20210607,300093.SZ,buy,7500.0,18.66933,140019.97499999998,42.00599249999999,0.0,69.97499999997672,141594.4113171607
20210604,20210607,603721.SH,buy,6900.0,20.182510229799853,139259.320585619,41.777796175685694,0.0,69.59486286138417,2293.3129353660333
20210611,20210615,000820.SZ,sell,41400.0,3.848075,159310.305,47.793091499999996,79.6551525,79.69500000000698,161476.16969136603
20210611,20210615,000966.SZ,sell,12100.0,11.81789338082517,142996.50990798455,42.898952972395364,71.49825495399227,71.53402196496609,304358.2823914242
20210611,20210615,000980.SZ,sell,31500.0,6.21689,195832.035,58.749610499999996,97.91601750000001,97.96499999999651,500033.65176342416
20210611,20210615,300093.SZ,sell,7500.0,19.740125000000003,148050.93750000003,44.41528125000001,74.02546875000002,74.0624999999709,647966.1485134242
20210611,20210615,603721.SH,sell,6900.0,19.878499069681247,137161.6435808006,41.14849307424017,68.5808217904003,68.61512935507926,785018.0627793602
20210611,20210615,000615.SZ,buy,7400.0,21.133396705975912,156387.13562422176,46.91614068726653,0.0,78.15449056684156,628584.0110144512
20210611,20210615,000718.SZ,buy,21900.0,7.1390314224058065,156344.78815068715,46.90343644520614,0.0,78.13332741160411,472192.3194273188
20210611,20210615,002762.SZ,buy,10300.0,15.182160241155005,156376.25048389655,46.91287514516896,0.0,78.14905071660178,315769.1560682771
20210611,20210615,600702.SH,buy,800.0,193.06987405541557,154455.89924433245,46.33676977329973,0.0,77.18935494468315,161266.92005417132
20210611,20210615,603020.SH,buy,8700.0,17.896648592344786,155700.84275339963,46.71025282601988,0.0,77.81151561887236,5519.367047945678
20210618,20210621,000615.SZ,sell,7400.0,19.90449964475185,147293.2973711637,44.187989211349105,73.64664868558185,73.6834904307907,152694.82978121244
20210618,20210621,000718.SZ,sell,21900.0,6.623726467799417,145059.60964480723,43.51788289344217,72.52980482240362,72.56608786634752,297638.3917383038
20210618,20210621,600702.SH,sell,800.0,208.5540871755558,166843.26974044464,50.052980922133386,83.42163487022232,83.46336655350751,464348.1868629561
20210618,20210621,603020.SH,sell,8700.0,17.728755552417777,154240.17330603465,46.272051991810386,77.12008665301732,77.15866598603316,618464.9680303459
20210618,20210621,000572.SZ,buy,24100.0,6.333165,152629.2765,45.78878295,0.0,76.27650000000722,465789.90274739586
20210618,20210621,002581.SZ,buy,8300.0,18.38919,152630.277,45.7890831,0.0,76.27700000000186,313113.8366642959
20210618,20210621,002667.SZ,buy,11300.0,13.506749999999998,152626.275,45.787882499999995,0.0,76.27499999999418,160441.77378179587
20210618,20210621,002759.SZ,buy,5500.0,27.46517150602409,151058.4432831325,45.317532984939746,0.0,75.49147590360371,9338.012965678412
20210618,20210621,002762.SZ,buy,500.0,14.121355455074301,7060.6777275371505,5.0,0.0,3.528574576479514,2272.3352381412615
20210625,20210628,000572.SZ,sell,24100.0,5.7371300000000005,138264.833,41.4794499,69.1324165,69.16699999998673,140426.55637174126
20210625,20210628,002581.SZ,sell,8300.0,18.01099,149491.217,44.8473651,74.7456085,74.78299999999581,289798.18039814127
20210625,20210628,002667.SZ,sell,11300.0,14.712640000000002,166252.83200000002,49.8758496,83.12641600000002,83.16799999997602,455918.0101325413
20210625,20210628,002759.SZ,sell,5500.0,30.8554681626506,169705.07489457828,50.911522468373484,84.85253744728914,84.8949849397759,625487.3209672039
20210625,20210628,002762.SZ,sell,10800.0,13.903070195850301,150153.15811518324,45.04594743455497,75.07657905759162,75.11413612565957,775520.3565558951
20210625,20210628,000820.SZ,buy,41900.0,3.70185,155107.51499999998,46.53225449999999,0.0,77.51499999998487,620366.3093013951
20210625,20210628,300079.SZ,buy,21600.0,7.147866812227073,154393.92314410477,46.31817694323143,0.0,77.15838238084689,465926.0679803471
20210625,20210628,300264.SZ,buy,22900.0,6.753374999999999,154652.28749999998,46.39568624999999,0.0,77.28749999997672,311227.3847940971
20210625,20210628,600702.SH,buy,800.0,185.46120906801005,148368.96725440805,44.51069017632241,0.0,74.1474099222396,162813.9068495127
20210625,20210628,605337.SH,buy,5300.0,29.11581383309173,154313.81331538619,46.29414399461585,0.0,77.11834748394904,8453.799390131899
20210702,20210705,300079.SZ,sell,21600.0,7.626688355562939,164736.46848015947,49.42094054404784,82.36823424007974,82.4094389595557,173058.47869550725
20210702,20210705,300264.SZ,sell,22900.0,6.356820000000001,145571.178,43.6713534,72.785589,72.82199999998556,318513.19975310727
20210702,20210705,600702.SH,sell,800.0,201.40909065819733,161127.27252655785,48.33818175796735,80.56363626327892,80.60393823240884,479511.57046164386
20210702,20210705,605337.SH,sell,5300.0,30.044920325119072,159238.07772313108,47.77142331693932,79.61903886156554,79.65886829569354,638622.2577225964
20210702,20210705,000820.SZ,buy,7900.0,3.08154,24344.166,7.3032498,0.0,12.166000000001077,614270.7884727964
20210702,20210705,300339.SZ,buy,4000.0,37.735778038497365,150943.11215398947,45.28293364619684,0.0,75.43383915739832,463282.3933851608
20210702,20210705,600238.SH,buy,6500.0,23.35167,151785.85499999998,45.53575649999999,0.0,75.85499999998137,311451.00262866076
20210702,20210705,600704.SH,buy,24400.0,6.277494820320052,153170.87361580925,45.95126208474277,0.0,76.54716322626336,158234.17775076677
20210702,20210705,601127.SH,buy,2500.0,61.31919287616511,153297.9821904128,45.98939465712383,0.0,76.61068575232639,4890.206165696873
20210709,20210712,000820.SZ,sell,49800.0,3.2583699999999998,162266.826,48.6800478,81.133413,81.17399999999907,167027.21870489686
20210709,20210712,300339.SZ,sell,4000.0,41.53074723744256,166122.98894977025,49.83689668493107,83.06149447488512,83.10304599787924,333017.3092635073
20210709,20210712,600238.SH,sell,6500.0,21.909040000000005,142408.76000000004,42.72262800000001,71.20438000000001,71.23999999996158,475312.14225550735
20210709,20210712,600704.SH,sell,24400.0,6.09893418623134,148813.9941440447,44.6441982432134,74.40699707202235,74.44421918160515,624007.0852042368
20210709,20210712,601127.SH,sell,2500.0,69.12996974985734,172824.92437464333,51.847477312392996,86.41246218732167,86.45569003233686,796693.7496393804
20210709,20210712,600365.SH,buy,30900.0,5.142569999999999,158905.41299999997,47.671623899999986,0.0,79.41299999997136,637740.6650154804
20210709,20210712,600771.SH,buy,4500.0,34.867425,156903.41249999998,47.07102374999999,0.0,78.41249999997672,480790.1814917304
20210709,20210712,688356.SH,buy,700.0,214.40292802845724,150082.04961992006,45.024614885976014,0.0,75.0035230484209,330663.1072569244
20210709,20210712,688665.SH,buy,2000.0,76.60326923076923,153206.53846153847,45.96196153846154,0.0,76.5649867374159,177410.60683384744
20210709,20210712,688699.SH,buy,700.0,218.3339835695876,152833.7884987113,45.85013654961339,0.0,76.37870489689521,24530.968198586517
20210716,20210719,600365.SH,sell,30900.0,4.567715000000001,141142.3935,42.342718049999995,70.57119675,70.60649999999441,165560.4477837865
20210716,20210719,600771.SH,sell,4500.0,45.45726,204557.66999999998,61.36730099999999,102.278835,102.3300000000163,369954.4716477865
20210716,20210719,688356.SH,sell,700.0,199.8898696033525,139922.90872234676,41.97687261670403,69.96145436117338,69.99645258745295,509765.4420431554
20210716,20210719,688665.SH,sell,2000.0,74.43053799734747,148861.07599469495,44.658322798408484,74.43053799734749,74.46777188326814,658507.4291770546
20210716,20210719,688699.SH,sell,700.0,216.1740753865979,151321.85277061854,45.39655583118556,75.66092638530927,75.69877577319858,809708.2244654566
20210716,20210719,002592.SZ,buy,17300.0,9.351552821251278,161781.8638076471,48.53455914229413,0.0,80.85050665048766,647877.8260986672
20210716,20210719,300479.SZ,buy,7800.0,20.640314999999998,160994.457,48.2983371,0.0,80.45699999999488,486835.0707615672
20210716,20210719,300568.SZ,buy,6200.0,26.082105155123784,161709.05196176746,48.512715588530234,0.0,80.8141189214075,325077.5060842112
20210716,20210719,601567.SH,buy,11100.0,14.61705245520507,162249.28225277626,48.674784675832875,0.0,81.08409907683381,162779.54904675914
20210716,20210719,603518.SH,buy,8900.0,18.05660864052371,160703.816900661,48.2111450701983,0.0,80.31175257402356,2027.521001027926
20210723,20210726,300479.SZ,sell,7800.0,19.100445,148983.471,44.69504129999999,74.49173549999999,74.52900000000955,150891.80522422792
20210723,20210726,300568.SZ,sell,6200.0,24.962595913097985,154768.09466120752,46.43042839836225,77.38404733060376,77.42275870993035,305536.08540970646
20210723,20210726,601567.SH,sell,11100.0,14.061934380535497,156087.47162394403,46.826241487183204,78.04373581197201,78.08277720055776,461498.68705635134
20210723,20210726,002592.SZ,buy,2100.0,7.4792919852969035,15706.513169123498,5.0,0.0,7.84933191860182,445787.17388722784
20210723,20210726,002900.SZ,buy,6100.0,23.515678112712976,143445.63648754914,43.03369094626474,0.0,71.68697475639055,302298.50370873243
20210723,20210726,300035.SZ,buy,6700.0,21.41777100622407,143499.06574170126,43.049719722510375,0.0,71.71367603284307,158756.38824730867
20210723,20210726,600884.SH,buy,5200.0,27.62821785171102,143666.7328288973,43.10001984866919,0.0,71.79746768058976,15046.55539856269
20210723,20210726,603518.SH,buy,800.0,14.956444867802213,11965.15589424177,5.0,0.0,5.979588153042641,3076.3995043209197
20210730,20210802,002592.SZ,sell,19400.0,7.6374238356891135,148166.0224123688,44.44980672371064,74.0830112061844,74.12007124180673,151123.88909875983
20210730,20210802,002900.SZ,sell,6100.0,22.05196924041256,134517.01236651663,40.35510370995499,67.25850618325832,67.29215225935332,285533.28785538324
20210730,20210802,300035.SZ,sell,6700.0,21.58655384042937,144629.91073087679,43.38897321926303,72.3149553654384,72.35113093091059,430047.4946576753
20210730,20210802,600884.SH,sell,5200.0,26.13298987901832,135891.54737089528,40.76746421126858,67.94577368544763,67.97976356721483,565830.3287906739
20210730,20210802,603518.SH,sell,9700.0,13.614182258167029,132057.56790422017,39.617270371266045,66.02878395211009,66.06181485953857,697782.2506405707
20210730,20210802,000422.SZ,buy,15700.0,8.851053699629459,138961.54308418251,41.688462925254754,0.0,69.44604851782788,558779.0190934628
20210730,20210802,002759.SZ,buy,3800.0,36.80869635542168,139873.0461506024,41.96191384518072,0.0,69.90157228917815,418864.0110290153
20210730,20210802,300588.SZ,buy,9000.0,15.337665,138038.985,41.41169549999999,0.0,68.98499999998603,280783.6143335153
20210730,20210802,600418.SH,buy,7600.0,18.2357763253581,138591.90007272156,41.57757002181646,0.0,69.26131937667378,142150.1366907719
20210730,20210802,600771.SH,buy,3800.0,36.518249999999995,138769.34999999998,41.63080499999999,0.0,69.34999999997672,3339.1558857719356
20210806,20210809,000422.SZ,sell,15700.0,9.23202480025475,144942.7893639996,43.482836809199874,72.4713946819998,72.50764850623091,148165.9910182803
20210806,20210809,002759.SZ,sell,3800.0,40.208801204819274,152793.44457831324,45.83803337349397,76.39672228915663,76.43493975902675,300837.2008409309
20210806,20210809,300588.SZ,sell,9000.0,14.412790000000001,129715.11000000002,38.914533,64.857555,64.88999999998487,430448.53875293094
20210806,20210809,600418.SH,sell,7600.0,18.83509371871557,143146.71226223832,42.94401367867149,71.57335613111916,71.60916071149404,573480.7336453595
20210806,20210809,600771.SH,sell,3800.0,36.531725,138820.555,41.64616649999999,69.41027749999999,69.44500000000698,712190.2322013595
20210806,20210809,300077.SZ,buy,4400.0,31.905945,140386.158,42.11584739999999,0.0,70.15799999999581,571761.9583539595
20210806,20210809,300346.SZ,buy,3300.0,42.78578057280729,141193.07589026407,42.357922767079216,0.0,70.56125731646898,430526.5245409283
20210806,20210809,300671.SZ,buy,1100.0,125.4347514277929,137978.22657057218,41.39346797117165,0.0,68.95463596726768,292506.90450238495
20210806,20210809,688037.SH,buy,1300.0,103.55276512705804,134618.59466517545,40.38557839955263,0.0,67.27565950283315,157847.92425880994
20210806,20210809,688559.SH,buy,2100.0,65.53424031777558,137621.90466732872,41.28657140019861,0.0,68.77656405162998,20184.73302008101
20210813,20210816,300346.SZ,sell,3300.0,41.29933612960399,136287.80922769316,40.88634276830794,68.14390461384657,68.17799361064681,156363.51200039202
20210813,20210816,300671.SZ,sell,1100.0,115.67172648501362,127238.89913351498,38.17166974005449,63.61944956675749,63.65127520436363,283500.62001460016
20210813,20210816,688037.SH,sell,1300.0,99.63955713462158,129531.42427500806,38.859427282502416,64.76571213750402,64.79811119308579,412928.4191501882
20210813,20210816,688559.SH,sell,2100.0,60.54568023833169,127145.92850049655,38.14377855014896,63.572964250248276,63.604766633565305,539972.6309078843
20210813,20210816,002176.SZ,buy,6000.0,22.011,132066.0,39.6198,0.0,66.0,407867.01110788435
20210813,20210816,300077.SZ,buy,200.0,28.514249999999997,5702.849999999999,5.0,0.0,2.8499999999994543,402159.16110788437
20210813,20210816,300339.SZ,buy,3900.0,33.99916671035386,132596.75017038005,39.77902505111401,0.0,66.2652424639382,269522.6319124532
20210813,20210816,300712.SZ,buy,1700.0,76.69185880774961,130376.15997317433,39.11284799195229,0.0,65.1555022354587,139107.35909128693
20210813,20210816,300763.SZ,buy,800.0,163.16420682841147,130531.36546272917,39.159409638818744,0.0,65.23306619825598,8536.834218918942
20210820,20210823,002176.SZ,sell,6000.0,22.1889,133133.4,39.94002,66.5667,66.60000000000582,141563.72749891895
20210820,20210823,300077.SZ,sell,4600.0,27.995995000000004,128781.57700000002,38.6344731,64.39078850000001,64.42299999998068,270242.27923731896
20210820,20210823,300339.SZ,sell,3900.0,31.939050987699158,124562.29885202671,37.36868965560801,62.28114942601336,62.3123055788019,394704.928250264
20210820,20210823,300763.SZ,sell,800.0,166.26114664617413,133008.9173169393,39.90267519508179,66.50445865846966,66.53772752222721,527607.4384333498
20210820,20210823,002140.SZ,buy,10700.0,11.751684735148677,125743.02666609084,37.72290799982725,0.0,62.840093286387855,401826.6888592592
20210820,20210823,300505.SZ,buy,7200.0,17.591695774647885,126660.20957746478,37.99806287323943,0.0,63.298455560958246,275128.48121892114
20210820,20210823,300508.SZ,buy,2700.0,46.59098813229572,125795.66795719844,37.73870038715953,0.0,62.8664007782063,149295.07456133555
20210820,20210823,300648.SZ,buy,1900.0,64.91319584493041,123335.07210536778,37.00052163161033,0.0,61.63671769382199,25923.001934336164
20210820,20210823,300712.SZ,buy,300.0,63.22725356557376,18968.17606967213,5.690452820901638,0.0,9.479348360655422,6949.135411843134
20210827,20210830,002140.SZ,sell,10700.0,11.588821447234881,124000.38948541324,37.20011684562397,62.00019474270662,62.031210347864544,130850.32458566804
20210827,20210830,300505.SZ,sell,7200.0,22.84634673142302,164493.69646624575,49.34810893987372,82.24684823312288,82.28799222921953,295212.42609474075
20210827,20210830,300508.SZ,sell,2700.0,54.32768638132296,146684.753229572,44.0054259688716,73.342376614786,73.37906614784151,441779.8315217291
20210827,20210830,300648.SZ,sell,1900.0,65.83585288270378,125088.12047713717,37.52643614314115,62.54406023856858,62.57534791252692,566767.8815024846
20210827,20210830,300712.SZ,sell,2000.0,56.63120823397913,113262.41646795826,33.97872494038747,56.63120823397913,56.65953800297575,679939.6880372685
20210827,20210830,002518.SZ,buy,4300.0,31.139943420695733,133901.75670899166,40.17052701269749,0.0,66.91741964468383,545997.7608012641
20210827,20210830,300159.SZ,buy,24300.0,5.602799999999999,136148.03999999998,40.84441199999999,0.0,68.03999999997905,409808.8763892641
20210827,20210830,300339.SZ,buy,4700.0,28.484168172559173,133875.5904110281,40.16267712330843,0.0,66.90434303396614,275893.12330111273
20210827,20210830,300631.SZ,buy,2900.0,46.41528343666962,134604.3219663419,40.38129658990257,0.0,67.26852671982488,141248.42003818092
20210827,20210830,300693.SZ,buy,5200.0,25.838395819836926,134359.658263152,40.3078974789456,0.0,67.14625600355794,6848.453877549968
20210903,20210906,002518.SZ,sell,4300.0,27.603733779751813,118696.0552529328,35.608816575879835,59.3480276264664,59.37771648471244,125449.55228628042
20210903,20210906,300159.SZ,sell,24300.0,5.247375,127511.2125,38.25336375,63.75560625,63.78750000000582,252858.75581628043
20210903,20210906,300339.SZ,sell,4700.0,26.449526599188367,124312.77501618532,37.293832504855594,62.15638750809266,62.18748124870763,377072.0806124528
20210903,20210906,300631.SZ,sell,2900.0,39.945579663418954,115842.18102391496,34.75265430717449,57.92109051195748,57.95006554471911,492821.58789154864
20210903,20210906,300693.SZ,sell,5200.0,25.361076102982242,131877.59573550767,39.5632787206523,65.93879786775383,65.9717837596254,624593.6815504679
20210903,20210906,000009.SZ,buy,5600.0,21.919307035301436,122748.11939768805,36.82443581930641,0.0,61.34338800483965,501808.7377169605
20210903,20210906,002529.SZ,buy,7000.0,17.64882,123541.74,37.062522,0.0,61.74000000000524,378229.9351949605
20210903,20210906,300681.SZ,buy,5200.0,23.588326081718353,122659.29562493543,36.797788687480626,0.0,61.29899831330113,255533.84178133757
20210903,20210906,603396.SH,buy,800.0,145.59220058356516,116473.76046685212,34.94212814005564,0.0,58.207776345239836,139025.1391863454
20210903,20210906,605117.SH,buy,3700.0,33.83111465405237,125175.12421999377,37.552537265998126,0.0,62.55628396800603,13812.462429085615
20210910,20210913,000009.SZ,sell,5600.0,21.39412363386006,119807.09234961635,35.9421277048849,59.90354617480818,59.933512931267614,133523.70910482225
20210910,20210913,002529.SZ,sell,7000.0,18.89055,132233.85,39.670155,66.11692500000001,66.14999999999418,265651.77202482225
20210910,20210913,300681.SZ,sell,5200.0,21.88155314791229,113784.0763691439,34.13522291074317,56.89203818457195,56.920498433784815,379344.82113287086
20210910,20210913,605117.SH,sell,3700.0,37.27096304280199,137902.56325836736,41.3707689775102,68.95128162918368,68.98577451641904,517137.0623406315
20210910,20210913,300490.SZ,buy,4600.0,27.080409049951026,124569.88162977473,37.370964488932415,0.0,62.25381390794064,392529.80974636786
20210910,20210913,300772.SZ,buy,5800.0,21.489081173253254,124636.67080486887,37.39100124146066,0.0,62.28719180652115,267855.74794025754
20210910,20210913,300821.SZ,buy,4900.0,24.976309930651876,122383.91866019419,36.71517559805825,0.0,61.161378640754265,145435.1141044653
20210910,20210913,603396.SH,buy,100.0,133.7874275632761,13378.74275632761,5.0,0.0,6.686028363979858,132051.37134813768
20210910,20210913,688128.SH,buy,3700.0,33.16259237493276,122701.59178725121,36.81047753617536,0.0,61.32013582572108,9312.969083350297
20210917,20210922,300490.SZ,sell,4600.0,23.14297708129285,106457.69457394711,31.93730837218413,53.228847286973554,53.25547502448899,115685.49750163825
20210917,20210922,300772.SZ,sell,5800.0,31.675290685827658,183716.68597780043,55.115005793340124,91.85834298890022,91.90429513645358,299255.2101306564
20210917,20210922,300821.SZ,sell,4900.0,23.742630374479894,116338.88883495149,34.901666650485446,58.169444417475745,58.198543689301005,415501.0278545399
20210917,20210922,603396.SH,sell,900.0,130.90201302843184,117811.81172558866,35.34354351767659,58.905905862794334,58.93537354955333,533218.5901307481
20210917,20210922,688128.SH,sell,3700.0,30.546849112426035,113023.34171597633,33.9070025147929,56.51167085798817,56.53994082839927,646151.5131733516
20210917,20210922,000762.SZ,buy,2000.0,63.30629183850661,126612.58367701322,37.98377510310396,0.0,63.2746545112459,519500.94572123536
20210917,20210922,000829.SZ,buy,8000.0,16.02835672455693,128226.85379645543,38.468056138936625,0.0,64.08138620511454,391235.623868641
20210917,20210922,600111.SH,buy,2600.0,48.55935026377056,126254.31068580346,37.876293205741035,0.0,63.09560753912956,264943.4368896318
20210917,20210922,601969.SH,buy,6900.0,18.601614793741106,128351.14207681363,38.505342623044086,0.0,64.14349928873708,136553.78947019513
20210917,20210922,920510.BJ,buy,9100.0,14.11756000186254,128469.79601694911,38.54093880508473,0.0,64.20279661015957,8045.452514440927
20210924,20210927,000829.SZ,sell,8000.0,18.480329037994192,147842.63230395355,44.35278969118606,73.92131615197678,73.95829529958428,155769.81071255132
20210924,20210927,600111.SH,sell,2600.0,46.706895420546864,121437.92809342184,36.43137842802655,60.71896404671092,60.74933871606481,277110.5884634984
20210924,20210927,601969.SH,sell,6900.0,17.9619960170697,123937.77251778093,37.18133175533428,61.96888625889047,61.9998862020002,400949.2107632651
20210924,20210927,920510.BJ,sell,9100.0,13.933357643881541,126793.55455932202,38.0380663677966,63.39677727966101,63.42849152542476,527641.3304789397
20210924,20210927,000683.SZ,buy,13900.0,9.26140864973773,128733.58023135444,38.62007406940633,0.0,64.3346228042792,398869.1301735159
20210924,20210927,000762.SZ,buy,100.0,59.89854004775341,5989.85400477534,5.0,0.0,2.9934302872434273,392874.2761687405
20210924,20210927,300827.SZ,buy,4300.0,29.599027368677934,127275.81768531511,38.18274530559453,0.0,63.606105789745925,265560.27573811985
20210924,20210927,600596.SH,buy,5700.0,22.4475080516619,127950.79589447282,38.38523876834184,0.0,63.94342623410921,137571.0946048787
20210924,20210927,603505.SH,buy,8100.0,15.980645022999077,129443.22468629252,38.83296740588776,0.0,64.68926770928374,8089.036951180271
20210930,20211008,000683.SZ,sell,13900.0,8.578791100149374,119245.1962920763,35.77355888762289,59.62259814603815,59.652424358195276,127238.8370862229
20210930,20211008,000762.SZ,sell,2100.0,55.89935708342377,117388.64987518992,35.216594962556975,58.69432493759496,58.72368678098428,244533.57604151266
20210930,20211008,300827.SZ,sell,4300.0,30.149721453846627,129643.8022515405,38.89314067546215,64.82190112577025,64.85432828990452,374073.6632512519
20210930,20211008,600596.SH,sell,5700.0,20.44450986826684,116533.706249121,34.96011187473629,58.2668531245605,58.296001125112525,490514.1425353736
20210930,20211008,603505.SH,sell,8100.0,13.977074204231831,113214.30105427784,33.964290316283346,56.60715052713892,56.63546826125821,603637.8721488081
20210930,20211008,000155.SZ,buy,4200.0,28.66094338549075,120375.96221906116,36.11278866571834,0.0,60.15790215844754,483225.7971410812
20210930,20211008,000422.SZ,buy,6400.0,18.596730031264475,119019.07220009263,35.705721660027784,0.0,59.47979620193655,364171.01921932853
20210930,20211008,000731.SZ,buy,12000.0,10.02123836218763,120254.86034625156,36.07645810387547,0.0,60.097381482395576,243880.0824149731
20210930,20211008,300343.SZ,buy,5700.0,21.020505,119816.8785,35.94506355,0.0,59.87849999999162,124027.25885142309
20210930,20211008,600078.SH,buy,20500.0,5.8817096471844454,120575.04776728112,36.172514330184335,0.0,60.25739518602495,3416.0385698117752
20211008,20211011,000422.SZ,sell,6400.0,18.169309364868,116283.5799351552,34.88507398054656,58.1417899675776,58.170875405267,119606.59164101885
20211008,20211011,000731.SZ,sell,12000.0,9.975658287777367,119707.89945332841,35.91236983599852,59.853949726664204,59.88389167249261,239218.72477478458
20211008,20211011,300343.SZ,sell,5700.0,19.410290000000003,110638.65300000002,33.1915959,55.31932650000001,55.346999999994296,349768.8668523846
20211008,20211011,600078.SH,sell,20500.0,6.1124415162615495,125305.05108336176,37.59151532500852,62.65252554168088,62.68386747541081,474973.67389487964
20211008,20211011,000155.SZ,buy,200.0,26.206231578947367,5241.246315789474,5.0,0.0,2.619313501144461,469727.4275790902
20211008,20211011,000831.SZ,buy,3000.0,38.337419999999995,115012.25999999998,34.503677999999994,0.0,57.47739130433183,354680.6639010902
20211008,20211011,002176.SZ,buy,5000.0,23.011499999999998,115057.49999999999,34.51724999999999,0.0,57.49999999998545,239588.64665109024
20211008,20211011,600141.SH,buy,3300.0,35.355165180957314,116672.04509715913,35.00161352914774,0.0,58.306869114006986,122881.59994040195
20211008,20211011,603260.SH,buy,700.0,159.41105876389798,111587.74113472858,33.47632234041857,0.0,55.76598757356987,11260.382483332956
20211015,20211018,000155.SZ,sell,4400.0,24.076718065433855,105937.55948790896,31.781267846372685,52.968779743954485,52.99527738263714,117113.1919236516
20211015,20211018,000831.SZ,sell,3000.0,34.180704824844724,102542.11447453417,30.76263434236025,51.27105723726709,51.296705590051715,219573.27270660613
20211015,20211018,600141.SH,sell,3300.0,34.56741124140615,114072.45709664028,34.22173712899208,57.03622854832014,57.06476092878438,333554.47183756914
20211015,20211018,603260.SH,sell,700.0,160.87703595814259,112613.9251706998,33.784177551209936,56.3069625853499,56.335130150429904,446078.3058681324
20211015,20211018,000731.SZ,buy,13500.0,8.01877066104001,108253.40392404013,32.47602117721204,0.0,54.099652135933866,337792.42592291505
20211015,20211018,002176.SZ,buy,600.0,19.28964,11573.784,5.0,0.0,5.783999999999651,326213.64192291506
20211015,20211018,300437.SZ,buy,6700.0,16.120750753751707,108009.03005013644,32.40270901504093,0.0,53.97752626192232,218172.2091637636
20211015,20211018,600256.SH,buy,22800.0,4.750838874837611,108319.12634629753,32.49573790388926,0.0,54.13249692467798,109820.58707956217
20211015,20211018,603393.SH,buy,4000.0,26.538110652265985,106152.44260906395,31.845732782719182,0.0,53.049696456306265,3636.2987377155077
20211022,20211025,000731.SZ,sell,13500.0,10.135695586511762,136831.89041790878,41.04956712537263,68.4159452089544,68.45017029409064,140358.72364329
20211022,20211025,002176.SZ,sell,5600.0,23.768110000000004,133101.41600000003,39.930424800000004,66.55070800000001,66.58399999997346,273353.65851049003
20211022,20211025,300437.SZ,sell,6700.0,28.8570444781719,193342.19800375172,58.00265940112551,96.67109900187586,96.7194587312406,466541.18275583873
20211022,20211025,600256.SH,sell,22800.0,5.291296672338273,120641.56412931262,36.192469238793784,60.32078206465631,60.350957543429104,587086.2336338479
20211022,20211025,603393.SH,sell,4000.0,27.245953012494702,108983.8120499788,32.69514361499364,54.491906024989405,54.519165607795,695982.8586341867
20211022,20211025,000809.SZ,buy,48800.0,2.851425,139149.54,41.744862,0.0,69.54000000000815,556791.5737721866
20211022,20211025,002356.SZ,buy,32200.0,4.312155,138851.391,41.655417299999996,0.0,69.39100000000326,417898.52735488664
20211022,20211025,002453.SZ,buy,10000.0,13.96698,139669.8,41.90093999999999,0.0,69.79999999998836,278186.82641488663
20211022,20211025,603665.SH,buy,6500.0,21.27063,138259.095,41.4777285,0.0,69.09500000000116,139886.25368638663
20211022,20211025,688621.SH,buy,1400.0,94.70210016155087,132582.94022617122,39.774882067851365,0.0,66.25834094261518,7263.538578147563
20211029,20211101,000809.SZ,sell,48800.0,2.93853,143400.264,43.0200792,71.700132,71.73600000000442,150549.08236694755
20211029,20211101,002356.SZ,sell,32200.0,4.007995,129057.43900000001,38.7172317,64.52871950000001,64.56099999998696,279503.27541574754
20211029,20211101,002453.SZ,sell,10000.0,16.521735000000003,165217.35000000003,49.565205000000006,82.60867500000002,82.64999999996508,444588.4515357476
20211029,20211101,603665.SH,sell,6500.0,24.757615,160924.4975,48.27734924999999,80.46224875,80.50250000000233,605384.2094377476
20211029,20211101,688621.SH,sell,1400.0,101.94380487462247,142721.32682447147,42.81639804734144,71.36066341223574,71.39636159301153,747991.3592007596
20211029,20211101,300472.SZ,buy,6500.0,22.8114,148274.1,44.48223,0.0,74.10000000000582,599672.7769707595
20211029,20211101,600683.SH,buy,26100.0,5.746569327731092,149985.4594537815,44.99563783613445,0.0,74.95525210082997,449642.32187914185
20211029,20211101,603033.SH,buy,9100.0,16.27416026512576,148094.85841264442,44.42845752379332,0.0,74.01042399430298,301503.0350089737
20211029,20211101,603045.SH,buy,8500.0,17.49347091794447,148694.502802528,44.6083508407584,0.0,74.31009635308874,152763.92385560492
20211029,20211101,920768.BJ,buy,10900.0,13.659541614787855,148889.00360118764,44.66670108035629,0.0,74.40729815152008,3830.253553336923
20211105,20211108,300472.SZ,sell,6500.0,21.449270000000002,139420.255,41.8260765,69.7101275,69.74499999999534,143138.97234933692
20211105,20211108,600683.SH,sell,26100.0,6.694386497649908,174723.4875886626,52.417046276598775,87.3617437943313,87.40544651757227,317722.6811479286
20211105,20211108,603033.SH,sell,9100.0,15.004117455590693,136537.4688458753,40.96124065376259,68.26873442293765,68.30288586587994,454150.9200187272
20211105,20211108,603045.SH,sell,8500.0,16.85360793617903,143255.66745752178,42.97670023725653,71.62783372876089,71.66366556152934,597291.9829422829
20211105,20211108,920768.BJ,sell,10900.0,16.033919456948567,174769.7220807394,52.430916624221815,87.3848610403697,87.42857532799826,771921.8892453577
20211105,20211108,000422.SZ,buy,6600.0,23.21260212193145,153203.17400474756,45.96095220142426,0.0,76.56330534967128,618672.7542884087
20211105,20211108,002326.SZ,buy,2500.0,60.985928183468786,152464.82045867195,45.73944613760158,0.0,76.1943130727741,466162.1943835991
20211105,20211108,002922.SZ,buy,6500.0,23.398062310317666,152087.40501706483,45.626221505119446,0.0,76.00569965867908,314029.16314502916
20211105,20211108,300343.SZ,buy,7300.0,21.120555,154180.0515,46.25401545,0.0,77.0515000000014,159802.85762957917
20211105,20211108,600821.SH,buy,16100.0,9.586395337001944,154340.9649257313,46.302289477719384,0.0,77.13191650461522,5415.590414370148
20211112,20211115,000422.SZ,sell,6600.0,26.80234594430292,176895.48323239927,53.06864496971978,88.44774161619964,88.49198761000298,182169.5572601835
20211112,20211115,002326.SZ,sell,2500.0,72.1831710098565,180457.92752464124,54.13737825739237,90.22896376232062,90.274100812705,362483.118442805
20211112,20211115,002922.SZ,sell,6500.0,23.440177435022314,152361.15332764504,45.70834599829351,76.18057666382252,76.21868600681773,514722.3828477879
20211112,20211115,300343.SZ,sell,7300.0,21.989,160519.7,48.15591,80.25985000000001,80.29999999998836,675113.667087788
20211112,20211115,600821.SH,sell,16100.0,8.940204727129794,143937.2961067897,43.1811888320369,71.96864805339484,72.00465037854156,818935.8133576922
20211112,20211115,002487.SZ,buy,4100.0,39.26118918546527,160970.87566040762,48.29126269812228,0.0,80.44521522260038,657916.6464345865
20211112,20211115,300437.SZ,buy,4400.0,36.821825995907226,162016.0343819918,48.604810314597536,0.0,80.96753342429292,495852.00724228006
20211112,20211115,300688.SZ,buy,5000.0,32.51319030956847,162565.95154784236,48.7697854643527,0.0,81.24235459661577,333237.2859089733
20211112,20211115,300772.SZ,buy,5300.0,30.39852589414982,161112.18723899405,48.33365617169821,0.0,80.51583570163348,172076.76501380757
20211112,20211115,603985.SH,buy,4300.0,37.49243240620957,161217.45934670116,48.36523780401034,0.0,80.56844545062631,10810.940429302398
20211119,20211122,002487.SZ,sell,4100.0,46.36217645155088,190084.9234513586,57.025477035407576,95.0424617256793,95.09000672906404,200743.7959418999
20211119,20211122,300437.SZ,sell,4400.0,38.4760593042292,169294.6609386085,50.788398281582545,84.64733046930425,84.68967530693044,369903.0211517575
20211119,20211122,300772.SZ,sell,5300.0,29.91253906375677,158536.45703791088,47.560937111373256,79.26822851895544,79.30788246018346,528312.6490240381
20211119,20211122,603985.SH,sell,4300.0,40.39784832363088,173710.74779161278,52.11322433748383,86.8553738958064,86.89882330744877,701884.4282174176
20211119,20211122,300688.SZ,buy,1100.0,27.48249610694183,30230.745717636015,9.069223715290804,0.0,15.10781894934189,671644.6132760663
20211119,20211122,300969.SZ,buy,1800.0,89.09415444444443,160369.47799999997,48.110843399999986,0.0,80.14466666665976,511227.02443266625
20211119,20211122,600683.SH,buy,28300.0,5.9121484439538525,167313.80096389403,50.1941402891682,0.0,83.61509293547715,343863.02932848304
20211119,20211122,920090.BJ,buy,31400.0,5.348065915352012,167929.26974205318,50.378780922615945,0.0,83.92267353422358,175883.38080550724
20211119,20211122,920768.BJ,buy,12500.0,13.327809889857292,166597.62362321615,49.97928708696484,0.0,83.25718322000466,9235.77789520414
20211126,20211129,300688.SZ,sell,6100.0,24.98872827861163,152431.24249953096,45.72937274985928,76.21562124976548,76.25374812379596,161545.07540073546
20211126,20211129,300969.SZ,sell,1800.0,88.80836186582809,159855.05135849057,47.956515407547165,79.92752567924529,79.96750943394727,321272.24271813926
20211126,20211129,600683.SH,sell,28300.0,5.458649455205812,154479.77958232447,46.343933874697335,77.23988979116224,77.27852905567852,475628.4384767979
20211126,20211129,920090.BJ,sell,31400.0,5.21315383329409,163693.03036543442,49.10790910963032,81.84651518271721,81.88745891218423,639190.5144179399
20211126,20211129,920768.BJ,sell,12500.0,12.622447232065893,157780.59040082365,47.33417712024709,78.89029520041183,78.92976008044207,796844.8803464429
20211126,20211129,300443.SZ,buy,2600.0,59.82156076362373,155536.0579854217,46.66081739562651,0.0,77.72916441049892,641262.1615436256
20211126,20211129,300809.SZ,buy,4900.0,32.0720441312718,157153.01624323183,47.145904872969545,0.0,78.53723950186395,484061.99939552083
20211126,20211129,600995.SH,buy,10200.0,15.564031578605386,158753.12210177493,47.62593663053248,0.0,79.33689260456595,325261.25135711534
20211126,20211129,603032.SH,buy,3500.0,45.583761840324755,159543.16644113665,47.86294993234099,0.0,79.73171736186487,165670.22196604635
20211126,20211129,605286.SH,buy,4100.0,38.61116209979809,158305.76460917218,47.49172938275165,0.0,79.11332564175245,7316.965627491416
20211203,20211206,300443.SZ,sell,2600.0,61.7706496124031,160603.68899224806,48.181106697674416,80.30184449612403,80.3420155038475,167792.17166854566
20211203,20211206,300809.SZ,sell,4900.0,30.557165945734567,149730.11313409937,44.91903394022981,74.86505656704969,74.90250782095245,317402.5007121378
20211203,20211206,600995.SH,sell,10200.0,16.58827961252315,169200.45204773612,50.76013561432083,84.60022602386806,84.64254729752429,486467.5923982357
20211203,20211206,603032.SH,sell,3500.0,53.471809289874685,187151.3325145614,56.14539975436841,93.5756662572807,93.62247749604285,673469.2038467855
20211203,20211206,605286.SH,sell,4100.0,38.20521242188252,156641.37092971834,46.9924112789155,78.32068546485917,78.35986539753503,829985.2616797601
20211203,20211206,300052.SZ,buy,5500.0,29.924954999999997,164587.25249999997,49.37617574999999,0.0,82.25249999997322,665348.6330040101
20211203,20211206,300437.SZ,buy,5100.0,32.41077436903137,165294.94928206,49.588484784618,0.0,82.60617155523505,500004.09523716546
20211203,20211206,300619.SZ,buy,2800.0,57.812208567619265,161874.18398933395,48.56225519680018,0.0,80.89664367280784,338081.3489926347
20211203,20211206,301012.SZ,buy,5500.0,29.85904252635827,164224.73389497047,49.267420168491135,0.0,82.07133128182613,173807.3476774957
20211203,20211206,920523.BJ,buy,7200.0,22.973954011779252,165412.4688848106,49.62374066544318,0.0,82.6649019914039,8345.255052019667
20211210,20211213,300052.SZ,sell,5500.0,35.88205,197351.275,59.20538249999999,98.6756375,98.72500000000582,205538.64903201966
20211210,20211213,300437.SZ,sell,5100.0,31.83127967257845,162339.52633015008,48.701857899045024,81.16976316507504,81.21036834924598,367748.3037411056
20211210,20211213,300619.SZ,sell,2800.0,51.603725546345146,144490.4315297664,43.34712945892992,72.24521576488321,72.28135644309805,512123.1429256482
20211210,20211213,301012.SZ,sell,5500.0,28.840942339706405,158625.18286838522,47.58755486051556,79.31259143419261,79.35226756797056,670621.4256477387
20211210,20211213,920523.BJ,sell,7200.0,22.319312872792747,160699.05268410777,48.20971580523233,80.34952634205389,80.38972120266408,831191.9190896992
20211210,20211213,002011.SZ,buy,11900.0,13.856924999999999,164897.40749999997,49.46922224999999,0.0,82.40749999997206,666245.0423674493
20211210,20211213,002487.SZ,buy,3900.0,41.857541399641114,163244.41145860034,48.9733234375801,0.0,81.58141502176295,502951.65758541133
20211210,20211213,300745.SZ,buy,2200.0,74.03699999999999,162881.4,48.864419999999996,0.0,81.39999999999418,340021.3931654113
20211210,20211213,603917.SH,buy,7500.0,22.281211143550713,167109.08357663036,50.1327250729891,0.0,83.51278539560735,172862.17686370795
20211210,20211213,605286.SH,buy,5200.0,31.798566080184596,165352.5436169599,49.60576308508797,0.0,82.6349543313263,7460.02748366294
20211217,20211220,002011.SZ,sell,11900.0,13.883055,165208.35450000002,49.56250635,82.60417725,82.64549999998417,172536.21530006296
20211217,20211220,002487.SZ,sell,3900.0,38.018759885285824,148273.16355261471,44.48194906578441,74.13658177630735,74.17366861060145,320690.7603218356
20211217,20211220,300745.SZ,sell,2200.0,71.48424,157265.328,47.179598399999996,78.632664,78.67199999999139,477830.27605943556
20211217,20211220,603917.SH,sell,7500.0,20.395223084240914,152964.17313180686,45.889251939542056,76.48208656590343,76.52034673924209,630672.0778527369
20211217,20211220,605286.SH,sell,5200.0,29.968663590039423,155837.050668205,46.75111520046149,77.9185253341025,77.95750408613821,786384.4588804074
20211217,20211220,002885.SZ,buy,7800.0,20.211130574023787,157646.81847738553,47.29404554321565,0.0,78.78401723006391,628690.3463574786
20211217,20211220,300437.SZ,buy,5600.0,27.98976551500682,156742.68688403818,47.02280606521145,0.0,78.33217735332437,471900.6366673752
20211217,20211220,300619.SZ,buy,3300.0,47.54100399976813,156885.31319923484,47.065593959770446,0.0,78.40345487219747,314968.2578741806
20211217,20211220,300953.SZ,buy,1500.0,101.75320731115235,152629.81096672852,45.78894329001855,0.0,76.27676709980005,162292.6579641621
20211217,20211220,300969.SZ,buy,1900.0,79.17682928721172,150435.97564570227,45.13079269371068,0.0,75.1803976240335,11811.551525766117
20211224,20211227,002885.SZ,sell,7800.0,19.069999513063024,148745.9962018916,44.623798860567476,74.37299810094581,74.41020320251118,160438.55093069622
20211224,20211227,300437.SZ,sell,5600.0,27.205796845156897,152352.4623328786,45.70573869986358,76.17623116643931,76.21433833561605,312669.1312937086
20211224,20211227,300619.SZ,sell,3300.0,49.041422618978615,161836.69464262942,48.55100839278882,80.91834732131471,80.95882673468441,474376.3565806239
20211224,20211227,300953.SZ,sell,1500.0,92.79203572040555,139188.05358060834,41.756416074182496,69.59402679030417,69.62884121088427,613453.0597183678
20211224,20211227,300969.SZ,sell,1900.0,81.70453610062893,155238.61859119497,46.57158557735849,77.61930929559749,77.65813836478628,768567.4874146897
20211224,20211227,002232.SZ,buy,6300.0,24.087191620058775,151749.3072063703,45.52479216191108,0.0,75.83673523555626,616772.6554161576
20211224,20211227,002725.SZ,buy,13900.0,11.0151015427303,153109.91144395116,45.932973433185346,0.0,76.5166973732994,463616.8109987732
20211224,20211227,600318.SH,buy,11700.0,13.119761308235294,153501.20730635294,46.050362191905876,0.0,76.71224752941635,310069.5533302283
20211224,20211227,600847.SH,buy,10000.0,15.377684999999998,153776.84999999998,46.13305499999999,0.0,76.84999999997672,156246.57027522833
20211224,20211227,920047.BJ,buy,6500.0,23.361675,151850.8875,45.55526625,0.0,75.88750000001164,4350.127508978301
20211231,20220104,002725.SZ,sell,13900.0,10.45538382537921,145329.835172771,43.5989505518313,72.66491758638551,72.70126822049497,149563.69881361112
20211231,20220104,600318.SH,sell,11700.0,12.398450222745097,145061.86760611765,43.51856028183529,72.53093380305883,72.56721741176443,294509.5169256439
20211231,20220104,600847.SH,sell,10000.0,17.941025,179410.25,53.823074999999996,89.705125,89.75,473776.2387256439
20211231,20220104,920047.BJ,sell,6500.0,26.196895,170279.8175,51.08394525,85.13990875,85.18249999999534,643919.832371644
20211231,20220104,000665.SZ,buy,24400.0,6.373184999999999,155505.71399999998,46.65171419999999,0.0,77.71399999997811,488367.466657444
20211231,20220104,002232.SZ,buy,900.0,21.58720303346289,19428.482730116604,5.828544819034981,0.0,9.709386671725952,468933.15538250835
20211231,20220104,002682.SZ,buy,27100.0,5.7528749999999995,155902.91249999998,46.770873749999986,0.0,77.91249999997672,312983.47200875834
20211231,20220104,300612.SZ,buy,5500.0,27.93396,153636.78,46.09103399999999,0.0,76.77999999999884,159300.60097475833
20211231,20220104,688597.SH,buy,13500.0,11.514940761439046,155451.7002794271,46.63551008382813,0.0,77.68700663637719,3802.265185247379
20220107,20220110,002232.SZ,sell,7200.0,20.217774954972036,145567.97967579865,43.67039390273959,72.78398983789933,72.82040003791917,149253.7904773054
20220107,20220110,002682.SZ,sell,27100.0,5.647175000000001,153038.44250000003,45.911532750000006,76.51922125000002,76.55749999996624,302169.80222330545
20220107,20220110,300612.SZ,sell,5500.0,24.377805000000002,134077.92750000002,40.22337825,67.03896375000001,67.07249999998021,436140.46738130547
20220107,20220110,688597.SH,sell,13500.0,9.596337098947158,129550.55083578663,38.865165250735984,64.77527541789331,64.8076792575157,565587.3777764235
20220107,20220110,002265.SZ,buy,6600.0,21.980984999999997,145074.501,43.52235029999999,0.0,72.50099999998929,420469.3544261235
20220107,20220110,300412.SZ,buy,13900.0,10.567537103723852,146888.76574176154,44.06662972252846,0.0,73.4076790313411,273536.5220546394
20220107,20220110,600071.SH,buy,3300.0,43.451715,143390.6595,43.01719785,0.0,71.65950000000885,130102.84535678942
20220107,20220110,688533.SH,buy,2800.0,44.923957126303584,125787.07995365004,37.73612398609501,0.0,62.862108922359766,4278.029279153285
20220107,20220110,920946.BJ,buy,200.0,14.466259839106241,2893.2519678212484,5.0,0.0,1.4459030323941988,1379.7773113320363
20220114,20220117,000665.SZ,sell,24400.0,9.5952,234122.88,70.236864,117.06144,117.11999999999534,235315.35900733204
20220114,20220117,002265.SZ,sell,6600.0,21.3893,141169.38,42.350814,70.58469000000001,70.61999999999534,376371.8035033321
20220114,20220117,300412.SZ,sell,13900.0,13.436149806224876,186762.48230652578,56.028744691957726,93.38124115326289,93.42795513078454,562984.8758240127
20220114,20220117,600071.SH,sell,3300.0,42.478750000000005,140179.87500000003,42.053962500000004,70.08993750000002,70.1249999999709,703052.6069240128
20220114,20220117,688533.SH,sell,2800.0,60.91004731556585,170548.13248358437,51.164439745075306,85.27406624179218,85.31672460408299,873464.3009016103
20220114,20220117,920946.BJ,sell,200.0,27.734842373722127,5546.968474744425,5.0,2.773484237372213,2.7748716732085086,879003.4958921174
20220114,20220117,000503.SZ,buy,12100.0,14.507249999999999,175537.72499999998,52.66131749999999,0.0,87.72499999997672,703413.1095746174
20220114,20220117,000812.SZ,buy,21600.0,8.098266608237214,174922.55873792383,52.47676762137714,0.0,87.41757058366784,528438.0740690721
20220114,20220117,000819.SZ,buy,11800.0,14.835243687091648,175055.87550768146,52.51676265230443,0.0,87.48419565602671,353329.68179873837
20220114,20220117,002374.SZ,buy,21400.0,8.204099999999999,175567.73999999996,52.670321999999985,0.0,87.73999999999069,177709.27147673842
20220114,20220117,600860.SH,buy,8900.0,19.619805,174616.2645,52.38487934999999,0.0,87.26449999999022,3040.6220973884338
20220121,20220124,000503.SZ,sell,12100.0,12.343825,149360.2825,44.80808475,74.68014125,74.71749999999884,152281.41637138845
20220121,20220124,000812.SZ,sell,21600.0,7.211020566275056,155758.0442315412,46.72741326946235,77.8790221157706,77.91798110632226,307914.8541675444
20220121,20220124,000819.SZ,sell,11800.0,12.84436040967685,151563.45283418684,45.46903585025605,75.78172641709342,75.81963623518823,459357.05623946385
20220121,20220124,002374.SZ,sell,21400.0,7.126435,152505.709,45.7517127,76.2528545,76.29099999999744,611740.7606722638
20220121,20220124,600860.SH,sell,8900.0,16.601695,147755.0855,44.326525649999994,73.87754274999999,73.9145000000135,759377.6421038638
20220121,20220124,300165.SZ,buy,19300.0,7.84392,151387.656,45.41629679999999,0.0,75.65599999998813,607944.5698070638
20220121,20220124,300412.SZ,buy,16000.0,9.450595887393783,151209.53419830053,45.362860259490155,0.0,75.56698360733571,456689.67274850374
20220121,20220124,603333.SH,buy,17100.0,8.854590677966101,151413.50059322032,45.424050177966095,0.0,75.66891583867255,305230.7481051055
20220121,20220124,688298.SH,buy,1200.0,125.94601597087375,151135.2191650485,45.340565749514546,0.0,75.52984466019552,154050.18837430747
20220121,20220124,688767.SH,buy,3300.0,45.8970128786072,151460.14249940377,45.43804274982113,0.0,75.6922251371434,2544.6078321538807
20220128,20220207,300165.SZ,sell,19300.0,6.566715,126737.59950000001,38.02127985,63.36879975000001,63.400499999988824,129180.8172525539
20220128,20220207,300412.SZ,sell,16000.0,8.903472763161064,142455.56421057702,42.736669263173106,71.22778210528851,71.26341381217935,271522.41701176245
20220128,20220207,603333.SH,sell,17100.0,9.00494394116501,153984.54139392168,46.1953624181765,76.99227069696084,77.03078609000659,425383.770772569
20220128,20220207,688298.SH,sell,1200.0,122.43389805825241,146920.67766990289,44.07620330097086,73.46033883495144,73.49708737863693,572186.9119003359
20220128,20220207,688767.SH,sell,3300.0,42.31129263057477,139627.26568089673,41.888179704269014,69.81363284044836,69.84855711902492,711702.4757686879
20220128,20220207,000665.SZ,buy,19200.0,7.413704999999999,142343.136,42.70294079999999,0.0,71.1359999999986,569316.636827888
20220128,20220207,002316.SZ,buy,25500.0,5.572785,142106.0175,42.63180524999999,0.0,71.0174999999872,427167.98752263794
20220128,20220207,002349.SZ,buy,11600.0,12.266400088028167,142290.24102112674,42.68707230633802,0.0,71.10956572770374,284835.05942920485
20220128,20220207,300199.SZ,buy,12100.0,11.775884999999999,142488.20849999998,42.74646254999999,0.0,71.20849999997881,142304.10446665486
20220128,20220207,600847.SH,buy,10000.0,14.117054999999999,141170.55,42.351164999999995,0.0,70.54999999998836,1091.2033016548667
20220211,20220214,000665.SZ,sell,19200.0,8.875560000000002,170410.75200000004,51.123225600000005,85.20537600000002,85.24799999999232,171365.6267000549
20220211,20220214,002316.SZ,sell,25500.0,6.9965,178410.75,53.523225,89.205375,89.25,349633.64810005494
20220211,20220214,300199.SZ,sell,12100.0,12.343825,149360.2825,44.80808475,74.68014125,74.71749999999884,498874.4423740549
20220211,20220214,600847.SH,sell,10000.0,16.501745000000003,165017.45000000004,49.505235000000006,82.50872500000003,82.54999999998836,663759.878414055
20220211,20220214,002349.SZ,buy,1700.0,12.015276936619717,20425.97079225352,6.127791237676055,0.0,10.207881455397,643327.7798305638
20220211,20220214,300261.SZ,buy,9900.0,16.184327548974654,160224.84273484908,48.06745282045472,0.0,80.07238517483347,483054.86964289425
20220211,20220214,300902.SZ,buy,5800.0,27.32183149688149,158466.62268191265,47.539986804573786,0.0,79.1937144836993,324540.70697417704
20220211,20220214,301089.SZ,buy,1700.0,91.15117966436328,154957.0054294176,46.48710162882527,0.0,77.43978282329044,169537.21444313062
20220218,20220221,002349.SZ,sell,13300.0,13.643585592723007,181459.68838321598,54.43790651496479,90.729844191608,90.77523180752178,350851.73507564
20220218,20220221,300261.SZ,sell,9900.0,26.614809172149773,263486.61080428277,79.04598324128483,131.74330540214137,131.80921000713715,614127.5565912793
20220218,20220221,300902.SZ,sell,5800.0,31.679890176715173,183743.363024948,55.12300890748439,91.871681512474,91.91764033262734,797723.9249258074
20220218,20220221,301089.SZ,sell,1700.0,101.73587857847978,172950.99358341563,51.885298075024686,86.47549679170783,86.51875616976758,970536.5577143563
20220218,20220221,000665.SZ,buy,23800.0,8.134065,193590.747,58.077224099999995,0.0,96.74699999997392,776887.7334902564
20220218,20220221,002037.SZ,buy,12200.0,15.819473895140053,192997.58152070866,57.899274456212595,0.0,96.45056547760032,583832.2526950915
20220218,20220221,002530.SZ,buy,15200.0,12.72636,193440.672,58.03220159999999,0.0,96.67199999999139,390333.54849349154
20220218,20220221,603123.SH,buy,8200.0,23.471012918088732,192462.3059283276,57.73869177849828,0.0,96.18306143343216,197813.50387338543
20220225,20220228,000665.SZ,sell,23800.0,7.2363800000000005,172225.844,51.6677532,86.11292200000001,86.15599999998813,369901.5671981855
20220225,20220228,002037.SZ,buy,700.0,13.199498054824037,9239.648638376826,5.0,0.0,4.617515561407345,360656.91855980863
20220225,20220228,002530.SZ,buy,1000.0,10.455224999999999,10455.224999999999,5.0,0.0,5.224999999998545,350196.69355980866
20220225,20220228,300546.SZ,buy,7200.0,23.551441436447533,169570.37834242225,50.87111350272667,0.0,84.74281776233693,180575.44410388367
20220225,20220228,600880.SH,buy,27700.0,6.140632790414584,170095.52829448396,51.02865848834518,0.0,85.00526151646045,10428.887150911352
20220225,20220228,603123.SH,buy,400.0,19.71843790955631,7887.375163822524,5.0,0.0,3.94171672354787,2536.5119870888284
20220304,20220307,002037.SZ,sell,12900.0,11.753227461096483,151616.63424814463,45.48499027444338,75.80831712407232,75.84624024416553,154031.85292783496
20220304,20220307,002530.SZ,sell,16200.0,8.875560000000002,143784.07200000004,43.13522160000001,71.89203600000002,71.92799999995623,297700.897670235
20220304,20220307,300546.SZ,sell,7200.0,21.841863201893688,157261.41505363456,47.17842451609036,78.63070752681728,78.67004254809581,454836.50359182665
20220304,20220307,600880.SH,sell,27700.0,6.371959557750929,176503.27974970074,52.95098392491022,88.25163987485037,88.2957877687295,631198.5807177277
20220304,20220307,603123.SH,sell,8600.0,18.236986160409558,156838.0809795222,47.051424293856655,78.4190404897611,78.4582696245634,787911.1912324663
20220304,20220307,002432.SZ,buy,3100.0,51.043649727443324,158235.3141550743,47.47059424652229,0.0,79.07811801851494,629628.4064831454
20220304,20220307,300261.SZ,buy,6300.0,25.081264169856993,158011.96427009907,47.40358928102972,0.0,78.96649888559477,471569.03862376534
20220304,20220307,300921.SZ,buy,7500.0,20.854781066696862,156410.85800022646,46.92325740006793,0.0,78.16634582719416,315111.2573661388
20220304,20220307,600996.SH,buy,18100.0,8.714355000000001,157729.82550000004,47.318947650000005,0.0,78.82550000000629,157334.11291848877
20220304,20220307,603316.SH,buy,21600.0,7.272768895522388,157091.8081432836,47.127542442985074,0.0,78.50665074627614,195.1772327621875
20220311,20220314,002432.SZ,sell,3100.0,56.96474159244586,176590.69893658216,52.977209680974646,88.29534946829108,88.33951922791312,176644.60361019507
20220311,20220314,300261.SZ,sell,6300.0,27.926806807396588,175938.8828865985,52.78166486597954,87.96944144329925,88.01344816738856,352442.7353904843
20220311,20220314,300921.SZ,sell,7500.0,20.744135256482846,155581.01442362135,46.6743043270864,77.79050721181068,77.82942192276823,507899.28500256676
20220311,20220314,600996.SH,sell,18100.0,8.17591,147983.971,44.39519129999999,73.9919855,74.02900000000955,655764.8688257667
20220311,20220314,603316.SH,sell,21600.0,7.08585828358209,153054.53892537314,45.91636167761194,76.52726946268658,76.5655522388115,808696.9641199996
20220311,20220314,002207.SZ,buy,17900.0,9.02451,161538.729,48.461618699999995,0.0,80.72899999999208,647109.7735012996
20220311,20220314,002265.SZ,buy,10600.0,15.187589999999998,160988.45399999997,48.296536199999984,0.0,80.4539999999688,486073.02296509955
20220311,20220314,002629.SZ,buy,40300.0,4.022009999999999,162087.00299999997,48.62610089999998,0.0,81.00299999999697,323937.3938641996
20220311,20220314,003007.SZ,buy,6300.0,25.340858292190305,159647.40724079893,47.89422217223967,0.0,79.7838117145584,164242.0924012284
20220311,20220314,600880.SH,buy,30200.0,5.348293075522379,161518.45088077587,48.45553526423276,0.0,80.71886600740254,2675.18598518832
20220318,20220321,002207.SZ,sell,17900.0,8.71564,156009.956,46.8029868,78.00497800000001,78.04399999999441,158560.3340203883
20220318,20220321,002265.SZ,sell,10600.0,15.522235,164535.691,49.360707299999994,82.26784549999999,82.30900000000838,322964.3964675883
20220318,20220321,002629.SZ,sell,40300.0,3.8080950000000002,153466.2285,46.039868549999994,76.73311425,76.77150000000256,476307.8519847883
20220318,20220321,003007.SZ,sell,6300.0,26.331307114003593,165887.23481822264,49.76617044546679,82.94361740911133,82.98510996406549,642062.3770151563
20220318,20220321,600880.SH,sell,30200.0,6.312593474914739,190640.32294242512,57.19209688272753,95.32016147121256,95.36784539392102,832550.1876992275
20220318,20220321,000953.SZ,buy,22700.0,7.32366,166247.082,49.874124599999995,0.0,83.08199999999488,666253.2315746275
20220318,20220321,002800.SZ,buy,12300.0,13.512977942126984,166209.6286881619,49.862888606448564,0.0,83.06328270272934,499993.7399978591
20220318,20220321,600510.SH,buy,13800.0,12.040308295710208,166156.25448080088,49.84687634424026,0.0,83.03660893594497,333787.638640714
20220318,20220321,688075.SH,buy,1500.0,110.76889075984,166153.33613976,49.846000841927996,0.0,83.03515049463022,167584.45650011205
20220318,20220321,688298.SH,buy,1000.0,154.57563106796115,154575.63106796116,46.372689320388346,0.0,77.2491909385135,12962.452742830501
20220325,20220328,000953.SZ,sell,22700.0,7.026485000000001,159501.20950000003,47.85036285,79.75060475000001,79.79049999997369,172336.06127523052
20220325,20220328,002800.SZ,sell,12300.0,12.516534803361012,153953.37808134043,46.18601342440213,76.97668904067022,77.01519663899671,326166.27665410587
20220325,20220328,600510.SH,sell,13800.0,10.61371294185151,146469.23859755084,43.940771579265245,73.23461929877541,73.27125492625055,472518.33986077865
20220325,20220328,688075.SH,sell,1500.0,111.92043780256787,167880.65670385183,50.36419701115555,83.94032835192591,83.9823195116478,640264.6920392674
20220325,20220328,688298.SH,sell,1000.0,155.82746800161812,155827.4680016181,46.74824040048543,77.91373400080906,77.95271035598125,795967.4980664842
20220325,20220328,000815.SZ,buy,10800.0,14.687339999999999,158623.272,47.586981599999994,0.0,79.2719999999972,637296.6390848842
20220325,20220328,002761.SZ,buy,4900.0,31.97537083359898,156679.317084635,47.003795125390496,0.0,78.30050828814274,480570.3182051238
20220325,20220328,300249.SZ,buy,10600.0,14.911135743243245,158058.0388783784,47.41741166351352,0.0,78.98952467684285,322464.8619150819
20220325,20220328,300261.SZ,buy,7100.0,22.217655268574113,157745.3524068762,47.32360572206285,0.0,78.83325957364286,164672.18590248367
20220325,20220328,300584.SZ,buy,2400.0,66.1587438236412,158780.98517673888,47.63429555302166,0.0,79.3508171797439,5843.566430191771
20220401,20220406,000815.SZ,sell,10800.0,13.1934,142488.72,42.746615999999996,71.24436,71.27999999999884,148218.29545419177
20220401,20220406,300249.SZ,sell,10600.0,14.088064077555819,149333.47922209167,44.800043766627496,74.66673961104584,74.70409165686578,297432.3078929058
20220401,20220406,300261.SZ,sell,7100.0,22.777462705149674,161719.98520656268,48.5159955619688,80.85999260328134,80.90044282466988,459022.9171113032
20220401,20220406,002349.SZ,buy,7300.0,19.848387544014084,144893.2290713028,43.46796872139084,0.0,72.41040933097247,314086.220071279
20220401,20220406,002613.SZ,buy,22500.0,6.459327612869058,145334.8712895538,43.60046138686614,0.0,72.63112008472672,168707.74832033832
20220401,20220406,300534.SZ,buy,11900.0,12.121069892185565,144240.73171700822,43.272219515102464,0.0,72.0843236966466,24423.744383814977
20220401,20220406,300584.SZ,buy,200.0,54.30941657164576,10861.883314329152,5.0,0.0,5.428227543392495,13556.861069485825
20220401,20220406,920946.BJ,buy,700.0,16.95467937497304,11868.275562481127,5.0,0.0,5.9311721951398795,1683.5855070046982
20220408,20220411,002613.SZ,sell,22500.0,5.897261730438236,132688.38893486033,39.806516680458095,66.34419446743017,66.37738315897877,134265.82373071712
20220408,20220411,002761.SZ,sell,4900.0,25.504378823716927,124971.45623621294,37.49143687086388,62.48572811810647,62.51698661141563,259137.30280194108
20220408,20220411,300534.SZ,sell,11900.0,11.108951247044253,132196.51983982662,39.65895595194798,66.09825991991332,66.13132558268262,391228.06542589585
20220408,20220411,920946.BJ,sell,700.0,14.915594159513438,10440.915911659406,5.0,5.220457955829703,5.223069490575654,401658.76087959943
20220408,20220411,002349.SZ,buy,400.0,16.921836971830984,6768.734788732394,5.0,0.0,3.3826760563370044,394885.02609086706
20220408,20220411,300261.SZ,buy,7200.0,18.00123802427138,129608.91377475394,38.882674132426175,0.0,64.77207085193368,265237.2296419807
20220408,20220411,600056.SH,buy,6900.0,18.912996029984505,130499.67260689309,39.14990178206792,0.0,65.21722768958716,134698.40713330556
20220408,20220411,603538.SH,buy,3400.0,38.36644302432308,130445.90628269847,39.13377188480954,0.0,65.19035796234675,4213.36707872228
20220415,20220418,002349.SZ,sell,7700.0,17.52245504694836,134922.90386150236,40.476871158450706,67.46145193075118,67.49519953050185,139028.33261713543
20220415,20220418,300261.SZ,sell,7200.0,17.115157121452874,123229.1312744607,36.96873938233821,61.61456563723035,61.64538833138067,262158.88058657653
20220415,20220418,300584.SZ,sell,2600.0,44.39056442417333,115415.46750285065,34.624640250855194,57.70773375142532,57.7366020524496,377482.0157154249
20220415,20220418,600056.SH,sell,6900.0,17.51985358404177,120886.98972988821,36.26609691896646,60.44349486494411,60.47373173078813,498272.29585352924
20220415,20220418,603538.SH,sell,3400.0,36.498928189536485,124096.35584442405,37.22890675332721,62.04817792221203,62.07921753099072,622269.3746132777
20220415,20220418,000797.SZ,buy,33700.0,3.69309379499561,124457.26089135205,37.33717826740561,0.0,62.197531679819804,497774.7765436583
20220415,20220418,000965.SZ,buy,16500.0,7.543292777546345,124464.33082951469,37.3392992488544,0.0,62.20106488230522,373273.10641489475
20220415,20220418,002305.SZ,buy,37600.0,3.311655,124518.228,37.3554684,0.0,62.228000000002794,248717.52294649475
20220415,20220418,002314.SZ,buy,26000.0,4.789806995403259,124534.98188048473,37.36049456414542,0.0,62.23637275386136,124145.18057144588
20220415,20220418,603176.SH,buy,12100.0,10.246381093057606,123981.21122599703,37.194363367799106,0.0,61.959625800081994,126.77498208104225
20220422,20220425,000797.SZ,sell,33700.0,3.135497606818847,105666.26934979515,31.699880804938545,52.83313467489758,52.85956445711781,105708.51131639635
20220422,20220425,002305.SZ,sell,37600.0,2.4287850000000004,91322.31600000002,27.396694800000002,45.661158000000015,45.68399999997928,196957.76946359637
20220422,20220425,002314.SZ,sell,26000.0,4.0237664667781035,104617.9281362307,31.385378440869207,52.30896406811535,52.33513163391035,301492.00325731805
20220422,20220425,603176.SH,sell,12100.0,9.999921221073363,120999.04677498768,36.299714032496304,60.499523387493845,60.52978828163759,422394.25079488574
20220422,20220425,000514.SZ,buy,20800.0,5.01800963398958,104374.60038698326,31.312380116094978,0.0,52.16121958369331,317988.33802778635
20220422,20220425,000736.SZ,buy,6300.0,16.528944866071427,104132.35265624999,31.239705796874993,0.0,52.040156249990105,213824.74566573947
20220422,20220425,000965.SZ,buy,600.0,6.123378842949386,3674.0273057696313,5.0,0.0,1.8360956050819368,210145.71835996985
20220422,20220425,002205.SZ,buy,9400.0,11.020267246790297,103590.5121198288,31.077153635948637,0.0,51.76937137423374,106524.1290865051
20220422,20220425,600056.SH,buy,7500.0,13.939101696050923,104543.26272038191,31.36297881611457,0.0,52.24550860587624,1949.5033873070643
20220429,20220505,000514.SZ,sell,20800.0,5.318905191349254,110633.22798006448,33.18996839401934,55.31661399003224,55.34428613309865,112494.2247849875
20220429,20220505,000736.SZ,sell,6300.0,24.414869791666668,153813.6796875,46.144103906249995,76.90683984375,76.9453125,266184.8535287375
20220429,20220505,000965.SZ,sell,17100.0,6.688596679511214,114375.00321964176,34.312500965892525,57.18750160982088,57.216109664645046,380468.35674580355
20220429,20220505,002205.SZ,sell,9400.0,12.98732144555397,122080.82158820733,36.6242464764622,61.040410794103664,61.07094626722392,502451.51367674035
20220429,20220505,600056.SH,sell,7500.0,14.080871504948563,105606.53628711423,31.681960886134267,52.80326814355711,52.8296829850442,607973.5647348249
20220429,20220505,000715.SZ,buy,24800.0,4.905131642665798,121647.26473811179,36.494179421433536,0.0,60.79323575117451,486289.8058172917
20220429,20220505,002251.SZ,buy,13300.0,9.104860576496673,121094.64566740576,36.328393700221724,0.0,60.51706430154445,365158.83175618574
20220429,20220505,600250.SH,buy,26800.0,4.512255,120928.434,36.27853019999999,0.0,60.43399999999383,244194.11922598575
20220429,20220505,601086.SH,buy,33100.0,3.6775056408763374,121725.43671300677,36.517631013902026,0.0,60.832302205395536,122432.16488196507
20220429,20220505,603696.SH,buy,13600.0,8.908550793785913,121156.29079548843,36.346887238646524,0.0,60.547871462011244,1239.5271992380003
20220506,20220509,600250.SH,sell,26800.0,4.477760000000001,120003.96800000002,36.001190400000006,60.001984000000014,60.03199999999197,121147.49202483802
20220506,20220509,601086.SH,sell,33100.0,3.473769925030934,114981.78451852391,34.49453535555717,57.490892259261955,57.51965208530601,236037.29111574712
20220506,20220509,603696.SH,sell,13600.0,9.112002689934029,123923.23658310279,37.17697097493083,61.961618291551396,61.99261459885747,359861.38910958346
20220506,20220509,002251.SZ,buy,800.0,8.35597594033461,6684.780752267688,5.0,0.0,3.3407200161254877,353171.60835731577
20220506,20220509,301073.SZ,buy,4300.0,27.3748637778931,117711.91424494033,35.3135742734821,0.0,58.8265438505332,235424.38053810195
20220506,20220509,600665.SH,buy,34400.0,3.4163934417040362,117523.93439461885,35.25718031838565,0.0,58.73260089685209,117865.18896316472
20220506,20220509,600792.SH,buy,31500.0,3.7327308828431867,117581.02280956038,35.274306842868114,0.0,58.76113083935343,248.89184676147124
20220513,20220516,000715.SZ,sell,24800.0,4.639181757366762,115051.7075826957,34.51551227480871,57.52585379134785,57.554631106890156,115208.55806339101
20220513,20220516,002251.SZ,sell,14100.0,8.38699972586172,118256.69613465025,35.47700884039507,59.12834806732513,59.157927030842984,233370.64884113354
20220513,20220516,301073.SZ,sell,4300.0,32.849852966614776,141254.36775644353,42.37631032693306,70.62718387822177,70.66251513577299,374512.01310337195
20220513,20220516,600665.SH,sell,34400.0,3.66683667957603,126139.18177741543,37.84175453322462,63.069590888707715,63.10114145942498,500550.2835353655
20220513,20220516,600792.SH,sell,31500.0,3.817086631977157,120238.22890728044,36.07146867218413,60.11911445364022,60.14918904815568,620692.32185952
20220513,20220516,000965.SZ,buy,17600.0,7.050267105811289,124084.70106227869,37.22541031868361,0.0,62.01134485869261,496570.39538692264
20220513,20220516,000983.SZ,buy,13600.0,9.108562176902613,123876.44560587553,37.16293368176266,0.0,61.90726916833955,372656.7868473653
20220513,20220516,002932.SZ,buy,2900.0,41.548853932584265,120491.67640449437,36.147502921348305,0.0,60.21573033707682,252128.9629399496
20220513,20220516,600056.SH,buy,7600.0,16.249861870262574,123498.95021399556,37.04968506419866,0.0,61.71861579908,128592.96304088984
20220513,20220516,600508.SH,buy,9300.0,13.30330964932386,123720.77973871189,37.11623392161356,0.0,61.82947513178806,4835.067068256336
20220520,20220523,000965.SZ,sell,17600.0,6.826505889398042,120146.50365340554,36.04395109602166,60.07325182670277,60.10330347844865,124885.45351873914
20220520,20220523,000983.SZ,sell,13600.0,10.134154619560672,137824.50282602513,41.34735084780753,68.91225141301257,68.9467247753928,262599.69674250344
20220520,20220523,002932.SZ,sell,2900.0,37.80502061797754,109634.55979213487,32.890367937640455,54.81727989606743,54.844702247180976,372146.5488868046
20220520,20220523,600056.SH,sell,7600.0,15.096318969247736,114732.02416628279,34.419607249884834,57.3660120831414,57.39470943786728,486786.78743375436
20220520,20220523,600508.SH,sell,9300.0,14.933777752311101,138884.13309649326,41.665239928947976,69.44206654824663,69.47680495071108,625559.8132237704
20220520,20220523,000722.SZ,buy,6700.0,18.54656504488598,124261.98580073607,37.27859574022082,0.0,62.099942928907694,501260.548827294
20220520,20220523,000736.SZ,buy,6400.0,19.46166049107143,124554.62714285716,37.36638814285715,0.0,62.24619047618762,376668.55529629404
20220520,20220523,002761.SZ,buy,3900.0,31.587673096907874,123191.92507794072,36.95757752338221,0.0,61.56517994898604,253439.67264082993
20220520,20220523,002789.SZ,buy,7000.0,17.838914999999997,124872.40499999997,37.46172149999999,0.0,62.404999999984284,128529.80591932996
20220520,20220523,603229.SH,buy,5700.0,21.701336413722714,123697.61755821947,37.109285267465836,0.0,61.81789982918417,4795.079075843023
20220527,20220530,000722.SZ,sell,6700.0,19.404686158704894,130011.3972633228,39.003419178996836,65.0056986316614,65.0382177405263,134702.46722135515
20220527,20220530,000736.SZ,sell,6400.0,20.508490624999997,131254.33999999997,39.37630199999999,65.62716999999998,65.66000000000349,265851.80374935514
20220527,20220530,002761.SZ,sell,3900.0,37.646554619062805,146821.56301434495,44.04646890430348,73.41078150717247,73.44750525976997,412555.90951328864
20220527,20220530,002789.SZ,sell,7000.0,17.341325,121389.27500000001,36.4167825,60.694637500000006,60.72500000000582,533848.0730932887
20220527,20220530,603229.SH,sell,5700.0,21.051770965255795,119995.09450195802,35.99852835058741,59.99754725097901,60.02756103150023,653747.1715196451
20220527,20220530,000632.SZ,buy,29300.0,4.44222,130157.046,39.0471138,0.0,65.04599999998754,523551.07840584515
20220527,20220530,002766.SZ,buy,20700.0,6.32316,130889.412,39.266823599999995,0.0,65.41199999999662,392622.39958224515
20220527,20220530,600734.SH,buy,25200.0,5.2026,131105.52000000002,39.331656,0.0,65.52000000001863,261477.54792624514
20220527,20220530,600770.SH,buy,16000.0,8.16408,130625.28,39.187583999999994,0.0,65.27999999999884,130813.08034224514
20220527,20220530,688180.SH,buy,1500.0,85.20258,127803.87,38.34116099999999,0.0,63.86999999999534,2970.8691812451434
20220602,20220606,000632.SZ,sell,29300.0,4.197900000000001,122998.47000000002,36.899541,61.499235000000006,61.529999999984284,125870.94040524516
20220602,20220606,002766.SZ,sell,20700.0,6.796600000000001,140689.62000000002,42.206886000000004,70.34481000000001,70.37999999997555,266448.0087092452
20220602,20220606,600734.SH,sell,25200.0,4.907545000000001,123670.13400000002,37.1010402,61.83506700000001,61.86599999997998,390019.2066020452
20220602,20220606,600770.SH,sell,16000.0,8.23588,131774.08,39.53222399999999,65.88704,65.9200000000128,521687.8673380452
20220602,20220606,688180.SH,sell,1500.0,73.70313,110554.695,33.166408499999996,55.277347500000005,55.30499999997846,632154.1185820452
20220602,20220606,000736.SZ,buy,7900.0,15.950381919642856,126008.01716517856,37.802405149553564,0.0,62.97252232141909,506108.2990117171
20220602,20220606,000756.SZ,buy,4600.0,27.153242733644856,124904.91657476634,37.471474972429895,0.0,62.42124766354391,381165.9109619783
20220602,20220606,002883.SZ,buy,11000.0,11.471493086036762,126186.42394640438,37.85592718392131,0.0,63.061681132618105,254941.63108839002
20220602,20220606,600062.SH,buy,6200.0,20.38443858916276,126383.5192528091,37.915055775842724,0.0,63.160179536629585,128520.19677980508
20220602,20220606,603229.SH,buy,7700.0,16.257603993084487,125183.55074675055,37.555065224025164,0.0,62.56049512579921,3299.0909678305034
20220610,20220613,000736.SZ,sell,7900.0,16.392841145833337,129503.44505208336,38.851033515625005,64.75172252604169,64.78411458330811,132698.9332638722
20220610,20220613,000756.SZ,sell,4600.0,25.85248785046729,118921.44411214953,35.67643323364486,59.460722056074765,59.49046728971007,251525.240220732
20220610,20220613,002883.SZ,sell,11000.0,10.956111230652454,120517.223537177,36.155167061153094,60.258611768588494,60.288756146648666,371946.0499790793
20220610,20220613,600062.SH,sell,6200.0,19.226205310404378,119202.47292450715,35.76074187735214,59.601236462253574,59.6310519882245,491053.16092524683
20220610,20220613,603229.SH,sell,7700.0,15.547067603316117,119712.4205455341,35.91372616366023,59.85621027276705,59.88615334944916,610669.8115343445
20220610,20220613,000595.SZ,buy,23500.0,5.2026,122261.1,36.678329999999995,0.0,61.10000000000582,488372.03320434445
20220610,20220613,002066.SZ,buy,10600.0,11.456837143908498,121442.47372543007,36.43274211762902,0.0,60.69089141699078,366893.12673679675
20220610,20220613,002183.SZ,buy,15500.0,7.882850921912104,122184.18928963762,36.655256786891286,0.0,61.06156386289513,244672.28219037224
20220610,20220613,002561.SZ,buy,10500.0,11.602647320882852,121827.79686926995,36.54833906078098,0.0,60.88345670628769,122807.9369820415
20220610,20220613,002766.SZ,buy,20900.0,5.82291,121698.819,36.5096457,0.0,60.81900000000314,1072.6083363414946
20220617,20220620,000595.SZ,sell,23500.0,5.487255,128950.49250000001,38.68514775,64.47524625000001,64.50749999999243,129919.9404423415
20220617,20220620,002066.SZ,sell,10600.0,11.329090831314588,120088.36281193462,36.02650884358039,60.044181405967315,60.0742185152194,249912.23256402655
20220617,20220620,002183.SZ,sell,15500.0,7.087474809401334,109855.85954572067,32.9567578637162,54.92792977286034,54.95540747659106,359680.2074221106
20220617,20220620,002561.SZ,sell,10500.0,10.905865222410867,114511.5848353141,34.35347545059423,57.255792417657055,57.28443463497388,474100.18298955646
20220617,20220620,002766.SZ,sell,20900.0,5.827085,121786.07650000001,36.53582295,60.893038250000004,60.92349999998987,595788.8306283564
20220617,20220620,000151.SZ,buy,7600.0,15.627809999999998,118771.35599999999,35.63140679999999,0.0,59.355999999985215,476981.84322155645
20220617,20220620,000909.SZ,buy,11000.0,10.8054,118859.40000000001,35.65782,0.0,59.39999999999418,358086.78540155647
20220617,20220620,002630.SZ,buy,35100.0,3.391695,119048.4945,35.714548349999994,0.0,59.4945000000007,239002.57635320647
20220617,20220620,600508.SH,buy,7200.0,16.524110932844373,118973.59871647948,35.69207961494384,0.0,59.457070822812966,119993.28555711205
20220617,20220620,600734.SH,buy,26400.0,4.512255,119123.53199999999,35.737059599999995,0.0,59.53199999999197,834.016497512057
20220624,20220627,000151.SZ,sell,7600.0,14.302845000000001,108701.62200000002,32.6104866,54.35081100000001,54.37799999998242,109448.67719991208
20220624,20220627,000909.SZ,sell,11000.0,10.004995000000001,110054.945,33.0164835,55.0274725,55.054999999993015,219415.57824391208
20220624,20220627,002630.SZ,sell,35100.0,2.9485250000000005,103493.22750000002,31.047968250000004,51.746613750000016,51.7724999999773,322826.0111619121
20220624,20220627,600734.SH,sell,26400.0,4.407795,116365.788,34.9097364,58.182894000000005,58.211999999999534,439098.7065315121
20220624,20220627,000025.SZ,buy,4200.0,25.45679146611516,106918.52415768367,32.0755572473051,0.0,53.43254580593202,332148.1068165811
20220624,20220627,000595.SZ,buy,22100.0,4.92246,108786.366,32.63590979999999,0.0,54.36599999999453,223329.1049067811
20220624,20220627,001212.SZ,buy,3600.0,29.733221930153956,107039.59894855424,32.11187968456627,0.0,53.493052947786055,116257.3940785423
20220624,20220627,600508.SH,buy,100.0,14.878701581480632,1487.8701581480632,5.0,0.0,0.7435632974252258,114764.52392039425
20220624,20220627,603032.SH,buy,1800.0,58.4469296346414,105204.47334235453,31.561342002706354,0.0,52.57594869683089,9528.489236037014
20220701,20220704,000025.SZ,sell,4200.0,23.095108398778983,96999.45527487173,29.099836582461514,48.49972763743586,48.5239896322455,106450.34494668884
20220701,20220704,000595.SZ,sell,22100.0,4.5977,101609.17,30.482750999999997,50.804585,50.829999999987194,207978.22761068883
20220701,20220704,001212.SZ,sell,3600.0,28.33148459310123,101993.34453516443,30.598003360549328,50.99667226758222,51.02218335925136,309889.97747022513
20220701,20220704,600508.SH,sell,7300.0,15.895555008022006,116037.55155856065,34.81126546756819,58.018775779280325,58.047799679101445,425834.6989875389
20220701,20220704,603032.SH,sell,1800.0,58.21062831676178,104779.1309701712,31.433739291051356,52.389565485085605,52.41577337177296,530530.006652934
20220701,20220704,000017.SZ,buy,23800.0,4.46223,106201.074,31.860322199999995,0.0,53.07399999999325,424297.072330734
20220701,20220704,002782.SZ,buy,6200.0,16.931045744210063,104972.4836141024,31.49174508423072,0.0,52.460011801158544,319293.09697154735
20220701,20220704,600121.SH,buy,18400.0,5.762879999999999,106036.99199999998,31.811097599999993,0.0,52.99199999998382,213224.29387394735
20220701,20220704,603530.SH,buy,6800.0,15.605624999999998,106118.24999999999,31.83547499999999,0.0,53.032608695633826,107074.20839894736
20220701,20220704,688091.SH,buy,1200.0,82.47131164209453,98965.57397051345,29.68967219115403,0.0,49.4580579562753,8078.944756242767
20220708,20220711,000017.SZ,sell,23800.0,4.157920000000001,98958.49600000001,29.687548800000002,49.479248000000005,49.50399999998626,106958.27395944278
20220708,20220711,002782.SZ,sell,6200.0,17.352817996754684,107587.47157987904,32.27624147396371,53.793735789939525,53.82064611298847,214459.67556205794
20220708,20220711,600121.SH,sell,18400.0,5.41729,99678.13600000001,29.903440800000002,49.839068000000005,49.863999999986845,314058.06905325793
20220708,20220711,603530.SH,sell,6800.0,14.582969517958412,99164.19272211721,29.74925781663516,49.5820963610586,49.60689981095493,413142.93042119744
20220708,20220711,688091.SH,sell,1200.0,81.29639298423996,97555.67158108795,29.266701474326382,48.777835790543975,48.80223690898856,510620.5574650205
20220708,20220711,002454.SZ,buy,10700.0,9.5185934271263,101848.9496702514,30.55468490107542,0.0,50.899025322447415,408741.053109868
20220708,20220711,002909.SZ,buy,7800.0,13.006402374369815,101449.93852008456,30.434981556025363,0.0,50.69961945031537,307260.67960822745
20220708,20220711,300660.SZ,buy,5600.0,18.13155988078584,101536.7353324007,30.461020599720207,0.0,50.74299616810458,205693.48325522704
20220708,20220711,601975.SH,buy,31200.0,3.271635,102075.012,30.622503599999998,0.0,51.012000000002445,103587.84875162704
20220708,20220711,603069.SH,buy,3400.0,29.814899999999998,101370.65999999999,30.411197999999995,0.0,50.65999999998894,2186.777553627049
20220715,20220718,002454.SZ,sell,10700.0,8.639404974792114,92441.63323027562,27.732489969082682,46.220816615137814,46.243938584433636,94554.45747731844
20220715,20220718,300660.SZ,sell,5600.0,17.858717168967825,100008.81614621982,30.002644843865944,50.00440807310991,50.02942278448609,194483.2665706213
20220715,20220718,601975.SH,sell,31200.0,3.188405,99478.236,29.8434708,49.739118000000005,49.763999999995576,293881.9199818213
20220715,20220718,603069.SH,sell,3400.0,28.875555000000002,98176.887,29.453066099999997,49.088443500000004,49.112999999997555,391980.2654722213
20220715,20220718,002466.SZ,buy,800.0,114.86933795981453,91895.47036785162,27.568641110355486,0.0,45.92477279753075,300057.2264632593
20220715,20220718,002703.SZ,buy,9100.0,10.57718729316266,96252.40436778021,28.87572131033406,0.0,48.10215110833815,203775.94637416877
20220715,20220718,002909.SZ,buy,600.0,11.41437241014799,6848.6234460887945,5.0,0.0,3.422600422832147,196922.32292807996
20220715,20220718,688091.SH,buy,1300.0,72.22724961870868,93895.42450432129,28.168627351296383,0.0,46.92425012709282,102998.72979640738
20220715,20220718,688238.SH,buy,4200.0,22.434288461538458,94224.01153846152,28.267203461538454,0.0,47.08846153845661,8746.451054484322
20220722,20220725,002466.SZ,sell,800.0,106.88553893710616,85508.43114968493,25.652529344905474,42.75421557484246,42.77560337653267,94186.4754592495
20220722,20220725,002703.SZ,sell,9100.0,9.950891562597564,90553.11321963783,27.165933965891348,45.27655660981892,45.29920621291967,184667.14618831163
20220722,20220725,002909.SZ,sell,8400.0,11.142710131728736,93598.76510652137,28.07962953195641,46.799382553260685,46.82279395023943,278191.0322827478
20220722,20220725,688091.SH,sell,1300.0,72.25668530757498,93933.69089984748,28.18010726995424,46.966845449923746,46.990340620221104,372049.5762298754
20220722,20220725,688238.SH,sell,4200.0,21.72759230769231,91255.88769230769,27.376766307692304,45.62794384615385,45.65076923077868,463232.45921202924
20220722,20220725,000957.SZ,buy,5100.0,17.932708040724243,91456.81100769364,27.43704330230809,0.0,45.70555272747879,371748.21116103325
20220722,20220725,002090.SZ,buy,6700.0,13.783367620082885,92348.56305455533,27.704568916366597,0.0,46.15120592431049,279371.9435375616
20220722,20220725,300565.SZ,buy,3900.0,23.411699999999996,91305.62999999999,27.391688999999996,0.0,45.629999999990105,188038.9218485616
20220722,20220725,301268.SZ,buy,1700.0,53.39253658536586,90767.31219512197,27.23019365853659,0.0,45.36097560975759,97244.37945978108
20220722,20220725,603612.SH,buy,2300.0,38.6734253074474,88948.87820712902,26.684663462138705,0.0,44.45221299705736,8268.816589189926
20220729,20220801,000957.SZ,sell,5100.0,17.146163186209293,87445.4322496674,26.233629674900218,43.7227161248337,43.74458841903834,95644.2924930576
20220729,20220801,002090.SZ,sell,6700.0,13.297490873021266,89093.18884924248,26.72795665477274,44.54659442462124,44.56887886405457,184666.2067912207
20220729,20220801,300565.SZ,sell,3900.0,24.997495000000004,97490.23050000002,29.247069150000005,48.74511525000001,48.769499999980326,282078.4451068207
20220729,20220801,301268.SZ,sell,1700.0,54.597078048780496,92815.03268292685,27.84450980487805,46.40751634146342,46.43073170731077,374819.22576360125
20220729,20220801,603612.SH,sell,2300.0,35.92060365815594,82617.38841375866,24.785216524127595,41.30869420687933,41.32935888633074,457370.5202666289
20220729,20220801,000899.SZ,buy,7300.0,12.415880223762999,90635.92563346989,27.190777690040964,0.0,45.2953151591355,366707.40385546896
20220729,20220801,002101.SZ,buy,3000.0,29.929098915551027,89787.29674665308,26.936189023995922,0.0,44.871212766942335,276893.1709197919
20220729,20220801,002204.SZ,buy,11600.0,7.877353376683695,91377.29916953086,27.413189750859257,0.0,45.66581667641003,185488.4585605102
20220729,20220801,002866.SZ,buy,3600.0,25.215257400681043,90774.92664245176,27.232477992735525,0.0,45.36478093075857,94686.2994400657
20220729,20220801,002965.SZ,buy,2000.0,43.64268201199682,87285.36402399364,26.185609207198087,0.0,43.62087157620408,7374.749806864871
20220805,20220808,002101.SZ,sell,3000.0,26.346057885301338,79038.17365590401,23.711452096771204,39.51908682795201,39.53885625608382,86349.69292384417
20220805,20220808,002204.SZ,sell,11600.0,6.900476830610473,80045.5312350815,24.013659370524447,40.02276561754075,40.04278701102885,166331.18773393758
20220805,20220808,002866.SZ,sell,3600.0,22.537420317820658,81134.71314415438,24.34041394324631,40.56735657207719,40.58765039726859,247400.99310757662
20220805,20220808,002514.SZ,buy,6000.0,13.106549999999999,78639.29999999999,23.591789999999996,0.0,39.29999999998836,168738.10131757663
20220805,20220808,002965.SZ,buy,100.0,36.81423516658235,3681.423516658235,5.0,0.0,1.8397918623973055,165051.6778009184
20220805,20220808,300403.SZ,buy,8400.0,9.377684810935733,78772.55241186016,23.631765723558047,0.0,39.366592909471365,86255.49362333468
20220805,20220808,603917.SH,buy,2100.0,36.18705837488518,75992.82258725888,22.79784677617766,0.0,37.97742258233484,10239.87318929963
20220805,20220808,688248.SH,buy,300.0,33.90830718309859,10172.492154929578,5.0,0.0,5.083704225351539,62.381034370051566
20220812,20220815,002514.SZ,sell,6000.0,13.993,83958.0,25.187399999999997,41.979,42.0,83953.21463437004
20220812,20220815,002965.SZ,sell,2100.0,43.16900237406953,90654.904985546,27.196471495663797,45.327452492773006,45.35012755655043,174535.59569592762
20220812,20220815,300403.SZ,sell,8400.0,10.459765616036453,87862.03117470621,26.35860935241186,43.9310155873531,43.95299208338838,262327.33724569407
20220812,20220815,603917.SH,sell,2100.0,37.57764450268993,78913.05345564884,23.67391603669465,39.456526727824425,39.476264860262745,341177.2602585784
20220812,20220815,688248.SH,sell,300.0,37.199090680751176,11159.727204225353,5.0,5.579863602112677,5.582654929576165,352326.40759920166
20220812,20220815,000899.SZ,buy,1500.0,9.563840356129845,14345.760534194767,5.0,0.0,7.169295619287368,337975.6470650069
20220812,20220815,002031.SZ,buy,20600.0,4.092045,84296.127,25.288838099999996,0.0,42.12699999999313,253654.2312269069
20220812,20220815,002896.SZ,buy,3100.0,27.269542260108633,84535.58100633677,25.360674301901028,0.0,42.246667169587454,169093.28954626824
20220812,20220815,688218.SH,buy,2500.0,33.62088187947665,84052.20469869162,25.215661409607485,0.0,42.00509979944036,85015.86918616701
20220812,20220815,688234.SH,buy,800.0,97.46871,77974.96800000001,23.3924904,0.0,38.96800000000803,7017.508695766999
20220819,20220822,000899.SZ,sell,8800.0,9.81070832808068,86334.23328711,25.900269986132997,43.167116643555,43.18871099904936,93282.6745962473
20220819,20220822,002031.SZ,sell,20600.0,3.998,82358.8,24.707639999999998,41.1794,41.19999999999709,175575.5875562473
20220819,20220822,002896.SZ,sell,3100.0,27.47121312182085,85160.76067764463,25.548228203293387,42.580380338822316,42.60168117941066,260668.21962534983
20220819,20220822,688218.SH,sell,2500.0,30.147149808041263,75367.87452010316,22.610362356030944,37.68393726005158,37.70278865438013,335975.7998458369
20220819,20220822,688234.SH,sell,800.0,114.072935,91258.348,27.377504399999996,45.629174,45.65200000000186,427161.14116743684
20220819,20220822,300125.SZ,buy,2900.0,28.694339999999997,83213.586,24.964075799999996,0.0,41.58599999999569,343922.59109163686
20220819,20220822,300403.SZ,buy,8800.0,9.696344003540345,85327.82723115504,25.598348169346508,0.0,42.64259231941833,258569.1655123125
20220819,20220822,601702.SH,buy,4800.0,17.771129127044496,85301.41980981358,25.590425942944073,0.0,42.629395207288326,173242.15527655598
20220819,20220822,603051.SH,buy,1400.0,60.74741036851967,85046.37451592753,25.513912354778256,0.0,42.50193628980196,88170.26684827366
20220819,20220822,603917.SH,buy,2500.0,33.61053981859335,84026.34954648338,25.207904863945014,0.0,41.99217868389678,4118.709396926337
20220826,20220829,300125.SZ,sell,2900.0,26.28685,76231.865,22.8695595,38.11593250000001,38.13499999999476,80289.58890492634
20220826,20220829,300403.SZ,sell,8800.0,7.68565386569635,67633.75401812787,20.290126205438362,33.81687700906394,33.83379390601476,147869.2359198397
20220826,20220829,601702.SH,sell,4800.0,17.320357930772154,83137.71806770634,24.941315420311902,41.56885903385317,41.58965386077762,230940.4438130919
20220826,20220829,603051.SH,sell,1400.0,54.75753362481782,76660.54707474494,22.998164122423482,38.33027353737247,38.34944826150604,307539.662450177
20220826,20220829,603917.SH,sell,2500.0,30.482429942920877,76206.0748573022,22.86182245719066,38.1030374286511,38.122098477877444,383684.7724475934
20220826,20220829,002077.SZ,buy,5100.0,14.957474999999999,76283.1225,22.884936749999998,0.0,38.12249999999767,307378.7650108434
20220826,20220829,002553.SZ,buy,5600.0,13.622922054024322,76288.3635025362,22.886509050760857,0.0,38.12511919166718,231067.51499925644
20220826,20220829,688017.SH,buy,500.0,148.16474327004667,74082.37163502333,22.224711490506998,0.0,37.02267448026396,156962.9186527426
20220826,20220829,688160.SH,buy,1900.0,39.23561410060975,74547.66679115852,22.364300037347554,0.0,37.2552057926805,82392.88756154674
20220826,20220829,688218.SH,buy,3000.0,24.85190403208863,74555.7120962659,22.366713628879765,0.0,37.25922643492231,7814.808751651959
20220902,20220905,002077.SZ,sell,5100.0,14.762615,75289.3365,22.58680095,37.64466825,37.66349999999511,83043.91378245197
20220902,20220905,002553.SZ,sell,5600.0,13.145681607081016,73615.81699965369,22.084745099896104,36.807908499826844,36.82632166065741,156600.83812850591
20220902,20220905,688017.SH,sell,500.0,158.15055211603737,79075.27605801869,23.722582817405605,39.537638029009344,39.55741673737066,235612.8539656782
20220902,20220905,688160.SH,sell,1900.0,41.702461509146346,79234.67686737806,23.770403060213415,39.61733843368903,39.637157012184616,314784.1430915623
20220902,20220905,688218.SH,sell,3000.0,23.799871401012325,71399.61420303698,21.419884260911093,35.699807101518495,35.71766593446955,386126.6376032369
20220902,20220905,000593.SZ,buy,9300.0,8.22411,76484.223,22.945266899999996,0.0,38.22299999999814,309619.4693363369
20220902,20220905,000821.SZ,buy,3900.0,19.316750632809995,75335.32746795898,22.600598240387693,0.0,37.648839314322686,234261.54127013753
20220902,20220905,002689.SZ,buy,16100.0,4.792395,77157.5595,23.14726785,0.0,38.55950000000303,157080.83450228753
20220902,20220905,300068.SZ,buy,3300.0,22.948829972449683,75731.13890908395,22.719341672725182,0.0,37.84664613146742,81326.97625153085
20220902,20220905,300565.SZ,buy,1900.0,40.270125,76513.2375,22.95397125,0.0,38.23750000000291,4790.784780280854
20220909,20220913,000593.SZ,sell,9300.0,9.285355,86353.80149999999,25.906140449999995,43.176900749999994,43.1984999999986,91075.50323908085
20220909,20220913,000821.SZ,sell,3900.0,20.992622436719003,81871.2275032041,24.56136825096123,40.935613751602055,40.95609179750318,172881.2337602824
20220909,20220913,002689.SZ,sell,16100.0,4.6476750000000004,74827.5675,22.44827025,37.41378375,37.43249999999534,247648.9392062824
20220909,20220913,300068.SZ,sell,3300.0,26.111698467513584,86168.60494279483,25.850581482838447,43.084302471397415,43.105855399087886,333748.609265123
20220909,20220913,300565.SZ,sell,1900.0,50.484745000000004,95921.01550000001,28.77630465,47.960507750000005,47.984499999991385,429592.887952723
20220909,20220913,000892.SZ,buy,20300.0,4.2521249999999995,86318.13749999998,25.895441249999994,0.0,43.13749999998254,343248.85501147306
20220909,20220913,002543.SZ,buy,8800.0,9.715430042693216,85495.7843757003,25.648735312710087,0.0,42.72652892337646,257727.42190046003
20220909,20220913,002965.SZ,buy,2100.0,40.82223657584736,85726.69680927946,25.718009042783834,0.0,42.841927440909785,171975.0070821378
20220909,20220913,688160.SH,buy,2300.0,36.913226352896345,84900.4206116616,25.470126183498476,0.0,42.42899580793164,87049.1163442927
20220909,20220913,688320.SH,buy,1600.0,52.236214073339944,83577.94251734391,25.07338275520317,0.0,41.76808721506677,3446.1004441935947
20220916,20220919,000892.SZ,sell,20300.0,3.91804,79536.212,23.8608636,39.768106,39.788000000000466,82918.68347459359
20220916,20220919,002543.SZ,sell,8800.0,9.07101301771853,79824.91455592305,23.947474366776913,39.91245727796153,39.93242348970671,162679.7380988719
20220916,20220919,002965.SZ,sell,2100.0,36.32513614403411,76282.78590247163,22.884835770741486,38.141392951235815,38.160473187832395,238901.49777262154
20220916,20220919,688160.SH,sell,2300.0,33.40112644817073,76822.59083079267,23.0467772492378,38.41129541539634,38.430510670732474,315662.63053074956
20220916,20220919,688320.SH,sell,1600.0,51.27266600594649,82036.26560951439,24.610879682854314,41.018132804757194,41.03865213081008,397633.26712777634
20220916,20220919,002077.SZ,buy,5900.0,13.456724999999999,79394.67749999999,23.818403249999996,0.0,39.67749999999069,318214.77122452634
20220916,20220919,300565.SZ,buy,2100.0,36.348164999999995,76331.14649999999,22.899343949999995,0.0,38.14649999998801,241860.72538057633
20220916,20220919,600992.SH,buy,3200.0,24.684930957062218,78991.77906259909,23.697533718779724,0.0,39.476151455557556,162845.24878425847
20220916,20220919,688063.SH,buy,300.0,249.36841311191682,74810.52393357505,22.443157180072514,0.0,37.386568682442885,88012.28169350335
20220916,20220919,688560.SH,buy,1600.0,49.65725696474045,79451.61114358471,23.835483343075413,0.0,39.70595259548281,8536.835066575557
20220923,20220926,002077.SZ,sell,5900.0,13.363315,78843.5585,23.65306755,39.42177925,39.441500000000815,87317.31871977556
20220923,20220926,300565.SZ,sell,2100.0,36.071955,75751.1055,22.72533165,37.875552750000004,37.89449999999488,163007.82333537558
20220923,20220926,600992.SH,sell,3200.0,23.864766157163697,76367.25170292382,22.910175510877146,38.18362585146191,38.20272721507354,239313.98123693705
20220923,20220926,688063.SH,sell,300.0,272.21231255370094,81663.69376611029,24.499108129833083,40.83184688305514,40.85227301956911,320912.34404803446
20220923,20220926,688560.SH,sell,1600.0,50.342111161606276,80547.37785857003,24.164213357571008,40.273688929285015,40.29383584721654,401395.28400431765
20220923,20220926,000819.SZ,buy,4200.0,18.989111919477306,79754.27006180468,23.926281018541403,0.0,39.857206427666824,321617.08766149444
20220923,20220926,300517.SZ,buy,5900.0,13.509191821561338,79704.23174721189,23.911269524163565,0.0,39.83219977370754,241888.9446447584
20220923,20220926,600666.SH,buy,74900.0,1.0719746244157575,80290.89936874024,24.087269810622068,0.0,40.12538699086872,161573.95800620754
20220923,20220926,603917.SH,buy,2500.0,31.82531160543235,79563.27901358088,23.86898370407426,0.0,39.76175862747186,81986.81000892259
20220923,20220926,688501.SH,buy,4400.0,18.28926987756306,80472.78746127748,24.14183623838324,0.0,40.21628558784141,1489.8807114067313
20220930,20221010,000819.SZ,sell,4200.0,17.359647107540173,72910.51785166873,21.873155355500618,36.455258925834364,36.47349567366473,74342.07014879413
20220930,20221010,300517.SZ,sell,5900.0,12.727882107645062,75094.50443510586,22.528351330531756,37.54725221755293,37.56603523516969,149376.4989803519
20220930,20221010,600666.SH,sell,74900.0,1.2283889480859114,92006.33221163476,27.601899663490425,46.00316610581738,46.026179195410805,241309.22612621734
20220930,20221010,603917.SH,sell,2500.0,30.067899744456106,75169.74936114026,22.550924808342078,37.58487468057013,37.6036765188328,316418.8396878687
20220930,20221010,688501.SH,sell,4400.0,17.614725626198556,77504.79275527365,23.251437826582094,38.75239637763683,38.77178226877004,393861.6286089382
20220930,20221010,002866.SZ,buy,2000.0,37.74302780363224,75486.05560726447,22.645816682179337,0.0,37.72416572076327,318352.92718499154
20220930,20221010,600152.SH,buy,7500.0,10.50525,78789.375,23.636812499999998,0.0,39.375,239539.91537249152
20220930,20221010,600603.SH,buy,8300.0,9.434714999999999,78308.13449999999,23.492440349999992,0.0,39.134499999985565,161208.28843214153
20220930,20221010,600992.SH,buy,3800.0,20.355114438383968,77349.43486585908,23.20483045975772,0.0,38.65538973806542,83835.6487358227
20220930,20221010,920271.BJ,buy,9600.0,8.221912916174732,78930.36399527742,23.679109198583227,0.0,39.44545926799765,4881.605631346698
20221014,20221017,002866.SZ,sell,2000.0,38.47317149829739,76946.34299659477,23.08390289897843,38.47317149829739,38.49241770715162,81766.3915535442
20221014,20221017,600152.SH,sell,7500.0,11.544225,86581.6875,25.974506249999997,43.29084375,43.3125,168278.8137035442
20221014,20221017,600603.SH,sell,8300.0,9.165415000000001,76072.94450000001,22.82188335,38.03647225000001,38.05549999998766,244290.8998479442
20221014,20221017,600992.SH,sell,3800.0,23.29797796093106,88532.31625153802,26.559694875461403,44.26615812576901,44.288302276909235,332752.390246481
20221014,20221017,920271.BJ,sell,9600.0,8.940949366883116,85833.11392207792,25.749934176623373,42.91655696103896,42.938025974013726,418516.8376774213
20221014,20221017,002084.SZ,buy,17300.0,4.84255713647199,83776.23846096544,25.13287153828963,0.0,41.86718563766044,334715.46634491754
20221014,20221017,300260.SZ,buy,1800.0,44.579837331440736,80243.70719659333,24.073112158977995,0.0,40.10180269693956,254447.68603616522
20221014,20221017,688072.SH,buy,800.0,101.95259314862835,81562.07451890268,24.468622355670803,0.0,40.76065693097189,172861.14289490686
20221014,20221017,688268.SH,buy,900.0,90.21278798270892,81191.50918443802,24.357452755331405,0.0,40.57546685877605,91645.27625771351
20221014,20221017,688596.SH,buy,2700.0,30.864368619718306,83333.79527323942,25.000138581971825,0.0,41.64607459930994,8286.480845892118
20221021,20221024,002084.SZ,sell,17300.0,4.393436866805721,76006.45779573897,22.80193733872169,38.003228897869484,38.02224001787545,84232.1334753945
20221021,20221024,300260.SZ,sell,1800.0,57.57066797374025,103627.20235273245,31.088160705819732,51.81360117636623,51.83952093683183,187776.43406624475
20221021,20221024,688072.SH,sell,800.0,117.12443018970929,93699.54415176743,28.109863245530228,46.84977207588372,46.87320868021925,281401.01858269074
20221021,20221024,688268.SH,sell,900.0,88.79986219980788,79919.87597982709,23.975962793948124,39.95993798991355,39.979927953885635,361256.95866173395
20221021,20221024,688596.SH,sell,2700.0,39.728749291889265,107267.62308810101,32.1802869264303,53.63381154405051,53.66064186497533,468438.7676513645
20221021,20221024,000593.SZ,buy,10800.0,8.604299999999999,92926.43999999999,27.877931999999994,0.0,46.439999999987776,375484.4497193645
20221021,20221024,001267.SZ,buy,11800.0,7.876060893854749,92937.51854748603,27.88125556424581,0.0,46.44553650547459,282519.04991631425
20221021,20221024,003023.SZ,buy,3400.0,26.90113313236119,91463.85265002804,27.43915579500841,0.0,45.709071789111476,191027.7581104912
20221021,20221024,600303.SH,buy,14900.0,6.293145,93767.8605,28.130358149999996,0.0,46.86049999999523,97231.76725234122
20221021,20221024,603366.SH,buy,12500.0,7.468829236671102,93360.36545838877,28.00810963751663,0.0,46.6568543020403,3843.3936843149277
20221028,20221031,000593.SZ,sell,10800.0,7.566215000000001,81715.122,24.5145366,40.857561000000004,40.87799999999697,85493.14358671493
20221028,20221031,001267.SZ,sell,11800.0,6.63817414756309,78330.45494124446,23.499136482373338,39.165227470622234,39.184819880567375,163760.93416400638
20221028,20221031,003023.SZ,sell,3400.0,24.59087423934381,83608.97241376895,25.082691724130683,41.80448620688448,41.825398906323244,247303.0193998443
20221028,20221031,603366.SH,sell,12500.0,6.409370240350739,80117.12800438424,24.03513840131527,40.05856400219212,40.07860330384574,327356.05370182503
20221028,20221031,002093.SZ,buy,10700.0,7.44058303961754,79614.23852390767,23.884271557172298,0.0,39.78722564911004,247717.9309063602
20221028,20221031,002528.SZ,buy,18200.0,4.402200000000001,80120.04000000001,24.036012,0.0,40.04000000000815,167573.8548943602
20221028,20221031,002693.SZ,buy,10700.0,7.523759999999999,80504.23199999999,24.151269599999996,0.0,40.23199999998906,87045.47162476022
20221028,20221031,600303.SH,buy,1100.0,5.012504999999999,5513.755499999999,5.0,0.0,2.7554999999993015,81526.71612476022
20221028,20221031,600605.SH,buy,6200.0,12.795678876631447,79333.20903511497,23.799962710534487,0.0,39.646781126983115,2169.7071269347216
20221104,20221107,002093.SZ,sell,10700.0,7.3744634420496205,78906.75882993094,23.67202764897928,39.453379414965475,39.47311597294174,81013.34054980172
20221104,20221107,002528.SZ,sell,18200.0,4.5977,83678.14,25.103441999999998,41.83907,41.86000000000058,164624.5380378017
20221104,20221107,002693.SZ,sell,10700.0,8.05597,86198.879,25.8596637,43.0994395,43.120999999999185,250754.4579346017
20221104,20221107,600303.SH,sell,16000.0,5.347325,85557.2,25.667159999999996,42.7786,42.80000000000291,336243.2121746017
20221104,20221107,600605.SH,buy,1300.0,10.667901588000369,13868.27206440048,5.0,0.0,6.930670696852758,322369.9401102012
20221104,20221107,603383.SH,buy,2300.0,34.19359609581641,78645.27102037774,23.593581306113318,0.0,39.30298401816981,243701.07550851733
20221104,20221107,603658.SH,buy,1200.0,64.29048321843686,77148.57986212423,23.144573958637267,0.0,38.55501242484024,166529.35107243445
20221104,20221107,688270.SH,buy,1100.0,69.12829687499998,76041.12656249998,22.812337968749993,0.0,38.00156249999418,90465.41217196573
20221104,20221107,688385.SH,buy,900.0,88.99907688300087,80099.16919470078,24.02975075841023,0.0,40.02956981243915,10342.213226506545
20221111,20221114,600605.SH,sell,7500.0,11.043720940370141,82827.90705277606,24.848372115832817,41.413953526388035,41.434670861810446,93103.8579536404
20221111,20221114,603383.SH,sell,2300.0,37.45890897999478,86155.490653988,25.8466471961964,43.077745326994005,43.09929497446865,179190.4242151052
20221111,20221114,603658.SH,sell,1200.0,59.84419119238476,71813.02943086172,21.543908829258513,35.90651471543086,35.92447695390729,250946.0032224222
20221111,20221114,688270.SH,sell,1100.0,60.781212134576606,66859.33334803427,20.05780000441028,33.429666674017135,33.44638986894279,317751.8491037781
20221111,20221114,688385.SH,sell,900.0,83.62813623598294,75265.32261238464,22.57959678371539,37.63266130619232,37.651487049719435,392956.9594580728
20221111,20221114,000948.SZ,buy,3700.0,21.023029398063887,77785.20877283638,23.335562631850912,0.0,38.87316780250694,315148.4151226046
20221111,20221114,300820.SZ,buy,1200.0,64.76918545681251,77723.02254817501,23.3169067644525,0.0,38.84209022896539,237402.0756676651
20221111,20221114,688501.SH,buy,3300.0,23.313220337807937,76933.62711476619,23.080088134429854,0.0,38.44758976249432,160445.3684647645
20221111,20221114,688600.SH,buy,2800.0,27.457045861286968,76879.72841160352,23.063918523481053,0.0,38.42065387885668,83542.57613463751
20221111,20221114,688659.SH,buy,4600.0,16.876783489726026,77633.20405273972,23.289961215821915,0.0,38.797203424648615,5886.082120681967
20221118,20221121,000948.SZ,sell,3700.0,20.08803111481123,74325.71512480154,22.297714537440463,37.162857562400774,37.181448286544764,80152.33667338366
20221118,20221121,300820.SZ,sell,1200.0,61.263277318068475,73515.93278168218,22.05477983450465,36.75796639084109,36.77635456812277,153609.4567088405
20221118,20221121,688501.SH,sell,3300.0,23.976013077150025,79120.84315459509,23.736252946378524,39.56042157729755,39.5802116831328,232667.00318891194
20221118,20221121,688600.SH,sell,2800.0,27.31275651989039,76475.7182556931,22.942715476707924,38.23785912784655,38.25698762164393,309081.5408700005
20221118,20221121,688659.SH,sell,4600.0,23.545915868884542,108311.2129968689,32.49336389906067,54.15560649843445,54.18269784734002,417306.1048964719
20221118,20221121,000980.SZ,buy,13200.0,6.293145,83069.514,24.920854199999997,0.0,41.513999999995576,334211.6700422719
20221118,20221121,002693.SZ,buy,9300.0,8.954474999999999,83276.6175,24.982985249999995,0.0,41.617499999993015,250910.0695570219
20221118,20221121,002999.SZ,buy,8500.0,9.812756962928697,83408.43418489392,25.022530255468176,0.0,41.68337540474022,167476.6128418725
20221118,20221121,003005.SZ,buy,2300.0,35.389041702316845,81394.79591532874,24.41843877459862,0.0,40.67705942793691,86057.39848776917
20221118,20221121,003042.SZ,buy,2900.0,28.404263371298402,82372.36377676537,24.711709133029608,0.0,41.16559908883937,3660.323001870769
20221125,20221128,000980.SZ,sell,13200.0,5.937030000000001,78368.79600000002,23.510638800000002,39.18439800000001,39.20399999998335,81966.42396507079
20221125,20221128,002693.SZ,sell,9300.0,8.045975,74827.5675,22.44827025,37.41378375,37.43249999999534,156734.12941107078
20221125,20221128,002999.SZ,sell,8500.0,9.071527519328619,77107.98391429326,23.132395174287975,38.55399195714663,38.57327859645011,233780.42693823262
20221125,20221128,003005.SZ,sell,2300.0,33.00099803907524,75902.29548987305,22.770688646961915,37.95114774493653,37.97013281132968,309622.00059171376
20221125,20221128,003042.SZ,sell,2900.0,24.79406601366743,71902.79143963555,21.570837431890663,35.951395719817775,35.96938041000976,381467.2697981976
20221125,20221128,000721.SZ,buy,10100.0,7.533765,76091.02649999999,22.827307949999994,0.0,38.026499999992666,305353.4159902476
20221125,20221128,002907.SZ,buy,3000.0,25.194697852348988,75584.09355704696,22.675228067114087,0.0,37.77316019841237,229746.64720513354
20221125,20221128,002995.SZ,buy,4300.0,17.585394288029928,75617.1954385287,22.685158631558608,0.0,37.789702867827145,154106.7666079733
20221125,20221128,600613.SH,buy,8300.0,9.184742166791068,76233.35998436586,22.870007995309756,0.0,38.0976311765844,77850.53661561212
20221125,20221128,603029.SH,buy,3300.0,22.609792873696406,74612.31648319814,22.38369494495944,0.0,37.28751448435651,3215.8364374690136
20221202,20221205,000721.SZ,sell,10100.0,8.5957,86816.57,26.044971,43.40828500000001,43.429999999993015,89962.95318146903
20221202,20221205,002995.SZ,sell,4300.0,18.037811993765587,77562.59157319202,23.268777471957605,38.78129578659601,38.80069613465457,167463.49468140252
20221202,20221205,600613.SH,sell,8300.0,9.506298029648324,78902.27364608108,23.670682093824322,39.45113682304054,39.47087225917494,246302.64650856674
20221202,20221205,603029.SH,sell,3300.0,24.242290519988412,79999.55871596176,23.999867614788524,39.99977935798088,40.019789252604824,326238.2055775557
20221202,20221205,000948.SZ,buy,3400.0,23.315198724104548,79271.67566195547,23.78150269858664,0.0,39.616029816068476,246942.74841290165
20221202,20221205,002317.SZ,buy,2600.0,29.929549724844485,77816.82928459566,23.345048785378697,0.0,38.888970157218864,169102.5740795206
20221202,20221205,002907.SZ,buy,200.0,24.30756060402684,4861.512120805368,5.0,0.0,2.4295412897572533,164236.06195871523
20221202,20221205,688520.SH,buy,900.0,84.042,75637.8,22.69134,0.0,37.80000000000291,88575.57061871522
20221202,20221205,688659.SH,buy,3300.0,23.509449437377686,77581.18314334637,23.274354943003907,0.0,38.77120596868917,10971.113120425856
20221209,20221212,000948.SZ,sell,3400.0,22.02410847763795,74881.96882396903,22.464590647190708,37.440984411984516,37.45971426910546,85793.17636933572
20221209,20221212,002317.SZ,sell,2600.0,29.0850617393853,75621.16052240178,22.686348156720534,37.81058026120089,37.82949500870018,161353.8399633196
20221209,20221212,002907.SZ,sell,3200.0,23.11144501361735,73956.62404357552,22.186987213072655,36.97831202178776,36.99681042699376,235251.29870766023
20221209,20221212,688520.SH,sell,900.0,68.635665,61772.0985,18.531629549999998,30.88604925,30.901499999999942,296973.97952886025
20221209,20221212,688659.SH,sell,3300.0,23.306059340508806,76909.99582367906,23.072998747103714,38.45499791183953,38.47423502935271,373822.44735588034
20221209,20221212,000815.SZ,buy,5600.0,13.286639999999998,74405.184,22.321555199999995,0.0,37.18399999999383,299394.94180068036
20221209,20221212,002728.SZ,buy,5600.0,13.381195469798659,74934.69463087249,22.480408389261743,0.0,37.44862300393288,224437.7667614186
20221209,20221212,300716.SZ,buy,4700.0,15.667829999999999,73638.80099999999,22.091640299999995,0.0,36.8009999999922,150776.87412111863
20221209,20221212,300813.SZ,buy,1300.0,55.15078324243123,71696.0182151606,21.50880546454818,0.0,35.83009406054043,79059.34710049348
20221209,20221212,603778.SH,buy,11500.0,6.5032499999999995,74787.375,22.436212499999996,0.0,37.375,4249.535887993479
20221216,20221219,000815.SZ,sell,5600.0,13.603195,76177.89199999999,22.853367599999995,38.088946,38.10800000000745,80366.48557439347
20221216,20221219,002728.SZ,sell,5600.0,13.363050147535295,74833.08082619765,22.449924247859293,37.41654041309882,37.435258042110945,155139.69993593014
20221216,20221219,300716.SZ,sell,4700.0,14.782605,69478.2435,20.843473049999997,34.73912175,34.75650000000314,224562.36084113014
20221216,20221219,603778.SH,sell,11500.0,7.166415000000001,82413.7725,24.72413175,41.206886250000004,41.2274999999936,306910.20232313016
20221216,20221219,000564.SZ,buy,40300.0,1.82091,73382.673,22.0148019,0.0,36.67299999999523,233505.51452123016
20221216,20221219,002603.SZ,buy,1700.0,41.27986518131167,70175.77080822983,21.052731242468948,0.0,35.070350228997995,163308.69098175786
20221216,20221219,002634.SZ,buy,7300.0,10.06503,73474.719,22.042415699999996,0.0,36.71899999999732,89811.92956605786
20221216,20221219,300813.SZ,buy,200.0,45.95270834296279,9190.541668592557,5.0,0.0,4.592974347122436,80616.3878974653
20221216,20221219,688659.SH,buy,3800.0,19.077668117906065,72495.13884804305,21.74854165441291,0.0,36.2294546966732,8099.500507767851
20221223,20221226,000564.SZ,sell,40300.0,1.749125,70489.7375,21.14692125,35.24486875,35.26249999999709,78532.84621776786
20221223,20221226,002603.SZ,sell,1700.0,34.049011644553566,57883.31979574106,17.364995938722316,28.94165989787053,28.956137966859387,136369.85935767234
20221223,20221226,002634.SZ,sell,7300.0,9.345325,68220.87250000001,20.46626175,34.11043625000001,34.127499999987776,204536.15515967234
20221223,20221226,300813.SZ,sell,1500.0,39.28416135890918,58926.24203836377,17.67787261150913,29.463121019181887,29.477859949147387,263415.25620440545
20221223,20221226,688659.SH,sell,3800.0,16.939867316536205,64371.49580283758,19.311448740851272,32.185747901418786,32.20184882583271,327735.2548106008
20221223,20221226,000756.SZ,buy,1800.0,34.670096478504675,62406.173661308414,18.72185209839252,0.0,31.187493084114976,265310.35929719394
20221223,20221226,300039.SZ,buy,7100.0,9.188508335633498,65238.40918299784,19.571522754899352,0.0,32.60290313993755,200052.3785914412
20221223,20221226,300434.SZ,buy,3900.0,16.42482770694728,64056.82805709439,19.217048417128314,0.0,32.01240782462992,135976.33348592967
20221223,20221226,301211.SZ,buy,2900.0,22.47038577777778,65164.11875555556,19.549235626666665,0.0,32.565776489529526,70792.66549474745
20221223,20221226,688247.SH,buy,3400.0,18.97008547008547,64498.290598290594,19.349487179487177,0.0,32.233028784750786,6275.025409277361
20221230,20230103,000756.SZ,sell,1800.0,29.673839770093462,53412.91158616823,16.02387347585047,26.706455793084114,26.719815700933395,59645.20666617665
20221230,20230103,300039.SZ,sell,7100.0,7.814830248826099,55485.294766665305,16.64558842999959,27.742647383332653,27.756525646153023,115086.11319702862
20221230,20230103,688247.SH,sell,3400.0,16.4766774732292,56020.70340897927,16.80621102269378,28.010351704489636,28.024363886426727,171062.0000432807
20221230,20230103,002193.SZ,buy,5800.0,9.596645490838956,55660.54384686594,16.69816315405978,0.0,27.81636374154914,115384.7580332607
20221230,20230103,002317.SZ,buy,2000.0,27.33949253711756,54678.98507423512,16.403695522270535,0.0,27.325829622306628,60689.369263503315
20221230,20230103,300199.SZ,buy,3000.0,18.219105,54657.314999999995,16.397194499999998,0.0,27.314999999995052,6015.657069003319
20221230,20230103,300434.SZ,buy,200.0,13.566633612532137,2713.3267225064274,5.0,0.0,1.3559853685687813,3297.3303464968913
20230106,20230109,002193.SZ,sell,5800.0,10.256847795564125,59489.71721427193,17.846915164281576,29.744858607135964,29.75973847637215,62739.45578699741
20230106,20230109,300199.SZ,sell,3000.0,19.500245000000003,58500.73500000001,17.550220500000002,29.250367500000003,29.264999999999418,121193.39019899743
20230106,20230109,300434.SZ,sell,4100.0,12.575218509290428,51558.39588809075,15.467518766427224,25.779197944045375,25.79209399104002,172710.53937037772
20230106,20230109,000610.SZ,buy,3200.0,16.66833,53338.656,16.001596799999998,0.0,26.656000000002678,119355.88177357771
20230106,20230109,002095.SZ,buy,2300.0,23.417941101372804,53861.26453315745,16.158379359947233,0.0,26.917173679736152,65478.45886106031
20230106,20230109,002317.SZ,buy,100.0,25.59360213650163,2559.360213650163,5.0,0.0,1.2790405865316643,62914.098647410145
20230106,20230109,301211.SZ,buy,200.0,17.451564148148147,3490.3128296296295,5.0,0.0,1.7442842726782146,59418.78581778052
20230106,20230109,603029.SH,buy,1900.0,27.560557865005794,52365.05994351101,15.709517983053303,0.0,26.169445249135606,7038.0163562864545
20230113,20230116,002095.SZ,sell,2300.0,21.52178302553325,49500.10095872647,14.85003028761794,24.750050479363235,24.76243169521331,56498.51723424594
20230113,20230116,002317.SZ,sell,2100.0,25.13677658728423,52787.23083329688,15.836169249989064,26.39361541664844,26.406818826057133,109243.51828287618
20230113,20230116,301211.SZ,sell,3100.0,16.384593728395064,50792.2405580247,15.237672167407409,25.39612027901235,25.408824691352493,159995.12504845444
20230113,20230116,000610.SZ,buy,300.0,14.477235,4343.1705,5.0,0.0,2.1705000000001746,155646.95454845444
20230113,20230116,002186.SZ,buy,3000.0,16.698345,50095.034999999996,15.028510499999998,0.0,25.03499999998894,105536.89103795444
20230113,20230116,002992.SZ,buy,900.0,55.26762,49740.858,14.9222574,0.0,24.858000000000175,55781.11078055444
20230113,20230116,603029.SH,buy,100.0,24.85128096031286,2485.128096031286,5.0,0.0,1.2419430764775825,53290.98268452315
20230113,20230116,603778.SH,buy,7600.0,6.633315,50413.193999999996,15.123958199999997,0.0,25.193999999995867,2862.664726323157
20230120,20230130,000610.SZ,sell,3500.0,15.85207,55482.244999999995,16.644673499999996,27.7411225,27.755000000004657,58300.52393032315
20230120,20230130,002186.SZ,sell,3000.0,15.35232,46056.96,13.817087999999998,23.02848,23.040000000000873,104320.63836232314
20230120,20230130,002992.SZ,sell,900.0,49.47525,44527.725000000006,13.3583175,22.263862500000002,22.27499999999418,148812.74118232314
20230120,20230130,603029.SH,sell,2000.0,24.29096981822132,48581.93963644264,14.57458189093279,24.29096981822132,24.303121378907235,197355.81526705663
20230120,20230130,603778.SH,sell,7600.0,7.346325,55832.07,16.749620999999998,27.916035,27.93000000000029,253143.21961105661
20230120,20230130,000716.SZ,buy,6600.0,7.607182533174681,50207.404718952894,15.062221415685867,0.0,25.091156781083555,202920.75267068803
20230120,20230130,000721.SZ,buy,3300.0,15.207599999999998,50185.079999999994,15.055523999999997,0.0,25.07999999999447,152720.61714668805
20230120,20230130,002043.SZ,buy,4300.0,11.548061457284804,49656.66426632466,14.896999279897397,0.0,24.815924171074585,103049.05588108349
20230120,20230130,002235.SZ,buy,6400.0,7.82391,50073.024,15.021907199999998,0.0,25.023999999997613,52961.00997388349
20230120,20230130,002875.SZ,buy,2800.0,17.62881,49360.668000000005,14.8082004,0.0,24.668000000005122,3585.533773483483
20230203,20230206,000716.SZ,sell,6600.0,7.824534519775473,51641.92783051812,15.492578349155435,25.82096391525906,25.833880855687312,55186.14806173719
20230203,20230206,002043.SZ,sell,4300.0,11.369444305756561,48888.610514753214,14.666583154425963,24.44430525737661,24.45653352413501,104035.6476880786
20230203,20230206,002235.SZ,sell,6400.0,10.454770000000002,66910.528,20.0731584,33.45526400000001,33.471999999994296,170892.64726567862
20230203,20230206,002875.SZ,sell,2800.0,17.51124,49031.472,14.7094416,24.515736,24.52799999999843,219884.8940880786
20230203,20230206,000721.SZ,buy,500.0,13.786889999999998,6893.444999999999,5.0,0.0,3.4449999999987995,212986.4490880786
20230203,20230206,002150.SZ,buy,2100.0,24.224847140388125,50872.17899481506,15.261653698444517,0.0,25.423377808503574,162099.0084395651
20230203,20230206,002528.SZ,buy,4900.0,10.8054,52946.46,15.883937999999999,0.0,26.459999999999127,109136.6645015651
20230203,20230206,002762.SZ,buy,4400.0,11.879981128034268,52271.916963350784,15.681575089005234,0.0,26.122897033157642,56849.065963125315
20230203,20230206,603378.SH,buy,4300.0,12.125657442682376,52140.32700353422,15.642098101060265,0.0,26.057134934300848,4693.096861490034
20230210,20230213,000721.SZ,sell,3800.0,13.783104999999999,52375.799,15.712739699999998,26.1878995,26.20100000000093,57026.99522229003
20230210,20230213,002150.SZ,sell,2100.0,24.64404993218442,51752.50485758728,15.525751457276183,25.87625242879364,25.889197027303453,108738.09807599123
20230210,20230213,002528.SZ,sell,4900.0,10.69465,52403.784999999996,15.721135499999997,26.2018925,26.215000000003783,161099.96004799122
20230210,20230213,002762.SZ,sell,4400.0,11.672425186419167,51358.67082024433,15.407601246073298,25.679335410122167,25.692181500868173,212417.54393157936
20230210,20230213,603378.SH,sell,4300.0,12.172532347530588,52341.88909438153,15.702566728314457,26.170944547190764,26.18403656546434,264717.55951468536
20230210,20230213,002235.SZ,buy,5800.0,9.114555,52864.418999999994,15.859325699999998,0.0,26.418999999994412,211837.28118898536
20230210,20230213,002401.SZ,buy,3300.0,16.039088742389936,52928.99284988679,15.878697854966035,0.0,26.45127078954829,158892.4096412436
20230210,20230213,002576.SZ,buy,2600.0,20.17466127849284,52454.11932408139,15.736235797224415,0.0,26.21395268569904,106422.554081365
20230210,20230213,002808.SZ,buy,4000.0,13.17055595661605,52682.2238264642,15.80466714793926,0.0,26.327947939258593,53724.52558775286
20230210,20230213,688318.SH,buy,1000.0,48.26121634705497,48261.21634705497,14.47836490411649,0.0,24.118548899074085,5448.83087579377
20230217,20230220,002401.SZ,sell,3300.0,15.329799232552778,50588.33746742417,15.17650124022725,25.294168733712088,25.306822144782927,55996.697673244
20230217,20230220,002576.SZ,sell,2600.0,21.84557566693032,56798.49673401883,17.039549020205648,28.399248367009417,28.41345509456005,112749.75560987562
20230217,20230220,002808.SZ,sell,4000.0,12.54496082429501,50179.84329718004,15.053952989154011,25.08992164859002,25.102472885031602,162889.4550324179
20230217,20230220,688318.SH,sell,1000.0,45.43815734770998,45438.15734770998,13.631447204312993,22.71907867385499,22.730443895801727,208291.2618542497
20230217,20230220,002235.SZ,buy,400.0,8.234115,3293.6459999999997,5.0,0.0,1.6459999999997308,204992.61585424969
20230217,20230220,300359.SZ,buy,6200.0,8.154075,50555.26500000001,15.166579500000001,0.0,25.265000000006694,154422.18427474968
20230217,20230220,300585.SZ,buy,1300.0,36.76449311859443,47793.84105417276,14.338152316251826,0.0,23.884978038069676,106614.00506826068
20230217,20230220,300895.SZ,buy,1300.0,36.84923215511324,47904.00180164722,14.371200540494163,0.0,23.940030885372835,58695.63206607297
20230217,20230220,688327.SH,buy,2300.0,21.36782142857143,49145.989285714284,14.743796785714284,0.0,24.560714285711583,9534.898983572974
20230224,20230227,002235.SZ,sell,6200.0,8.25587,51186.394,15.355918199999998,25.593197,25.605999999999767,60680.34386837297
20230224,20230227,300359.SZ,sell,6200.0,7.75612,48087.944,14.4263832,24.043972000000004,24.055999999996857,108729.81751317298
20230224,20230227,300895.SZ,sell,1300.0,34.54003088538092,44902.0401509952,13.470612045298559,22.4510200754976,22.462251201097388,153595.93603204738
20230224,20230227,688327.SH,sell,2300.0,19.804378571428572,45550.07071428571,13.665021214285712,22.77503535714286,22.78642857142404,199109.56668976165
20230224,20230227,001255.SZ,buy,900.0,47.08876076412946,42379.88468771651,12.713965406314953,0.0,21.179352667517378,156716.9680366388
20230224,20230227,002362.SZ,buy,1400.0,31.11555,43561.77,13.068530999999998,0.0,21.7699999999968,113142.12950563882
20230224,20230227,002576.SZ,buy,2300.0,19.481714129575032,44807.942498022574,13.442382749406772,0.0,22.392774861575163,68320.74462486684
20230224,20230227,300585.SZ,buy,700.0,22.10864762811127,15476.05333967789,5.0,0.0,7.734159590043419,52839.69128518895
20230224,20230227,688787.SH,buy,300.0,132.73641339027316,39820.92401708195,11.946277205124582,0.0,19.90051175266126,13006.820990901877
20230303,20230306,001255.SZ,sell,900.0,47.94196773235673,43147.77095912106,12.944331287736317,21.57388547956053,21.584677818464115,56120.07373325564
20230303,20230306,002362.SZ,sell,1400.0,34.132925,47786.095,14.3358285,23.8930475,23.904999999998836,103867.93985725564
20230303,20230306,002576.SZ,sell,2300.0,20.144607348817143,46332.59690227943,13.899779070683827,23.166298451139717,23.177887394835125,150163.47068201326
20230303,20230306,688787.SH,sell,300.0,134.02196516552553,40206.589549657656,12.061976864897296,20.10329477482883,20.113351450556365,190337.89496003118
20230303,20230306,002150.SZ,buy,2000.0,23.03135915016542,46062.718300330846,13.818815490099253,0.0,23.019849225551297,144261.35784421023
20230303,20230306,002229.SZ,buy,3200.0,14.517254999999999,46455.21599999999,13.936564799999998,0.0,23.215999999993073,97792.20527941023
20230303,20230306,300585.SZ,buy,200.0,20.560143162518298,4112.0286325036595,5.0,0.0,2.0549868228399646,93675.17664690658
20230303,20230306,300835.SZ,buy,1100.0,41.923386650430444,46115.725315473486,13.834717594642045,0.0,23.04633948798437,47545.61661383845
20230303,20230306,688091.SH,buy,700.0,60.45929435688866,42321.50604982206,12.696451814946618,0.0,21.1501779359387,5211.414112201441
20230310,20230313,002150.SZ,sell,2000.0,22.436825947854427,44873.651895708856,13.462095568712655,22.436825947854427,22.448049972837907,50049.167086393725
20230310,20230313,002229.SZ,sell,3200.0,12.713640000000002,40683.64800000001,12.205094400000002,20.341824000000006,20.351999999991676,90700.26816799372
20230310,20230313,300585.SZ,sell,2200.0,20.669338052708643,45472.543715959015,13.641763114787704,22.736271857979506,22.747645680814458,136136.43384897997
20230310,20230313,300835.SZ,sell,1100.0,41.15634855006797,45271.98340507477,13.581595021522428,22.635991702537385,22.647315360212815,181372.19966733066
20230310,20230313,688091.SH,sell,700.0,67.72412811387902,47406.889679715314,14.222066903914593,23.703444839857656,23.715302491094917,228741.1638353022
20230310,20230313,000977.SZ,buy,1400.0,31.425584959781908,43995.81894369467,13.1987456831084,0.0,21.986916013833252,184732.14614592443
20230310,20230313,002186.SZ,buy,3100.0,14.347169999999998,44476.22699999999,13.342868099999997,0.0,22.226999999991676,140242.57627782444
20230310,20230313,002261.SZ,buy,4500.0,10.12506,45562.77,13.668830999999997,0.0,22.7699999999968,94666.13744682443
20230310,20230313,002762.SZ,buy,3700.0,12.124828224654927,44861.86443122323,13.458559329366967,0.0,22.41972235443245,49790.81445627184
20230310,20230313,603042.SH,buy,3300.0,13.786889999999998,45496.736999999994,13.649021099999997,0.0,22.736999999993714,4280.428435171845
20230317,20230320,000977.SZ,sell,1400.0,31.988386595467418,44783.741233654386,13.435122370096314,22.391870616827195,22.40307215289795,49028.34267583931
20230317,20230320,002186.SZ,sell,3100.0,13.303345000000002,41240.36950000001,12.372110850000002,20.620184750000004,20.630499999992026,90235.71988023931
20230317,20230320,002261.SZ,sell,4500.0,10.984505,49430.2725,14.829081749999999,24.71513625,24.727500000000873,139626.4481622393
20230317,20230320,002762.SZ,sell,3700.0,12.357311827701096,45722.053762494055,13.716616128748216,22.861026881247028,22.87246311279887,185311.92428172336
20230317,20230320,603042.SH,sell,3300.0,13.603195,44890.5435,13.467163049999998,22.44527175,22.456500000000233,230166.55534692336
20230317,20230320,300049.SZ,buy,1500.0,29.200009260379435,43800.01389056915,13.140004167170744,0.0,21.88906241407676,186353.40145218704
20230317,20230320,300835.SZ,buy,1200.0,35.69471315416856,42833.65578500227,12.850096735500681,0.0,21.4061248300859,143506.89557044927
20230317,20230320,302132.SZ,buy,900.0,47.44381003836763,42699.42903453087,12.809828710359259,0.0,21.33904499476921,100794.65670720805
20230317,20230320,603255.SH,buy,800.0,52.1072993427604,41685.83947420832,12.505751842262494,0.0,20.832503485362395,59096.31148115747
20230317,20230320,688310.SH,buy,2500.0,18.40723675471698,46018.09188679245,13.805427566037734,0.0,22.997547169812606,13064.414166798982
20230324,20230327,300049.SZ,sell,1500.0,29.260061578223812,43890.09236733572,13.167027710200713,21.94504618366786,21.956024195766076,56919.39446024083
20230324,20230327,300835.SZ,sell,1200.0,35.77662584673765,42931.95101608518,12.879585304825552,21.46597550804259,21.476713864976773,99816.99991551314
20230324,20230327,302132.SZ,sell,900.0,54.12764883153122,48714.8839483781,14.614465184513428,24.35744197418905,24.369626787578454,148492.9119567325
20230324,20230327,603255.SH,sell,800.0,52.114937263493324,41691.94981079466,12.507584943238395,20.84597490539733,20.85640310695453,190151.50820767853
20230324,20230327,688310.SH,sell,2500.0,19.560290433962265,48900.72608490566,14.670217825471697,24.45036304245283,24.462594339624047,239013.11371171626
20230324,20230327,300964.SZ,buy,900.0,50.48546414919551,45436.91773427596,13.631075320282786,0.0,22.707105314475484,193562.56490212
20230324,20230327,300972.SZ,buy,1700.0,27.773649898708157,47215.20482780387,14.16456144834116,0.0,23.5958045116422,146333.1955128678
20230324,20230327,600853.SH,buy,9200.0,5.164095714939163,47509.6805774403,14.252904173232087,0.0,23.742968804312113,98809.26203125427
20230324,20230327,601698.SH,buy,2200.0,21.3125303336964,46887.56673413208,14.066270020239623,0.0,23.432067333393206,51907.62902710195
20230324,20230327,920735.BJ,buy,2600.0,17.883946150653664,46498.259991699524,13.949477997509856,0.0,23.237511240222375,5395.419557404923
20230331,20230403,300964.SZ,sell,900.0,52.855411828376404,47569.870645538766,14.270961193661629,23.784935322769382,23.796833739637805,52927.23430642726
20230331,20230403,300972.SZ,sell,1700.0,28.700245360638093,48790.41711308476,14.637125133925426,24.395208556542382,24.407412262662547,101678.61908582156
20230331,20230403,600853.SH,sell,9200.0,4.916046525782941,45227.62803720306,13.568288411160916,22.61381401860153,22.62512658189371,146870.06502059486
20230331,20230403,601698.SH,sell,2200.0,21.102282475492622,46425.02144608377,13.927506433825128,23.212510723041884,23.22412278442789,193257.94644952175
20230331,20230403,920735.BJ,sell,2600.0,18.134733865947297,47150.30805146297,14.145092415438889,23.575154025731486,23.586947499483358,240370.53425454354
20230331,20230403,002229.SZ,buy,3100.0,15.16758,47019.498,14.105849399999999,0.0,23.497999999999593,193336.93040514353
20230331,20230403,300634.SZ,buy,1800.0,26.657752069131984,47983.95372443757,14.395186117331269,0.0,23.979986868776905,145338.58149458864
20230331,20230403,300912.SZ,buy,1900.0,25.37268,48208.092,14.462427599999998,0.0,24.091999999996915,97116.02706698864
20230331,20230403,302132.SZ,buy,900.0,49.13078927001843,44217.71034301659,13.265313102904976,0.0,22.09780626837164,52885.05141086914
20230331,20230403,600136.SH,buy,14700.0,3.26163,47945.960999999996,14.383788299999997,0.0,23.960999999995693,4924.706622569145
20230407,20230410,002229.SZ,sell,3100.0,14.292850000000001,44307.83500000001,13.292350500000001,22.153917500000002,22.164999999993597,49197.09535456915
20230407,20230410,300634.SZ,sell,1800.0,25.535338331563196,45963.60899681375,13.789082699044124,22.981804498406877,22.99330114897748,95123.93346418545
20230407,20230410,302132.SZ,sell,900.0,50.14242633514375,45128.18370162938,13.538455110488812,22.56409185081469,22.57537954057625,140216.0146188535
20230407,20230410,600136.SH,sell,14700.0,2.97851,43784.097,13.1352291,21.8920485,21.90299999999843,183965.0843412535
20230407,20230410,300688.SZ,buy,1400.0,32.11605,44962.47,13.488741,0.0,22.470000000001164,138989.1256002535
20230407,20230410,300912.SZ,buy,100.0,22.401194999999998,2240.1195,5.0,0.0,1.119499999999789,136744.0061002535
20230407,20230410,300964.SZ,buy,800.0,51.214282788883466,40971.42623110677,12.291427869332031,0.0,20.475475377861585,95760.28844127739
20230407,20230410,688039.SH,buy,800.0,55.829280000000004,44663.424000000006,13.3990272,0.0,22.32055172413675,51083.46541407738
20230407,20230410,920735.BJ,buy,2500.0,17.453655716953726,43634.139292384316,13.090241787715293,0.0,21.806166562906583,7436.235879905347
20230414,20230417,300688.SZ,sell,1400.0,26.82658,37557.212,11.267163599999998,18.778606,18.788000000000466,44963.402110305346
20230414,20230417,300912.SZ,sell,2000.0,19.380305,38760.61,11.628183,19.380305,19.389999999999418,83693.00362230535
20230414,20230417,300964.SZ,sell,800.0,45.73193488054607,36585.547904436855,10.975664371331055,18.29277395221843,18.3019249146746,120249.28308841866
20230414,20230417,688039.SH,sell,800.0,47.314262068965526,37851.40965517242,11.355422896551726,18.925704827586213,18.935172413788678,158070.41161586693
20230414,20230417,920735.BJ,sell,2500.0,17.952043213668123,44880.108034170305,13.464032410251091,22.440054017085153,22.45127965691063,202914.6155636099
20230414,20230417,601360.SH,buy,2700.0,14.871200697806087,40152.24188407644,12.04567256522293,0.0,20.06608789809252,162750.32800696825
20230414,20230417,688256.SH,buy,200.0,191.48569499999996,38297.138999999996,11.489141699999998,0.0,19.138999999995576,124441.69986526825
20230414,20230417,688327.SH,buy,1300.0,29.65767857142857,38554.98214285714,11.56649464285714,0.0,19.267857142855064,85875.15122776825
20230414,20230417,688365.SH,buy,2100.0,18.64932,39163.572,11.749071599999999,0.0,19.572000000000116,46699.830156168246
20230414,20230417,688787.SH,buy,300.0,125.63820946565963,37691.46283969789,11.307438851909366,0.0,18.836313263214834,8997.059877618449
20230421,20230424,601360.SH,sell,2700.0,15.166247477707007,40948.86818980892,12.284660456942675,20.47443409490446,20.484676433115965,49913.16897287552
20230421,20230424,688256.SH,sell,200.0,245.877,49175.4,14.752619999999999,24.5877,24.599999999998545,99049.22865287552
20230421,20230424,688327.SH,sell,1300.0,27.75754285714286,36084.805714285714,10.825441714285713,18.042402857142857,18.051428571430733,135105.1665225898
20230421,20230424,688365.SH,sell,2100.0,17.201395,36122.929500000006,10.836878850000002,18.061464750000003,18.070499999994354,171199.19767898982
20230421,20230424,688787.SH,sell,300.0,124.22914326639373,37268.74297991812,11.180622893975436,18.63437148995906,18.64369333662762,208438.125664524
20230421,20230424,600228.SH,buy,3800.0,10.945469999999998,41592.78599999999,12.477835799999998,0.0,20.785999999992782,166832.861828724
20230421,20230424,688004.SH,buy,1400.0,29.168997967741934,40836.59715483871,12.250979146451613,0.0,20.408094530153903,125984.01369473885
20230421,20230424,688244.SH,buy,1200.0,32.204275881141875,38645.13105737025,11.593539317211073,0.0,19.312909074149502,87327.28909805139
20230421,20230424,688292.SH,buy,1000.0,40.4176800472255,40417.680047225505,12.12530401416765,0.0,20.198740653286222,46897.48374681172
20230421,20230424,688362.SH,buy,1000.0,37.94518444666002,37945.18444666002,11.383555333998006,0.0,18.963110667995352,8940.9157448177
20230428,20230504,600228.SH,sell,3800.0,14.1929,53933.02,16.179906,26.96651,26.9800000000032,62830.7893288177
20230428,20230504,688004.SH,sell,1400.0,26.192560562412343,36669.58478737728,11.000875436213184,18.33479239368864,18.343964375875657,99471.03844836509
20230428,20230504,688244.SH,sell,1200.0,32.86006360814922,39432.07632977906,11.829622898933717,19.716038164889532,19.725901115445595,138871.56911708033
20230428,20230504,688292.SH,sell,1000.0,38.154860291223926,38154.86029122393,11.446458087367178,19.077430145611967,19.086973632423906,176995.90552007128
20230428,20230504,688362.SH,sell,1000.0,34.877866400797615,34877.86640079761,10.463359920239283,17.438933200398807,17.447657028911635,211845.86962774824
20230428,20230504,002222.SZ,buy,1700.0,23.75069872179453,40376.1878270507,12.112856348115209,0.0,20.178004911067546,171457.56894434942
20230428,20230504,300548.SZ,buy,1300.0,31.160587477544908,40508.76372080838,12.152629116242514,0.0,20.24425973054167,130936.65259442478
20230428,20230504,300846.SZ,buy,2600.0,16.008,41620.799999999996,12.486239999999997,0.0,20.799999999995634,89303.3663544248
20230428,20230504,300964.SZ,buy,900.0,44.39884361774743,39958.95925597269,11.987687776791805,0.0,19.96949488054088,49332.41941067532
20230428,20230504,601698.SH,buy,2300.0,17.81850971383305,40982.57234181601,12.294771702544802,0.0,20.481045648084546,8337.552297156763
20230505,20230508,002222.SZ,sell,1700.0,22.68382231152111,38562.49792958589,11.568749378875765,19.281248964792944,19.290894411991758,46869.20022839898
20230505,20230508,300548.SZ,sell,1300.0,27.92596516217565,36303.75471082835,10.891126413248504,18.151877355414175,18.160957834326837,83143.91193545866
20230505,20230508,300846.SZ,sell,2600.0,15.622185000000002,40617.681000000004,12.1853043,20.308840500000002,20.318999999995867,123729.09879065867
20230505,20230508,300964.SZ,sell,900.0,44.9644884690395,40468.039622135555,12.140411886640665,20.23401981106778,20.244141882001713,164164.7639810965
20230505,20230508,601698.SH,sell,2300.0,17.5520869789088,40369.80005149024,12.11094001544707,20.18490002574512,20.194997524507926,204502.26819254557
20230505,20230508,300299.SZ,buy,5200.0,7.723859999999999,40164.07199999999,12.049221599999997,0.0,20.07199999999284,164326.14697094559
20230505,20230508,300502.SZ,buy,1300.0,30.471281909932685,39612.66648291249,11.883799944873747,0.0,19.79643502394174,124701.59668808822
20230505,20230508,301183.SZ,buy,1200.0,33.937709080047796,40725.250896057354,12.217575268817205,0.0,20.352449223413714,83964.12821676204
20230505,20230508,603019.SH,buy,800.0,48.21527609814687,38572.220878517495,11.571666263555247,0.0,19.27647220314975,45380.33567198099
20230505,20230508,688256.SH,buy,200.0,203.1015,40620.299999999996,12.186089999999998,0.0,20.299999999995634,4747.8495819809905
20230512,20230515,300299.SZ,sell,5200.0,7.126435,37057.462,11.117238599999999,18.528731,18.538000000000466,41775.66561238099
20230512,20230515,300502.SZ,sell,1300.0,32.482032648061015,42226.64244247932,12.667992732743796,21.113321221239662,21.12388316281431,83968.52674090632
20230512,20230515,301183.SZ,sell,1200.0,30.858716646754285,37030.45997610514,11.109137992831542,18.51522998805257,18.524492234166246,120969.36234903059
20230512,20230515,603019.SH,sell,800.0,45.09573186341798,36076.58549073438,10.822975647220314,18.03829274536719,18.04731640357204,157017.08657137238
20230512,20230515,688256.SH,sell,200.0,199.9,39980.0,11.994,19.990000000000002,20.0,196965.10257137238
20230512,20230515,300002.SZ,buy,3500.0,11.146879013690878,39014.07654791807,11.70422296437542,0.0,19.497289629136503,157939.32180048994
20230512,20230515,600629.SH,buy,4500.0,8.590113418640843,38655.5103838838,11.596653115165138,0.0,19.318096143870207,119272.21476349098
20230512,20230515,601595.SH,buy,1200.0,32.232510525282656,38679.01263033919,11.603703789101756,0.0,19.329841394464893,80581.5984293627
20230512,20230515,601858.SH,buy,900.0,40.81334897278086,36732.014075502775,11.019604222650832,0.0,18.356828623444017,43838.56474963727
20230512,20230515,688525.SH,buy,500.0,66.463215,33231.607500000006,9.96948225,0.0,16.60750000000553,10596.987767387262
20230519,20230522,300002.SZ,sell,3500.0,11.086594997011282,38803.08248953949,11.640924746861847,19.401541244769746,19.41124686819967,49369.02779093512
20230519,20230522,600629.SH,sell,4500.0,7.704304776990028,34669.371496455125,10.400811448936537,17.334685748227564,17.34335742694384,84010.6637901931
20230519,20230522,601595.SH,sell,1200.0,29.79935166457286,35759.22199748743,10.727766599246229,17.879610998743715,17.88855527638225,119741.27841008254
20230519,20230522,601858.SH,sell,900.0,36.31938323509016,32687.44491158114,9.806233473474341,16.34372245579057,16.351898404991516,152402.57336573442
20230519,20230522,688525.SH,sell,500.0,81.83906,40919.53,12.275858999999999,20.459765,20.470000000001164,193289.36774173443
20230519,20230522,300364.SZ,buy,2000.0,18.709349999999997,37418.7,11.225609999999998,0.0,18.69999999999709,155859.44213173442
20230519,20230522,300426.SZ,buy,2900.0,12.996495,37689.8355,11.30695065,0.0,18.835500000001048,118158.29968108442
20230519,20230522,300654.SZ,buy,2600.0,14.574746606272576,37894.3411763087,11.36830235289261,0.0,18.937701737282623,80252.59020242283
20230519,20230522,600088.SH,buy,2500.0,14.920323999557818,37300.80999889455,11.190242999668364,0.0,18.641084457216493,42940.58996052861
20230519,20230522,601949.SH,buy,3100.0,12.312935836256308,38170.10109239456,11.451030327718366,0.0,19.075512789808272,4759.037837806332
20230526,20230529,300364.SZ,sell,2000.0,18.340825000000002,36681.65,11.004495,18.340825000000002,18.349999999998545,41411.34251780633
20230526,20230529,300426.SZ,sell,2900.0,12.813590000000001,37159.41100000001,11.1478233,18.579705500000003,18.588999999992666,78541.02598900633
20230526,20230529,300654.SZ,sell,2600.0,15.837040536666477,41176.30539533284,12.352891618599852,20.58815269766642,20.598451923622633,119684.39034002292
20230526,20230529,600088.SH,sell,2500.0,13.928987140725186,34822.467851812966,10.44674035554389,17.411233925906483,17.41994389784668,154479.00021755442
20230526,20230529,002351.SZ,buy,2200.0,16.71722318998259,36777.8910179617,11.03336730538851,0.0,18.37975563116197,117690.07583228733
20230526,20230529,300288.SZ,buy,1600.0,22.883387195121948,36613.41951219512,10.984025853658535,0.0,18.297560975610395,81065.67229423855
20230526,20230529,300882.SZ,buy,1800.0,20.22068381029527,36397.23085853149,10.919169257559446,0.0,18.189520668929617,44657.5222664495
20230526,20230529,601949.SH,buy,300.0,11.02835597698691,3308.506793096073,5.0,0.0,1.6534266832063622,41344.01547335343
20230526,20230529,603322.SH,buy,1200.0,31.315649999999998,37578.78,11.273634,0.0,18.779999999998836,3753.961839353433
20230602,20230605,002351.SZ,sell,2200.0,17.664173464946987,38861.18162288337,11.65835448686501,19.430590811441686,19.440310966929246,42584.0545169385
20230602,20230605,300288.SZ,sell,1600.0,24.36996390861377,38991.94225378203,11.697582676134607,19.495971126891014,19.50572398888471,81544.8032169175
20230602,20230605,300882.SZ,sell,1800.0,20.08766736869611,36157.801263653,10.847340379095899,18.0789006318265,18.087944604129007,117673.67823955957
20230602,20230605,601949.SH,sell,3400.0,11.923610026520661,40540.27409017025,12.162082227051073,20.270137045085125,20.280277183672297,158181.52011045767
20230602,20230605,603322.SH,sell,1200.0,31.944020000000002,38332.824,11.4998472,19.166412,19.175999999999476,196483.67785125767
20230602,20230605,002546.SZ,buy,7000.0,5.604486190988363,39231.40333691854,11.769421001075562,0.0,19.60589871909906,157240.50509333806
20230602,20230605,300533.SZ,buy,900.0,42.512270617949795,38261.043556154815,11.478313066846443,0.0,19.12096129742713,118967.9832241164
20230602,20230605,301083.SZ,buy,1900.0,20.48797960384389,38927.16124730339,11.678148374191016,0.0,19.45385369680298,80029.14382843881
20230602,20230605,688416.SH,buy,400.0,80.54025,32216.1,9.664829999999998,0.0,16.099999999998545,47803.37899843881
20230602,20230605,920305.BJ,buy,1900.0,19.8099,37638.81,11.291642999999999,0.0,18.80999999999767,10153.277355438819
20230609,20230612,002546.SZ,sell,7000.0,5.532681479390927,38728.77035573649,11.618631106720946,19.364385177868243,19.374072213977342,48851.064694890716
20230609,20230612,300533.SZ,sell,900.0,46.161198940331964,41545.079046298764,12.463523713889629,20.772539523149383,20.782930988643784,90362.90767795245
20230609,20230612,301083.SZ,sell,1900.0,20.615104040007843,39168.697676014905,11.75060930280447,19.584348838007454,19.594145910959924,129500.27039582655
20230609,20230612,688416.SH,sell,400.0,81.7591,32703.640000000003,9.811092,16.351820000000004,16.359999999996944,162177.74748382656
20230609,20230612,920305.BJ,sell,1900.0,23.978005,45558.2095,13.667462849999998,22.77910475,22.790500000002794,207699.51041622658
20230609,20230612,001337.SZ,buy,1300.0,31.663945237401684,41163.12880862219,12.348938642586656,0.0,20.5712787649245,166524.0326689618
20230609,20230612,002315.SZ,buy,1100.0,36.31986778060709,39951.8545586678,11.985556367600338,0.0,19.965944307179598,126560.19255392639
20230609,20230612,301205.SZ,buy,300.0,110.97662240663898,33292.98672199169,9.987896016597507,0.0,16.6381742738522,93257.2179359181
20230609,20230612,688088.SH,buy,900.0,45.195449063400574,40675.90415706052,12.202771247118154,0.0,20.32778818444058,52569.11100761047
20230609,20230612,688322.SH,buy,800.0,46.82339999999999,37458.719999999994,11.237615999999997,0.0,18.719999999993888,15099.153391610475
20230616,20230619,001337.SZ,sell,1300.0,31.24177492960482,40614.30740848627,12.18429222254588,20.307153704243134,20.31731236041378,55680.96935416995
20230616,20230619,002315.SZ,sell,1100.0,38.28548160800726,42114.02976880799,12.634208930642396,21.057014884403994,21.0675486587279,97761.3078991629
20230616,20230619,301205.SZ,sell,300.0,124.4799142461964,37343.97427385892,11.203192282157675,18.67198713692946,18.681327800826693,135075.40699360275
20230616,20230619,688088.SH,sell,900.0,46.86992507204611,42182.932564841496,12.654879769452448,21.091466282420747,21.10201729106484,177224.59321239236
20230616,20230619,688322.SH,sell,800.0,49.5752,39660.16,11.898048,19.830080000000002,19.839999999996508,216853.02508439234
20230616,20230619,002229.SZ,buy,1200.0,35.687835,42825.402,12.847620599999999,0.0,21.402000000001863,174014.77546379235
20230616,20230619,300788.SZ,buy,1100.0,37.32305011429094,41055.35512572004,12.31660653771601,0.0,20.51741885343654,132947.1037315346
20230616,20230619,301052.SZ,buy,1000.0,41.071391377404375,41071.391377404376,12.321417413221312,0.0,20.52543297221564,91863.39093671698
20230616,20230619,603196.SH,buy,2100.0,20.575000857908847,43207.50180160858,12.962250540482573,0.0,21.592954423591436,48642.92688456792
20230616,20230619,920305.BJ,buy,2000.0,21.4107,42821.399999999994,12.846419999999997,0.0,21.39999999999418,5808.680464567922
20230621,20230626,002229.SZ,sell,1200.0,36.371805,43646.166000000005,13.093849800000001,21.823083000000004,21.833999999995285,49419.92953176792
20230621,20230626,300788.SZ,sell,1100.0,32.9924102358965,36291.65125948615,10.887495377845843,18.145825629743076,18.1549030812821,85682.54747024649
20230621,20230626,603196.SH,sell,2100.0,20.62421356568365,43310.84848793566,12.993254546380697,21.655424243967833,21.666257372657128,128958.7472793918
20230621,20230626,920305.BJ,sell,2000.0,20.7896,41579.2,12.473759999999999,20.7896,20.80000000000291,170504.6839193918
20230621,20230626,301052.SZ,buy,100.0,37.28109714791068,3728.1097147910677,5.0,0.0,1.8631232957473003,166771.57420460074
20230621,20230626,301085.SZ,buy,500.0,74.05285972116118,37026.42986058059,11.107928958174176,0.0,18.503962948809203,129734.03641506197
20230621,20230626,601858.SH,buy,1200.0,34.6612886962552,41593.546435506236,12.478063930651869,0.0,20.786380027733685,88128.01191562507
20230621,20230626,601900.SH,buy,2000.0,19.986248920945023,39972.49784189004,11.991749352567012,0.0,19.976260790543165,48143.522324382466
20230621,20230626,603918.SH,buy,1300.0,29.907438721836236,38879.670338387106,11.663901101516132,0.0,19.430120109136624,9252.188084893845
20230630,20230703,301052.SZ,sell,1100.0,37.74672998747144,41521.402986218585,12.456420895865575,20.760701493109295,20.771087036620884,50740.37394872345
20230630,20230703,301085.SZ,sell,500.0,72.38224951776165,36191.124758880826,10.857337427664246,18.095562379440413,18.104614686781133,86902.54580779717
20230630,20230703,601858.SH,sell,1200.0,32.564846740638,39077.816088765605,11.723344826629681,19.538908044382804,19.548682385575376,125949.09964369176
20230630,20230703,601900.SH,sell,2000.0,18.74936665152204,37498.73330304408,11.249619990913223,18.74936665152204,18.758746024526772,163417.8339600934
20230630,20230703,300624.SZ,buy,400.0,82.89857142857143,33159.42857142857,9.947828571428571,0.0,16.571428571427532,130248.4575600934
20230630,20230703,603083.SH,buy,600.0,61.40726775226909,36844.36065136146,11.053308195408436,0.0,18.41297383876372,93393.04360053653
20230630,20230703,603322.SH,buy,1300.0,29.29464,38083.032,11.4249096,0.0,19.031999999999243,55298.586690936536
20230630,20230703,603918.SH,buy,100.0,27.390192429186236,2739.0192429186236,5.0,0.0,1.3688252088545596,52554.567448017915
20230630,20230703,920808.BJ,buy,600.0,59.81557008699661,35889.342052197964,10.766802615659389,0.0,17.9357031745094,16654.45859320429
20230707,20230710,300624.SZ,sell,400.0,77.55406071428571,31021.624285714286,9.306487285714285,15.510812142857143,15.518571428568976,47651.265579490006
20230707,20230710,603083.SH,sell,600.0,61.187579195586416,36712.54751735185,11.013764255205555,18.356273758675925,18.365456486921175,84334.44305882798
20230707,20230710,603322.SH,sell,1300.0,30.404790000000002,39526.227,11.8578681,19.7631135,19.773000000001048,123829.04907722797
20230707,20230710,603918.SH,sell,1400.0,29.036260801383932,40650.765121937504,12.19522953658125,20.32538256096875,20.335550336130837,164447.29358706792
20230707,20230710,300025.SZ,buy,3100.0,12.566279999999999,38955.46799999999,11.686640399999996,0.0,19.46799999999348,125480.13894666792
20230707,20230710,300678.SZ,buy,800.0,43.925713144358106,35140.570515486485,10.542171154645944,0.0,17.56150450548739,90329.02626002679
20230707,20230710,301368.SZ,buy,600.0,57.79440205929168,34676.64123557501,10.402992370672502,0.0,17.329655789893877,55641.98203208111
20230707,20230710,603767.SH,buy,3200.0,12.163384789871637,38922.831327589236,11.67684939827677,0.0,19.451689818881277,16707.4738550936
20230707,20230710,920808.BJ,buy,100.0,50.86317309730945,5086.3173097309445,5.0,0.0,2.541887711009622,11616.156545362657
20230714,20230717,300025.SZ,sell,3100.0,12.913540000000001,40031.974,12.0095922,20.015987000000003,20.02599999999802,51616.10496616266
20230714,20230717,300678.SZ,sell,800.0,45.84428757797966,36675.430062383726,11.002629018715117,18.337715031191863,18.346888475425658,88262.19468449647
20230714,20230717,301368.SZ,sell,600.0,53.81114304615996,32286.68582769598,9.686005748308792,16.14334291384799,16.151418623154314,120523.0511635303
20230714,20230717,603767.SH,sell,3200.0,12.491189883359711,39971.80762675108,11.991542288025322,19.98590381337554,19.995901764254086,160462.88134417997
20230714,20230717,920808.BJ,sell,700.0,59.556598461715744,41689.61892320102,12.506885676960305,20.844809461600512,20.85523708013352,202119.14857224244
20230714,20230717,002229.SZ,buy,1300.0,30.035009999999996,39045.51299999999,11.713653899999997,0.0,19.512999999991735,163061.92191834244
20230714,20230717,300549.SZ,buy,1500.0,25.833409994900563,38750.11499235084,11.625034497705252,0.0,19.36537480876723,124300.18189149389
20230714,20230717,301007.SZ,buy,2200.0,18.1945724286949,40028.059343128785,12.008417802938634,0.0,20.004027657734696,84260.11413056217
20230714,20230717,301183.SZ,buy,600.0,59.976209677419355,35985.72580645161,10.795717741935484,0.0,17.983870967742405,48263.59260636862
20230714,20230717,301255.SZ,buy,1000.0,37.857528386518,37857.528386517995,11.357258515955397,0.0,18.91930454098474,10394.706961334668
20230721,20230724,002229.SZ,sell,1300.0,27.68615,35991.995,10.7975985,17.9959975,18.00499999999738,46357.90836533467
20230721,20230724,300549.SZ,sell,1500.0,22.81153600203978,34217.30400305967,10.265191200917899,17.108652001529833,17.117210606833396,80547.83852519188
20230721,20230724,301007.SZ,sell,2200.0,15.60904550561798,34339.90011235955,10.301970033707864,17.169950056179776,17.178539325839665,114860.26671746155
20230721,20230724,301183.SZ,sell,600.0,54.53265631222621,32719.593787335725,9.815878136200716,16.359796893667863,16.367980884107965,147553.68482976742
20230721,20230724,301255.SZ,sell,1000.0,33.2541578879918,33254.1578879918,9.976247366397539,16.6270789439959,16.635396642312116,180781.23939144882
20230721,20230724,002590.SZ,buy,3100.0,11.454580844980937,35509.200619440904,10.652760185832271,0.0,17.745727445995726,145261.3860118221
20230721,20230724,002893.SZ,buy,2700.0,13.124575649516045,35436.354253693324,10.630906276107996,0.0,17.709322465612786,109814.40085185267
20230721,20230724,300308.SZ,buy,300.0,92.8501010051394,27855.030301541818,8.356509090462545,0.0,13.920554873333458,81951.01404122039
20230721,20230724,300475.SZ,buy,900.0,37.02130325715787,33319.17293144208,9.995751879432623,0.0,16.651260835307767,48621.84535789888
20230721,20230724,603629.SH,buy,1800.0,19.950662095825987,35911.191772486774,10.773357531746031,0.0,17.946622574956564,12699.880227880356
20230728,20230731,002590.SZ,sell,3100.0,11.453082538119439,35504.55586817026,10.651366760451078,17.752277934085132,17.761158513341798,48176.03245135608
20230728,20230731,002893.SZ,sell,2700.0,12.39450152261278,33465.15411105451,10.03954623331635,16.732577055527255,16.74094752928795,81614.41443912174
20230728,20230731,300308.SZ,sell,300.0,88.42444260699504,26527.332782098514,7.9581998346295535,13.263666391049258,13.270301541819208,108120.52535499458
20230728,20230731,300475.SZ,sell,900.0,34.07909937396025,30671.189436564222,9.201356830969265,15.335594718282112,15.343266351457714,138767.17784000954
20230728,20230731,603629.SH,sell,1800.0,18.733294745737805,33719.930542328046,10.115979162698412,16.85996527116402,16.86839947089902,172460.13243790373
20230728,20230731,300880.SZ,buy,1500.0,22.453249442950437,33679.87416442565,10.103962249327694,0.0,16.83152132154646,138770.15431122875
20230728,20230731,301205.SZ,buy,200.0,121.84137156846471,24368.274313692942,7.310482294107882,0.0,12.178048132780532,114394.56951524169
20230728,20230731,301255.SZ,buy,1000.0,32.94397026784569,32943.970267845696,9.883191080353708,0.0,16.463753257296048,81440.71605631564
20230728,20230731,603767.SH,buy,2900.0,11.696684174432916,33920.38410585545,10.176115231756635,0.0,16.951716194824257,47510.15583522843
20230728,20230731,920593.BJ,buy,1500.0,21.79840647623201,32697.609714348015,9.809282914304404,0.0,16.340634539901657,14802.736837966106
20230804,20230807,300880.SZ,sell,1500.0,23.758187956204377,35637.281934306564,10.691184580291969,17.818640967153282,17.827554744522786,50411.508946725226
20230804,20230807,301205.SZ,sell,200.0,124.47824979529736,24895.649959059472,7.468694987717841,12.447824979529736,12.454052005530684,75287.24238581746
20230804,20230807,301255.SZ,sell,1000.0,33.05108975180487,33051.089751804866,9.915326925541459,16.525544875902433,16.533811781788245,108311.89126582089
20230804,20230807,603767.SH,sell,2900.0,12.937997608580975,37520.19306488483,11.256057919465448,18.760096532442414,18.769481273076963,145802.06817625382
20230804,20230807,920593.BJ,sell,1500.0,23.635266632747012,35452.89994912052,10.635869984736154,17.72644997456026,17.73531763337087,181226.60580541505
20230804,20230807,300375.SZ,buy,8200.0,4.413890815611125,36193.90468801122,10.858171406403365,0.0,18.087908389810764,145021.84294599743
20230804,20230807,300844.SZ,buy,1000.0,35.2906397607036,35290.6397607036,10.587191928211078,0.0,17.636501629531267,109720.61599336562
20230804,20230807,301024.SZ,buy,1200.0,29.524755,35429.706,10.6289118,0.0,17.705999999998312,74280.28108156563
20230804,20230807,301192.SZ,buy,1500.0,23.668606821915162,35502.910232872746,10.650873069861824,0.0,17.742583824525354,38766.71997562302
20230804,20230807,603682.SH,buy,6200.0,5.801941577102803,35972.03777803738,10.791611333411213,0.0,17.97703037383326,2783.8905862522224
20230811,20230814,300375.SZ,sell,8200.0,4.143729272318299,33978.580033010054,10.193574009903015,16.989290016505027,16.997788910957752,36735.28775523587
20230811,20230814,300844.SZ,sell,1000.0,32.17105763650164,32171.057636501635,9.65131729095049,16.08552881825082,16.093575606049853,68880.6085456283
20230811,20230814,301024.SZ,sell,1200.0,29.985000000000003,35982.0,10.794599999999999,17.991,18.0,104833.8229456283
20230811,20230814,301192.SZ,sell,1500.0,24.23022108416273,36345.33162624409,10.903599487873226,18.172665813122048,18.181756691461487,141150.0783065714
20230811,20230814,603682.SH,sell,6200.0,5.501570268691589,34109.73566588785,10.232920699766353,17.054867832943923,17.06339953270799,175232.52618392656
20230811,20230814,000004.SZ,buy,2000.0,17.458724999999998,34917.45,10.475234999999998,0.0,17.44999999999709,140304.60094892656
20230811,20230814,002703.SZ,buy,2300.0,15.060562734155479,34639.2942885576,10.391788286567278,0.0,17.31099164844636,105654.91487208239
20230811,20230814,300308.SZ,buy,400.0,87.52848335379997,35011.393341519986,10.503418002455994,0.0,17.496948196654557,70633.01811255995
20230811,20230814,301398.SZ,buy,700.0,45.89864406779661,32129.050847457627,9.638715254237287,0.0,16.056497175140976,38494.328549848084
20230811,20230814,600683.SH,buy,5200.0,6.62331,34441.212,10.332363599999999,0.0,17.211999999999534,4042.7841862480855
20230818,20230821,000004.SZ,sell,2000.0,16.631680000000003,33263.36000000001,9.979008000000002,16.631680000000003,16.639999999992142,37279.53349824809
20230818,20230821,002703.SZ,sell,2300.0,17.379301631283173,39972.3937519513,11.991718125585388,19.98619687597565,19.996194973457023,77219.94933519783
20230818,20230821,300308.SZ,sell,400.0,82.90147814693532,33160.591258774126,9.948177377632238,16.580295629387063,16.588589924343978,110354.01212096494
20230818,20230821,301398.SZ,sell,700.0,47.349571374764594,33144.69996233522,9.943409988700564,16.57234998116761,16.580640301312087,143472.19632333028
20230818,20230821,600683.SH,sell,5200.0,7.156420000000001,37213.384000000005,11.164015200000001,18.606692000000002,18.61599999999453,180655.80961613028
20230818,20230821,000620.SZ,buy,20500.0,1.76088,36098.04,10.829412,0.0,18.040000000000873,144546.94020413028
20230818,20230821,000656.SZ,buy,18500.0,1.950975,36093.0375,10.827911249999998,0.0,18.037499999998545,108443.07479288027
20230818,20230821,002177.SZ,buy,7900.0,4.51755761966786,35688.7051953761,10.706611558612828,0.0,17.835434880245884,72743.66298594556
20230818,20230821,301289.SZ,buy,600.0,56.58241291190316,33949.447747141894,10.184834324142567,0.0,16.966240753194143,38784.03040447952
20230818,20230821,603106.SH,buy,5000.0,7.128979264744776,35644.89632372388,10.693468897117162,0.0,17.813541391165927,3128.440611858525
20230825,20230828,000620.SZ,sell,20500.0,1.6291849999999999,33398.292499999996,10.019487749999998,16.69914625,16.707500000004075,36500.014477858516
20230825,20230828,000656.SZ,sell,18500.0,1.9690150000000002,36426.777500000004,10.92803325,18.213388750000004,18.222499999996217,72897.65055585852
20230825,20230828,002177.SZ,sell,7900.0,5.339935283351486,42185.488738476735,12.655646621543019,21.092744369238368,21.103296017252433,115049.39090334447
20230825,20230828,301289.SZ,sell,600.0,57.40907531943511,34445.44519166106,10.333633557498318,17.222722595830533,17.231338264966325,149467.2797388522
20230825,20230828,603106.SH,sell,5000.0,10.209650621528695,51048.253107643475,15.31447593229304,25.524126553821738,25.53689500132168,200474.69424400956
20230825,20230828,001234.SZ,buy,1500.0,26.467525791855206,39701.288687782806,11.910386606334841,0.0,19.84072398189892,160761.4951696204
20230825,20230828,301141.SZ,buy,1000.0,40.00759506868615,40007.59506868615,12.002278520605843,0.0,19.9938006340235,120741.89782241365
20230825,20230828,301281.SZ,buy,800.0,46.24247304003335,36993.978432026684,11.098193529608004,0.0,18.487745343343704,83736.82119685736
20230825,20230828,301398.SZ,buy,900.0,42.75432316384181,38478.89084745763,11.543667254237288,0.0,19.22983050847688,45246.386682145494
20230825,20230828,603569.SH,buy,3100.0,12.722299118433853,39439.12726714494,11.831738180143482,0.0,19.70970877918444,5795.427676820407
20230901,20230904,001234.SZ,sell,1500.0,24.70351536651584,37055.273049773765,11.116581914932128,18.527636524886884,18.536904977372615,42821.056508154354
20230901,20230904,301141.SZ,sell,1000.0,40.27189343078548,40271.89343078548,12.081568029235642,20.13594671539274,20.1460197252527,83060.7324241952
20230901,20230904,301281.SZ,sell,800.0,42.38503819154851,33908.03055323881,10.172409165971642,16.954015276619405,16.962496524880407,116941.63655299142
20230901,20230904,301398.SZ,sell,900.0,50.17452354048965,45157.071186440684,13.547121355932203,22.57853559322034,22.589830508470186,162062.58208248293
20230901,20230904,603569.SH,sell,3100.0,13.326553234435798,41312.31502675097,12.39369450802529,20.656157513375486,20.666490758754662,203341.8472572125
20230901,20230904,300169.SZ,buy,4800.0,8.354175,40100.04,12.030012,0.0,20.040000000000873,163229.7772452125
20230901,20230904,300457.SZ,buy,1800.0,22.401251169615513,40322.252105307925,12.096675631592376,0.0,20.15105052738363,122895.42846427298
20230901,20230904,301159.SZ,buy,700.0,54.286968997715306,38000.87829840071,11.400263489520214,0.0,18.99094367735961,84883.14990238275
20230901,20230904,301218.SZ,buy,800.0,50.16213054343515,40129.70443474812,12.038911330424435,0.0,20.054824804974487,44741.4065563042
20230901,20230904,603106.SH,buy,5100.0,7.866803692144933,40120.69882993916,12.036209648981746,0.0,20.050324252842984,4608.671516716058
20230908,20230911,300169.SZ,sell,4800.0,7.406295000000001,35550.21600000001,10.665064800000001,17.775108000000003,17.783999999992375,40130.447343916065
20230908,20230911,300457.SZ,sell,1800.0,19.290086436713167,34722.1555860837,10.41664667582511,17.36107779304185,17.369762674374215,74824.8252055309
20230908,20230911,301159.SZ,sell,700.0,49.38303428528857,34568.123999702,10.370437199910599,17.284061999851,17.292708354027127,109365.29470603314
20230908,20230911,301218.SZ,sell,800.0,46.83363876768478,37466.91101414782,11.240073304244346,18.733455507073913,18.742826920533844,146802.23219136964
20230908,20230911,603106.SH,sell,5100.0,7.3210665432425275,37337.43937053689,11.201231811161067,18.668719685268446,18.67805871462042,184109.8016104101
20230908,20230911,300844.SZ,buy,1200.0,28.479789276306978,34175.74713156837,10.25272413947051,0.0,17.079333898829645,149923.80175470226
20230908,20230911,301228.SZ,buy,1800.0,20.020005,36036.009000000005,10.8108027,0.0,18.00900000000547,113876.98195200226
20230908,20230911,600257.SH,buy,4800.0,7.66383,36786.384,11.035915199999998,0.0,18.383999999998196,77079.56203680226
20230908,20230911,600272.SH,buy,2900.0,12.340905830769229,35788.62690923076,10.736588072769228,0.0,17.88537076922512,41280.198539498735
20230908,20230911,600322.SH,buy,13000.0,2.831415,36808.395,11.042518499999998,0.0,18.3949999999968,4460.76102099874
20230915,20230918,300844.SZ,sell,1200.0,28.180018750837093,33816.02250100451,10.144806750301353,16.908011250502256,16.916469485244306,38249.730704002446
20230915,20230918,301228.SZ,sell,1800.0,19.51024,35118.432,10.535529599999998,17.559216,17.5679999999993,73340.06795840245
20230915,20230918,600257.SH,sell,4800.0,7.436280000000001,35694.14400000001,10.708243200000002,17.847072000000004,17.85599999999249,109005.65664320246
20230915,20230918,600272.SH,sell,2900.0,12.72498816923077,36902.46569076923,11.07073970723077,18.451232845384617,18.46046307691722,145878.60036141908
20230915,20230918,600322.SH,sell,13000.0,2.628685,34172.905,10.251871499999998,17.0864525,17.095000000001164,180024.1670374191
20230915,20230918,300503.SZ,buy,2100.0,16.61133382702576,34883.8010367541,10.465140311026229,0.0,17.433183926412312,145129.90086035398
20230915,20230918,300936.SZ,buy,900.0,36.87312779788551,33185.81501809696,9.955744505429088,0.0,16.584615201449196,111934.1300977516
20230915,20230918,301218.SZ,buy,800.0,42.89066640222134,34312.53312177707,10.293759936533121,0.0,17.147692714526784,77611.30321603798
20230915,20230918,301255.SZ,buy,1000.0,34.07247648340381,34072.476483403814,10.221742945021143,0.0,17.02772437951353,43528.60498968914
20230915,20230918,603220.SH,buy,1900.0,18.079190540836432,34350.46202758922,10.305138608276765,0.0,17.16664768994815,9167.837823491645
20230922,20230925,300503.SZ,sell,2100.0,16.95375141286978,35602.87796702654,10.680863390107962,17.801438983513272,17.81034415558679,44742.233488144564
20230922,20230925,300936.SZ,sell,900.0,36.592324268978,32933.0918420802,9.879927552624059,16.466545921040098,16.474783312696673,77648.9788567511
20230922,20230925,301218.SZ,sell,800.0,41.60222167129446,33281.777337035564,9.984533201110668,16.640888668517782,16.649213275159127,110904.13077191703
20230922,20230925,301255.SZ,sell,1000.0,35.41788389081122,35417.883890811216,10.625365167243364,17.70894194540561,17.71780084583588,146293.6803556156
20230922,20230925,603220.SH,sell,1900.0,20.531601919567915,39010.04364717904,11.703013094153711,19.50502182358952,19.51477921319747,185272.51596787688
20230922,20230925,000826.SZ,buy,10500.0,3.50175,36768.375,11.030512499999999,0.0,18.375,148493.11045537688
20230922,20230925,001268.SZ,buy,1200.0,29.04248428217822,34850.98113861386,10.455294341584157,0.0,17.416782178217545,113631.67402242144
20230922,20230925,600189.SH,buy,4100.0,8.92446,36590.286,10.9770858,0.0,18.286000000000058,77030.41093662145
20230922,20230925,600895.SH,buy,1700.0,21.323303103693178,36249.615276278404,10.87488458288352,0.0,18.115749763259373,40769.92077576017
20230922,20230925,605365.SH,buy,2200.0,16.408273994638062,36098.20278820374,10.82946083646112,0.0,18.040081353421556,4660.888526719973
20230928,20231009,000826.SZ,sell,10500.0,3.4082950000000003,35787.0975,10.73612925,17.89354875,17.902499999996508,40419.35634871998
20230928,20231009,001268.SZ,sell,1200.0,29.302915470297034,35163.49856435644,10.549049569306932,17.581749282178222,17.59054455444857,75554.72411422493
20230928,20231009,600189.SH,sell,4100.0,8.51574,34914.534,10.4743602,17.457267,17.46600000000035,110441.32648702493
20230928,20231009,600895.SH,sell,1700.0,22.381814857954545,38049.085258522726,11.414725577556817,19.02454262926136,19.034059659090417,148459.97247734084
20230928,20231009,605365.SH,sell,2200.0,15.859423259683828,34890.73117130442,10.467219351391325,17.44536558565221,17.454092631967796,183322.79106370822
20230928,20231009,000752.SZ,buy,3600.0,9.98499,35945.964,10.7837892,0.0,17.963999999999942,147366.0432745082
20230928,20231009,002654.SZ,buy,3200.0,11.36568,36370.176,10.911052799999998,0.0,18.175999999999476,110984.95622170821
20230928,20231009,300045.SZ,buy,1300.0,26.51325,34467.225,10.340167499999998,0.0,17.224999999998545,76507.39105420822
20230928,20231009,600589.SH,buy,8900.0,4.079121875,36304.184687500005,10.89125540625,0.0,18.143020833340415,40192.31511130196
20230928,20231009,603326.SH,buy,3900.0,9.413390311804008,36712.22221603563,11.013666664810689,0.0,18.346937639194948,3469.0792286015203
20231013,20231016,002654.SZ,sell,3200.0,14.952520000000002,47848.064000000006,14.3544192,23.924032000000004,23.935999999994237,51278.864777401526
20231013,20231016,300045.SZ,sell,1300.0,32.06396,41683.148,12.5049444,20.841574,20.851999999998952,92928.66625900153
20231013,20231016,600589.SH,sell,8900.0,4.921704583333334,43803.17079166667,13.1409512375,21.901585395833337,21.91254166665749,136696.79451403487
20231013,20231016,603326.SH,sell,3900.0,9.324956570155901,36367.33062360802,10.910199187082403,18.18366531180401,18.192761692647764,173035.031273144
20231013,20231016,000752.SZ,buy,1100.0,8.54427,9398.696999999998,5.0,0.0,4.697000000000116,163631.33427314402
20231013,20231016,300169.SZ,buy,5900.0,6.90345,40730.355,12.2191065,0.0,20.3550000000032,122888.76016664402
20231013,20231016,300780.SZ,buy,1600.0,25.562775,40900.439999999995,12.270131999999997,0.0,20.439999999995052,81976.05003464402
20231013,20231016,600545.SH,buy,14500.0,2.8013999999999997,40620.299999999996,12.186089999999998,0.0,20.299999999995634,41343.563944644025
20231013,20231016,920174.BJ,buy,3500.0,11.588452756878159,40559.58464907356,12.167875394722065,0.0,20.269657495788124,771.8114201757489
20231020,20231023,000752.SZ,sell,4700.0,7.726135000000001,36312.834500000004,10.893850350000001,18.156417250000004,18.165499999995518,37055.59565257575
20231020,20231023,300169.SZ,sell,5900.0,7.7961,45996.99,13.799096999999998,22.998495,23.010000000002037,83015.78806057575
20231020,20231023,300780.SZ,sell,1600.0,22.408790000000003,35854.064000000006,10.7562192,17.927032000000004,17.935999999994237,118841.16880937575
20231020,20231023,600545.SH,sell,14500.0,2.5987,37681.15,11.304345,18.840575,18.849999999998545,156492.17388937576
20231020,20231023,920174.BJ,sell,3500.0,10.740106525627658,37590.3728396968,11.277111851909039,18.7951864198484,18.804588714207057,194052.4744308008
20231020,20231023,000536.SZ,buy,10100.0,3.8419199999999996,38803.39199999999,11.641017599999996,0.0,19.39199999999255,155237.4414132008
20231020,20231023,300045.SZ,buy,1500.0,25.002494999999996,37503.74249999999,11.251122749999997,0.0,18.742499999993015,117722.44779045082
20231020,20231023,300255.SZ,buy,2900.0,13.06653,37892.937,11.367881099999998,0.0,18.93699999999808,79818.14290935083
20231020,20231023,300735.SZ,buy,2200.0,17.31550421624798,38094.109275745555,11.428232782723665,0.0,19.037535869938438,41712.605400822555
20231020,20231023,600589.SH,buy,10900.0,3.5405193749999997,38591.661187499994,11.577498356249997,0.0,19.286187499994412,3109.366714966309
20231027,20231030,000536.SZ,sell,10100.0,3.85807,38966.507,11.689952099999998,19.4832535,19.493000000002212,42044.7005093663
20231027,20231030,300045.SZ,sell,1500.0,28.035975,42053.9625,12.61618875,21.026981250000002,21.037499999998545,84065.01983936632
20231027,20231030,300255.SZ,sell,2900.0,12.893550000000001,37391.295000000006,11.2173885,18.695647500000003,18.70499999999447,121426.40180336632
20231027,20231030,300735.SZ,sell,2200.0,27.346414952744727,60162.1128960384,18.048633868811518,30.0810564480192,30.0961045002623,181540.38500908788
20231027,20231030,600589.SH,sell,10900.0,3.8139254166666667,41571.78704166667,12.4715361125,20.785893520833337,20.79629166666564,223078.91462112122
20231027,20231030,000752.SZ,buy,6600.0,6.773384999999999,44704.34099999999,13.411302299999997,0.0,22.340999999993073,178361.16231882124
20231027,20231030,002855.SZ,buy,1300.0,33.696839999999995,43805.89199999999,13.141767599999996,0.0,21.89199999999255,134542.12855122125
20231027,20231030,300313.SZ,buy,4100.0,10.74537,44056.017,13.216805099999998,0.0,22.016999999999825,90472.89474612125
20231027,20231030,600155.SH,buy,4800.0,9.114555,43749.863999999994,13.124959199999997,0.0,21.86399999999412,46709.905786921256
20231027,20231030,603353.SH,buy,1800.0,24.42586612891763,43966.55903205174,13.18996770961552,0.0,21.97229336934106,2730.1567871599036
20231103,20231106,000752.SZ,sell,6600.0,7.5962000000000005,50134.920000000006,15.040476,25.067460000000004,25.07999999999447,52824.96885115991
20231103,20231106,300313.SZ,sell,4100.0,13.143425,53888.0425,16.16641275,26.944021250000002,26.9574999999968,106669.90091715992
20231103,20231106,600155.SH,sell,4800.0,9.805095000000001,47064.456000000006,14.119336800000001,23.532228000000003,23.543999999994412,153696.70535235992
20231103,20231106,603353.SH,sell,1800.0,27.00544439982944,48609.79991969299,14.582939975907895,24.304899959846495,24.317058489090414,202267.61743211714
20231103,20231106,002855.SZ,buy,200.0,31.285635,6257.1269999999995,5.0,0.0,3.126999999999498,196005.49043211713
20231103,20231106,300255.SZ,buy,4200.0,11.415704999999999,47945.960999999996,14.383788299999997,0.0,23.960999999995693,148045.14564381714
20231103,20231106,300342.SZ,buy,2800.0,16.864660039012577,47221.04810923521,14.166314432770562,0.0,23.598724692266842,100809.93122014916
20231103,20231106,603220.SH,buy,1700.0,28.26014885044887,48042.25304576308,14.412675913728922,0.0,24.00912196189165,52753.26549847235
20231103,20231106,688166.SH,buy,1300.0,35.560039175257735,46228.05092783506,13.868415278350517,0.0,23.102474226805498,6511.346155358937
20231110,20231113,002855.SZ,sell,1500.0,32.7836,49175.4,14.752619999999999,24.5877,24.59999999999127,55647.40583535894
20231110,20231113,300255.SZ,sell,4200.0,12.09395,50794.59,15.238376999999998,25.397295,25.410000000003492,106401.36016335894
20231110,20231113,300342.SZ,sell,2800.0,17.065322400843034,47782.90272236049,14.334870816708147,23.89145136118025,23.90340306271537,154146.03656354154
20231110,20231113,603220.SH,sell,1700.0,31.15087177578279,52956.48201883074,15.886944605649221,26.47824100941537,26.49148675279139,207060.1533967572
20231110,20231113,688166.SH,sell,1300.0,32.85767192930781,42714.973508100156,12.814492052430046,21.35748675405008,21.368170839465165,249740.95492605088
20231110,20231113,300313.SZ,buy,4500.0,11.035514999999998,49659.81749999999,14.897945249999996,0.0,24.817499999990105,200066.2394808009
20231110,20231113,300735.SZ,buy,2000.0,24.9351095783752,49870.219156750405,14.96106574702512,0.0,24.922648254250817,150181.05925830346
20231110,20231113,600186.SH,buy,7300.0,6.843419999999999,49956.96599999999,14.987089799999996,0.0,24.965999999993073,100209.10616850347
20231110,20231113,601127.SH,buy,600.0,79.60026150370933,47760.1569022256,14.32804707066768,0.0,23.86814437891735,52434.6212192072
20231110,20231113,603266.SH,buy,1500.0,31.403080099867474,47104.62014980121,14.131386044940362,0.0,23.540539804998843,5315.869683361052
20231117,20231120,300313.SZ,sell,4500.0,12.57371,56581.695,16.9745085,28.2908475,28.30500000000029,61852.29932736105
20231117,20231120,300735.SZ,sell,2000.0,26.123408917291027,52246.817834582056,15.674045350374616,26.12340891729103,26.136477155865578,114057.31970767543
20231117,20231120,600186.SH,sell,7300.0,7.09645,51804.085,15.541225499999998,25.9020425,25.915000000000873,165819.96143967542
20231117,20231120,601127.SH,sell,600.0,82.19740080844588,49318.44048506753,14.795532145520257,24.659220242533763,24.671556020541175,215098.9471723549
20231117,20231120,603266.SH,sell,1500.0,32.685793002177206,49028.68950326581,14.708606850979741,24.514344751632905,24.5266080556612,264088.4137240181
20231117,20231120,002855.SZ,buy,1600.0,32.79639,52474.224,15.742267199999999,0.0,26.22400000000198,211598.44745681807
20231117,20231120,300606.SZ,buy,1400.0,36.875104018615176,51625.14562606125,15.487543687818373,0.0,25.799672976536385,159957.81428706902
20231117,20231120,600589.SH,buy,16800.0,3.128646875,52561.267499999994,15.768380249999996,0.0,26.26749999999447,107380.77840681902
20231117,20231120,603929.SH,buy,2300.0,22.961228406717353,52810.82533544991,15.843247600634971,0.0,26.392216559441295,54554.10982376848
20231117,20231120,688260.SH,buy,1500.0,33.306644999999996,49959.96749999999,14.987990249999996,0.0,24.96749999999156,4579.154333518483
20231124,20231127,002855.SZ,sell,1600.0,30.72463,49159.408,14.7478224,24.579704000000003,24.591999999996915,53699.23480711848
20231124,20231127,300606.SZ,sell,1400.0,32.533885287088864,45547.439401924414,13.664231820577323,22.773719700962207,22.785112257079163,99210.23625752135
20231124,20231127,600589.SH,sell,16800.0,3.544893333333334,59554.208000000006,17.8662624,29.777104000000005,29.791999999994005,158716.80089112135
20231124,20231127,603929.SH,sell,2300.0,21.109733946027237,48552.38807586265,14.565716422758793,24.276194037931326,24.28833820703585,207230.34705652331
20231124,20231127,688260.SH,sell,1500.0,31.854065000000002,47781.0975,14.33432925,23.89054875,23.902499999996508,254973.2196785233
20231124,20231127,300554.SZ,buy,1700.0,28.405119464188083,48288.70308911974,14.486610926735922,0.0,24.1322854018581,206670.0299784768
20231124,20231127,301128.SZ,buy,1500.0,32.37870397792287,48568.055966884305,14.57041679006529,0.0,24.271892037431826,158087.40359480245
20231124,20231127,603037.SH,buy,4600.0,11.092643296475464,51026.15916378713,15.307847749136139,0.0,25.500329417176545,107045.93658326619
20231124,20231127,603496.SH,buy,1400.0,35.770905490347225,50079.26768648611,15.023780305945833,0.0,25.027120283099066,56951.64511647413
20231124,20231127,603528.SH,buy,4800.0,10.528737857886927,50537.94171785725,15.161382515357174,0.0,25.25634268757858,6398.542016101528
20231201,20231204,300554.SZ,sell,1700.0,27.570232044833247,46869.39447621652,14.060818342864955,23.43469723810826,23.446420448330173,53230.440976737074
20231201,20231204,301128.SZ,sell,1500.0,32.638501958672684,48957.75293800903,14.687325881402707,24.478876469004515,24.491122030012775,102149.0277123957
20231201,20231204,603037.SH,sell,4600.0,11.39248105275282,52405.412842662976,15.721623852798892,26.202706421331488,26.215814328490524,154512.51622478454
20231201,20231204,603496.SH,sell,1400.0,37.84659402263411,52985.23163168775,15.895569489506324,26.492615815843873,26.505868750216905,207455.35967116695
20231201,20231204,603528.SH,sell,4800.0,10.30963789261025,49486.261884529195,14.845878565358756,24.7431309422646,24.755508696609468,256902.0325461885
20231201,20231204,300255.SZ,buy,4000.0,12.556275,50225.1,15.067529999999998,0.0,25.099999999998545,206661.8650161885
20231201,20231204,600520.SH,buy,1500.0,32.83641,49254.615,14.776384499999999,0.0,24.614999999997963,157392.4736316885
20231201,20231204,603266.SH,buy,1700.0,29.7440864965922,50564.94704420674,15.16948411326202,0.0,25.2698386027987,106812.3571033685
20231201,20231204,920146.BJ,buy,10600.0,4.82241,51117.545999999995,15.335263799999996,0.0,25.54599999999482,55679.475839568506
20231201,20231204,920541.BJ,buy,8500.0,6.030754832024153,51261.4160722053,15.378424821661588,0.0,25.61789908655919,4402.681342541546
20231208,20231211,300255.SZ,sell,4000.0,14.102945,56411.78,16.923533999999997,28.20589,28.220000000001164,60769.331918541546
20231208,20231211,603266.SH,sell,1700.0,27.164610445853842,46179.83775795153,13.853951327385458,23.089918878975766,23.10146961378632,106912.2258062867
20231208,20231211,920146.BJ,sell,10600.0,5.5972,59330.32,17.799096,29.66516,29.679999999993015,166195.0815502867
20231208,20231211,920541.BJ,sell,8500.0,6.856713213161732,58282.062311874724,17.484618693562417,29.141031155937362,29.155608960412792,224430.51821231193
20231208,20231211,000628.SZ,buy,900.0,57.532100237841895,51778.890214057705,15.53366706421731,0.0,25.876506853601313,172636.09433119
20231208,20231211,300135.SZ,buy,15200.0,3.4932574777687955,53097.513662085694,15.929254098625707,0.0,26.53548908650555,119522.65141500568
20231208,20231211,300552.SZ,buy,1700.0,30.715349999999997,52216.094999999994,15.664828499999997,0.0,26.094999999993888,67290.89158650569
20231208,20231211,300765.SZ,buy,1700.0,31.0381511299435,52764.85692090395,15.829457076271183,0.0,26.369243838526017,14510.205208525469
20231208,20231211,600520.SH,buy,400.0,27.13356,10853.423999999999,5.0,0.0,5.423999999999069,3651.78120852547
20231215,20231218,000628.SZ,sell,900.0,53.695990173374234,48326.391156036814,14.497917346811043,24.163195578018406,24.175283219621633,51939.51125163746
20231215,20231218,300135.SZ,sell,15200.0,3.3402045675020218,50771.10942603073,15.231332827809217,25.385554713015367,25.398253839928657,102670.00379012736
20231215,20231218,300552.SZ,sell,1700.0,30.484750000000002,51824.075000000004,15.5472225,25.912037500000004,25.924999999995634,154452.61953012738
20231215,20231218,300765.SZ,sell,1700.0,29.93364601244576,50887.19822115779,15.266159466347336,25.443599110578898,25.456327274216164,205299.10799270825
20231215,20231218,000766.SZ,buy,2400.0,21.040515,50497.236,15.149170799999998,0.0,25.235999999997148,154786.72282190825
20231215,20231218,920802.BJ,buy,5600.0,9.009416152198563,50452.73045231195,15.135819135693584,0.0,25.213758346981194,104318.8565504606
20231215,20231218,920821.BJ,buy,6800.0,7.457654834693729,50712.052875917354,15.213615862775205,0.0,25.343354760574584,53591.590058680464
20231222,20231225,000766.SZ,sell,2400.0,18.9905,45577.200000000004,13.67316,22.788600000000002,22.799999999995634,99132.32829868047
20231222,20231225,600520.SH,sell,1900.0,25.237375,47951.0125,14.385303749999999,23.97550625,23.98750000000291,147044.97998868045
20231222,20231225,920802.BJ,sell,5600.0,8.227875940531689,46076.10526697746,13.822831580093236,23.03805263348873,23.04957742219267,193084.22437144432
20231222,20231225,920821.BJ,sell,6800.0,9.374458341850946,63746.31672458644,19.12389501737593,31.87315836229322,31.889102913744864,256779.54404265108
20231222,20231225,300210.SZ,buy,5400.0,9.394695,50731.353,15.2194059,0.0,25.353000000002794,206032.97163675108
20231222,20231225,600250.SH,buy,4500.0,11.355675,51100.5375,15.330161249999998,0.0,25.537499999998545,154917.1039755011
20231222,20231225,920122.BJ,buy,1800.0,27.261967819439388,49071.542074990895,14.721462622497267,0.0,24.52350928285159,105830.8404378877
20231222,20231225,920198.BJ,buy,4900.0,10.285139999999998,50397.185999999994,15.119155799999996,0.0,25.185999999994237,55418.53528208771
20231222,20231225,920717.BJ,buy,5800.0,8.816990868497635,51138.547037286284,15.341564111185884,0.0,25.556495271004678,4264.646680690239
20231229,20240102,300210.SZ,sell,5400.0,9.845075,53163.405,15.949021499999999,26.5817025,26.595000000001164,57385.52095669024
20231229,20240102,600250.SH,sell,4500.0,11.77411,52983.495,15.8950485,26.491747500000002,26.50499999999738,110326.62916069024
20231229,20240102,920122.BJ,sell,1800.0,28.754337881325082,51757.80818638515,15.527342455915543,25.878904093192574,25.891850018204423,162043.03110052628
20231229,20240102,920198.BJ,sell,4900.0,11.124435000000002,54509.73150000001,16.35291945,27.254865750000004,27.268499999998312,216509.15481532627
20231229,20240102,920717.BJ,sell,5800.0,9.122055461076755,52907.92167424518,15.872376502273553,26.45396083712259,26.467194434335397,269374.75015223207
20231229,20240102,002786.SZ,buy,3300.0,15.917955,52529.2515,15.758775449999998,0.0,26.251499999998487,216829.73987678206
20231229,20240102,300781.SZ,buy,1700.0,30.18719880269393,51318.23796457968,15.395471389373904,0.0,25.646295834369084,165496.106440813
20231229,20240102,603598.SH,buy,2600.0,20.51025,53326.65,15.997995,0.0,26.650000000001455,112153.45844581298
20231229,20240102,603729.SH,buy,1600.0,32.99775127768313,52796.402044293005,15.8389206132879,0.0,26.38500851788558,59341.21748090669
20231229,20240102,920510.BJ,buy,2800.0,19.22542090705904,53831.17853976531,16.14935356192959,0.0,26.9021382007777,5493.889587579455
20240105,20240108,002786.SZ,sell,3300.0,15.552220000000002,51322.32600000001,15.396697800000002,25.661163000000005,25.673999999991793,56775.157726779464
20240105,20240108,300781.SZ,sell,1700.0,27.040800598653032,45969.36101771015,13.790808305313044,22.984680508855075,22.996178598150436,102707.74325567545
20240105,20240108,603598.SH,sell,2600.0,18.980505,49349.313,14.8047939,24.6746565,24.686999999990803,152017.57680527546
20240105,20240108,920510.BJ,sell,2800.0,17.994300639783944,50384.041791395044,15.115212537418511,25.19202089569752,25.204623207297118,202361.3113632374
20240105,20240108,002238.SZ,buy,4000.0,12.150871240651512,48603.484962606046,14.581045488781813,0.0,24.289597682458407,153743.24535514257
20240105,20240108,600178.SH,buy,3800.0,12.746369999999999,48436.206,14.530861799999998,0.0,24.205999999998312,105292.50849334258
20240105,20240108,600630.SH,buy,4000.0,12.384219223955743,49536.87689582297,14.86106306874689,0.0,24.75606041769788,55740.770534450865
20240105,20240108,603178.SH,buy,1200.0,38.78743840271877,46544.92608326252,13.963477824978755,0.0,23.260832625310286,9181.88097336336
20240105,20240108,603729.SH,buy,100.0,28.49805792163543,2849.8057921635427,5.0,0.0,1.4241908006811173,6327.075181199818
20240112,20240115,002238.SZ,sell,4000.0,11.775350326642823,47101.40130657129,14.130420391971386,23.55070065328565,23.562481894230586,53390.795366725855
20240112,20240115,600178.SH,sell,3800.0,12.51374,47552.212,14.265663599999998,23.776106,23.788000000000466,100904.96559712585
20240112,20240115,600630.SH,sell,4000.0,12.620271739806066,50481.08695922427,15.14432608776728,25.240543479612136,25.2531700646432,151345.66768678275
20240112,20240115,603178.SH,sell,1200.0,35.89716563296517,43076.598759558205,12.922979627867461,21.538299379779104,21.549073916728958,194387.8051673333
20240112,20240115,603729.SH,sell,1700.0,27.170961953435544,46190.635320840425,13.857190596252126,23.095317660420214,23.1068710959662,240541.48797991706
20240112,20240115,920171.BJ,buy,5300.0,8.994495,47670.823500000006,14.30124705,0.0,23.82350000000588,192856.36323286704
20240112,20240115,920510.BJ,buy,3600.0,13.337192363568633,48013.89250884708,14.404167752654123,0.0,23.994948780033155,144828.0665562673
20240112,20240115,920526.BJ,buy,2200.0,21.226456672457843,46698.20467940725,14.009461403822174,0.0,23.337433622888057,98115.85241545622
20240112,20240115,920564.BJ,buy,4500.0,10.595571449013663,47680.07152056148,14.304021456168444,0.0,23.828121699429175,50421.476873438565
20240112,20240115,920701.BJ,buy,5700.0,8.337140625,47521.7015625,14.256510468749998,0.0,23.74897629309271,2885.518800469814
20240119,20240122,920171.BJ,sell,5300.0,10.3948,55092.44,16.527732,27.54622,27.55999999999767,57933.88484846982
20240119,20240122,920510.BJ,sell,3600.0,15.272830988079717,54982.19155708698,16.494657467126093,27.491095778543492,27.50484820263955,112872.09065231113
20240119,20240122,920526.BJ,sell,2200.0,25.775421291091806,56705.926840401975,17.01177805212059,28.35296342020099,28.367146993696224,169532.6527512408
20240119,20240122,920564.BJ,sell,4500.0,12.073494150114136,54330.72367551361,16.299217102654083,27.165361837756805,27.178951313413563,223819.911847814
20240119,20240122,920701.BJ,sell,5700.0,10.143273527298852,57816.65910560346,17.344997731681037,28.90832955280173,28.922790948265174,281590.317626133
20240119,20240122,000715.SZ,buy,9200.0,6.031230545236579,55487.32101617653,16.646196304852957,0.0,27.729795610284782,226086.3504136516
20240119,20240122,001339.SZ,buy,1700.0,32.88627808219177,55906.67273972601,16.7720018219178,0.0,27.939366686514404,170162.9056721037
20240119,20240122,002395.SZ,buy,3300.0,17.241106370790245,56895.65102360781,17.06869530708234,0.0,28.433608707455278,113250.1859531888
20240119,20240122,002786.SZ,buy,4100.0,13.74687,56362.167,16.9086501,0.0,28.16700000000128,56871.110303088804
20240119,20240122,002882.SZ,buy,3300.0,16.62607083948259,54866.033770292546,16.459810131087764,0.0,27.419307231524726,1988.616722665167
20240126,20240129,000715.SZ,sell,9200.0,5.701752016516939,52456.118551955835,15.736835565586748,26.22805927597792,26.241179865908634,54402.77037977944
20240126,20240129,001339.SZ,sell,1700.0,29.6951906392694,50481.82408675798,15.144547226027393,25.24091204337899,25.25353881277988,104844.20900726801
20240126,20240129,002395.SZ,sell,3300.0,15.550697560828535,51317.30195073417,15.395190585220249,25.658650975367085,25.671486718725646,156120.4571164416
20240126,20240129,002786.SZ,sell,4100.0,13.09345,53683.145000000004,16.1049435,26.8415725,26.854999999995925,209760.6556004416
20240126,20240129,002882.SZ,sell,3300.0,16.091628952165983,53102.37554214775,15.930712662644323,26.551187771073874,26.564470006072952,262820.5492421556
20240126,20240129,920058.BJ,buy,2200.0,23.23996401151163,51127.920825325586,15.338376247597674,0.0,25.551184820251365,211677.29004058245
20240126,20240129,920221.BJ,buy,3700.0,13.903442723200955,51442.73807584353,15.432821422753058,0.0,25.708514780526457,160219.11914331617
20240126,20240129,920270.BJ,buy,4400.0,11.797179838737675,51907.591290445765,15.572277387133727,0.0,25.94082523259567,108295.95557548327
20240126,20240129,920299.BJ,buy,7300.0,7.171163342229521,52349.492398275506,15.70484771948265,0.0,26.161665366453235,55930.75832948828
20240126,20240129,920926.BJ,buy,5500.0,9.542053142272259,52481.29228249742,15.744387684749226,0.0,26.22753237505094,3433.7216593061094
20240202,20240205,920221.BJ,sell,3700.0,13.182208226336218,48774.17043744401,14.632251131233202,24.387085218722007,24.39928486115241,52168.87276040016
20240202,20240205,920270.BJ,sell,4400.0,9.84037661435912,43297.65710318012,12.989297130954036,21.64882855159006,21.659658380784094,95431.89173789773
20240202,20240205,920299.BJ,sell,7300.0,7.070714567850544,51616.216345308974,15.48486490359269,25.80810817265449,25.821018681992427,147006.81511013047
20240202,20240205,920926.BJ,sell,5500.0,7.405048238173645,40727.76530995505,12.218329592986514,20.363882654977527,20.37406968981668,187701.99820783755
20240202,20240205,600053.SH,buy,3100.0,14.137065,43824.9015,13.147470449999998,0.0,21.901499999999942,143863.94923738754
20240202,20240205,605577.SH,buy,2200.0,19.382844829583856,42642.25862508448,12.792677587525343,0.0,21.310474075507955,101208.89793471553
20240202,20240205,920058.BJ,buy,800.0,14.75553270572167,11804.426164577337,5.0,0.0,5.899263450563012,89399.47177013819
20240202,20240205,920171.BJ,buy,5400.0,8.044019999999998,43437.70799999999,13.031312399999996,0.0,21.70799999999872,45948.732457738195
20240202,20240205,920541.BJ,buy,8600.0,5.102210040426783,43879.006347670336,13.1637019043011,0.0,21.92853890437982,2056.562408163554
20240208,20240219,600053.SH,sell,3100.0,12.943525,40124.9275,12.037478249999998,20.06246375,20.072500000002037,42149.38996616355
20240208,20240219,605577.SH,sell,2200.0,17.035139461233946,37477.306814714684,11.243192044414405,18.738653407357344,18.748027421061124,79596.71493542645
20240208,20240219,920058.BJ,sell,3000.0,16.30699290522413,48920.97871567239,14.676293614701716,24.460489357836195,24.472725720705057,128478.55686812631
20240208,20240219,920171.BJ,sell,5400.0,7.486255000000001,40425.777,12.1277331,20.212888500000002,20.222999999998137,168871.9932465263
20240208,20240219,920541.BJ,sell,8600.0,5.0684212035923535,43588.42235089424,13.07652670526827,21.79421117544712,21.805113732320024,212425.54485953983
20240208,20240219,003007.SZ,buy,1400.0,28.241223070017952,39537.71229802513,11.861313689407538,0.0,19.758976660676126,172875.9712478253
20240208,20240219,600088.SH,buy,2200.0,18.919688921899183,41623.31562817821,12.48699468845346,0.0,20.801257185499708,131240.16862495866
20240208,20240219,920247.BJ,buy,3600.0,11.711989064140024,42163.16063090409,12.648948189271225,0.0,21.07104479305417,89064.3590458653
20240208,20240219,920407.BJ,buy,6100.0,6.922563672737307,42227.63840369757,12.668291521109271,0.0,21.10326756806171,46824.05235064663
20240208,20240219,920895.BJ,buy,4300.0,9.87825722672983,42476.50607493827,12.74295182248148,0.0,21.227639217860997,4334.803323885877
20240223,20240226,003007.SZ,sell,1400.0,31.479763913824062,44071.66947935369,13.221500843806105,22.035834739676844,22.046858168752806,48371.21546765608
20240223,20240226,600088.SH,sell,2200.0,24.51023488282114,53922.51674220651,16.176755022661954,26.961258371103256,26.97474574397347,102250.59419646882
20240223,20240226,920247.BJ,sell,3600.0,14.907673919888799,53667.626111599675,16.1002878334799,26.833813055799837,26.847236674133455,155875.28620717922
20240223,20240226,920407.BJ,sell,6100.0,7.50006523638705,45750.397941961004,13.7251193825883,22.875198970980502,22.886642292127362,201589.08383078667
20240223,20240226,920895.BJ,sell,4300.0,10.491145997329031,45111.92778851483,13.533578336554449,22.555963894257417,22.56724751801812,246664.9220770707
20240223,20240226,920174.BJ,buy,2400.0,20.11227217413973,48269.45321793535,14.480835965380603,0.0,24.12266527632164,198380.98802316995
20240223,20240226,920275.BJ,buy,11900.0,4.13822141440846,49244.83483146068,14.773450449438203,0.0,24.61011235955084,149121.37974125985
20240223,20240226,920357.BJ,buy,2700.0,17.614360315457414,47558.77285173502,14.267631855520504,0.0,23.767502674534626,101548.33925766931
20240223,20240226,920718.BJ,buy,5200.0,9.409583554959571,48929.83448578977,14.67895034573693,0.0,24.452690897443972,52603.82582153381
20240223,20240226,920839.BJ,buy,4800.0,10.107032509188281,48513.75604410375,14.554126813231123,0.0,24.244755644227553,4075.5156506168278
20240301,20240304,920174.BJ,sell,2400.0,21.19472900978584,50867.349623486014,15.260204887045802,25.433674811743007,25.446398010746634,54902.17139440405
20240301,20240304,920275.BJ,sell,11900.0,3.9962824190350297,47555.760786516854,14.266728235955055,23.777880393258428,23.789775280900358,102419.88757229169
20240301,20240304,920357.BJ,sell,2700.0,19.183503162117685,51795.45853771775,15.538637561315324,25.897729268858875,25.910684611160832,154173.90974317928
20240301,20240304,920718.BJ,sell,5200.0,10.415358925226162,54159.866411176044,16.247959923352813,27.079933205588024,27.093479945557192,208290.44826122638
20240301,20240304,920839.BJ,sell,4800.0,11.205130219731176,53784.62505470964,16.13538751641289,26.89231252735482,26.905765410061576,262032.04561589225
20240301,20240304,000017.SZ,buy,5000.0,10.435215,52176.075,15.652822499999997,0.0,26.07499999999709,209840.31779339226
20240301,20240304,600088.SH,buy,2300.0,22.79937210092859,52438.55583213576,15.731566749640727,0.0,26.206174828657822,157386.03039450684
20240301,20240304,603007.SH,buy,17000.0,3.068177676442288,52159.02049951889,15.647706149855665,0.0,26.066477011248935,105211.3621888381
20240301,20240304,603099.SH,buy,2200.0,23.109580626393864,50841.077378066504,15.25232321341995,0.0,25.407834771649505,54355.03248755818
20240301,20240304,603958.SH,buy,3800.0,13.516755,51363.669,15.4091007,0.0,25.669000000001688,2975.954386858175
20240308,20240311,000017.SZ,sell,5000.0,9.815090000000001,49075.450000000004,14.722635,24.537725000000002,24.549999999995634,52012.14402685818
20240308,20240311,600088.SH,sell,2300.0,22.11899245522883,50873.68264702631,15.262104794107891,25.436841323513157,25.449566106566635,102845.12772776687
20240308,20240311,603007.SH,sell,17000.0,3.151149236497511,53569.53702045769,16.070861106137304,26.784768510228847,26.798167594024562,156371.8091186082
20240308,20240311,603099.SH,sell,2200.0,24.834856491806455,54636.6842819742,16.39100528459226,27.318342140987102,27.332008145058353,210964.78405315682
20240308,20240311,603958.SH,sell,3800.0,13.453270000000002,51122.42600000001,15.3367278,25.561213000000002,25.573999999993248,262046.31211235683
20240308,20240311,002952.SZ,buy,1700.0,29.4337613861787,50037.394356503784,15.011218306951134,0.0,25.006194081208378,211993.90653754608
20240308,20240311,920122.BJ,buy,1000.0,49.74321374590462,49743.21374590462,14.922964123771385,0.0,24.859177284306497,162235.76982751768
20240308,20240311,920198.BJ,buy,6000.0,8.64432,51865.920000000006,15.559776000000001,0.0,25.92000000000553,110354.29005151767
20240308,20240311,920357.BJ,buy,3100.0,16.634727965299682,51567.65669242902,15.470297007728703,0.0,25.77094287476939,58771.16306208093
20240308,20240311,920592.BJ,buy,3600.0,14.5079802919708,52228.72905109488,15.668618715328464,0.0,26.101313868610305,6526.765392270718
20240315,20240318,002952.SZ,sell,1700.0,30.129516993239143,51220.17888850654,15.366053666551961,25.61008944425327,25.622900894697523,57705.96813766646
20240315,20240318,920122.BJ,sell,1000.0,55.16017459046232,55160.17459046232,16.548052377138692,27.58008729523116,27.59388423735072,112822.0145884564
20240315,20240318,920198.BJ,sell,6000.0,8.77561,52653.66,15.796097999999999,26.32683,26.33999999998923,165433.5516604564
20240315,20240318,920357.BJ,sell,3100.0,16.171531640378554,50131.748085173516,15.039524425552054,25.06587404258676,25.07841324920446,215525.1943471618
20240315,20240318,920592.BJ,sell,3600.0,14.539490608272507,52342.166189781026,15.702649856934306,26.171083094890513,26.18417518248316,267825.486803991
20240315,20240318,002611.SZ,buy,6900.0,7.72251672555277,53285.36540631411,15.98560962189423,0.0,26.62936801914475,214524.13578805502
20240315,20240318,300067.SZ,buy,12500.0,4.256364201930394,53204.552524129926,15.961365757238976,0.0,26.58898177118681,161303.62189816785
20240315,20240318,300492.SZ,buy,700.0,73.4445859526112,51411.21016682784,15.423363050048351,0.0,25.69275870405545,109876.98836828997
20240315,20240318,601138.SH,buy,2300.0,22.38600797939711,51487.81835261335,15.446345505784004,0.0,25.731043654479436,58373.72367017083
20240315,20240318,920190.BJ,buy,2600.0,20.31553641207815,52820.394671403184,15.846118401420954,0.0,26.39699883627327,5537.482880366224
20240322,20240325,002611.SZ,sell,6900.0,8.110428738317758,55961.95829439253,16.788587488317756,27.980979147196265,27.994976635505736,61454.67160812323
20240322,20240325,300067.SZ,sell,12500.0,5.765070022106522,72063.37527633151,21.61901258289945,36.03168763816576,36.04971249442315,133460.39618423366
20240322,20240325,300492.SZ,sell,700.0,69.83692093810444,48885.84465667311,14.66575339700193,24.442922328336554,24.455149903289566,182307.13216518142
20240322,20240325,601138.SH,sell,2300.0,23.698775436966987,54507.18350502407,16.352155051507218,27.253591752512037,27.267225365190825,236770.70992340147
20240322,20240325,920190.BJ,sell,2600.0,19.800225393519938,51480.58602315184,15.44417580694555,25.74029301157592,25.753169596369844,288210.1114777348
20240322,20240325,002749.SZ,buy,4200.0,13.572514607053597,57004.5613496251,17.10136840488753,0.0,28.488036656475742,231188.44875970483
20240322,20240325,300530.SZ,buy,2500.0,22.761374999999997,56903.43749999999,17.071031249999997,0.0,28.437499999992724,174267.94022845483
20240322,20240325,301030.SZ,buy,1500.0,37.604019886363645,56406.02982954547,16.92180894886364,0.0,28.188920454551408,117844.9885899605
20240322,20240325,301202.SZ,buy,1500.0,37.45380357589156,56180.70536383735,16.854211609151204,0.0,28.07631452466012,61647.429014514004
20240322,20240325,601168.SH,buy,3500.0,16.23901361922056,56836.54766727197,17.05096430018159,0.0,28.40407179774047,4793.830382941858
20240329,20240401,002749.SZ,sell,4200.0,13.409272166948577,56318.94310118403,16.895682930355207,28.159471550592013,28.17355832974863,61067.71832964494
20240329,20240401,300530.SZ,sell,2500.0,23.48825,58720.625,17.6161875,29.3603125,29.375,119741.36682964493
20240329,20240401,301030.SZ,sell,1500.0,39.04296875000001,58564.45312500001,17.5693359375,29.282226562500004,29.296875,178258.96839214495
20240329,20240401,301202.SZ,sell,1500.0,33.97779256945112,50966.688854176675,15.290006656253,25.483344427088337,25.496092473324097,229184.88389523828
20240329,20240401,601168.SH,sell,3500.0,17.92370582483587,62732.970386925546,18.819891116077663,31.366485193462776,31.382176281607826,291867.6679058543
20240329,20240401,300502.SZ,buy,1200.0,47.851977391915874,57422.37287029905,17.22671186108971,0.0,28.69683801613428,234428.06832369417
20240329,20240401,300913.SZ,buy,1700.0,33.16410836094328,56378.98421360358,16.913695264081074,0.0,28.17540440459561,178032.1704148265
20240329,20240401,603879.SH,buy,7600.0,7.593794999999999,57712.842,17.313852599999997,0.0,28.841999999996915,120302.01456222651
20240329,20240401,688629.SH,buy,2100.0,27.45883233532934,57663.54790419161,17.299064371257483,0.0,28.81736526945315,62621.167593663646
20240329,20240401,688668.SH,buy,1500.0,37.59471052631579,56392.06578947368,16.917619736842102,0.0,28.181941923765407,6212.184184453123
20240403,20240408,300502.SZ,sell,1200.0,47.292875004186065,56751.45000502328,17.025435001506985,28.37572500251164,28.3899199624866,62918.23302947239
20240403,20240408,300913.SZ,sell,1700.0,29.42029321379848,50014.498463457414,15.004349539037223,25.007249231728707,25.01975911128102,112892.71989415903
20240403,20240408,603879.SH,sell,7600.0,5.887055,44741.618,13.4224854,22.370809,22.381999999997788,157598.54459975904
20240403,20240408,688629.SH,sell,2100.0,24.329146706586826,51091.20808383234,15.3273624251497,25.54560404191617,25.558383233532368,208648.8797171243
20240403,20240408,688668.SH,sell,1500.0,34.52179076426699,51782.68614640048,15.534805843920143,25.891343073200243,25.90429522080376,260390.13971460768
20240403,20240408,300133.SZ,buy,6600.0,7.797459507038174,51463.23274645195,15.438969823935583,0.0,25.7187569947273,208911.4679983318
20240403,20240408,300757.SZ,buy,600.0,85.01767307879773,51010.60384727864,15.30318115418359,0.0,25.492555645818356,157885.56096989897
20240403,20240408,300975.SZ,buy,4500.0,11.337726093256059,51019.767419652264,15.305930225895677,0.0,25.49713514225732,106850.48762002081
20240403,20240408,603580.SH,buy,2000.0,25.07773837520043,50155.476750400856,15.046643025120256,0.0,25.065205772312765,56679.964226594835
20240403,20240408,920122.BJ,buy,1100.0,45.43661303239898,49980.27433563888,14.994082300691662,0.0,24.9776483436508,6684.695808655262
20240412,20240415,300133.SZ,sell,6600.0,7.2254842939620385,47688.19634014946,14.306458902044836,23.84409817007473,23.856026183158974,54334.7415917326
20240412,20240415,300757.SZ,sell,600.0,79.6043696181966,47762.62177091796,14.328786531275387,23.88131088545898,23.893257514209836,102059.15326523382
20240412,20240415,300975.SZ,sell,4500.0,9.7895969573235,44053.18630795575,13.215955892386724,22.026593153977878,22.03761195995321,146077.0970241432
20240412,20240415,603580.SH,sell,2000.0,23.072224697536566,46144.449395073134,13.843334818521939,23.072224697536566,23.083766580821248,192184.6308597003
20240412,20240415,920122.BJ,sell,1100.0,42.92428613032399,47216.71474335639,14.165014423006916,23.608357371678196,23.62016745541041,239363.572231262
20240412,20240415,300290.SZ,buy,5900.0,8.094045,47754.8655,14.326459649999999,0.0,23.865499999999884,191594.380271612
20240412,20240415,301091.SZ,buy,2200.0,21.419142129795624,47122.112685550375,14.136633805665111,0.0,23.549281701918517,144458.13095225595
20240412,20240415,603006.SH,buy,4200.0,11.177232811687011,46944.37780908545,14.083313342725633,0.0,23.460458675202972,97499.66982982778
20240412,20240415,605180.SH,buy,3200.0,14.576644688847134,46645.26300431083,13.993578901293247,0.0,23.310976014145126,50840.41324661565
20240412,20240415,688253.SH,buy,1600.0,29.186080533024327,46697.728852838925,14.009318655851676,0.0,23.337195828506083,4128.675075120875
20240419,20240422,300290.SZ,sell,5900.0,7.326335,43225.3765,12.967612949999998,21.612688249999998,21.623500000001513,47319.47127392087
20240419,20240422,301091.SZ,sell,2200.0,27.676605354368352,60888.53177961038,18.26655953388311,30.44426588980519,30.459495637616783,108159.29222810756
20240419,20240422,603006.SH,sell,4200.0,10.686989233540125,44885.354780868525,13.465606434260556,22.442677390434262,22.453904342597525,153008.7387251514
20240419,20240422,605180.SH,sell,3200.0,13.382163755941198,42822.924019011836,12.84687720570355,21.411462009505918,21.422173096048937,195797.40440494803
20240419,20240422,688253.SH,sell,1600.0,33.190281455195056,53104.45032831209,15.931335098493625,26.552225164156045,26.565507918116054,248859.37117299746
20240419,20240422,000017.SZ,buy,6500.0,7.66383,49814.895,14.944468499999997,0.0,24.8949999999968,199029.53170449747
20240419,20240422,301025.SZ,buy,4600.0,10.546192056396148,48512.48345942228,14.553745037826681,0.0,24.244119669878273,150502.49450003737
20240419,20240422,603499.SH,buy,3800.0,12.911559881569206,49063.92754996298,14.719178264988892,0.0,24.519703923011548,101423.84777180941
20240419,20240422,603900.SH,buy,7400.0,6.728115782057303,49788.05678722404,14.936417036167212,0.0,24.88158759981161,51620.8545675492
20240419,20240422,603960.SH,buy,2000.0,24.462855850048502,48925.711700097,14.677713510029099,0.0,24.450630534774973,2680.4651539421684
20240426,20240429,000017.SZ,sell,6500.0,7.17641,46646.665,13.9939995,23.3233325,23.334999999999127,49289.81282194217
20240426,20240429,301025.SZ,sell,4600.0,11.961004126547452,55020.61898211828,16.506185694635484,27.51030949105914,27.524071526830085,104266.41530887476
20240426,20240429,603499.SH,sell,3800.0,12.143232737654646,46144.28440308766,13.843285320926297,23.07214220154383,23.08368404356588,150373.78428443996
20240426,20240429,603900.SH,sell,7400.0,5.957376796618131,44084.588294974164,13.225376488492248,22.042294147487084,22.053320807892305,194423.10490877813
20240426,20240429,603960.SH,sell,2000.0,25.478126673342306,50956.253346684614,15.286876004005382,25.478126673342306,25.490872109388874,245338.5932527854
20240426,20240429,000506.SZ,buy,10200.0,4.792395,48882.429,14.664728699999998,0.0,24.42899999999645,196441.49952408538
20240426,20240429,000949.SZ,buy,11700.0,4.162610901554614,48702.54754818898,14.610764264456693,0.0,24.33910422198096,147724.34121163195
20240426,20240429,002668.SZ,buy,5000.0,9.654825,48274.125,14.482237499999998,0.0,24.125,99435.73397413196
20240426,20240429,301091.SZ,buy,1800.0,26.032586697741124,46858.65605593402,14.057596816780205,0.0,23.41761921835132,52563.020321381155
20240426,20240429,920415.BJ,buy,5800.0,8.410526733419465,48781.0550538329,14.634316516149868,0.0,24.378338357739267,3767.330951032105
20240430,20240506,000506.SZ,sell,10200.0,4.5977,46896.53999999999,14.068961999999997,23.448269999999997,23.460000000006403,50626.3537190321
20240430,20240506,000949.SZ,sell,11700.0,4.138600965806596,48421.63129993717,14.526489389981151,24.210815649968588,24.22292711352202,99009.24771392933
20240430,20240506,002668.SZ,sell,5000.0,10.5947,52973.5,15.89205,26.48675,26.5,151940.36891392933
20240430,20240506,300284.SZ,buy,5700.0,8.384186069920455,47789.86059854659,14.336958179563975,0.0,23.882988804871275,104136.17135720317
20240430,20240506,300711.SZ,buy,2600.0,18.32815014745159,47653.19038337414,14.29595711501224,0.0,23.814687847763707,56468.68501671402
20240430,20240506,300719.SZ,buy,2500.0,18.49388962655602,46234.724066390045,13.870417219917012,0.0,23.105809128632245,10220.090533104063
20240430,20240506,301091.SZ,buy,200.0,22.854567264252417,4570.913452850484,5.0,0.0,2.284314569140406,5644.177080253579
20240430,20240506,920415.BJ,buy,200.0,7.927389793281652,1585.4779586563304,5.0,0.0,0.7923428079241148,4053.699121597249
20240510,20240513,300284.SZ,sell,5700.0,8.385545383236767,47797.60868444957,14.339282605334871,23.898804342224786,23.910759722086368,51813.06971909927
20240510,20240513,300711.SZ,sell,2600.0,18.19163967004229,47298.26314210995,14.189478942632984,23.649131571054976,23.660962052075774,99073.49425069554
20240510,20240513,300719.SZ,sell,2500.0,19.854166544869017,49635.41636217254,14.89062490865176,24.81770818108627,24.83012324270385,148669.20227977834
20240510,20240513,301091.SZ,sell,2000.0,21.61607791323055,43232.1558264611,12.969646747938329,21.61607791323055,21.626891358908324,191866.77238157828
20240510,20240513,920415.BJ,sell,6000.0,7.052659101349412,42315.95460809647,12.69478638242894,21.157977304048238,21.168561584840063,234148.8742259883
20240510,20240513,001309.SZ,buy,700.0,64.06969414610339,44848.78590227237,13.45463577068171,0.0,22.413186357953236,189286.63368794523
20240510,20240513,002130.SZ,buy,3600.0,12.766609988013627,45959.795956849055,13.787938787054715,0.0,22.968413771537598,143313.04979230912
20240510,20240513,300067.SZ,buy,9400.0,4.939362178519225,46430.004478080715,13.929001343424213,0.0,23.20340053876862,96869.11631288499
20240510,20240513,300757.SZ,buy,600.0,78.07963769293256,46847.78261575954,14.05433478472786,0.0,23.412185215274803,50007.27936234072
20240510,20240513,600818.SH,buy,2300.0,20.072342806806063,46166.38845565394,13.849916536696181,0.0,23.071658398628642,3827.0409901500825
20240517,20240520,001309.SZ,sell,700.0,62.6598928627206,43861.92500390442,13.158577501171324,21.93096250195221,21.941933468689967,47653.87645405138
20240517,20240520,002130.SZ,sell,3600.0,14.83370833408347,53401.35000270049,16.020405000810147,26.70067500135025,26.714032017356658,101012.5053767497
20240517,20240520,300067.SZ,sell,9400.0,4.8256503787100895,45361.113559874844,13.608334067962453,22.680556779937422,22.691902731297887,146337.33004577665
20240517,20240520,300757.SZ,sell,600.0,92.70436386677497,55622.61832006498,16.686785496019493,27.811309160032494,27.825221770908684,201915.45027118557
20240517,20240520,600818.SH,sell,2300.0,21.32052731930085,49037.212834391954,14.711163850317584,24.51860641719598,24.530871853123244,250913.43333531002
20240517,20240520,300758.SZ,buy,3800.0,13.094598139871964,49759.47293151346,14.927841879454038,0.0,24.86730281434575,201139.0325619171
20240517,20240520,300905.SZ,buy,1400.0,35.18317620380147,49256.446685322066,14.776934005596619,0.0,24.61591538497305,151867.80894258944
20240517,20240520,603580.SH,buy,2000.0,24.28476641076721,48569.53282153442,14.570859846460325,0.0,24.272630095714703,103283.70526120855
20240517,20240520,603739.SH,buy,2900.0,17.066513718997097,49492.88978509158,14.847866935527474,0.0,24.734077853616327,53775.96760918145
20240517,20240520,605198.SH,buy,1300.0,38.000041512014064,49400.05396561828,14.820016189685482,0.0,24.68768314123008,4361.093627373484
20240524,20240527,300758.SZ,sell,3800.0,12.335416354632201,46874.58214760236,14.062374644280707,23.43729107380118,23.449015581594722,51198.176109257765
20240524,20240527,300905.SZ,sell,1400.0,37.31836834856067,52245.715687984935,15.67371470639548,26.122857843992467,26.135925806891464,103402.09522469231
20240524,20240527,603580.SH,sell,2000.0,22.993006758660904,45986.01351732181,13.795804055196541,22.993006758660904,23.004509013160714,149351.31993120027
20240524,20240527,603739.SH,sell,2900.0,15.37407569101845,44584.819503953506,13.37544585118605,22.292409751976752,22.303561532746244,193900.47157955062
20240524,20240527,605198.SH,sell,1300.0,36.128049228364915,46966.46399687439,14.089939199062314,23.483231998437194,23.494979488183162,240829.3624052275
20240524,20240527,300107.SZ,buy,4600.0,10.393684559388522,47810.9489731872,14.343284691956159,0.0,23.893527722735598,193004.07014734834
20240524,20240527,300243.SZ,buy,4100.0,11.605974382884158,47584.49496982505,14.275348490947513,0.0,23.780357306262886,145405.29982903233
20240524,20240527,300411.SZ,buy,3500.0,13.686839999999998,47903.939999999995,14.371181999999997,0.0,23.939999999995052,97486.98864703233
20240524,20240527,300563.SZ,buy,1700.0,27.700707983281607,47091.203571578735,14.127361071473619,0.0,23.533834868350823,50381.65771438212
20240524,20240527,300719.SZ,buy,2300.0,20.603533752399823,47388.12763051959,14.216438289155876,0.0,23.682222703908337,2979.3136455733693
20240531,20240603,300107.SZ,sell,4600.0,9.82633765923889,45201.153232498895,13.560345969749667,22.600576616249448,22.61188255752495,48144.30595548626
20240531,20240603,300243.SZ,sell,4100.0,10.807648223272839,44311.35771541864,13.293407314625592,22.155678857709322,22.1667622388195,92420.21458473257
20240531,20240603,300411.SZ,sell,3500.0,13.61319,47646.165,14.293849499999999,23.8230825,23.834999999999127,140028.26265273258
20240531,20240603,300563.SZ,sell,1700.0,25.25633638252077,42935.77185028531,12.880731555085593,21.467885925142657,21.47862523776712,182929.68588553765
20240531,20240603,300719.SZ,sell,2300.0,19.52917274725955,44917.097318696964,13.475129195609089,22.458548659348484,22.469783551125147,227810.84952637966
20240531,20240603,000620.SZ,buy,22200.0,2.0510249999999997,45532.75499999999,13.659826499999996,0.0,22.75499999999738,182264.43469987967
20240531,20240603,000702.SZ,buy,8900.0,5.08254,45234.606,13.570381799999998,0.0,22.605999999999767,137016.25831807966
20240531,20240603,300641.SZ,buy,1900.0,23.410639456073667,44480.21496653997,13.34406448996199,0.0,22.228992986776575,92522.69928704973
20240531,20240603,300843.SZ,buy,1500.0,29.937028784021923,44905.54317603289,13.471662952809865,0.0,22.44155081261124,47603.684448064036
20240531,20240603,300947.SZ,buy,2700.0,16.54827,44680.329,13.404098699999999,0.0,22.328999999997905,2909.9513493640407
20240607,20240611,000620.SZ,sell,22200.0,2.028985,45043.467000000004,13.5130401,22.521733500000003,22.532999999988533,47917.38357576405
20240607,20240611,000702.SZ,sell,8900.0,4.77761,42520.729,12.756218699999998,21.2603645,21.27100000000064,90404.09599256405
20240607,20240611,300641.SZ,sell,1900.0,26.848820600674557,51012.75914128166,15.303827742384497,25.50637957064083,25.51913914020406,141376.0449265327
20240607,20240611,300843.SZ,sell,1500.0,27.510576972782452,41265.86545917368,12.379759637752102,20.63293272958684,20.643254356764373,182608.89769333904
20240607,20240611,300947.SZ,sell,2700.0,14.872560000000002,40155.912000000004,12.0467736,20.077956000000004,20.0879999999961,222732.68496373904
20240607,20240611,300290.SZ,buy,4300.0,10.215105,43924.951499999996,13.177485449999997,0.0,21.9514999999883,178794.55597828905
20240607,20240611,300637.SZ,buy,4500.0,9.774885,43986.9825,13.196094749999999,0.0,21.982499999998254,134794.37738353905
20240607,20240611,300956.SZ,buy,2500.0,17.83660745863285,44591.51864658213,13.377455593974638,0.0,22.284617014789546,90189.48128136294
20240607,20240611,301049.SZ,buy,2300.0,18.859425,43376.677500000005,13.01300325,0.0,21.67750000000524,46799.79077811293
20240607,20240611,601020.SH,buy,3200.0,13.658519941916747,43707.26381413359,13.112179144240077,0.0,21.842710551791242,3079.4147848350985
20240614,20240617,300290.SZ,sell,4300.0,11.17441,48049.963,14.414988899999999,24.024981500000003,24.036999999996624,51090.93781443511
20240614,20240617,300637.SZ,sell,4500.0,10.944525,49250.3625,14.77510875,24.62518125,24.63749999999709,100301.9000244351
20240614,20240617,300956.SZ,sell,2500.0,21.33444408348027,53336.11020870068,16.0008330626102,26.66805510435034,26.681395802246698,153595.34134496882
20240614,20240617,301049.SZ,sell,2300.0,19.400295,44620.6785,13.38620355,22.310339250000002,22.321499999998196,198180.32330216884
20240614,20240617,601020.SH,sell,3200.0,14.191856406444476,45413.940500622324,13.624182150186696,22.706970250311162,22.718329415016342,243557.93265039066
20240614,20240617,000520.SZ,buy,17700.0,2.74137,48522.248999999996,14.556674699999997,0.0,24.248999999988882,195021.12697569065
20240614,20240617,002496.SZ,buy,18800.0,2.58129,48528.252,14.5584756,0.0,24.252000000000407,146478.31650009064
20240614,20240617,301306.SZ,buy,1100.0,42.971475,47268.6225,14.180586749999998,0.0,23.62249999999767,99195.51341334064
20240614,20240617,601919.SH,buy,3700.0,12.95023023479278,47915.85186873328,14.374755560619985,0.0,23.945952957881673,51265.28678904674
20240614,20240617,603713.SH,buy,700.0,60.99376010684377,42695.63207479064,12.808689622437191,0.0,21.337147463658766,8556.846024633662
20240621,20240624,000520.SZ,sell,17700.0,2.4787600000000003,43874.052,13.1622156,21.937026000000003,21.947999999996682,52395.798783033664
20240621,20240624,002496.SZ,sell,18800.0,2.4287850000000004,45661.15800000001,13.698347400000001,22.830579000000007,22.84199999998964,98020.42785663367
20240621,20240624,301306.SZ,sell,1100.0,40.5797,44637.670000000006,13.391301,22.318835000000004,22.32999999999447,142622.38772063368
20240621,20240624,601919.SH,sell,3700.0,13.826534978693184,51158.17942116478,15.347453826349433,25.57908971058239,25.59188565340446,193739.64059826153
20240621,20240624,603713.SH,sell,700.0,56.50508590817211,39553.56013572048,11.866068040716144,19.77678006786024,19.786673404560133,233261.55788587342
20240621,20240624,300215.SZ,buy,8400.0,5.519720312815017,46365.650627646144,13.909695188293842,0.0,23.171239693969255,186881.99756303898
20240621,20240624,300822.SZ,buy,3700.0,12.291282509949111,45477.74528681171,13.643323586043511,0.0,22.727508888958255,141390.60895264123
20240621,20240624,300956.SZ,buy,2500.0,18.3429048318188,45857.262079547,13.757178623864098,0.0,22.917172453540843,95519.58969447037
20240621,20240624,301036.SZ,buy,1700.0,27.317041367074424,46438.97032402652,13.931691097207956,0.0,23.207881221402204,49066.68767934664
20240621,20240624,600101.SH,buy,4800.0,9.559549089572206,45885.83562994659,13.765750688983976,0.0,22.931452088923834,3167.086298711074
20240628,20240701,300215.SZ,sell,8400.0,5.514203350983119,46319.3081482582,13.895792444477458,23.1596540741291,23.17123969397653,49449.339000450665
20240628,20240701,300822.SZ,sell,3700.0,11.71419477426931,43342.52066479645,13.002756199438934,21.671260332398226,21.682101383084955,92757.18564871528
20240628,20240701,300956.SZ,sell,2500.0,17.350190766987662,43375.476917469154,13.012643075240746,21.68773845873458,21.698587752609455,136097.96218465047
20240628,20240701,301036.SZ,sell,1700.0,25.675828742179476,43648.90886170511,13.094672658511533,21.824454430852555,21.835372116911458,179711.95191926623
20240628,20240701,600101.SH,sell,4800.0,9.293111559318227,44606.93548472749,13.382080645418245,22.303467742363743,22.314625054888893,224283.20185560593
20240628,20240701,002869.SZ,buy,1400.0,31.86202263733636,44606.831692270905,13.38204950768127,0.0,22.292269711280824,179662.98811382736
20240628,20240701,300462.SZ,buy,3800.0,11.785889999999998,44786.38199999999,13.435914599999997,0.0,22.381999999990512,134863.17019922737
20240628,20240701,300779.SZ,buy,900.0,48.65049340770791,43785.44406693712,13.135633220081134,0.0,21.88178114288894,91064.59049907018
20240628,20240701,301538.SZ,buy,600.0,71.62193577035322,42973.16146221193,12.891948438663578,0.0,21.475842809697497,48078.53708841959
20240628,20240701,688693.SH,buy,1200.0,35.256272866945096,42307.52744033412,12.692258232100235,0.0,21.14319212410919,5758.317389853371
20240705,20240708,002869.SZ,sell,1400.0,28.170040876322556,39438.057226851575,11.831417168055472,19.719028613425788,19.728893059953407,45164.824170923464
20240705,20240708,300462.SZ,sell,3800.0,9.815090000000001,37297.342000000004,11.1892026,18.648671000000004,18.65799999999581,82432.32829732346
20240705,20240708,300779.SZ,sell,900.0,43.72669534517732,39354.02581065959,11.806207743197875,19.677012905329793,19.68685633349378,121754.87088733452
20240705,20240708,301538.SZ,sell,600.0,64.24410219382108,38546.46131629265,11.563938394887794,19.273230658146325,19.28287209419068,160270.49503457412
20240705,20240708,688693.SH,sell,1200.0,31.233371126690525,37480.04535202863,11.244013605608588,18.740022676014316,18.749397374696855,197720.55635032113
20240705,20240708,002922.SZ,buy,2100.0,18.272192701496454,38371.60467314255,11.511481401942765,0.0,19.176214229446487,159337.44019577664
20240705,20240708,300930.SZ,buy,1600.0,23.721023779234756,37953.63804677561,11.386091414032682,0.0,18.9673353557082,121372.41605758699
20240705,20240708,300977.SZ,buy,2300.0,16.88844,38843.412,11.653023599999997,0.0,19.411999999996624,82517.35103398698
20240705,20240708,301132.SZ,buy,1300.0,28.3412225778712,36843.58935123256,11.053076805369766,0.0,18.412588381419482,45662.708605949054
20240705,20240708,301577.SZ,buy,600.0,63.67261617460162,38203.56970476097,11.46107091142829,0.0,19.0922387330138,7447.677830276654
20240712,20240715,002922.SZ,sell,2100.0,18.17541811499081,38168.3780414807,11.450513412444208,19.08418902074035,19.09373588868766,45585.52116932417
20240712,20240715,300930.SZ,sell,1600.0,23.318954124669734,37310.32659947158,11.193097979841472,18.65516329973579,18.664495547505794,82865.99950751617
20240712,20240715,300977.SZ,sell,2300.0,16.581705,38137.9215,11.441376449999998,19.06896075,19.07850000000326,120973.41067031617
20240712,20240715,301132.SZ,sell,1300.0,29.87158454041659,38833.059902541565,11.649917970762468,19.416529951270782,19.426243072804937,159775.4041249357
20240712,20240715,301577.SZ,sell,600.0,61.710941587642985,37026.56495258579,11.107969485775735,18.513282476292893,18.522543748164026,196772.34782555944
20240712,20240715,002296.SZ,buy,4600.0,8.475722204128008,38988.322138988835,11.69649664169665,0.0,19.48441886006185,157772.3291899289
20240712,20240715,002455.SZ,buy,4500.0,8.552766460192256,38487.44907086515,11.546234721259545,0.0,19.234107481694082,119273.33388434249
20240712,20240715,601919.SH,buy,3300.0,11.69313057528409,38587.330898437496,11.576199269531248,0.0,19.284023437496217,80674.42678663545
20240712,20240715,688166.SH,buy,1200.0,30.564199351988215,36677.03922238586,11.003111766715756,0.0,18.32935493372497,43986.384452482875
20240712,20240715,688506.SH,buy,200.0,172.94643,34589.286,10.376785799999999,0.0,17.286000000000058,9386.721666682875
20240719,20240722,002296.SZ,sell,4600.0,8.153285453512593,37505.11308615793,11.251533925847378,18.752556543078967,18.76193751183746,46861.83066237188
20240719,20240722,002455.SZ,sell,4500.0,7.493536872147908,33720.91592466559,10.116274777399676,16.860457962332795,16.868892408529064,80555.76985429775
20240719,20240722,601919.SH,sell,3300.0,11.385710546875,37572.8448046875,11.271853441406249,18.78642240234375,18.795820312501746,118098.55638314149
20240719,20240722,688166.SH,sell,1200.0,30.433867255768288,36520.64070692194,10.956192212076582,18.260320353460973,18.269455081004708,154589.9805774979
20240719,20240722,688506.SH,sell,200.0,158.9205,31784.100000000002,9.53523,15.892050000000001,15.899999999997817,186348.6532974979
20240719,20240722,300563.SZ,buy,1100.0,32.216620832916206,35438.28291620783,10.631484874862347,0.0,17.710286314948462,150899.73889641522
20240719,20240722,300843.SZ,buy,1300.0,26.923774329351865,35000.90662815743,10.500271988447228,0.0,17.49170746035088,115888.33199626935
20240719,20240722,300956.SZ,buy,2400.0,15.309665112572903,36743.196270174965,11.022958881052489,0.0,18.362416926618607,79134.11276721333
20240719,20240722,301182.SZ,buy,1800.0,20.35017,36630.306,10.989091799999999,0.0,18.305999999996857,42492.81767541333
20240719,20240722,603228.SH,buy,1300.0,26.665856525525925,34665.613483183704,10.39968404495511,0.0,17.324144669255475,7816.804508184672
20240726,20240729,300563.SZ,sell,1100.0,37.80109200120132,41581.20120132145,12.474360360396433,20.790600600660724,20.801001101208385,49364.74074854507
20240726,20240729,300843.SZ,sell,1300.0,28.505908312120617,37057.680805756805,11.117304241727041,18.5288404028784,18.538109457600513,86392.77540965728
20240726,20240729,300956.SZ,sell,2400.0,14.249870008815956,34199.68802115829,10.259906406347486,17.099844010579144,17.10839820968249,120565.10368039864
20240726,20240729,301182.SZ,sell,1800.0,18.700645,33661.161,10.0983483,16.8305805,16.838999999999942,154199.33575159864
20240726,20240729,603228.SH,sell,1300.0,24.737100451114387,32158.230586448703,9.64746917593461,16.07911529322435,16.08715887265862,186331.83975357818
20240726,20240729,300713.SZ,buy,2300.0,16.208099999999998,37278.63,11.183588999999998,0.0,18.62999999999738,149042.0261645782
20240726,20240729,300947.SZ,buy,2500.0,14.457225,36143.0625,10.842918749999999,0.0,18.0625,112888.12074582819
20240726,20240729,301036.SZ,buy,1300.0,26.925399196937157,35003.018956018306,10.50090568680549,0.0,17.492763096459385,77874.60088412307
20240726,20240729,601020.SH,buy,3200.0,11.597795723274789,37112.946314479326,11.133883894343796,0.0,18.547199557455315,40750.5206857494
20240726,20240729,920223.BJ,buy,7600.0,4.872434999999999,37030.505999999994,11.109151799999998,0.0,18.505999999993946,3708.9055339494007
20240802,20240805,300713.SZ,sell,2300.0,14.982505000000002,34459.7615,10.33792845,17.22988075,17.238499999999476,38141.09922474941
20240802,20240805,300947.SZ,sell,2500.0,14.292850000000001,35732.125,10.7196375,17.8660625,17.875,73844.6385247494
20240802,20240805,301036.SZ,sell,1300.0,28.346114931366145,36849.94941077599,11.054984823232795,18.424974705387996,18.434191801286943,110665.10797599677
20240802,20240805,601020.SH,sell,3200.0,12.322151427879964,39430.88456921589,11.829265370764764,19.715442284607942,19.725304937070177,150064.4478375573
20240802,20240805,301016.SZ,buy,2500.0,14.215427635166417,35538.56908791605,10.661570726374814,0.0,17.76040434178867,114515.21717891487
20240802,20240805,301079.SZ,buy,2100.0,16.75688518546729,35189.458889481306,10.556837666844391,0.0,17.58593647649832,79315.20145176671
20240802,20240805,301226.SZ,buy,1600.0,21.64469277386518,34631.50843818429,10.389452531455285,0.0,17.307100668753264,44673.30356105097
20240802,20240805,920223.BJ,buy,700.0,4.412205,3088.5435,5.0,0.0,1.543500000000222,41579.76006105097
20240802,20240805,920821.BJ,buy,2200.0,16.110558095768642,35443.22781069101,10.632968343207303,0.0,17.712757526576752,6125.899282016755
20240809,20240812,301016.SZ,sell,2500.0,13.456351436030662,33640.87859007665,10.092263577022996,16.820439295038327,16.828853721897758,39739.865169221346
20240809,20240812,301079.SZ,sell,2100.0,15.731333688780566,33035.80074643919,9.910740223931757,16.517900373219597,16.526163454938796,72749.23727506338
20240809,20240812,301226.SZ,sell,1600.0,20.040155415162452,32064.248664259925,9.619274599277977,16.032124332129964,16.04014440433093,104787.8345403919
20240809,20240812,920223.BJ,sell,8300.0,4.487755000000001,37248.366500000004,11.174509950000001,18.62418325,18.633499999996275,142006.4023471919
20240809,20240812,920821.BJ,sell,2200.0,17.091457262576597,37601.20597766851,11.280361793300553,18.800602988834257,18.810007992826286,179577.5273600783
20240809,20240812,001379.SZ,buy,1300.0,26.090699970568032,33917.90996173844,10.175372988521532,0.0,16.950479740997253,145649.44202535134
20240809,20240812,002232.SZ,buy,1900.0,18.219317764717033,34616.70375296236,10.385011125888708,0.0,17.299702025469742,111022.35326126308
20240809,20240812,300641.SZ,buy,1700.0,21.01314600353338,35722.34820600675,10.716704461802022,0.0,17.852247979011736,75289.28835079452
20240809,20240812,600501.SH,buy,2100.0,16.578285,34814.3985,10.44431955,0.0,17.39850000000297,40464.44553124452
20240809,20240812,600650.SH,buy,3400.0,10.534353036543111,35816.80032424658,10.745040097273973,0.0,17.899450436903862,4636.900166900668
20240816,20240819,001379.SZ,sell,1300.0,24.502919493770232,31853.795341901303,9.55613860257039,15.926897670950652,15.93486510349976,36465.21247252845
20240816,20240819,002232.SZ,sell,1900.0,18.790495776850886,35701.941976016686,10.710582592805006,17.850970988008342,17.859900938470673,72138.59289496433
20240816,20240819,300641.SZ,sell,1700.0,19.15964821189571,32571.40196022271,9.771420588066812,16.285700980111354,16.293847904064023,104683.93773361886
20240816,20240819,600501.SH,sell,2100.0,15.57221,32701.641,9.810492299999998,16.3508205,16.35900000000038,137359.41742081888
20240816,20240819,600650.SH,sell,3400.0,10.523823948050817,35781.00142337278,10.734300427011833,17.89050071168639,17.899450436896586,173111.79404305294
20240816,20240819,000901.SZ,buy,3400.0,10.105049999999999,34357.17,10.307151,0.0,17.169999999998254,138744.31689205294
20240816,20240819,300046.SZ,buy,2000.0,17.124243849829355,34248.48769965871,10.274546309897612,0.0,17.115686006829492,104485.55464608433
20240816,20240819,300125.SZ,buy,10000.0,3.4417199999999997,34417.2,10.325159999999999,0.0,17.19999999999709,70058.02948608433
20240816,20240819,300615.SZ,buy,3200.0,10.660965571904722,34115.08983009511,10.234526949028531,0.0,17.04902040484012,35932.705129040194
20240816,20240819,688426.SH,buy,1900.0,17.82891,33874.929000000004,10.1624787,0.0,16.929000000003725,2047.613650340194
20240823,20240826,000901.SZ,sell,3400.0,9.505245,32317.833000000002,9.6953499,16.1589165,16.166999999997643,34339.592383940195
20240823,20240826,300046.SZ,sell,2000.0,15.37551658703072,30751.033174061442,9.225309952218431,15.375516587030722,15.38320819112414,65066.024731462385
20240823,20240826,300125.SZ,sell,10000.0,3.87806,38780.6,11.634179999999999,19.3903,19.400000000001455,103815.60025146238
20240823,20240826,300615.SZ,sell,3200.0,9.943607125436959,31819.542801398267,9.54586284041948,15.909771400699134,15.91773026582814,135609.68741861952
20240823,20240826,688426.SH,sell,1900.0,16.431780000000003,31220.382000000005,9.366114600000001,15.610191000000002,15.617999999998574,166805.09311301954
20240823,20240826,300256.SZ,buy,13500.0,2.46123,33226.605,9.9679815,0.0,16.6050000000032,133568.52013151953
20240823,20240826,300436.SZ,buy,1800.0,18.199095,32758.371,9.8275113,0.0,16.370999999995547,100800.32162021953
20240823,20240826,300622.SZ,buy,1600.0,20.817881852301852,33308.610963682964,9.99258328910489,0.0,16.64598249059054,67481.71807324747
20240823,20240826,301182.SZ,buy,1500.0,21.27063,31905.945,9.571783499999999,0.0,15.944999999996071,35566.20128974746
20240823,20240826,301288.SZ,buy,2200.0,14.537264999999998,31981.982999999997,9.594594899999999,0.0,15.982999999996537,3574.6236948474652
20240830,20240902,300256.SZ,sell,13500.0,2.708645,36566.707500000004,10.97001225,18.283353750000003,18.292499999995925,40112.07782884747
20240830,20240902,300436.SZ,sell,1800.0,18.300845,32941.521,9.8824563,16.4707605,16.47899999999936,73027.24561204747
20240830,20240902,300622.SZ,sell,1600.0,20.111205303585102,32177.928485736164,9.653378545720848,16.088964242868084,16.097012749240093,105179.43175499505
20240830,20240902,301182.SZ,sell,1500.0,20.439775,30659.662500000002,9.19789875,15.329831250000002,15.337499999997817,135814.56652499505
20240830,20240902,301288.SZ,sell,2200.0,13.85307,30476.754,9.1430262,15.238377,15.245999999999185,166266.93912179506
20240830,20240902,300050.SZ,buy,6800.0,4.84242,32928.456,9.8785368,0.0,16.455999999998312,133328.60458499508
20240830,20240902,300147.SZ,buy,4700.0,7.0035,32916.45,9.874934999999999,0.0,16.44999999999709,100402.27964999508
20240830,20240902,600187.SH,buy,13000.0,2.5512749999999995,33166.575,9.949972499999998,0.0,16.57499999999709,67225.75467749508
20240830,20240902,600650.SH,buy,3100.0,10.633733725567103,32964.57454925802,9.889372364777405,0.0,16.47405024949694,34251.29075587228
20240830,20240902,688090.SH,buy,1000.0,30.564473978471586,30564.473978471586,9.169342193541475,0.0,15.274599689386378,3677.6474352071527
20240906,20240909,300050.SZ,sell,6800.0,4.37781,29769.108,8.9307324,14.884554,14.891999999999825,33422.94014880715
20240906,20240909,300147.SZ,sell,4700.0,7.366315,34621.6805,10.38650415,17.310840250000002,17.319499999997788,68016.92330440716
20240906,20240909,600187.SH,sell,13000.0,2.588705,33653.165,10.0959495,16.8265825,16.834999999999127,101643.16577240717
20240906,20240909,600650.SH,sell,3100.0,13.075354848663135,40533.60003085572,12.160080009256715,20.26680001542786,20.27693848466879,142144.33892323822
20240906,20240909,688090.SH,sell,1000.0,28.400080865420662,28400.080865420663,8.520024259626199,14.200040432710331,14.207144004711154,170521.69972396654
20240906,20240909,002600.SZ,buy,4800.0,7.056985777575825,33873.53173236396,10.162059519709187,0.0,16.92830171532114,136638.00593208286
20240906,20240909,002861.SZ,buy,3300.0,10.248605612903225,33820.39852258064,10.14611955677419,0.0,16.901748387092084,102807.46128994544
20240906,20240909,300184.SZ,buy,5100.0,6.603299999999999,33676.829999999994,10.103048999999997,0.0,16.82999999999447,69120.52824094545
20240906,20240909,300562.SZ,buy,3100.0,10.958019534829427,33969.860557971224,10.190958167391367,0.0,16.976442057959503,35140.47672480684
20240906,20240909,300686.SZ,buy,4200.0,8.034014999999998,33742.86299999999,10.122858899999995,0.0,16.86299999999028,1387.490865906846
20240913,20240918,002600.SZ,sell,4800.0,6.103966823810064,29299.040754288308,8.789712226286492,14.649520377144155,14.656848801543674,30663.09238759172
20240913,20240918,002861.SZ,sell,3300.0,10.506486064516128,34671.40401290322,10.401421203870965,17.335702006451612,17.344374193547992,65306.759277284626
20240913,20240918,300184.SZ,sell,5100.0,5.7971,29565.210000000003,8.869563,14.782605000000002,14.789999999997235,94848.31710928463
20240913,20240918,300562.SZ,sell,3100.0,10.309469003706191,31959.35391148919,9.587806173446756,15.979676955744596,15.987670791138953,126782.10353764464
20240913,20240918,300686.SZ,sell,4200.0,7.27636,30560.712000000003,9.1682136,15.280356000000001,15.287999999996828,157318.36696804463
20240913,20240918,000062.SZ,buy,1000.0,29.495546139281483,29495.546139281483,8.848663841784445,0.0,14.74040286820673,127813.97216492136
20240913,20240918,300209.SZ,buy,11800.0,2.6666757505247984,31466.77385619262,9.440032156857786,0.0,15.725524166009563,96337.75827657188
20240913,20240918,600611.SH,buy,4600.0,6.84708621054665,31496.596568514593,9.448978970554377,0.0,15.740428070221242,64831.712729086736
20240913,20240918,600686.SH,buy,2800.0,11.061685538488392,30972.7195077675,9.291815852330249,0.0,15.478620443664113,33849.701405466905
20240913,20240918,603626.SH,buy,3700.0,8.38419,31021.503,9.3064509,0.0,15.502999999996973,2818.891954566905
20240920,20240923,000062.SZ,sell,1000.0,31.037330173582696,31037.330173582697,9.311199052074809,15.51866508679135,15.526428300938278,33831.392264010734
20240920,20240923,300209.SZ,sell,11800.0,3.0445833227952153,35926.08320898354,10.77782496269506,17.96304160449177,17.972027618299762,69728.73460642708
20240920,20240923,600686.SH,sell,2800.0,10.783035665075474,30192.499862211327,9.057749958663397,15.096249931105664,15.103801832021418,99897.08046874864
20240920,20240923,003015.SZ,buy,2900.0,10.902259865988908,31616.55361136783,9.484966083410349,0.0,15.800376617371512,68271.0418912974
20240920,20240923,300125.SZ,buy,7100.0,4.50225,31965.975000000002,9.5897925,0.0,15.975000000002183,36295.4770987974
20240920,20240923,300134.SZ,buy,3700.0,8.64432,31983.984,9.5951952,0.0,15.98399999999674,4301.897903597397
20240920,20240923,600611.SH,buy,400.0,6.350920543115733,2540.368217246293,5.0,0.0,1.2695493339560926,1756.529686351104
20240920,20240923,603626.SH,buy,100.0,8.38419,838.419,5.0,0.0,0.41899999999986903,913.1106863511039
20240927,20240930,003015.SZ,sell,2900.0,12.537388059149723,36358.4253715342,10.907527611460258,18.179212685767098,18.188306839183497,37242.44931758807
20240927,20240930,300125.SZ,sell,7100.0,5.15742,36617.682,10.9853046,18.308841,18.3179999999993,73830.83717198807
20240927,20240930,300134.SZ,sell,3700.0,10.844575,40124.927500000005,12.037478250000001,20.062463750000003,20.07249999999476,113923.66472998807
20240927,20240930,600611.SH,sell,5000.0,7.266518530929505,36332.592654647524,10.899777796394256,18.166296327323764,18.17538401933416,150227.19131051187
20240927,20240930,603626.SH,sell,3800.0,8.505745000000001,32321.831000000006,9.696549300000001,16.1609155,16.168999999994412,182523.16484571187
20240927,20240930,000062.SZ,buy,1400.0,26.06831513626425,36495.64119076995,10.948692357230984,0.0,18.238701244765252,146016.57496258468
20240927,20240930,000908.SZ,buy,10700.0,3.411705,36505.2435,10.951573049999999,0.0,18.243499999996857,109500.37988953468
20240927,20240930,002822.SZ,buy,18500.0,1.9709849999999998,36463.222499999996,10.938966749999999,0.0,18.222499999996217,73026.21842278469
20240927,20240930,600550.SH,buy,4000.0,9.054525,36218.1,10.865429999999998,0.0,18.099999999998545,36797.25299278469
20240927,20240930,603559.SH,buy,6600.0,5.452209136532379,35984.5803011137,10.79537409033411,0.0,17.9832985013054,801.8773175806564
20240930,20241008,002822.SZ,sell,18500.0,2.028985,37536.2225,11.26086675,18.76811125,18.777499999996508,38308.07083958066
20240930,20241008,000062.SZ,sell,100.0,30.552371889620467,3055.2371889620467,5.0,1.5276185944810234,1.5283827858738732,41356.780409948224
20240930,20241008,600550.SH,sell,300.0,10.624685000000001,3187.4055000000003,5.0,1.5937027500000003,1.5945000000001528,44537.59220719822
20240930,20241008,000908.SZ,buy,1100.0,3.24162,3565.782,5.0,0.0,1.781999999999698,40966.81020719822
20240930,20241008,600187.SH,buy,9900.0,3.8719349999999997,38332.1565,11.499646949999999,0.0,19.156499999997322,2623.1540602482273
20240930,20241008,603559.SH,buy,500.0,5.175798026948988,2587.899013474494,5.0,0.0,1.2933028553093209,30.255046773733284
20241011,20241014,000062.SZ,sell,1300.0,23.743557582790764,30866.624857627994,9.259987457288398,15.433312428813997,15.44103294528395,30872.186604515628
20241011,20241014,000908.SZ,sell,11800.0,3.9380300000000004,46468.754,13.940626199999999,23.234377000000002,23.245999999999185,77303.76560131562
20241011,20241014,600187.SH,sell,9900.0,3.3483250000000004,33148.4175,9.94452525,16.57420875,16.5824999999968,110425.66436731562
20241011,20241014,600550.SH,sell,3700.0,8.955520000000002,33135.424000000006,9.940627200000002,16.567712000000004,16.575999999993655,143534.58002811563
20241011,20241014,603559.SH,sell,7100.0,5.446759652138044,38671.993530180116,11.601598059054034,19.33599676509006,19.345669599882967,182175.6359634716
20241011,20241014,000659.SZ,buy,13600.0,2.68134,36466.224,10.9398672,0.0,18.22400000000198,145698.4720962716
20241011,20241014,001379.SZ,buy,1700.0,20.95567028352791,35624.639481997445,10.687391844599233,0.0,17.803418031980982,110063.14522242956
20241011,20241014,002717.SZ,buy,19300.0,1.8909449999999999,36495.2385,10.948571549999999,0.0,18.238499999999476,73556.95815087957
20241011,20241014,002822.SZ,buy,20900.0,1.74087,36384.183,10.915254899999999,0.0,18.182999999997264,37161.85989597957
20241011,20241014,300746.SZ,buy,2400.0,14.707349999999998,35297.63999999999,10.589291999999997,0.0,17.639999999992142,1853.6306039795818
20241018,20241021,001379.SZ,sell,1700.0,22.48654370646522,38227.12430099087,11.46813729029726,19.113562150495436,19.123123712350207,40050.17320552966
20241018,20241021,002717.SZ,sell,19300.0,1.8490750000000002,35687.14750000001,10.706144250000001,17.843573750000004,17.852499999993597,75708.77098752967
20241018,20241021,002822.SZ,sell,20900.0,1.8690650000000002,39063.4585,11.71903755,19.53172925,19.54149999999936,114740.97872072968
20241018,20241021,300746.SZ,sell,2400.0,16.37181,39292.344,11.787703199999997,19.646172,19.656000000002678,154001.88884552967
20241018,20241021,000595.SZ,buy,4200.0,8.804400000000001,36978.48,11.093544,0.0,18.4800000000032,117012.31530152966
20241018,20241021,000659.SZ,buy,1700.0,2.451225,4167.0824999999995,5.0,0.0,2.082499999999527,112840.23280152965
20241018,20241021,002211.SZ,buy,10100.0,3.70185,37388.685,11.216605499999998,0.0,18.68499999999767,75440.33119602966
20241018,20241021,002647.SZ,buy,6500.0,5.728504311126072,37235.278022319464,11.170583406695838,0.0,18.608334843738703,38193.882590303496
20241018,20241021,300583.SZ,buy,1600.0,23.082610607596443,36932.17697215431,11.079653091646293,0.0,18.456860056045116,1250.6259650575375
20241025,20241028,000595.SZ,sell,4200.0,9.805095000000001,41181.399000000005,12.354419700000001,20.590699500000003,20.60099999999511,42399.079845857545
20241025,20241028,000659.SZ,sell,15300.0,2.93853,44959.509,13.487852699999998,22.4797545,22.491000000001804,87322.62123865755
20241025,20241028,002211.SZ,sell,10100.0,3.85807,38966.507,11.689952099999998,19.4832535,19.493000000002212,126257.95503305754
20241025,20241028,002647.SZ,sell,6500.0,6.691248906035577,43493.11788923125,13.047935366769375,21.746558944615625,21.757437663443852,169716.2784279774
20241025,20241028,300583.SZ,sell,1600.0,24.62678962196649,39402.863395146385,11.820859018543915,19.70143169757319,19.711287341240677,209087.61953240767
20241025,20241028,300085.SZ,buy,1000.0,40.019999999999996,40019.99999999999,12.005999999999997,0.0,19.999999999992724,169055.61353240767
20241025,20241028,300468.SZ,buy,1900.0,21.223005061884162,40323.70961757991,12.097112885273972,0.0,20.151778919331264,128719.8068019425
20241025,20241028,300663.SZ,buy,1800.0,22.491239999999998,40484.231999999996,12.145269599999997,0.0,20.231999999996333,88223.4295323425
20241025,20241028,300925.SZ,buy,1600.0,25.241099070258485,40385.75851241358,12.115727553724073,0.0,20.18278786227893,47825.5552923752
20241025,20241028,920592.BJ,buy,900.0,46.064756472019454,41458.280824817506,12.437484247445251,0.0,20.7187810218893,6354.836983310248
20241101,20241104,300085.SZ,sell,1000.0,47.13642,47136.42,14.140925999999999,23.56821,23.580000000001746,53453.54784731025
20241101,20241104,300468.SZ,sell,1900.0,18.363600596811665,34890.841133942165,10.467252340182648,17.445420566971084,17.454147640790325,88316.47630834527
20241101,20241104,300663.SZ,sell,1800.0,20.759615,37367.307,11.210192099999999,18.683653500000002,18.6929999999993,125653.88946274528
20241101,20241104,300925.SZ,sell,1600.0,24.58796550761162,39340.74481217859,11.802223443653578,19.670372406089296,19.680212512343132,164963.16167907414
20241101,20241104,920592.BJ,sell,900.0,41.86238356042174,37676.145204379565,11.30284356131387,18.838072602189783,18.847496350361325,202609.1659672902
20241101,20241104,300489.SZ,buy,500.0,80.090025,40045.0125,12.013503749999998,0.0,20.01249999999709,162552.1399635402
20241101,20241104,920139.BJ,buy,1300.0,30.004994999999997,39006.4935,11.701948049999999,0.0,19.493499999996857,123533.94451549019
20241101,20241104,920249.BJ,buy,3500.0,11.46573,40130.055,12.039016499999999,0.0,20.05500000000029,83391.85049899018
20241101,20241104,920415.BJ,buy,2100.0,18.53729157622739,38928.31231007752,11.678493693023254,0.0,19.454428940567595,44451.859695219646
20241101,20241104,920981.BJ,buy,1200.0,33.069293587115666,39683.1523045388,11.90494569136164,0.0,19.83166032211011,4756.80244498948
20241108,20241111,300489.SZ,sell,500.0,84.95750000000001,42478.75000000001,12.743625000000002,21.239375000000003,21.249999999992724,47201.56944498949
20241108,20241111,920139.BJ,sell,1300.0,41.27935,53663.155,16.098946499999997,26.8315775,26.844999999993888,100821.79392098948
20241108,20241111,920249.BJ,sell,3500.0,14.442775,50549.712499999994,15.164913749999997,25.27485625,25.28750000000582,151331.06665098947
20241108,20241111,920415.BJ,sell,2100.0,24.345788285960378,51126.15540051679,15.337846620155036,25.563077700258397,25.57586563307268,202416.32112718583
20241108,20241111,920981.BJ,sell,1200.0,43.211960566129825,51854.35267935579,15.556305803806735,25.927176339677896,25.940146412875038,254229.19032439814
20241108,20241111,002094.SZ,buy,6200.0,8.134065,50431.203,15.129360899999998,0.0,25.202999999994063,203782.85796349813
20241108,20241111,002583.SZ,buy,2400.0,20.69034,49656.816,14.897044799999998,0.0,24.815999999998894,154111.14491869812
20241108,20241111,300010.SZ,buy,5000.0,10.004999999999999,50024.99999999999,15.007499999999997,0.0,24.999999999992724,104071.13741869813
20241108,20241111,603038.SH,buy,2300.0,21.633085846656975,49756.09744731104,14.926829234193312,0.0,24.865615915696253,54300.11314215289
20241108,20241111,920770.BJ,buy,2000.0,25.091989428994076,50183.97885798815,15.055193657396444,0.0,25.079449704135186,4101.0790905073445
20241115,20241118,002094.SZ,sell,6200.0,6.65667,41271.354,12.381406199999999,20.635677,20.64600000000064,45339.41600730734
20241115,20241118,002583.SZ,sell,2400.0,19.560215000000003,46944.51600000001,14.083354800000002,23.472258000000007,23.483999999989464,92246.37639450736
20241115,20241118,300010.SZ,sell,5000.0,11.994,59970.0,17.991,29.985,30.0,152168.40039450736
20241115,20241118,603038.SH,sell,2300.0,19.23121481909261,44231.794083913,13.2695382251739,22.1158970419565,22.126960522218724,196364.80904315325
20241115,20241118,920770.BJ,sell,2000.0,23.636785162721896,47273.57032544379,14.182071097633136,23.636785162721896,23.648609467454662,243600.56051233667
20241115,20241118,000536.SZ,buy,8900.0,5.452725,48529.2525,14.558775749999999,0.0,24.25250000000233,195056.74923658668
20241115,20241118,002542.SZ,buy,11800.0,4.102049999999999,48404.189999999995,14.521256999999997,0.0,24.19000000000233,146638.0379795867
20241115,20241118,002693.SZ,buy,2100.0,23.011499999999998,48324.149999999994,14.497244999999998,0.0,24.14999999999418,98299.39073458669
20241115,20241118,300377.SZ,buy,2000.0,23.751869999999997,47503.73999999999,14.251121999999995,0.0,23.739999999990687,50781.3996125867
20241115,20241118,300489.SZ,buy,700.0,69.044505,48331.1535,14.499346049999998,0.0,24.15350000000035,2435.7467665367003
20241122,20241125,000536.SZ,sell,8900.0,5.807095,51683.145500000006,15.504943650000001,25.841572750000005,25.854499999994005,54077.545750136705
20241122,20241125,002542.SZ,sell,11800.0,4.587705,54134.918999999994,16.240475699999998,27.0674595,27.081000000005588,108169.1568149367
20241122,20241125,002693.SZ,sell,2100.0,25.987000000000002,54572.700000000004,16.37181,27.286350000000002,27.299999999995634,162698.19865493668
20241122,20241125,300377.SZ,sell,2000.0,29.20539,58410.780000000006,17.523234,29.205390000000005,29.219999999993888,221062.25003093667
20241122,20241125,300489.SZ,sell,700.0,68.66565000000001,48065.95500000001,14.4197865,24.032977500000005,24.044999999990978,269089.7522669367
20241122,20241125,300010.SZ,buy,5400.0,9.94497,53702.837999999996,16.110851399999998,0.0,26.8379999999961,215370.8034155367
20241122,20241125,603007.SH,buy,7800.0,6.873794548801406,53615.59748065097,16.08467924419529,0.0,26.79440153955511,161739.12125564154
20241122,20241125,920171.BJ,buy,2400.0,21.710849999999997,52106.03999999999,15.631811999999996,0.0,26.039999999993597,109617.44944364156
20241122,20241125,920436.BJ,buy,1900.0,27.513749999999998,52276.125,15.682837499999998,0.0,26.125,57325.64160614156
20241122,20241125,920699.BJ,buy,1200.0,43.48593583894527,52183.12300673432,15.654936902020294,0.0,26.07852224224189,5126.863662505217
20241129,20241202,300010.SZ,sell,5400.0,9.635180000000002,52029.97200000001,15.608991600000001,26.014986000000004,26.027999999991152,57115.211684905225
20241129,20241202,603007.SH,sell,7800.0,6.909943291637034,53897.55767476886,16.169267302430658,26.94877883738443,26.962259967367572,110969.65131353427
20241129,20241202,920171.BJ,sell,2400.0,24.9875,59970.0,17.991,29.985,30.0,170891.67531353427
20241129,20241202,920436.BJ,sell,1900.0,27.70614,52641.666000000005,15.7924998,26.320833000000004,26.333999999995285,223491.2279807343
20241129,20241202,920699.BJ,sell,1200.0,48.624045349521005,58348.8544194252,17.504656325827558,29.1744272097126,29.189021720572782,281793.40331662394
20241129,20241202,000605.SZ,buy,6300.0,8.918748311074241,56188.114359767715,16.856434307930314,0.0,28.080017171283544,225588.4325225483
20241129,20241202,002583.SZ,buy,3100.0,18.009,55827.9,16.748369999999998,0.0,27.900000000001455,169743.7841525483
20241129,20241202,002693.SZ,buy,2400.0,23.17158,55611.791999999994,16.683537599999998,0.0,27.791999999994005,114115.3086149483
20241129,20241202,603955.SH,buy,2400.0,23.22883541063877,55749.20498553305,16.724761495659912,0.0,27.860672156682995,58349.37886791959
20241129,20241202,920475.BJ,buy,2300.0,23.956876193243733,55100.81524446059,16.530244573338173,0.0,27.536639302583353,3232.033378885666
20241206,20241209,000605.SZ,sell,6300.0,9.109159165768009,57387.70274433846,17.216310823301537,28.69385137216923,28.70820547490439,60573.825961028655
20241206,20241209,002583.SZ,sell,3100.0,17.041475000000002,52828.57250000001,15.848571750000001,26.414286250000004,26.427499999990687,113360.13560302867
20241206,20241209,002693.SZ,sell,2400.0,23.16841,55604.184,16.6812552,27.802092000000002,27.815999999998894,168919.83625582868
20241206,20241209,603955.SH,sell,2400.0,23.45514096001187,56292.33830402849,16.887701491208546,28.146169152014245,28.160249276646937,225167.14068921393
20241206,20241209,920475.BJ,sell,2300.0,23.47421677312023,53990.698578176525,16.197209573452955,26.995349289088264,27.008853715946316,279114.64670852793
20241206,20241209,603268.SH,buy,1500.0,37.07853,55617.795,16.685338499999997,0.0,27.794999999998254,223480.16637002793
20241206,20241209,603366.SH,buy,3200.0,17.382569349408907,55624.2219181085,16.68726657543255,0.0,27.798211853121757,167839.257185344
20241206,20241209,688656.SH,buy,500.0,108.67938419644562,54339.69209822281,16.301907629466843,0.0,27.156267915153876,113483.26317949173
20241206,20241209,920075.BJ,buy,1500.0,36.08577174556213,54128.65761834319,16.238597285502955,0.0,27.050803407466447,59338.36696386303
20241206,20241209,920284.BJ,buy,2800.0,19.699845,55159.566,16.547869799999997,0.0,27.565999999998894,4162.253094063031
20241213,20241216,603268.SH,sell,1500.0,40.81958000000001,61229.37000000002,18.368811000000004,30.61468500000001,30.629999999990105,65342.63959806305
20241213,20241216,603366.SH,sell,3200.0,15.535186322711969,49712.5962326783,14.913778869803489,24.85629811633915,24.868732482580526,115015.4657537552
20241213,20241216,688656.SH,sell,500.0,108.57075912478501,54285.3795623925,16.28561386871775,27.142689781196253,27.156267915153876,169257.41701249778
20241213,20241216,920075.BJ,sell,1500.0,38.466168435013266,57699.2526525199,17.309775795755968,28.84962632625995,28.86405835543701,226910.51026289567
20241213,20241216,920284.BJ,sell,2800.0,19.250370000000004,53901.03600000001,16.1703108,26.950518000000006,26.963999999999942,280768.42543409567
20241213,20241216,002131.SZ,buy,13700.0,4.106048489520341,56252.86430642867,16.8758592919286,0.0,28.11237596522551,224498.68526837506
20241213,20241216,002640.SZ,buy,10400.0,5.4027,56188.08,16.856424,0.0,28.07999999999447,168293.74884437508
20241213,20241216,300085.SZ,buy,1200.0,46.733354999999996,56080.026,16.824007799999997,0.0,28.02599999999802,112196.89883657507
20241213,20241216,600340.SH,buy,16400.0,3.411705,55951.962,16.785588599999997,0.0,27.961999999999534,56228.15124797507
20241213,20241216,920061.BJ,buy,1500.0,35.3933883831872,53090.082574780805,15.92702477243424,0.0,26.531775399686012,3122.141648421828
20241220,20241223,002131.SZ,sell,13700.0,4.111852571514645,56332.38022975064,16.899714068925192,28.16619011487532,28.180280254993704,59409.45597398867
20241220,20241223,002640.SZ,sell,10400.0,4.9975000000000005,51974.00000000001,15.5922,25.987000000000005,25.999999999992724,111341.87677398868
20241220,20241223,300085.SZ,sell,1200.0,45.96700500000001,55160.40600000001,16.5481218,27.580203000000004,27.593999999990046,166458.1544491887
20241220,20241223,600340.SH,sell,16400.0,3.108445,50978.498,15.293549399999998,25.489249,25.502000000000407,217395.86965078872
20241220,20241223,920061.BJ,sell,1500.0,31.03658843476019,46554.88265214029,13.966464795642086,23.277441326070143,23.2890858690007,263913.5083968073
20241220,20241223,002031.SZ,buy,9000.0,5.802899999999999,52226.09999999999,15.667829999999997,0.0,26.09999999999127,211671.7405668073
20241220,20241223,002175.SZ,buy,9400.0,5.632815,52948.460999999996,15.884538299999997,0.0,26.460999999995693,158707.3950285073
20241220,20241223,002265.SZ,buy,2500.0,20.800394999999998,52000.987499999996,15.600296249999998,0.0,25.987499999995634,106690.80723225731
20241220,20241223,002403.SZ,buy,3100.0,16.94531483959044,52530.47600273037,15.75914280081911,0.0,26.252111945388606,54144.572086726126
20241220,20241223,920284.BJ,buy,3200.0,16.36818,52378.176,15.713452799999999,0.0,26.175999999999476,1750.6826339261243
20241227,20241230,002031.SZ,sell,9000.0,5.407295,48665.655000000006,14.5996965,24.332827500000004,24.344999999993888,50377.40510992613
20241227,20241230,002175.SZ,sell,9400.0,4.547725,42748.615,12.824584499999998,21.3743075,21.385000000002037,93091.82121792613
20241227,20241230,002265.SZ,sell,2500.0,22.10894,55272.35,16.581705,27.636175,27.650000000001455,148319.95333792613
20241227,20241230,002403.SZ,sell,3100.0,15.211584941979522,47155.91332013652,14.146773996040954,23.57795666006826,23.589751535837422,195438.14192740654
20241227,20241230,920284.BJ,sell,3200.0,15.752120000000001,50406.78400000001,15.122035200000001,25.203392000000004,25.215999999993073,245804.60050020655
20241227,20241230,002717.SZ,buy,12800.0,3.8219099999999995,48920.448,14.676134399999997,0.0,24.447999999996682,196869.47636580656
20241227,20241230,603366.SH,buy,4000.0,12.215585676818286,48862.34270727314,14.658702812181941,0.0,24.418961872695945,147992.47495572123
20241227,20241230,688165.SH,buy,1800.0,26.983484999999998,48570.272999999994,14.571081899999998,0.0,24.272999999993772,99407.63087382124
20241227,20241230,920249.BJ,buy,5000.0,9.704849999999999,48524.24999999999,14.557274999999997,0.0,24.249999999992724,50868.82359882125
20241227,20241230,920262.BJ,buy,2700.0,17.661918225416933,47687.17920862572,14.306153762587714,0.0,23.83167376743222,3167.3382364329373
20250103,20250106,002717.SZ,sell,12800.0,3.0184900000000003,38636.672000000006,11.5910016,19.318336000000002,19.327999999994063,41773.10089883295
20250103,20250106,603366.SH,sell,4000.0,11.298317325608705,45193.26930243482,13.557980790730445,22.59663465121741,22.607938620523782,86930.21558582582
20250103,20250106,688165.SH,sell,1800.0,25.617185,46110.933,13.833279899999997,23.055466499999998,23.067000000002736,133004.25983942582
20250103,20250106,920249.BJ,sell,5000.0,8.985505,44927.525,13.4782575,22.4637625,22.474999999998545,177895.84281942583
20250103,20250106,920262.BJ,sell,2700.0,18.076834214435433,48807.45237897567,14.6422357136927,24.403726189487838,24.41593415656098,226664.24923649832
20250103,20250106,300276.SZ,buy,5300.0,8.424209999999999,44648.312999999995,13.394493899999997,0.0,22.312999999994645,182002.54174259832
20250103,20250106,300870.SZ,buy,400.0,97.08007861447534,38832.03144579013,11.649609433737039,0.0,19.406312566607085,143158.86068737446
20250103,20250106,600793.SH,buy,2200.0,20.009999999999998,44021.99999999999,13.206599999999996,0.0,21.999999999992724,99123.65408737447
20250103,20250106,600889.SH,buy,2700.0,16.598295,44815.3965,13.444618949999999,0.0,22.39650000000256,54294.81296842446
20250103,20250106,920171.BJ,buy,2400.0,18.2091,43701.84,13.110551999999998,0.0,21.839999999996508,10579.862416424468
20250110,20250113,300276.SZ,sell,5300.0,9.295350000000001,49265.355,14.7796065,24.632677500000003,24.645000000004075,59805.80513242447
20250110,20250113,300870.SZ,sell,400.0,106.11798122371863,42447.192489487454,12.734157746846234,21.223596244743728,21.234213351417566,102219.03986792034
20250110,20250113,600793.SH,sell,2200.0,18.83058,41427.276000000005,12.4281828,20.713638000000003,20.723999999994703,143613.17404712032
20250110,20250113,600889.SH,sell,2700.0,17.27136,46632.672000000006,13.9898016,23.316336000000003,23.327999999994063,190208.53990952033
20250110,20250113,920171.BJ,sell,2400.0,16.791600000000003,40299.840000000004,12.089952,20.14992,20.159999999996217,230476.14003752032
20250110,20250113,000759.SZ,buy,5300.0,8.614304999999998,45655.81649999999,13.696744949999998,0.0,22.81649999999354,184806.62679257034
20250110,20250113,600322.SH,buy,21400.0,2.1510749999999996,46033.00499999999,13.809901499999995,0.0,23.004999999990105,138759.81189107036
20250110,20250113,600530.SH,buy,9700.0,4.696402398463484,45555.1032650958,13.666530979528739,0.0,22.76616854826716,93191.04209499503
20250110,20250113,600693.SH,buy,7500.0,6.090691779938633,45680.18834953975,13.704056504861924,0.0,22.828679834849027,47497.14968895043
20250110,20250113,603959.SH,buy,10700.0,4.28214,45818.898,13.745669399999999,0.0,22.898000000001048,1664.5060195504266
20250117,20250120,000759.SZ,sell,5300.0,9.49525,50324.825000000004,15.0974475,25.162412500000002,25.174999999995634,51949.07115955043
20250117,20250120,600322.SH,sell,21400.0,2.1989,47056.46,14.116938,23.52823,23.54000000000815,98967.88599155043
20250117,20250120,600530.SH,sell,9700.0,4.741620133976671,45993.715299573705,13.79811458987211,22.996857649786854,23.008361830703507,144924.80631888448
20250117,20250120,600693.SH,sell,7500.0,6.755192593854345,50663.94445390759,15.199183336172275,25.3319722269538,25.34464454922272,195548.21961722896
20250117,20250120,603959.SH,sell,10700.0,4.267865,45666.15549999999,13.699846649999996,22.833077749999998,22.844499999999243,241177.84219282895
20250117,20250120,000573.SZ,buy,11000.0,4.357720605862355,47934.92666448591,14.380477999345771,0.0,23.955485589445743,193228.5350503437
20250117,20250120,002265.SZ,buy,1700.0,28.314149999999998,48134.05499999999,14.440216499999996,0.0,24.054999999993015,145080.0398338437
20250117,20250120,002364.SZ,buy,3900.0,12.185140161052866,47522.046628106174,14.256613988431852,0.0,23.749148739676457,97543.7365917491
20250117,20250120,301600.SZ,buy,300.0,130.55385223231923,39166.15566969577,11.74984670090873,0.0,19.573291189248266,58365.83107535242
20250117,20250120,603268.SH,buy,1200.0,39.19959,47039.508,14.1118524,0.0,23.50800000000163,11312.211222952421
20250124,20250127,000573.SZ,sell,11000.0,5.429366858651589,59723.03544516748,17.91691063355024,29.86151772258374,29.87645595055801,70987.46823976378
20250124,20250127,002265.SZ,sell,1700.0,30.66466,52129.922000000006,15.638976600000001,26.064961000000004,26.077999999994063,123075.68630216378
20250124,20250127,002364.SZ,sell,3900.0,13.40415782957841,52276.2155353558,15.682864660606738,26.138107767677898,26.151183359354036,175310.0808650913
20250124,20250127,301600.SZ,sell,300.0,121.7618200974582,36528.54602923746,10.958563808771238,18.26427301461873,18.273409719469782,211809.40405750537
20250124,20250127,603268.SH,sell,1200.0,38.66066,46392.792,13.917837599999999,23.196396,23.20799999999872,258165.08182390538
20250124,20250127,000759.SZ,buy,6000.0,8.604299999999999,51625.79999999999,15.487739999999995,0.0,25.79999999998836,206523.7940839054
20250124,20250127,002122.SZ,buy,12100.0,4.2521249999999995,51450.712499999994,15.435213749999997,0.0,25.71249999999418,155057.64637015542
20250124,20250127,603007.SH,buy,5100.0,10.04502,51229.602,15.368880599999999,0.0,25.602000000006228,103812.67548955542
20250124,20250127,603777.SH,buy,3100.0,16.568279999999998,51361.66799999999,15.408500399999996,0.0,25.667999999997846,52435.59898915543
20250124,20250127,920765.BJ,buy,2800.0,18.103375706826856,50689.4519791152,15.206835593734558,0.0,25.332059959575417,1730.9401744464922
20250127,20250205,002122.SZ,sell,12100.0,4.2478750000000005,51399.287500000006,15.41978625,25.699643750000003,25.71249999999418,53089.1082444465
20250127,20250205,603007.SH,sell,5100.0,9.67516,49343.316,14.802994799999999,24.671658,24.684000000001106,102392.9495916465
20250127,20250205,920765.BJ,sell,2800.0,17.76301501515832,49736.4420424433,14.920932612732988,24.86822102122165,24.880661351897288,152089.60248045583
20250127,20250205,300377.SZ,buy,1900.0,25.362675,48189.0825,14.456724749999998,0.0,24.0824999999968,103886.06325570583
20250127,20250205,600693.SH,buy,8300.0,5.962362779713022,49487.611071618085,14.846283321485425,0.0,24.73143981589965,54383.605900766255
20250127,20250205,603777.SH,buy,100.0,15.207599999999998,1520.7599999999998,5.0,0.0,0.7599999999997635,52857.84590076625
20250127,20250205,920000.BJ,buy,2600.0,19.188534590163936,49890.189934426235,14.96705698032787,0.0,24.93262865288125,2952.688909359691
20250207,20250210,000759.SZ,sell,6000.0,8.1959,49175.4,14.752619999999999,24.5877,24.59999999999127,52088.7485893597
20250207,20250210,300377.SZ,sell,1900.0,30.284850000000002,57541.215000000004,17.2623645,28.770607500000004,28.784999999996217,109583.9306173597
20250207,20250210,603777.SH,sell,3200.0,15.502245,49607.184,14.8821552,24.803592000000002,24.815999999998894,159151.4288701597
20250207,20250210,920000.BJ,sell,2600.0,21.25514045616536,55263.365186029936,16.57900955580898,27.63168259301497,27.64550534568116,214370.58336404082
20250207,20250210,002730.SZ,buy,2400.0,21.857668934911246,52458.40544378699,15.737521633136096,0.0,26.216094674557098,161896.4403986207
20250207,20250210,002917.SZ,buy,3400.0,15.257099414910348,51874.138010695184,15.562241403208553,0.0,25.924106951868453,110006.74014652231
20250207,20250210,003041.SZ,buy,2000.0,25.91144687163233,51822.893743264656,15.546868122979395,0.0,25.89849762281665,58168.299535134676
20250207,20250210,600693.SH,buy,700.0,5.814290856375778,4070.003599463045,5.0,0.0,2.0339848073281246,54093.29593567163
20250207,20250210,605179.SH,buy,2800.0,18.69189115757042,52337.29524119718,15.701188572359152,0.0,26.155569835675124,1740.2995059020905
20250214,20250217,002730.SZ,sell,2400.0,20.347692553546132,48834.46212851071,14.650338638553213,24.417231064255358,24.429445787151053,50535.69406471
20250214,20250217,002917.SZ,sell,3400.0,14.517465144896194,49359.38149264706,14.807814447794117,24.67969074632353,24.692036764710792,99855.58805216294
20250214,20250217,003041.SZ,sell,2000.0,25.749920500792392,51499.841001584784,15.449952300475434,25.749920500792392,25.762801901742932,151314.22918094645
20250214,20250217,600693.SH,sell,9000.0,5.67041714082664,51033.754267439755,15.310126280231925,25.516877133719877,25.52964195470122,202307.15644497226
20250214,20250217,605179.SH,sell,2800.0,20.26008202758216,56728.229677230054,17.018468903169016,28.364114838615027,28.378303990604763,258990.00353846053
20250214,20250217,002265.SZ,buy,2000.0,25.11255,50225.1,15.067529999999998,0.0,25.099999999998545,208749.83600846052
20250214,20250217,300840.SZ,buy,2100.0,23.894155477031802,50177.72650176678,15.053317950530033,0.0,25.07632508833194,158557.0561887432
20250214,20250217,301000.SZ,buy,1400.0,34.865606483990746,48811.849077587045,14.643554723276113,0.0,24.393727674956608,109730.5635564329
20250214,20250217,603667.SH,buy,1300.0,39.65833006956881,51555.82909043945,15.466748727131835,0.0,25.765032029201393,58159.26771726632
20250214,20250217,688165.SH,buy,1700.0,29.49474,50141.058,15.042317399999998,0.0,25.057999999997264,8003.167399866317
20250221,20250224,002265.SZ,sell,2000.0,26.156915,52313.83,15.694149,26.156915,26.169999999998254,60275.14633586632
20250221,20250224,300840.SZ,sell,2100.0,23.721084054770323,49814.27651501768,14.944282954505303,24.90713825750884,24.919598056534596,110049.57142967198
20250221,20250224,301000.SZ,sell,1400.0,37.865143129357854,53011.20038110099,15.903360114330296,26.505600190550496,26.518859620358853,163018.36285046808
20250221,20250224,603667.SH,sell,1300.0,42.83640274142444,55687.32356385177,16.70619706915553,27.84366178192589,27.857590577215888,218661.13655546878
20250221,20250224,688165.SH,sell,1700.0,32.653665000000004,55511.230500000005,16.65336915,27.75561525,27.769499999994878,274127.9580710688
20250221,20250224,000785.SZ,buy,12400.0,4.402200000000001,54587.280000000006,16.376184000000002,0.0,27.279999999998836,219524.30188706878
20250221,20250224,002123.SZ,buy,2900.0,18.48924,53618.795999999995,16.085638799999998,0.0,26.79599999999482,165889.42024826878
20250221,20250224,300251.SZ,buy,1900.0,27.704599623374374,52638.73928441131,15.791621785323393,0.0,26.30621653394337,113234.88934207216
20250221,20250224,603803.SH,buy,4400.0,12.366179999999998,54411.191999999995,16.323357599999998,0.0,27.19199999999546,58807.373984472164
20250221,20250224,605398.SH,buy,1400.0,39.1370255471725,54791.8357660415,16.437550729812447,0.0,27.382226769637782,3999.1006677008554
20250228,20250303,000785.SZ,sell,12400.0,4.487755000000001,55648.16200000001,16.6944486,27.824081000000007,27.837999999988824,59602.74413810087
20250228,20250303,002123.SZ,sell,2900.0,17.49125,50724.625,15.2173875,25.3623125,25.375,110286.78943810087
20250228,20250303,300251.SZ,sell,1900.0,23.732949355277366,45092.603775027,13.527781132508098,22.5463018875135,22.557580677850638,155343.31913010785
20250228,20250303,603803.SH,sell,4400.0,11.234380000000002,49431.272000000004,14.8293816,24.715636000000003,24.727999999995518,204735.04611250784
20250228,20250303,605398.SH,sell,1400.0,39.067932684437174,54695.10575821204,16.40853172746361,27.347552879106022,27.36123349585978,259386.3957861133
20250228,20250303,002779.SZ,buy,500.0,86.75517230163936,43377.58615081968,13.013275845245904,0.0,21.677954098362534,215995.79635944837
20250228,20250303,300170.SZ,buy,2700.0,18.966190742456266,51208.71500463192,15.362614501389576,0.0,25.591561721455946,164771.71874031506
20250228,20250303,300276.SZ,buy,3900.0,13.256625,51700.8375,15.51025125,0.0,25.837500000001455,113055.37098906506
20250228,20250303,300548.SZ,buy,1100.0,45.1007255774166,49610.79813515826,14.883239440547475,0.0,24.79300256629358,63429.68961446626
20250228,20250303,605488.SH,buy,1400.0,34.95401754145539,48935.62455803755,14.680687367411263,0.0,24.45558448677184,14479.3843690613
20250307,20250310,002779.SZ,sell,500.0,89.13573770491806,44567.868852459025,13.370360655737706,22.283934426229514,22.295081967211445,59011.59892643835
20250307,20250310,300170.SZ,sell,2700.0,22.943994075339898,61948.78400341772,18.584635201025314,30.97439200170886,30.9898869451863,120910.82390265334
20250307,20250310,300276.SZ,sell,3900.0,13.873060000000002,54104.93400000001,16.2314802,27.052467000000004,27.065999999991618,174972.47395545334
20250307,20250310,300548.SZ,sell,1100.0,43.37804349871685,47715.847848588535,14.314754354576559,23.85792392429427,23.86985885372269,222650.149125763
20250307,20250310,605488.SH,sell,1400.0,40.83890065323649,57174.46091453109,17.152338274359327,28.587230457265544,28.601531222877384,279778.8704715625
20250307,20250310,000759.SZ,buy,6400.0,8.654325,55387.68,16.616304,0.0,27.68000000000029,224374.57416756247
20250307,20250310,002896.SZ,buy,700.0,74.37958607078197,52065.71024954738,15.619713074864213,0.0,26.01984520217229,172293.24420494022
20250307,20250310,600126.SH,buy,4800.0,11.555775,55467.72,16.640316,0.0,27.720000000001164,116808.88388894021
20250307,20250310,688158.SH,buy,1700.0,31.2156,53066.52,15.919955999999997,0.0,26.5199999999968,63726.443932940216
20250307,20250310,688220.SH,buy,500.0,99.09952499999999,49549.76249999999,14.864928749999995,0.0,24.762499999989814,14161.816504190225
20250314,20250317,000759.SZ,sell,6400.0,9.585205,61345.312,18.403593599999997,30.672656,30.68800000000192,75458.05225459022
20250314,20250317,002896.SZ,sell,700.0,74.16732920079318,51917.13044055522,15.575139132166566,25.958565220277613,25.971550995775033,127333.648990793
20250314,20250317,600126.SH,sell,4800.0,12.873560000000001,61793.088,18.5379264,30.896544000000002,30.9120000000039,189077.302520393
20250314,20250317,688158.SH,sell,1700.0,28.475755,48408.7835,14.522635049999998,24.20439175,24.21650000000227,237447.358993593
20250314,20250317,688220.SH,sell,500.0,104.47773500000001,52238.86750000001,15.67166025,26.119433750000006,26.132499999992433,289644.43539959297
20250314,20250317,301210.SZ,buy,1200.0,46.64646324461343,55975.755893536116,16.792726768060835,0.0,27.9738910012602,233651.8867792888
20250314,20250317,601177.SH,buy,3000.0,19.02569538461538,57077.08615384613,17.123125846153837,0.0,28.524280936442665,176557.6774995965
20250314,20250317,688433.SH,buy,1200.0,45.094245740685544,54113.094888822656,16.233928466646795,0.0,27.0430259314453,122428.3486823072
20250314,20250317,920245.BJ,buy,1300.0,44.52423481317412,57881.50525712635,17.364451577137903,0.0,28.926289483817527,64529.47897360371
20250314,20250317,920856.BJ,buy,2400.0,23.643497689402356,56744.394454565656,17.023318336369694,0.0,28.358018218175857,7768.06120070169
20250321,20250324,301210.SZ,sell,1200.0,42.18248924799324,50618.98709759189,15.185696129277565,25.309493548795945,25.322154626104748,58346.5531086155
20250321,20250324,601177.SH,sell,3000.0,18.926986622073578,56780.959866220735,17.03428795986622,28.390479933110367,28.40468227423844,115082.08820694326
20250321,20250324,688433.SH,sell,1200.0,40.11802136711377,48141.62564053652,14.442487692160954,24.070812820268262,24.08285424739006,163185.20054696733
20250321,20250324,920245.BJ,sell,1300.0,42.91746928255009,55792.710067315114,16.737813020194533,27.896355033657557,27.910310188744916,218933.27644622858
20250321,20250324,920856.BJ,sell,2400.0,20.98638669406799,50367.32806576317,15.110198419728949,25.183664032881584,25.196262163961364,269260.3106495391
20250321,20250324,002105.SZ,buy,5700.0,9.334665,53207.5905,15.962277149999998,0.0,26.59049999999843,216036.7578723891
20250321,20250324,002335.SZ,buy,1100.0,47.702969706675646,52473.26667734321,15.741980003202961,0.0,26.223521577878273,163547.74921504268
20250321,20250324,920130.BJ,buy,1500.0,34.367174999999996,51550.7625,15.465228749999998,0.0,25.76249999999709,111981.52148629268
20250321,20250324,920833.BJ,buy,2500.0,21.551129898340424,53877.82474585106,16.163347423755315,0.0,26.925449648100766,58087.53339301787
20250328,20250331,002105.SZ,sell,5700.0,8.345825,47571.2025,14.271360749999998,23.78560125,23.797500000000582,105620.67893101787
20250328,20250331,002335.SZ,sell,1100.0,42.50094220246123,46751.03642270736,14.025310926812207,23.37551821135368,23.387211817251227,152334.31452458707
20250328,20250331,920130.BJ,sell,1500.0,33.3833,50074.95,15.022484999999998,25.037475,25.05000000000291,202369.20456458707
20250328,20250331,920833.BJ,sell,2500.0,18.383713441654358,45959.2836041359,13.787785081240768,22.97964180206795,22.991137370743672,248291.72074183964
20250328,20250331,000678.SZ,buy,4100.0,12.046019999999999,49388.68199999999,14.816604599999996,0.0,24.681999999993423,198888.22213723965
20250328,20250331,002164.SZ,buy,5900.0,8.314155,49053.5145,14.716054349999999,0.0,24.514499999997497,149819.99158288963
20250328,20250331,300846.SZ,buy,2200.0,21.860925,48094.035,14.4282105,0.0,24.035000000003492,101711.52837238963
20250328,20250331,600289.SH,buy,7100.0,6.94347,49298.636999999995,14.789591099999997,0.0,24.63699999999517,52398.10178128963
20250328,20250331,605208.SH,buy,4500.0,10.852219536122517,48834.987912551325,14.650496373765396,0.0,24.40529131062067,3548.4633723645384
20250403,20250407,000678.SZ,sell,4100.0,10.654670000000001,43684.147000000004,13.1052441,21.8420735,21.852999999995518,47197.66305476454
20250403,20250407,002164.SZ,sell,5900.0,7.03648,41515.232,12.4545696,20.757616000000002,20.76799999999639,88679.68286916454
20250403,20250407,300846.SZ,sell,2200.0,19.55022,43010.484,12.903145199999997,21.505242,21.51600000000326,131655.75848196453
20250403,20250407,300927.SZ,buy,1800.0,23.937436556376486,43087.38580147768,12.926215740443302,0.0,21.53292643752502,88555.4464647464
20250403,20250407,301261.SZ,buy,500.0,79.2196338730267,39609.81693651335,11.882945080954004,0.0,19.79501096277818,48933.7465831521
20250403,20250407,600610.SH,buy,5300.0,8.394195,44489.2335,13.34677005,0.0,22.233500000002095,4431.166313102098
20250403,20250407,920689.BJ,buy,100.0,37.882620939675164,3788.262093967516,5.0,0.0,1.8931844547555556,637.9042191345816
20250411,20250414,300927.SZ,sell,1800.0,24.46152904486562,44030.75228075812,13.209225684227434,22.01537614037906,22.026389335049316,44633.43189806809
20250411,20250414,301261.SZ,sell,500.0,87.75755123270318,43878.77561635159,13.163632684905474,21.939387808175795,21.950362989671703,88477.1044939266
20250411,20250414,600289.SH,sell,7100.0,6.526735,46339.8185,13.901945549999999,23.16990925,23.181499999998778,134779.8511391266
20250411,20250414,600610.SH,sell,5300.0,9.165415000000001,48576.69950000001,14.573009850000002,24.288349750000005,24.30049999999028,183317.68927952662
20250411,20250414,605208.SH,sell,4500.0,10.18371593774276,45826.72171984242,13.748016515952724,22.91336085992121,22.924823271554487,229107.74962199316
20250411,20250414,920689.BJ,sell,100.0,40.54583404258223,4054.583404258223,5.0,2.0272917021291113,2.02830585505626,233155.30573454927
20250411,20250414,002923.SZ,buy,3300.0,13.821978872277256,45612.53027851495,13.683759083554483,0.0,22.79486770540825,187529.09169695078
20250411,20250414,300871.SZ,buy,1700.0,27.363947818542393,46518.711291522064,13.955613387456618,0.0,23.247731779869355,140996.42479204125
20250411,20250414,300953.SZ,buy,400.0,94.24701427959444,37698.80571183778,11.309641713551333,0.0,18.839982864483318,103286.30943848992
20250411,20250414,301075.SZ,buy,1900.0,24.322155,46212.0945,13.863628349999999,0.0,23.094499999999243,57060.351310139915
20250411,20250414,920230.BJ,buy,2600.0,17.772597987096773,46208.75476645161,13.862626429935482,0.0,23.092830967740156,10837.733917258367
20250418,20250421,002923.SZ,sell,3300.0,12.030288633437559,39699.952490343945,11.909985747103182,19.849976245171973,19.85990619826771,50505.92644561004
20250418,20250421,300953.SZ,sell,400.0,83.33040448736256,33332.16179494502,9.999648538483505,16.66608089747251,16.674418106522353,83811.4225111191
20250418,20250421,301075.SZ,sell,1900.0,21.519235000000002,40886.546500000004,12.26596395,20.44327325,20.453499999995984,124665.25977391911
20250418,20250421,920230.BJ,sell,2600.0,17.257392793548387,44869.22126322581,13.460766378967742,22.434610631612905,22.445833548379596,169498.58566013433
20250418,20250421,300153.SZ,buy,1300.0,30.125054999999996,39162.5715,11.748771449999998,0.0,19.571499999998196,130324.26538868432
20250418,20250421,300871.SZ,buy,100.0,22.15884904871096,2215.884904871096,5.0,0.0,1.1073887580564588,128103.38048381322
20250418,20250421,301396.SZ,buy,800.0,47.024390635431914,37619.51250834553,11.285853752503657,0.0,18.800356076128082,90472.58212171518
20250418,20250421,920087.BJ,buy,2100.0,19.64845242783123,41261.750098445584,12.378525029533675,0.0,20.620564766832103,49198.453498240066
20250418,20250421,920351.BJ,buy,1800.0,22.160999830256927,39889.79969446247,11.96693990833874,0.0,19.93493238103838,9296.686863869261
20250425,20250428,300153.SZ,sell,1300.0,30.134925,39175.4025,11.752620749999998,19.58770125,19.597500000003492,48440.74904186926
20250425,20250428,300871.SZ,sell,1800.0,21.314622434308383,38366.32038175509,11.509896114526526,19.183160190877544,19.19275656915852,86776.37636731894
20250425,20250428,301396.SZ,sell,800.0,53.47251830161054,42778.014641288435,12.83340439238653,21.389007320644218,21.399707174226933,129520.16859689433
20250425,20250428,920087.BJ,sell,2100.0,17.67485911176906,37117.20413471502,11.135161240414506,18.558602067357512,18.567886010365328,166607.67896830157
20250425,20250428,920351.BJ,sell,1800.0,22.56727949401725,40621.10308923105,12.186330926769314,20.310551544615528,20.320711900560127,207196.28517506123
20250425,20250428,600289.SH,buy,7200.0,5.7528749999999995,41420.7,12.426209999999998,0.0,20.69999999999709,165763.15896506124
20250425,20250428,600610.SH,buy,4400.0,9.334665,41072.526,12.321757799999999,0.0,20.52599999999802,124678.31120726126
20250425,20250428,688536.SH,buy,200.0,147.0735,29414.7,8.82441,0.0,14.700000000000728,95254.78679726126
20250425,20250428,920273.BJ,buy,900.0,44.25297296840643,39827.67567156579,11.948302701469736,0.0,19.903885892832477,55415.162822993996
20250425,20250428,920394.BJ,buy,1000.0,40.487101274098904,40487.1012740989,12.14613038222967,0.0,20.233433920089738,14915.915418512865
20250430,20250506,600289.SH,sell,7200.0,5.85707,42170.904,12.6512712,21.085452,21.09599999999773,57053.08269531287
20250430,20250506,600610.SH,sell,4400.0,11.1944,49255.36,14.776608,24.62768,24.639999999999418,106269.03840731288
20250430,20250506,688536.SH,sell,200.0,154.9225,30984.500000000004,9.295350000000001,15.492250000000002,15.499999999996362,137228.7508073129
20250430,20250506,920394.BJ,sell,1000.0,42.85393532271584,42853.93532271584,12.856180596814752,21.42696766135792,21.437686504606972,180048.40298177057
20250430,20250506,002427.SZ,buy,7000.0,6.12306,42861.42,12.858425999999998,0.0,21.419999999998254,137174.12455577057
20250430,20250506,601086.SH,buy,4200.0,10.235947354247035,42990.97888783755,12.897293666351263,0.0,21.484747070382582,94170.24837426667
20250430,20250506,605188.SH,buy,4100.0,10.37700301537249,42545.7123630272,12.76371370890816,0.0,21.262225068974658,51611.77229753055
20250430,20250506,688788.SH,buy,1000.0,39.19674287632508,39196.74287632508,11.759022862897522,0.0,19.588577149581397,12403.270398342574
20250430,20250506,920273.BJ,buy,200.0,38.309144999999994,7661.828999999999,5.0,0.0,3.828999999998814,4736.441398342576
20250509,20250512,002427.SZ,sell,7000.0,6.4867550000000005,45407.285,13.6221855,22.7036425,22.714999999996508,50107.40057034259
20250509,20250512,601086.SH,sell,4200.0,11.428157435038942,47998.26122716356,14.399478368149067,23.99913061358178,24.011136181667098,98067.2631885244
20250509,20250512,605188.SH,sell,4100.0,10.836025867165944,44427.70605538037,13.328311816614109,22.213853027690185,22.224965510446054,142459.42707906046
20250509,20250512,688788.SH,sell,1000.0,37.872277003533576,37872.27700353358,11.361683101060072,18.936138501766788,18.945611307412037,180301.4062609912
20250509,20250512,920273.BJ,sell,1100.0,44.19789,48617.679000000004,14.585303699999999,24.3088395,24.320999999996275,228880.19111779123
20250509,20250512,002165.SZ,buy,4100.0,10.985174001578581,45039.21340647218,13.511764021941653,0.0,22.508352526972885,183827.4659472971
20250509,20250512,300723.SZ,buy,1200.0,35.487734999999994,42585.28199999999,12.775584599999997,0.0,21.281999999991967,141229.4083626971
20250509,20250512,603696.SH,buy,3700.0,12.244280391572673,45303.83744881889,13.591151234645666,0.0,22.640598425197823,95911.97976264358
20250509,20250512,688068.SH,buy,400.0,106.053,42421.2,12.726359999999998,0.0,21.19999999999709,53478.05340264358
20250509,20250512,688136.SH,buy,1300.0,34.87193748758195,45333.51873385654,13.60005562015696,0.0,22.655431651102845,8130.934613166886
20250516,20250519,002165.SZ,sell,4100.0,12.15817357741262,49848.511667391744,14.954553500217521,24.924255833695874,24.93672419579525,57939.56747122471
20250516,20250519,300723.SZ,sell,1200.0,37.571205000000006,45085.44600000001,13.525633800000001,22.542723000000006,22.55399999999645,102988.94511442471
20250516,20250519,603696.SH,sell,3700.0,12.420532743136837,45955.971149606296,13.786791344881888,22.97798557480315,22.9894803149582,148908.15148711132
20250516,20250519,688068.SH,sell,400.0,108.14590000000001,43258.36000000001,12.977508000000002,21.629180000000005,21.639999999992142,192131.9047991113
20250516,20250519,688136.SH,sell,1300.0,35.625432892906815,46313.06276077886,13.893918828233657,23.15653138038943,23.168115438107634,238407.91710968156
20250516,20250519,000880.SZ,buy,1900.0,23.888678821311366,45388.4897604916,13.616546928147478,0.0,22.68290342853288,193005.8108022618
20250516,20250519,300153.SZ,buy,1600.0,29.524755,47239.608,14.1718824,0.0,23.608000000000175,145752.0309198618
20250516,20250519,300817.SZ,buy,1700.0,27.262971708413616,46347.051904303145,13.904115571290943,0.0,23.16194497966353,99391.07489998738
20250516,20250519,301225.SZ,buy,700.0,59.99912037037036,41999.384259259255,12.599815277777775,0.0,20.98919753086375,57379.090825450345
20250516,20250519,920810.BJ,buy,2900.0,16.08535139878305,46647.51905647085,13.994255716941252,0.0,23.312103476499033,10717.577513262557
20250523,20250526,000880.SZ,sell,1900.0,22.94856414382725,43602.27187327178,13.080681561981532,21.801135936635887,21.812041957615293,54284.96756903572
20250523,20250526,300153.SZ,sell,1600.0,27.056465000000003,43290.344000000005,12.9871032,21.645172000000002,21.6559999999954,97540.67929383572
20250523,20250526,300817.SZ,sell,1700.0,24.75705437272533,42086.992433633066,12.626097730089919,21.043496216816532,21.05402322842565,139594.0021335219
20250523,20250526,301225.SZ,sell,700.0,56.65889917695473,39661.22942386831,11.898368827160493,19.830614711934157,19.840534979426593,179223.5025738511
20250523,20250526,920810.BJ,sell,2900.0,14.9913263352667,43474.84637227343,13.042453911682028,21.737423186136716,21.748297334801464,222663.5690690267
20250523,20250526,000565.SZ,buy,4300.0,10.323839382811073,44392.509346087616,13.317752803826284,0.0,22.18516209199879,178257.74197013525
20250523,20250526,300946.SZ,buy,800.0,52.86001858505762,42288.01486804609,12.686404460413826,0.0,21.133440713660093,135957.04069762875
20250523,20250526,601086.SH,buy,3800.0,11.638540723487882,44226.45474925395,13.267936424776183,0.0,22.102176286476606,91717.31801195003
20250523,20250526,920169.BJ,buy,1500.0,28.628338654872223,42942.507982308336,12.882752394692499,0.0,21.460523729292618,48761.92727724701
20250523,20250526,920351.BJ,buy,1500.0,28.922997078193113,43384.49561728967,13.0153486851869,0.0,21.68140710509033,5364.416311272151
20250530,20250603,000565.SZ,sell,4300.0,9.48484478957393,40784.8325951679,12.235449778550368,20.39241629758395,20.40261760638532,46116.62104036392
20250530,20250603,300946.SZ,sell,800.0,51.28419515549499,41027.35612439599,12.308206837318796,20.513678062197997,20.523940032209794,87111.1552798604
20250530,20250603,920169.BJ,sell,1500.0,29.825427107086025,44738.14066062904,13.42144219818871,22.36907033031452,22.380260460544378,131813.50542796095
20250530,20250603,920351.BJ,sell,1500.0,30.388610356182173,45582.91553427326,13.674874660281978,22.79145776713663,22.802859196730424,177359.9546298068
20250530,20250603,002165.SZ,buy,4600.0,9.620741691319047,44255.41178006762,13.276623534020285,0.0,22.116647566246684,133091.26622620516
20250530,20250603,002651.SZ,buy,3900.0,11.306547213218135,44095.534131550725,13.228660239465217,0.0,22.0367486914256,88982.50343441498
20250530,20250603,300879.SZ,buy,1000.0,44.04201,44042.009999999995,13.212602999999998,0.0,22.00999999999476,44927.28083141498
20250530,20250603,300963.SZ,buy,2000.0,21.392188670274788,42784.377340549574,12.83531320216487,0.0,21.381497921312985,2130.068177663241
20250530,20250603,600610.SH,buy,100.0,13.196594999999999,1319.6594999999998,5.0,0.0,0.6594999999997526,805.4086776632412
20250606,20250609,002165.SZ,sell,4600.0,9.640973974233084,44348.480281472184,13.304544084441654,22.174240140736092,22.185332807137456,45118.41017491024
20250606,20250609,002651.SZ,sell,3900.0,11.01684235794917,42965.68519600176,12.889705558800527,21.48284259800088,21.493589392695867,88049.7228227552
20250606,20250609,300879.SZ,sell,1000.0,43.278349999999996,43278.35,12.983505,21.639174999999998,21.650000000001455,131293.4501427552
20250606,20250609,300963.SZ,sell,2000.0,22.288850000000004,44577.700000000004,13.37331,22.288850000000004,22.299999999995634,175835.4879827552
20250606,20250609,600610.SH,sell,100.0,14.892550000000002,1489.255,5.0,0.7446275000000001,0.7449999999998909,177318.9983552552
20250606,20250609,601086.SH,sell,400.0,13.77341409127302,5509.365636509208,5.0,2.7546828182546044,2.7560608486783167,182820.60930894615
20250606,20250609,002289.SZ,buy,3400.0,13.506749999999998,45922.95,13.776884999999998,0.0,22.94999999999709,136883.88242394617
20250606,20250609,002735.SZ,buy,2700.0,16.648179562657692,44950.08481917577,13.48502544575273,0.0,22.463810504334106,91920.31257932464
20250606,20250609,601579.SH,buy,2000.0,22.071029999999997,44142.05999999999,13.242617999999997,0.0,22.059999999990396,47765.00996132466
20250606,20250609,688648.SH,buy,800.0,52.025999999999996,41620.799999999996,12.486239999999997,0.0,20.799999999995634,6131.723721324663
20250613,20250616,002289.SZ,sell,3400.0,18.07096,61441.263999999996,18.432379199999996,30.720632,30.735999999997148,67523.83471012466
20250613,20250616,002735.SZ,sell,2700.0,16.49175,44527.725,13.358317499999998,22.2638625,22.275000000001455,112015.93753012465
20250613,20250616,601086.SH,sell,3400.0,12.69365,43158.409999999996,12.947522999999999,21.579204999999998,21.590000000003783,155139.82080212462
20250613,20250616,601579.SH,sell,2000.0,20.699645,41399.29,12.419787,20.699645,20.709999999999127,196505.99137012463
20250613,20250616,688648.SH,sell,800.0,60.969500000000004,48775.600000000006,14.63268,24.387800000000002,24.39999999999418,245242.57089012463
20250613,20250616,002427.SZ,buy,5500.0,8.804400000000001,48424.200000000004,14.52726,0.0,24.19999999999709,196803.8436301246
20250613,20250616,600610.SH,buy,3600.0,13.506749999999998,48624.299999999996,14.587289999999998,0.0,24.299999999995634,148164.9563401246
20250613,20250616,605136.SH,buy,4400.0,11.06553,48688.332,14.6064996,0.0,24.332000000002154,99462.0178405246
20250613,20250616,605388.SH,buy,5500.0,8.836757749915282,48602.16762453405,14.580650287360214,0.0,24.28893934259395,50845.26956570319
20250613,20250616,920982.BJ,buy,100.0,324.85042416894305,32485.042416894306,9.745512725068291,0.0,16.234404006441764,18350.481636083812
20250620,20250623,002427.SZ,sell,5500.0,7.896050000000001,43428.275,13.028482499999999,21.7141375,21.724999999998545,61744.01401608382
20250620,20250623,600610.SH,sell,3600.0,16.791600000000003,60449.76000000001,18.134928000000002,30.224880000000006,30.239999999990687,122145.41420808382
20250620,20250623,605136.SH,sell,4400.0,10.374810000000002,45649.16400000001,13.694749200000002,22.824582000000007,22.835999999988417,167758.05887688382
20250620,20250623,605388.SH,sell,5500.0,7.866065000000001,43263.357500000006,12.97900725,21.631678750000003,21.64249999999447,210986.80569088383
20250620,20250623,920982.BJ,sell,100.0,331.1588620310056,33115.886203100556,9.934765860930165,16.55794310155028,16.566226214657945,244076.19918502192
20250620,20250623,300651.SZ,buy,1600.0,29.004495,46407.191999999995,13.922157599999997,0.0,23.19199999999546,197655.08502742194
20250620,20250623,603011.SH,buy,3200.0,15.087539999999999,48280.128,14.484038399999998,0.0,24.127999999996973,149360.47298902195
20250620,20250623,688136.SH,buy,1200.0,40.490235,48588.282,14.576484599999999,0.0,24.281999999999243,100757.61450442194
20250620,20250623,688648.SH,buy,1000.0,48.03400499999999,48034.00499999999,14.410201499999996,0.0,24.004999999990105,52709.19930292195
20250620,20250623,920748.BJ,buy,700.0,66.2278906129128,46359.52342903896,13.907857028711687,0.0,23.16817762570281,6335.768016854279
20250627,20250630,300651.SZ,sell,1600.0,27.136425,43418.28,13.025483999999999,21.70914,21.720000000001164,49719.31339285428
20250627,20250630,603011.SH,sell,3200.0,15.27236,48871.552,14.6614656,24.435776,24.447999999996682,98551.76815125428
20250627,20250630,688136.SH,sell,1200.0,38.3808,46056.96,13.817087999999998,23.02848,23.040000000000873,144571.88258325428
20250627,20250630,688648.SH,sell,1000.0,47.13642,47136.42,14.140925999999999,23.56821,23.580000000001746,191670.59344725427
20250627,20250630,920748.BJ,sell,700.0,72.74792798274324,50923.549587920264,15.277064876376079,25.46177479396013,25.47451204997924,242553.4041955042
20250627,20250630,002826.SZ,buy,2500.0,19.18959,47973.975,14.392192499999998,0.0,23.974999999998545,194565.0370030042
20250627,20250630,300804.SZ,buy,900.0,52.81639499999999,47534.75549999999,14.260426649999996,0.0,23.755499999992026,147016.0210763542
20250627,20250630,300920.SZ,buy,1100.0,43.2216,47543.76,14.263128,0.0,23.760000000002037,99457.9979483542
20250627,20250630,920719.BJ,buy,2500.0,19.119555,47798.8875,14.339666249999999,0.0,23.88749999999709,51644.7707821042
20250627,20250630,920895.BJ,buy,1300.0,35.05752,45574.776,13.672432799999997,0.0,22.77599999999802,6056.322349304202
20250704,20250707,002826.SZ,sell,2500.0,18.81059,47026.475000000006,14.1079425,23.513237500000002,23.52499999999418,53045.176169304206
20250704,20250707,300804.SZ,sell,900.0,52.823575000000005,47541.217500000006,14.26236525,23.770608750000005,23.782499999993888,100548.36069530422
20250704,20250707,300920.SZ,sell,1100.0,46.55671,51212.381,15.3637143,25.6061905,25.618999999998778,151719.77179050422
20250704,20250707,920719.BJ,sell,2500.0,18.150920000000003,45377.30000000001,13.613190000000001,22.688650000000006,22.699999999989814,197060.76995050424
20250704,20250707,920895.BJ,sell,1300.0,34.122930000000004,44359.80900000001,13.307942700000002,22.179904500000006,22.190999999991618,241385.09110330424
20250704,20250707,002141.SZ,buy,11800.0,4.102049999999999,48404.189999999995,14.521256999999997,0.0,24.19000000000233,192966.37984630425
20250704,20250707,002846.SZ,buy,2900.0,16.238115,47090.533500000005,14.12716005,0.0,23.533500000005006,145861.71918625425
20250704,20250707,002882.SZ,buy,1400.0,33.876929999999994,47427.70199999999,14.228310599999995,0.0,23.70199999999022,98419.78887565425
20250704,20250707,601086.SH,buy,4200.0,11.245619999999999,47231.60399999999,14.169481199999996,0.0,23.603999999992084,51174.01539445426
20250704,20250707,688159.SH,buy,700.0,61.919655963302745,43343.75917431192,13.003127752293574,0.0,21.661049062618986,7817.253092390049
20250711,20250714,002141.SZ,sell,11800.0,4.007995,47294.341,14.188302299999998,23.6471705,23.65899999999965,55073.75861959005
20250711,20250714,002846.SZ,sell,2900.0,15.67216,45449.264,13.6347792,22.724632000000003,22.735999999997148,100486.66320839006
20250711,20250714,002882.SZ,sell,1400.0,33.153415,46414.781,13.9244343,23.207390500000002,23.218999999997322,146864.31238359006
20250711,20250714,601086.SH,sell,4200.0,11.1944,47016.48,14.104944,23.50824,23.5199999999968,193843.17919959006
20250711,20250714,688159.SH,sell,700.0,50.7433232648584,35520.32628540088,10.656097885620262,17.76016314270044,17.76904766653024,229335.08922396263
20250711,20250714,002365.SZ,buy,1700.0,26.323154999999996,44749.36349999999,13.424809049999997,0.0,22.3634999999922,184572.30091491263
20250711,20250714,002940.SZ,buy,1100.0,38.85804386210786,42743.84824831865,12.823154474495595,0.0,21.36124350240425,141815.62951211949
20250711,20250714,300204.SZ,buy,1100.0,39.0195,42921.450000000004,12.876435,0.0,21.450000000004366,98881.30307711949
20250711,20250714,300804.SZ,buy,900.0,46.873425,42186.0825,12.655824749999997,0.0,21.0824999999968,56682.56475236949
20250711,20250714,301024.SZ,buy,900.0,50.335155,45301.6395,13.590491849999998,0.0,22.639499999997497,11367.334760519494
20250718,20250721,002940.SZ,sell,1100.0,49.4461371284766,54390.75084132426,16.31722525239728,27.19537542066213,27.20897991061065,65714.5730011707
20250718,20250721,300204.SZ,sell,1100.0,45.667155,50233.870500000005,15.07016115,25.116935250000004,25.12949999999546,115908.25640477071
20250718,20250721,300804.SZ,sell,900.0,44.61768,40155.912,12.046773599999998,20.077956,20.088000000003376,156032.04367517072
20250718,20250721,301024.SZ,sell,900.0,49.1754,44257.86,13.277358,22.12893,22.139999999999418,200254.49738717073
20250718,20250721,002104.SZ,buy,2100.0,22.021005,46244.110499999995,13.873233149999997,0.0,23.110499999995227,153996.51365402073
20250718,20250721,002289.SZ,buy,2700.0,17.758875,47948.9625,14.384688749999999,0.0,23.962500000001455,106033.16646527074
20250718,20250721,002365.SZ,buy,300.0,24.012,7203.6,5.0,0.0,3.600000000000364,98824.56646527073
20250718,20250721,300255.SZ,buy,1100.0,43.791885,48171.0735,14.451322049999998,0.0,24.073499999998603,50639.041643220735
20250718,20250721,300879.SZ,buy,1400.0,34.2171,47903.94,14.371182,0.0,23.939999999995052,2720.73046122073
20250725,20250728,002289.SZ,sell,2700.0,19.33033,52191.891,15.6575673,26.095945500000003,26.10899999999674,54870.86794842074
20250725,20250728,300255.SZ,sell,1100.0,41.67915000000001,45847.06500000001,13.754119500000002,22.923532500000004,22.934999999990396,100681.25529642074
20250725,20250728,300879.SZ,sell,1400.0,33.24337,46540.718,13.9622154,23.270359,23.281999999999243,147184.74072202074
20250725,20250728,002104.SZ,buy,100.0,20.180085000000002,2018.0085000000001,5.0,0.0,1.0084999999999127,145161.73222202074
20250725,20250728,002365.SZ,buy,200.0,20.370179999999998,4074.0359999999996,5.0,0.0,2.0359999999996035,141082.69622202075
20250725,20250728,300591.SZ,buy,4000.0,11.30565,45222.6,13.566779999999998,0.0,22.599999999998545,95846.52944202075
20250725,20250728,300950.SZ,buy,1500.0,30.31515,45472.725,13.641817499999998,0.0,22.724999999998545,50360.16262452075
20250725,20250728,688221.SH,buy,2300.0,19.52976,44918.448,13.475534399999997,0.0,22.447999999996682,5428.239090120755
20250801,20250804,002104.SZ,sell,2200.0,19.090450000000004,41998.99000000001,12.599697000000003,20.999495000000007,21.009999999987485,47393.62989812077
20250801,20250804,002365.SZ,sell,2200.0,19.480255,42856.561,12.8569683,21.4282805,21.438999999998487,90215.90564932078
20250801,20250804,300591.SZ,sell,4000.0,10.944525,43778.1,13.133429999999999,21.88905,21.900000000001455,133958.98316932077
20250801,20250804,300950.SZ,sell,1500.0,32.493745,48740.61749999999,14.622185249999996,24.370308749999996,24.382500000006985,182660.60817532075
20250801,20250804,688221.SH,sell,2300.0,20.939525,48160.9075,14.448272249999999,24.08045375,24.092499999998836,230782.98694932077
20250801,20250804,000657.SZ,buy,2900.0,15.787889999999999,45784.880999999994,13.735464299999997,0.0,22.880999999993946,184984.37048502077
20250801,20250804,300313.SZ,buy,4900.0,9.38469,45984.98100000001,13.795494300000001,0.0,22.980999999999767,138985.59399072075
20250801,20250804,601003.SH,buy,7500.0,6.153075,46148.0625,13.844418749999999,0.0,23.0625,92823.68707197075
20250801,20250804,920174.BJ,buy,700.0,65.47272,45830.903999999995,13.749271199999997,0.0,22.903999999994994,46979.033800770754
20250801,20250804,920807.BJ,buy,2500.0,18.399195,45997.987499999996,13.799396249999997,0.0,22.987499999995634,967.2469045207617
20250808,20250811,000657.SZ,sell,2900.0,16.461765,47739.1185,14.321735549999998,23.86955925,23.881500000003143,48668.174109720756
20250808,20250811,300313.SZ,sell,4900.0,10.51474,51522.226,15.4566678,25.761113,25.773999999997613,100149.18232892075
20250808,20250811,601003.SH,sell,7500.0,6.166915,46251.8625,13.87555875,23.12593125,23.13749999999709,146364.04333892075
20250808,20250811,920174.BJ,sell,700.0,68.64566,48051.96200000001,14.415588600000001,24.025981000000005,24.038000000000466,194377.56376932075
20250808,20250811,920807.BJ,sell,2500.0,20.059965000000002,50149.912500000006,15.04497375,25.074956250000003,25.08749999999418,244487.35633932077
20250808,20250811,002940.SZ,buy,900.0,54.235610783399146,48812.04970505923,14.643614911517767,0.0,24.393827938562026,195660.66301935003
20250808,20250811,300683.SZ,buy,900.0,50.92545,45832.905,13.749871499999998,0.0,22.904999999998836,149814.00814785005
20250808,20250811,600749.SH,buy,2000.0,24.2121,48424.2,14.527259999999998,0.0,24.19999999999709,101375.28088785005
20250808,20250811,603716.SH,buy,1700.0,27.603794999999998,46926.451499999996,14.077935449999998,0.0,23.451499999995576,54434.75145240006
20250808,20250811,688189.SH,buy,3300.0,14.58729,48138.057,14.441417099999999,0.0,24.0570000000007,6282.253035300055
20250815,20250818,300683.SZ,sell,900.0,56.341815000000004,50707.6335,15.21229005,25.353816750000004,25.36649999999645,56949.320428500054
20250815,20250818,600749.SH,sell,2000.0,27.576205,55152.41,16.545723,27.576205,27.589999999996508,112057.60850050006
20250815,20250818,603716.SH,sell,1700.0,28.36581,48221.877,14.466563099999998,24.1109385,24.122999999999593,160240.90799890005
20250815,20250818,688189.SH,sell,3300.0,13.473260000000002,44461.758,13.338527399999998,22.230879,22.24199999999837,204667.09659250005
20250815,20250818,002940.SZ,buy,100.0,49.33594474942509,4933.594474942509,5.0,0.0,2.4655644552431113,199728.50211755754
20250815,20250818,300591.SZ,buy,4000.0,12.2061,48824.399999999994,14.647319999999997,0.0,24.39999999999418,150889.45479755756
20250815,20250818,688011.SH,buy,1100.0,43.351665,47686.8315,14.306049449999998,0.0,23.831500000000233,103188.31724810755
20250815,20250818,688500.SH,buy,600.0,76.73835,46043.009999999995,13.812902999999997,0.0,23.00999999999476,57131.49434510755
20250815,20250818,920942.BJ,buy,1000.0,48.684329999999996,48684.329999999994,14.605298999999997,0.0,24.32999999999447,8432.559046107555
20250822,20250825,002940.SZ,sell,1000.0,50.34334526185622,50343.34526185622,15.103003578556866,25.17167263092811,25.184264763302053,58735.62963175429
20250822,20250825,300591.SZ,sell,4000.0,12.5937,50374.8,15.11244,25.1874,25.19999999999709,109070.1297917543
20250822,20250825,688011.SH,sell,1100.0,42.078950000000006,46286.84500000001,13.886053500000001,23.143422500000003,23.15499999999156,155319.9453157543
20250822,20250825,688500.SH,sell,600.0,75.962,45577.200000000004,13.67316,22.788600000000002,22.799999999995634,200860.6835557543
20250822,20250825,920942.BJ,sell,1000.0,45.857060000000004,45857.060000000005,13.757118,22.928530000000002,22.939999999995052,246681.05790775432
20250822,20250825,002097.SZ,buy,2900.0,16.70835,48454.215,14.536264499999998,0.0,24.214999999996508,198212.30664325433
20250822,20250825,002173.SZ,buy,2100.0,23.09154,48492.234,14.547670199999997,0.0,24.23399999999674,149705.52497305433
20250822,20250825,300436.SZ,buy,300.0,134.617275,40385.1825,12.11555475,0.0,20.18250000000262,109308.22691830432
20250822,20250825,688265.SH,buy,800.0,59.279624999999996,47423.7,14.227109999999998,0.0,23.69999999999709,61870.29980830433
20250822,20250825,688585.SH,buy,500.0,83.10153,41550.765,12.4652295,0.0,20.764999999999418,20307.06957880433
20250829,20250901,002097.SZ,sell,2900.0,15.522235,45014.4815,13.50434445,22.50724075,22.518499999998312,65285.53949360434
20250829,20250901,002173.SZ,sell,2100.0,22.768610000000002,47814.081000000006,14.3442243,23.907040500000004,23.918999999994412,113061.36922880434
20250829,20250901,300436.SZ,sell,300.0,130.25484,39076.452,11.722935599999998,19.538225999999998,19.548000000002503,152106.56006720435
20250829,20250901,688265.SH,sell,800.0,61.969,49575.200000000004,14.87256,24.7876,24.799999999995634,201642.09990720433
20250829,20250901,688585.SH,sell,500.0,81.5592,40779.6,12.23388,20.3898,20.400000000001455,242389.07622720435
20250829,20250901,002017.SZ,buy,1700.0,28.47423,48406.191,14.521857299999999,0.0,24.190999999998894,193968.36336990434
20250829,20250901,300885.SZ,buy,2000.0,23.51175,47023.5,14.10705,0.0,23.5,146930.75631990435
20250829,20250901,600475.SH,buy,2200.0,21.80937435274742,47980.62357604432,14.394187072813295,0.0,23.978322626709996,98935.73855678721
20250829,20250901,603516.SH,buy,400.0,98.90943,39563.772,11.869131599999998,0.0,19.771999999997206,59360.09742518722
20250829,20250901,688658.SH,buy,1700.0,27.213599999999996,46263.119999999995,13.878935999999998,0.0,23.119999999995343,13083.098489187221
20250905,20250908,002017.SZ,sell,1700.0,25.737125000000002,43753.1125,13.12593375,21.87655625,21.88749999999709,56801.208499187225
20250905,20250908,300885.SZ,sell,2000.0,23.068459999999998,46136.92,13.841075999999997,23.068459999999998,23.080000000001746,102901.21896318722
20250905,20250908,600475.SH,sell,2200.0,21.63855005083584,47604.810111838844,14.281443033551652,23.802405055919422,23.81431221202365,150467.9452269366
20250905,20250908,603516.SH,sell,400.0,96.95150000000001,38780.600000000006,11.63418,19.390300000000003,19.39999999999418,189217.5207469366
20250905,20250908,688658.SH,sell,1700.0,30.484750000000002,51824.075000000004,15.5472225,25.912037500000004,25.924999999995634,241000.13648693662
20250905,20250908,300436.SZ,buy,400.0,112.75635,45102.54,13.530762,0.0,22.540000000000873,195884.0657249366
20250905,20250908,301357.SZ,buy,400.0,116.05799999999999,46423.2,13.926959999999998,0.0,23.19999999999709,149446.9387649366
20250905,20250908,601606.SH,buy,900.0,51.025499999999994,45922.95,13.776884999999998,0.0,22.94999999999709,103510.21187993661
20250905,20250908,603716.SH,buy,1600.0,29.384685,47015.496,14.104648799999998,0.0,23.495999999999185,56480.611231136616
20250905,20250908,688228.SH,buy,400.0,116.068005,46427.202,13.928160599999998,0.0,23.201999999997497,10039.481070536618
20250912,20250915,300436.SZ,sell,400.0,119.94000000000001,47976.00000000001,14.392800000000001,23.988000000000003,23.999999999992724,57977.100270536626
20250912,20250915,301357.SZ,sell,400.0,129.935,51974.0,15.592199999999998,25.987000000000002,26.0,109909.52107053663
20250912,20250915,603716.SH,sell,1600.0,31.444270000000003,50310.832,15.0932496,25.155416000000002,25.167999999997846,160180.10440493663
20250912,20250915,688228.SH,sell,400.0,169.924995,67969.99799999999,20.390999399999995,33.984998999999995,34.00200000000768,228095.72640653665
20250912,20250915,300486.SZ,buy,2300.0,23.601795,54284.1285,16.28523855,0.0,27.128499999998894,173795.31266798664
20250912,20250915,600475.SH,buy,3400.0,15.91199223182666,54100.77358821065,16.230232076463192,0.0,27.036868359922664,119678.30884769952
20250912,20250915,601606.SH,buy,200.0,49.00449,9800.898,5.0,0.0,4.897999999999229,109872.41084769952
20250912,20250915,688108.SH,buy,1700.0,31.005494999999996,52709.341499999995,15.812802449999998,0.0,26.341499999994994,57147.256545249526
20250912,20250915,920274.BJ,buy,1400.0,39.11955,54767.369999999995,16.430210999999996,0.0,27.369999999995343,2363.456334249531
20250919,20250922,600475.SH,sell,3400.0,16.313360506644834,55465.42572259244,16.63962771677773,27.732712861296218,27.74658615437511,57784.50971626389
20250919,20250922,601606.SH,sell,1100.0,47.25636,51981.996,15.594598799999998,25.990998,26.004000000000815,109724.92011946389
20250919,20250922,920274.BJ,sell,1400.0,35.792095,50108.933000000005,15.0326799,25.054466500000004,25.06699999999546,159793.76597306388
20250919,20250922,300436.SZ,buy,400.0,108.05399999999999,43221.6,12.966479999999999,0.0,21.599999999998545,116559.19949306388
20250919,20250922,300486.SZ,buy,100.0,21.420704999999998,2142.0705,5.0,0.0,1.0704999999998108,114412.12899306387
20250919,20250922,601929.SH,buy,11400.0,4.50225,51325.65,15.397694999999999,0.0,25.650000000001455,63071.08129806387
20250919,20250922,688108.SH,buy,100.0,28.574279999999998,2857.428,5.0,0.0,1.4279999999998836,60208.65329806387
20250919,20250922,688577.SH,buy,400.0,108.05399999999999,43221.6,12.966479999999999,0.0,21.599999999998545,16974.08681806387
20250926,20250929,300436.SZ,sell,400.0,101.81906500000001,40727.626000000004,12.2182878,20.363813000000004,20.37399999999616,57669.13071726387
20250926,20250929,300486.SZ,sell,2400.0,23.48825,56371.8,16.91154,28.185900000000004,28.19999999999709,113995.83327726388
20250926,20250929,688108.SH,sell,1800.0,26.30684,47352.312000000005,14.2056936,23.676156000000002,23.687999999994645,161310.2634276639
20250926,20250929,688577.SH,sell,400.0,108.03595500000002,43214.382000000005,12.9643146,21.607191000000004,21.617999999994936,204490.0739220639
20250926,20250929,300528.SZ,buy,2200.0,21.500745,47301.638999999996,14.190491699999997,0.0,23.638999999995576,157174.2444303639
20250926,20250929,301389.SZ,buy,800.0,61.01411397545556,48811.291180364446,14.643387354109333,0.0,24.393448865746905,108348.30986264534
20250926,20250929,601869.SH,buy,400.0,102.701325,41080.53,12.324158999999998,0.0,20.529999999998836,67255.45570364533
20250926,20250929,601929.SH,buy,2400.0,3.5517749999999997,8524.259999999998,5.0,0.0,4.259999999998399,58726.19570364534
20250926,20250929,688205.SH,buy,400.0,119.79017225048372,47916.06890019349,14.374820670058044,0.0,23.946061419381294,10795.751982781796
20250930,20251009,300528.SZ,sell,2200.0,21.06946,46352.812,13.905843599999999,23.176406,23.187999999994645,57111.4817331818
20250930,20251009,601929.SH,sell,13800.0,3.7181400000000004,51310.33200000001,15.393099600000001,25.655166000000005,25.66799999999057,108380.7654675818
20250930,20251009,688205.SH,sell,400.0,118.92156558579364,47568.62623431746,14.270587870295238,23.78431311715873,23.796211222761485,155911.3368009118
20250930,20251009,300620.SZ,buy,400.0,117.248595,46899.437999999995,14.069831399999996,0.0,23.437999999994645,108997.82896951181
20250930,20251009,301529.SZ,buy,600.0,78.69258547486032,47215.5512849162,14.164665385474859,0.0,23.595977653632872,61768.11301921014
20250930,20251009,688195.SH,buy,400.0,119.55975,47823.899999999994,14.347169999999997,0.0,23.89999999999418,13929.865849210146
20251010,20251013,301389.SZ,sell,800.0,52.39655544440313,41917.2443555225,12.57517330665675,20.958622177761253,20.96910673112143,55813.57640924823
20251010,20251013,301529.SZ,sell,600.0,71.82001243947857,43092.00746368714,12.927602239106141,21.546003731843573,21.556782122905133,98871.11026696442
20251010,20251013,601869.SH,sell,400.0,86.106925,34442.770000000004,10.332831,17.221385,17.229999999995925,133286.32605096442
20251010,20251013,300111.SZ,buy,6500.0,6.563279999999999,42661.31999999999,12.798395999999997,0.0,21.319999999992433,90612.20765496443
20251010,20251013,300436.SZ,buy,400.0,96.418185,38567.274,11.570182199999998,0.0,19.273999999997613,52033.36347276443
20251010,20251013,300486.SZ,buy,2200.0,19.299644999999998,42459.219,12.737765699999999,0.0,21.218999999997322,9561.40670706443
20251017,20251020,300111.SZ,sell,6500.0,8.63568,56131.920000000006,16.839576,28.065960000000004,28.080000000001746,65648.42117106443
20251017,20251020,300436.SZ,sell,400.0,122.97848000000002,49191.39200000001,14.7574176,24.595696000000004,24.6079999999929,114800.46005746444
20251017,20251020,300486.SZ,sell,2200.0,21.109440000000003,46440.768000000004,13.9322304,23.220384000000003,23.231999999996333,161204.07544306444
20251017,20251020,300620.SZ,sell,400.0,107.556195,43022.478,12.9067434,21.511239000000003,21.521999999997206,204192.13546066446
20251017,20251020,688195.SH,sell,400.0,98.000975,39200.39,11.760117,19.600195,19.610000000000582,243361.16514866447
20251017,20251020,301489.SZ,buy,200.0,199.509705,39901.941,11.970582299999998,0.0,19.940999999998894,203447.25356636447
20251017,20251020,600376.SH,buy,8100.0,6.003,48624.3,14.58729,0.0,24.30000000000291,154808.36627636445
20251017,20251020,688210.SH,buy,1000.0,47.573775,47573.774999999994,14.272132499999998,0.0,23.77499999999418,107220.31914386446
20251017,20251020,688228.SH,buy,200.0,190.095,38019.0,11.4057,0.0,19.0,69189.91344386445
20251017,20251020,688585.SH,buy,500.0,90.045,45022.5,13.506749999999998,0.0,22.5,24153.906693864454
20251024,20251027,301489.SZ,sell,200.0,243.01843,48603.686,14.5811058,24.301843,24.313999999998487,72718.70974506445
20251024,20251027,600376.SH,sell,8100.0,6.396800000000001,51814.08000000001,15.544224000000002,25.907040000000006,25.919999999990978,124491.33848106446
20251024,20251027,688210.SH,sell,1000.0,53.903035,53903.035,16.170910499999998,26.9515175,26.964999999996508,178351.25105306448
20251024,20251027,688228.SH,sell,200.0,204.39775,40879.55,12.263865,20.439775,20.44999999999709,219198.09741306448
20251024,20251027,688585.SH,sell,500.0,104.5477,52273.850000000006,15.682155,26.136925000000005,26.14999999999418,271430.1283330645
20251024,20251027,002759.SZ,buy,2400.0,22.43121,53834.904,16.1504712,0.0,26.903999999994994,217579.07386186448
20251024,20251027,300539.SZ,buy,1000.0,50.76537,50765.369999999995,15.229610999999997,0.0,25.369999999995343,166798.47425086447
20251024,20251027,600629.SH,buy,1900.0,27.513749999999998,52276.125,15.682837499999998,0.0,26.125,114506.66641336447
20251024,20251027,601212.SH,buy,10400.0,5.182589999999999,53898.935999999994,16.1696808,0.0,26.935999999994237,60591.560732564474
20251024,20251027,688335.SH,buy,2400.0,22.401194999999998,53762.867999999995,16.128860399999997,0.0,26.867999999994936,6812.563872164479
20251031,20251103,002759.SZ,sell,2400.0,30.834575000000005,74002.98000000001,22.200894,37.001490000000004,37.01999999998952,80756.3414881645
20251031,20251103,300539.SZ,sell,1000.0,48.59569,48595.689999999995,14.578706999999998,24.297845,24.310000000004948,129313.1549361645
20251031,20251103,601212.SH,sell,10400.0,5.187405000000001,53949.01200000001,16.184703600000002,26.974506000000005,26.987999999997555,183219.0077265645
20251031,20251103,688335.SH,sell,2400.0,20.9895,50374.799999999996,15.112439999999998,25.187399999999997,25.200000000004366,233553.5078865645
20251031,20251103,301489.SZ,buy,300.0,180.120015,54036.004499999995,16.210801349999997,0.0,27.00449999999546,179501.2925852145
20251031,20251103,600629.SH,buy,500.0,22.921454999999998,11460.727499999999,5.0,0.0,5.727499999999054,168035.5650852145
20251031,20251103,688108.SH,buy,2500.0,21.320655,53301.6375,15.990491249999998,0.0,26.63749999999709,114717.93709396452
20251031,20251103,688577.SH,buy,400.0,112.93643999999999,45174.575999999994,13.552372799999997,0.0,22.575999999993655,69529.80872116453
20251031,20251103,688691.SH,buy,400.0,116.908425,46763.369999999995,14.029010999999997,0.0,23.369999999995343,22752.40971016454
20251107,20251110,301489.SZ,sell,300.0,184.057925,55217.3775,16.56521325,27.608688750000002,27.62249999999767,77925.61330816454
20251107,20251110,600629.SH,sell,2400.0,22.158915000000004,53181.39600000001,15.954418800000001,26.590698000000003,26.60399999999936,131064.46419136455
20251107,20251110,688108.SH,sell,2500.0,19.69015,49225.375,14.767612499999998,24.6126875,24.625,180250.45889136454
20251107,20251110,688577.SH,sell,400.0,110.92451000000001,44369.804000000004,13.3109412,22.184902,22.195999999996275,224584.76704816456
20251107,20251110,688691.SH,sell,400.0,114.10292,45641.168,13.692350399999999,22.820584,22.832000000002154,270189.42211376457
20251107,20251110,000981.SZ,buy,14600.0,3.6718349999999997,53608.791,16.0826373,0.0,26.79099999999744,216564.54847646458
20251107,20251110,002062.SZ,buy,5300.0,10.215105,54140.0565,16.242016949999996,0.0,27.0564999999915,162408.2499595146
20251107,20251110,002549.SZ,buy,2400.0,21.97098,52730.352,15.819105599999999,0.0,26.351999999998952,109662.0788539146
20251107,20251110,300111.SZ,buy,6800.0,7.853924999999999,53406.689999999995,16.022007,0.0,26.689999999995052,56239.36684691461
20251107,20251110,300450.SZ,buy,900.0,53.916945,48525.2505,14.55757515,0.0,24.25050000000192,7699.558771764605
20251114,20251117,000981.SZ,sell,14600.0,3.45827,50490.742000000006,15.147222600000001,25.245371000000002,25.257999999994354,58149.90817816462
20251114,20251117,002062.SZ,sell,5300.0,9.915040000000001,52549.71200000001,15.7649136,26.274856000000003,26.28799999999319,110657.58040856462
20251114,20251117,002549.SZ,sell,2400.0,20.959515,50302.835999999996,15.090850799999997,25.151418,25.164000000004307,160920.17413976463
20251114,20251117,300111.SZ,sell,6800.0,7.63618,51926.024000000005,15.5778072,25.963012000000003,25.97599999999511,212804.6573205646
20251114,20251117,300450.SZ,sell,900.0,54.972500000000004,49475.25,14.842574999999998,24.737625,24.75,262240.3271205646
20251114,20251117,002518.SZ,buy,1100.0,45.90294,50493.234000000004,15.1479702,0.0,25.234000000004016,211731.9451503646
20251114,20251117,002885.SZ,buy,1800.0,28.204095,50767.371,15.230211299999999,0.0,25.370999999999185,160949.3439390646
20251114,20251117,603301.SH,buy,500.0,88.634295,44317.1475,13.295144249999998,0.0,22.147499999999127,116618.9012948146
20251114,20251117,603516.SH,buy,200.0,195.97794,39195.587999999996,11.758676399999997,0.0,19.5879999999961,77411.55461841461
20251114,20251117,688676.SH,buy,600.0,77.53875,46523.24999999999,13.956974999999996,0.0,23.249999999992724,30874.347643414614
20251121,20251124,002518.SZ,sell,1100.0,42.658660000000005,46924.526000000005,14.0773578,23.462263000000004,23.473999999994703,77761.33402261461
20251121,20251124,002885.SZ,sell,1800.0,24.087950000000003,43358.310000000005,13.007493,21.679155,21.689999999995052,121084.95737461462
20251121,20251124,603301.SH,sell,500.0,75.232365,37616.1825,11.28485475,18.80809125,18.81749999999738,158671.0469286146
20251121,20251124,603516.SH,sell,200.0,187.86602000000002,37573.204000000005,11.2719612,18.786602000000002,18.79599999999482,196214.1923654146
20251121,20251124,688676.SH,sell,600.0,73.16340000000001,43898.04000000001,13.169412000000001,21.949020000000004,21.95999999999185,240077.11393341463
20251121,20251124,300475.SZ,buy,300.0,128.88440999999997,38665.32299999999,11.599596899999996,0.0,19.322999999989406,201400.19133651463
20251121,20251124,301292.SZ,buy,800.0,55.017495,44013.996,13.204198799999999,0.0,21.995999999999185,157372.99113771465
20251121,20251124,600408.SH,buy,10200.0,4.692345,47861.919,14.3585757,0.0,23.918999999994412,109496.71356201466
20251121,20251124,688353.SH,buy,500.0,95.0475,47523.75,14.257124999999998,0.0,23.75,61958.70643701466
20251121,20251124,688411.SH,buy,100.0,291.14549999999997,29114.549999999996,8.734364999999999,0.0,14.549999999995634,32835.42207201467
20251128,20251201,300475.SZ,sell,300.0,141.62915,42488.745,12.7466235,21.2443725,21.25499999999738,75290.17607601467
20251128,20251201,301292.SZ,sell,800.0,79.96999500000001,63975.99600000001,19.1927988,31.987998000000005,32.004000000000815,139214.99127921468
20251128,20251201,600408.SH,sell,10200.0,4.5977,46896.53999999999,14.068961999999997,23.448269999999997,23.460000000006403,186074.01404721467
20251128,20251201,688353.SH,sell,500.0,114.94250000000001,57471.25000000001,17.241375,28.735625000000006,28.749999999992724,243499.2870472147
20251128,20251201,688411.SH,sell,100.0,306.8465,30684.649999999998,9.205395,15.342324999999999,15.350000000002183,274159.3893272147
20251128,20251201,000609.SZ,buy,4700.0,11.595794999999999,54500.23649999999,16.350070949999996,0.0,27.236499999991793,219642.8027562647
20251128,20251201,000798.SZ,buy,4500.0,12.136065,54612.2925,16.38368775,0.0,27.2925000000032,165014.12656851468
20251128,20251201,002713.SZ,buy,4600.0,11.754232486498818,54069.469437894564,16.220840831368367,0.0,27.021224106894806,110928.43628978875
20251128,20251201,300774.SZ,buy,2700.0,19.72986,53270.621999999996,15.981186599999997,0.0,26.62199999999575,57641.83310318875
20251128,20251201,603398.SH,buy,5800.0,9.4047,54547.26,16.364178,0.0,27.260000000002037,3078.2089251887446
20251205,20251208,000609.SZ,sell,4700.0,10.27486,48291.842000000004,14.4875526,24.145921,24.15799999999581,51331.41745158874
20251205,20251208,000798.SZ,sell,4500.0,11.224385000000002,50509.732500000006,15.15291975,25.254866250000003,25.26749999999447,101800.74216558874
20251205,20251208,300774.SZ,sell,2700.0,18.220885000000003,49196.389500000005,14.75891685,24.598194750000005,24.610499999995227,150957.77455398877
20251205,20251208,603398.SH,sell,5800.0,8.75562,50782.596000000005,15.2347788,25.391298000000003,25.403999999994994,201699.74447718877
20251205,20251208,001203.SZ,buy,1900.0,25.702845,48835.4055,14.65062165,0.0,24.405500000000757,152849.68835553876
20251205,20251208,002713.SZ,buy,100.0,10.47784095230851,1047.7840952308509,5.0,0.0,0.5236302324990447,151796.9042603079
20251205,20251208,002759.SZ,buy,1400.0,35.51775,49724.85,14.917454999999999,0.0,24.849999999998545,102057.1368053079
20251205,20251208,301292.SZ,buy,700.0,67.8339,47483.73,14.245118999999999,0.0,23.7300000000032,54559.1616863079
20251205,20251208,603301.SH,buy,700.0,71.0355,49724.85,14.917454999999999,0.0,24.849999999998545,4819.394231307902
20251212,20251215,001203.SZ,sell,1900.0,26.16691,49717.129,14.915138699999998,24.8585645,24.870999999999185,54496.7495281079
20251212,20251215,002713.SZ,sell,4700.0,9.382568355264826,44098.07126974469,13.229421380923405,22.049035634872343,22.060065667697927,98559.5423408368
20251212,20251215,002759.SZ,sell,1400.0,32.32383000000001,45253.36200000001,13.576008600000002,22.626681000000005,22.63799999999901,143776.7016512368
20251212,20251215,301292.SZ,sell,700.0,60.04996,42034.972,12.6104916,21.017486,21.02799999999843,185778.0456736368
20251212,20251215,603301.SH,sell,700.0,68.16590000000001,47716.130000000005,14.314839000000001,23.858065000000003,23.869999999995343,233456.0027696368
20251212,20251215,000078.SZ,buy,11400.0,4.092045,46649.312999999995,13.994793899999998,0.0,23.312999999994645,186792.6949757368
20251212,20251215,000609.SZ,buy,5100.0,9.164579999999999,46739.35799999999,14.021807399999997,0.0,23.3579999999929,140039.31516833682
20251212,20251215,002702.SZ,buy,5700.0,8.124059999999998,46307.14199999999,13.892142599999996,0.0,23.141999999999825,93718.28102573683
20251212,20251215,300437.SZ,buy,2500.0,18.36918,45922.95,13.776884999999998,0.0,22.94999999999709,47781.55414073683
20251212,20251215,603843.SH,buy,8500.0,5.46273,46433.204999999994,13.929961499999997,0.0,23.20499999999447,1334.4191792368365
20251219,20251222,000078.SZ,sell,11400.0,4.17791,47628.174,14.288452199999998,23.814087,23.82600000000093,48924.490640036835
20251219,20251222,000609.SZ,sell,5100.0,10.004995000000001,51025.474500000004,15.30764235,25.512737250000004,25.5254999999961,99909.14476043684
20251219,20251222,002702.SZ,sell,5700.0,8.445775,48140.917499999996,14.442275249999998,24.07045875,24.0824999999968,148011.54952643684
20251219,20251222,300437.SZ,sell,2500.0,16.741625000000003,41854.06250000001,12.556218750000001,20.927031250000002,20.937499999992724,189832.12877643685
20251219,20251222,001330.SZ,buy,5000.0,9.06453,45322.649999999994,13.596794999999997,0.0,22.64999999999418,144495.88198143686
20251219,20251222,002682.SZ,buy,5000.0,9.0045,45022.5,13.506749999999998,0.0,22.5,99459.87523143686
20251219,20251222,603843.SH,buy,1700.0,4.452225,7568.7825,5.0,0.0,3.7825000000002547,91886.09273143686
20251219,20251222,688109.SH,buy,300.0,127.06349999999999,38119.049999999996,11.435714999999998,0.0,19.049999999995634,53755.607016436865
20251219,20251222,688227.SH,buy,700.0,64.2321,44962.47,13.488741,0.0,22.470000000001164,8779.648275436863
20251226,20251229,001330.SZ,sell,5000.0,7.856070000000001,39280.350000000006,11.784105,19.640175000000003,19.64999999999418,48028.57399543687
20251226,20251229,002682.SZ,sell,5000.0,8.75562,43778.1,13.133429999999999,21.88905,21.900000000001455,91771.65151543687
20251226,20251229,603843.SH,sell,10200.0,5.21739,53217.378,15.965213399999998,26.608689,26.622000000003027,144946.45561303687
20251226,20251229,688109.SH,sell,300.0,148.9255,44677.65,13.403295,22.338825,22.349999999998545,189588.3634930369
20251226,20251229,688227.SH,sell,700.0,65.26735000000001,45687.145000000004,13.7061435,22.843572500000004,22.854999999995925,235238.9587770369
20251226,20251229,000609.SZ,buy,5100.0,9.054525,46178.0775,13.853423249999999,0.0,23.077499999999418,189047.0278537869
20251226,20251229,300456.SZ,buy,800.0,56.90844,45526.752,13.658025599999998,0.0,22.752000000000407,143506.6178281869
20251226,20251229,600151.SH,buy,2800.0,16.408199999999997,45942.95999999999,13.782887999999996,0.0,22.959999999999127,97549.8749401869
20251226,20251229,601566.SH,buy,3200.0,14.627309999999998,46807.39199999999,14.042217599999997,0.0,23.39199999999255,50728.44072258691
20251226,20251229,603122.SH,buy,1800.0,25.492739999999998,45886.93199999999,13.766079599999998,0.0,22.931999999993423,4827.742642986916
20251230,20251231,000609.SZ,sell,5100.0,8.69565,44347.815,13.3043445,22.173907500000002,22.18499999999767,49140.07939098692
20251230,20251231,300456.SZ,sell,800.0,59.850060000000006,47880.048,14.3640144,23.940024,23.951999999997497,96981.82335258691
20251230,20251231,600151.SH,sell,2800.0,17.401295,48723.626000000004,14.6170878,24.361813,24.37399999999616,145666.4704517869
20251230,20251231,601566.SH,sell,3200.0,13.733130000000001,43946.016,13.183804799999999,21.973008000000004,21.98399999999674,189577.3296389869
20251230,20251231,603122.SH,sell,1800.0,25.407290000000003,45733.122,13.7199366,22.866561,22.877999999996973,235273.86514138692
20251230,20251231,002702.SZ,buy,6300.0,7.4037,46643.31,13.992992999999998,0.0,23.30999999999767,188616.56214838693
20251230,20251231,002713.SZ,buy,5200.0,8.98449,46719.348,14.015804399999999,0.0,23.347999999998137,141883.19834398694
20251230,20251231,603696.SH,buy,2100.0,21.43071,45004.491,13.501347299999999,0.0,22.491000000001804,96865.20599668694
20251230,20251231,603929.SH,buy,400.0,95.277615,38111.046,11.433313799999999,0.0,19.046000000002095,58742.72668288694
20251230,20251231,920576.BJ,buy,700.0,66.4332,46503.24,13.950971999999998,0.0,23.239999999990687,12225.535710886943
