trade_date,cash,positions_value,equity
20060104,1000000.0,0.0,1000000.0
20060105,1000000.0,0.0,1000000.0
20060106,1000000.0,0.0,1000000.0
20060109,31.636936914612306,1021620.7102573,1021652.3471942146
20060110,31.636936914612306,1022483.5950445827,1022515.2319814974
20060111,31.636936914612306,994925.6256788652,994957.2626157799
20060112,31.636936914612306,1006991.4355686203,1007023.072505535
20060113,31.636936914612306,1008933.7231402837,1008965.3600771984
20060116,11.245629303273745,994165.0486628369,994176.2942921402
20060117,11.245629303273745,1007906.5452860023,1007917.7909153056
20060118,11.245629303273745,1017674.1209172609,1017685.3665465642
20060119,11.245629303273745,1030873.6058175806,1030884.8514468839
20060120,11.245629303273745,1024155.0273718447,1024166.273001148
20060123,50.23919265344739,1032415.7219013108,1032465.9610939643
20060124,50.23919265344739,1032089.8321200436,1032140.071312697
20060125,50.23919265344739,1064075.0474428167,1064125.28663547
20060206,8.604878593032481,1108070.5956634292,1108079.2005420222
20060207,8.604878593032481,1113318.8093560361,1113327.4142346291
20060208,8.604878593032481,1144197.5196855916,1144206.1245641846
20060209,8.604878593032481,1117680.0447359919,1117688.6496145849
20060210,8.604878593032481,1149192.668909483,1149201.273788076
20060213,227092.24979118162,901017.5024328079,1128109.7522239895
20060214,227092.24979118162,912269.542464563,1139361.7922557446
20060215,227092.24979118162,919912.600247574,1147004.8500387557
20060216,227092.24979118162,886442.7737647982,1113535.0235559798
20060217,227092.24979118162,869789.1710910809,1096881.4208822625
20060220,17.617660354910186,1112137.5513718235,1112155.1690321784
20060221,17.617660354910186,1158738.7779133716,1158756.3955737264
20060222,17.617660354910186,1154503.383229097,1154521.0008894517
20060223,17.617660354910186,1141314.4471113938,1141332.0647717486
20060224,17.617660354910186,1152860.2177011822,1152877.835361537
20060227,46.995879448455526,1163981.4345644487,1164028.4304438971
20060228,46.995879448455526,1167415.0431289582,1167462.0390084067
20060301,46.995879448455526,1185096.1141712344,1185143.110050683
20060302,46.995879448455526,1159336.1664570333,1159383.1623364817
20060303,46.995879448455526,1161466.8465481112,1161513.8424275597
20060306,108.38117987575242,1161569.4608436103,1161677.842023486
20060307,108.38117987575242,1114200.7044757917,1114309.0856556674
20060308,108.38117987575242,1094523.8842846544,1094632.26546453
20060309,108.38117987575242,1085263.2499654233,1085371.631145299
20060310,108.38117987575242,1101872.4855626554,1101980.866742531
20060313,233989.93892344093,875626.2821287197,1109616.2210521607
20060314,233989.93892344093,867790.3315648326,1101780.2704882736
20060315,233989.93892344093,881232.9886824515,1115222.9276058925
20060316,233989.93892344093,876790.7612879819,1110780.7002114228
20060317,233989.93892344093,882025.0082471303,1116014.9471705712
20060320,21786.252529608202,1102867.8409285366,1124654.093458145
20060321,21786.252529608202,1113750.1911106517,1135536.44364026
20060322,21786.252529608202,1132774.410821544,1154560.663351152
20060323,21786.252529608202,1149393.5322296866,1171179.7847592947
20060324,21786.252529608202,1142788.420536388,1164574.6730659963
20060327,27267.37852268832,1174982.797542577,1202250.1760652652
20060328,27267.37852268832,1170660.8424905448,1197928.221013233
20060329,27267.37852268832,1175303.9534789599,1202571.3320016481
20060330,27267.37852268832,1168873.9569608192,1196141.3354835075
20060331,27267.37852268832,1284440.3779176704,1311707.7564403587
20060403,129.5649408720201,1343022.3111034557,1343151.8760443279
20060404,129.5649408720201,1366877.6458018618,1367007.210742734
20060405,129.5649408720201,1356144.9206560766,1356274.4855969488
20060406,129.5649408720201,1358835.790183878,1358965.3551247502
20060407,129.5649408720201,1359479.6360495444,1359609.2009904166
20060410,53.866524889308494,1395200.4980332935,1395254.364558183
20060411,53.866524889308494,1415628.832247414,1415682.6987723033
20060412,53.866524889308494,1382638.0109135534,1382691.8774384428
20060413,53.866524889308494,1347180.9829434133,1347234.8494683027
20060414,53.866524889308494,1357189.8975574567,1357243.764082346
20060417,23.8039069426859,1352953.6211873675,1352977.4250943102
20060418,23.8039069426859,1372770.7290190163,1372794.532925959
20060419,23.8039069426859,1381745.5478731815,1381769.3517801242
20060420,23.8039069426859,1401597.8078412914,1401621.6117482341
20060421,23.8039069426859,1408239.084855949,1408262.8887628918
20060424,216.8587132092216,1426568.3972328182,1426785.2559460273
20060425,216.8587132092216,1508004.6868764753,1508221.5455896845
20060426,216.8587132092216,1526621.4558167835,1526838.3145299926
20060427,216.8587132092216,1539025.9576363177,1539242.8163495269
20060428,216.8587132092216,1537766.5310495438,1537983.389762753
20060508,316319.989288808,1301104.2591994614,1617424.2484882695
20060509,316319.989288808,1392934.7513910574,1709254.7406798655
20060510,316319.989288808,1405005.128304949,1721325.117593757
20060511,316319.989288808,1374083.558823458,1690403.548112266
20060512,316319.989288808,1415308.2241204153,1731628.2134092234
20060515,20.716452574182767,1863274.7062238448,1863295.422676419
20060516,20.716452574182767,1818639.4708326622,1818660.1872852363
20060517,20.716452574182767,1780361.300810804,1780382.017263378
20060518,20.716452574182767,1737481.806649041,1737502.523101615
20060519,20.716452574182767,1837217.9323586181,1837238.6488111923
20060522,171.00885800377,1793315.7363836362,1793486.7452416401
20060523,171.00885800377,1802301.138745603,1802472.1476036068
20060524,171.00885800377,1887651.583148029,1887822.5920060328
20060525,171.00885800377,1761516.235383302,1761687.2442413056
20060526,171.00885800377,1772466.9554473674,1772637.964305371
20060529,3.904972734346302,1818783.8727747616,1818787.777747496
20060530,3.904972734346302,1964769.6933811505,1964773.5983538849
20060531,3.904972734346302,1994644.8229644278,1994648.7279371622
20060601,3.904972734346302,2061884.6747906015,2061888.5797633359
20060602,3.904972734346302,1910990.8361570137,1910994.741129748
20060605,122.00063682289328,1961443.478560273,1961565.479197096
20060606,122.00063682289328,1882724.654780013,1882846.655416836
20060607,122.00063682289328,1750196.8686495228,1750318.8692863458
20060608,122.00063682289328,1743725.9864731433,1743847.987109966
20060609,122.00063682289328,1694059.6534072603,1694181.6540440833
20060612,88.25625361298444,1682793.6442786758,1682881.9005322887
20060613,88.25625361298444,1685574.2365479716,1685662.4928015845
20060614,88.25625361298444,1740320.850942476,1740409.1071960889
20060615,88.25625361298444,1805144.2089619185,1805232.4652155314
20060616,88.25625361298444,1820223.7912684297,1820312.0475220426
20060619,70.49739155403586,1824643.2479493187,1824713.7453408728
20060620,70.49739155403586,1875478.6492540252,1875549.1466455793
20060621,70.49739155403586,1916417.1912273131,1916487.6886188672
20060622,70.49739155403586,1945640.5013302085,1945710.9987217626
20060623,70.49739155403586,1981090.572030447,1981161.069422001
20060626,243.3972700609687,2017809.5495387365,2018052.9468087975
20060627,243.3972700609687,2062251.7489525077,2062495.1462225688
20060628,243.3972700609687,2041738.73084217,2041982.1281122311
20060629,243.3972700609687,2050356.3329533166,2050599.7302233777
20060630,243.3972700609687,2070776.5272363992,2071019.9245064603
20060703,10.066617271436371,2053433.188021513,2053443.2546387843
20060704,10.066617271436371,2097880.832812325,2097890.8994295965
20060705,10.066617271436371,2177166.778782091,2177176.8453993625
20060706,10.066617271436371,2375016.281300329,2375026.3479176005
20060707,10.066617271436371,2460103.6962747467,2460113.762892018
20060710,280.78531005751574,2441306.7464918206,2441587.531801878
20060711,280.78531005751574,2464154.9224161827,2464435.70772624
20060712,280.78531005751574,2524448.095310342,2524728.8806203995
20060713,280.78531005751574,2471382.6115118875,2471663.396821945
20060714,280.78531005751574,2434058.8141415194,2434339.599451577
20060717,118.5587858670624,2461702.4703294975,2461821.0291153644
20060718,118.5587858670624,2477008.081718153,2477126.64050402
20060719,118.5587858670624,2384103.579204346,2384222.137990213
20060720,118.5587858670624,2373491.284133763,2373609.84291963
20060721,118.5587858670624,2377207.129876552,2377325.688662419
20060724,391.3328997166136,2326831.3324949937,2327222.6653947104
20060725,391.3328997166136,2427704.5454781656,2428095.8783778823
20060726,391.3328997166136,2381958.345637786,2382349.678537503
20060727,391.3328997166136,2363230.0187667822,2363621.351666499
20060728,391.3328997166136,2399917.056034174,2400308.3889338905
20060731,124.14289450268552,2336949.942636166,2337074.0855306685
20060801,124.14289450268552,2281836.2005230444,2281960.343417547
20060802,124.14289450268552,2257049.6873813653,2257173.830275868
20060803,124.14289450268552,2252053.61076017,2252177.7536546728
20060804,124.14289450268552,2170610.89760989,2170735.0405043927
20060807,147.32778662371857,2165367.815585064,2165515.1433716873
20060808,147.32778662371857,2227804.6057059537,2227951.933492577
20060809,147.32778662371857,2222501.835829635,2222649.1636162587
20060810,147.32778662371857,2272082.7468663673,2272230.074652991
20060811,147.32778662371857,2250837.401977429,2250984.7297640527
20060814,152.32157499708,2183658.0220433646,2183810.3436183617
20060815,152.32157499708,2192688.0214206753,2192840.3429956725
20060816,152.32157499708,2220663.1203704313,2220815.4419454285
20060817,152.32157499708,2197780.683351047,2197933.004926044
20060818,152.32157499708,2176529.252851803,2176681.5744268
20060821,18.06199299020227,2148899.233733246,2148917.2957262364
20060822,18.06199299020227,2203864.0050124913,2203882.0670054816
20060823,18.06199299020227,2221926.58615524,2221944.6481482303
20060824,18.06199299020227,2216401.2872281787,2216419.349221169
20060825,18.06199299020227,2231538.71275035,2231556.7747433404
20060828,211.1768102949136,2229005.99071771,2229217.167528005
20060829,211.1768102949136,2275693.9242551466,2275905.1010654415
20060830,211.1768102949136,2291885.1808681437,2292096.3576784385
20060831,211.1768102949136,2328910.019857592,2329121.196667887
20060901,211.1768102949136,2325625.627853728,2325836.8046640228
20060904,72.33291194739525,2356371.3843534198,2356443.717265367
20060905,72.33291194739525,2342118.6018159837,2342190.934727931
20060906,72.33291194739525,2364697.7489673714,2364770.0818793187
20060907,72.33291194739525,2364997.1964917374,2365069.5294036847
20060908,72.33291194739525,2355184.6321429564,2355256.9650549036
20060911,19.84233927209425,2327067.374503013,2327087.2168422854
20060912,19.84233927209425,2330104.0733646112,2330123.9157038834
20060913,19.84233927209425,2286576.0712418035,2286595.9135810756
20060914,19.84233927209425,2329635.0536871203,2329654.8960263925
20060915,19.84233927209425,2340427.3760131714,2340447.2183524435
20060918,92.98677532185684,2324840.011731532,2324932.998506854
20060919,92.98677532185684,2365521.1924966564,2365614.1792719783
20060920,92.98677532185684,2436570.6021242584,2436663.5888995803
20060921,92.98677532185684,2456562.963265424,2456655.950040746
20060922,92.98677532185684,2426678.2325160922,2426771.219291414
20060925,268.2684659570723,2504489.475630106,2504757.744096063
20060926,268.2684659570723,2508187.2548465594,2508455.5233125165
20060927,268.2684659570723,2514043.4383201823,2514311.7067861394
20060928,268.2684659570723,2531812.533056801,2532080.8015227583
20060929,268.2684659570723,2596528.6808626703,2596796.9493286274
20061009,172.45011072442867,2578894.3482487923,2579066.798359517
20061010,172.45011072442867,2567247.9605051996,2567420.410615924
20061011,172.45011072442867,2610145.271271416,2610317.72138214
20061012,172.45011072442867,2618216.260403371,2618388.7105140956
20061013,172.45011072442867,2625986.798045453,2626159.248156178
20061016,32.24134407402016,2603556.887076622,2603589.1284206957
20061017,32.24134407402016,2564009.0702272914,2564041.311571365
20061018,32.24134407402016,2561027.447222694,2561059.6885667676
20061019,32.24134407402016,2540321.4283637814,2540353.669707855
20061020,32.24134407402016,2530316.435805629,2530348.677149703
20061023,196.48060987173812,2452240.1274953196,2452436.6081051915
20061024,196.48060987173812,2520879.152399878,2521075.63300975
20061025,196.48060987173812,2457178.856943687,2457375.337553559
20061026,196.48060987173812,2379393.888135599,2379590.368745471
20061027,196.48060987173812,2266282.9756227843,2266479.4562326563
20061030,361.201623740315,2248377.8340265728,2248739.035650313
20061031,361.201623740315,2391221.416717564,2391582.6183413044
20061101,361.201623740315,2384500.1059676553,2384861.3075913955
20061102,361.201623740315,2341535.1753072673,2341896.3769310075
20061103,361.201623740315,2333058.748514261,2333419.9501380012
20061106,91.71981651993701,2311491.9944047006,2311583.7142212205
20061107,91.71981651993701,2307830.660652318,2307922.380468838
20061108,91.71981651993701,2355111.47130496,2355203.19112148
20061109,91.71981651993701,2438351.136498956,2438442.856315476
20061110,91.71981651993701,2332156.005768645,2332247.725585165
20061113,31.82970705354819,2234888.1871891497,2234920.016896203
20061114,31.82970705354819,2261776.850543071,2261808.6802501245
20061115,31.82970705354819,2320303.676989682,2320335.5066967355
20061116,31.82970705354819,2252586.6056693927,2252618.435376446
20061117,31.82970705354819,2253970.4505577623,2254002.280264816
20061120,194.34760908794124,2203020.3545502415,2203214.7021593293
20061121,194.34760908794124,2195963.3690199535,2196157.7166290414
20061122,194.34760908794124,2219353.802613021,2219548.1502221087
20061123,194.34760908794124,2245329.759112147,2245524.106721235
20061124,194.34760908794124,2269801.389024918,2269995.736634006
20061127,6.697666832478717,2341644.748296522,2341651.445963355
20061128,6.697666832478717,2357715.610306441,2357722.307973273
20061129,6.697666832478717,2411414.5970086125,2411421.294675445
20061130,6.697666832478717,2432686.729058048,2432693.426724881
20061201,6.697666832478717,2437871.2447991553,2437877.942465988
20061204,141.98499834692484,2552767.054262893,2552909.0392612396
20061205,141.98499834692484,2564925.141756096,2565067.1267544427
20061206,141.98499834692484,2542036.4499358204,2542178.434934167
20061207,141.98499834692484,2554815.5421718718,2554957.5271702185
20061208,141.98499834692484,2573722.3107273565,2573864.2957257032
20061211,12.410747467249166,2685217.0396081368,2685229.450355604
20061212,12.410747467249166,2694479.584556205,2694491.9953036723
20061213,12.410747467249166,2689547.822171207,2689560.232918674
20061214,12.410747467249166,2726924.55135147,2726936.962098937
20061215,12.410747467249166,2750439.930262329,2750452.341009796
20061218,3.8335239302832633,2781368.3023568583,2781372.135880789
20061219,3.8335239302832633,2785424.250365827,2785428.0838897573
20061220,3.8335239302832633,2810417.4984655036,2810421.3319894336
20061221,3.8335239302832633,2759043.8922780696,2759047.7258019997
20061222,3.8335239302832633,2754653.836135343,2754657.6696592737
20061225,136.07108318284736,2756529.1730923755,2756665.2441755584
20061226,136.07108318284736,2758406.4263831433,2758542.497466326
20061227,136.07108318284736,2771827.3408195577,2771963.4119027406
20061228,136.07108318284736,2793183.304645265,2793319.375728448
20061229,136.07108318284736,2880826.625938542,2880962.697021725
20070104,7.4499892758904025,2869632.2612422565,2869639.7112315325
20070105,7.4499892758904025,2919892.993679849,2919900.443669125
20070108,321.97855221142527,3019851.1137803523,3020173.092332564
20070109,321.97855221142527,3126349.818530944,3126671.7970831557
20070110,321.97855221142527,3218527.2956856173,3218849.274237829
20070111,321.97855221142527,3230441.7852950795,3230763.763847291
20070112,321.97855221142527,3142450.7285380256,3142772.707090237
20070115,614982.3761259759,2647558.382777693,3262540.758903669
20070116,614982.3761259759,2753941.2974967095,3368923.6736226855
20070117,614982.3761259759,2651347.743752616,3266330.119878592
20070118,614982.3761259759,2534986.867537637,3149969.2436636128
20070119,614982.3761259759,2666408.9814732224,3281391.3575991984
20070122,747228.1805882939,2621082.3252322115,3368310.5058205053
20070123,747228.1805882939,2686395.0546338325,3433623.2352221264
20070124,747228.1805882939,2694369.688219073,3441597.868807367
20070125,747228.1805882939,2651057.0675438936,3398285.2481321874
20070126,747228.1805882939,2641137.377760934,3388365.558349228
20070129,737.1992820245214,3418041.7426511156,3418778.94193314
20070130,737.1992820245214,3355323.7882805574,3356060.987562582
20070131,737.1992820245214,3164133.256396977,3164870.4556790018
20070201,737.1992820245214,3193792.1370418062,3194529.3363238308
20070202,737.1992820245214,3089011.0766205695,3089748.275902594
20070205,31.4918236451922,3163062.2320110565,3163093.723834702
20070206,31.4918236451922,3219833.127301617,3219864.6191252624
20070207,31.4918236451922,3360979.2830483047,3361010.77487195
20070208,31.4918236451922,3412317.356767058,3412348.848590703
20070209,31.4918236451922,3439031.780881985,3439063.2727056304
20070212,178.94099920993904,3547696.2166799586,3547875.1576791685
20070213,178.94099920993904,3603469.5225510527,3603648.4635502626
20070214,178.94099920993904,3619037.2513249684,3619216.1923241783
20070215,178.94099920993904,3800636.8537179893,3800815.794717199
20070216,178.94099920993904,3854410.4334783144,3854589.3744775243
20070226,780542.5333953679,3031488.4571852786,3812030.9905806463
20070227,780542.5333953679,2728126.307603535,3508668.840998903
20070228,780542.5333953679,2789374.7736919825,3569917.3070873506
20070301,780542.5333953679,2687753.638984202,3468296.17237957
20070302,780542.5333953679,2711498.509903112,3492041.04329848
20070305,24.490590752102435,3571749.861521894,3571774.352112646
20070306,24.490590752102435,3539363.2054406367,3539387.696031389
20070307,24.490590752102435,3704523.8532142364,3704548.3438049885
20070308,24.490590752102435,3731883.143688722,3731907.634279474
20070309,24.490590752102435,3714573.1201891256,3714597.6107798778
20070312,17.994381601456553,3851690.199786434,3851708.1941680354
20070313,17.994381601456553,3983868.046148833,3983886.0405304343
20070314,17.994381601456553,4066421.8738376233,4066439.8682192247
20070315,17.994381601456553,4141745.4823467648,4141763.476728366
20070316,17.994381601456553,4002407.634204829,4002425.6285864306
20070319,404.49013078946155,4086705.997857831,4087110.4879886205
20070320,404.49013078946155,4210838.563366555,4211243.053497344
20070321,404.49013078946155,4263052.844184754,4263457.334315544
20070322,404.49013078946155,4241233.536692799,4241638.026823589
20070323,404.49013078946155,4348782.733758424,4349187.223889214
20070326,52.6819133941317,4415456.789289794,4415509.471203188
20070327,52.6819133941317,4517808.436090927,4517861.118004321
20070328,52.6819133941317,4421019.95624827,4421072.638161665
20070329,52.6819133941317,4256474.986730629,4256527.668644023
20070330,52.6819133941317,4291658.912133803,4291711.594047197
20070402,99.29873522790149,4468751.329164181,4468850.627899408
20070403,99.29873522790149,4590486.127326327,4590585.426061556
20070404,99.29873522790149,4526983.750009356,4527083.0487445835
20070405,99.29873522790149,4560532.546371218,4560631.845106445
20070406,99.29873522790149,4570225.655805313,4570324.954540541
20070409,456.5678489067359,4580603.75406068,4581060.321909587
20070410,456.5678489067359,4627514.224058391,4627970.791907297
20070411,456.5678489067359,4703892.43385609,4704349.001704996
20070412,456.5678489067359,4710676.692554974,4711133.260403881
20070413,456.5678489067359,4782966.519404803,4783423.08725371
20070416,127.40665071515832,4865154.412182617,4865281.8188333325
20070417,127.40665071515832,5079441.931667855,5079569.3383185705
20070418,127.40665071515832,5311461.884216148,5311589.290866864
20070419,127.40665071515832,5193773.211785479,5193900.618436195
20070420,127.40665071515832,5533569.193637329,5533696.600288045
20070423,152452.89963216148,5533740.680547606,5686193.580179768
20070424,152452.89963216148,5486081.350911675,5638534.2505438365
20070425,152452.89963216148,5452425.654803133,5604878.554435294
20070426,152452.89963216148,5466967.414594613,5619420.3142267745
20070427,152452.89963216148,5481819.794556303,5634272.694188464
20070430,1160966.7850170769,4303533.138692117,5464499.923709194
20070508,1310.8029687951312,5738199.05789016,5739509.860858955
20070509,1310.8029687951312,5926801.09002733,5928111.892996126
20070510,1310.8029687951312,6028933.39605359,6030244.199022385
20070511,1310.8029687951312,5967207.771158785,5968518.57412758
20070514,456.3100190664409,6085025.495957851,6085481.805976918
20070515,456.3100190664409,6199329.651851204,6199785.961870271
20070516,456.3100190664409,6411462.90209311,6411919.212112176
20070517,456.3100190664409,6701845.201773234,6702301.5117923
20070518,456.3100190664409,6589412.660984795,6589868.971003861
20070521,165.59720556251705,7007684.026208605,7007849.623414167
20070522,165.59720556251705,7291992.550542999,7292158.147748562
20070523,165.59720556251705,7608335.183427649,7608500.780633211
20070524,165.59720556251705,7721393.847115869,7721559.444321431
20070525,165.59720556251705,7978444.246657979,7978609.843863541
20070528,99.91611451702192,8353849.939968199,8353949.856082715
20070529,99.91611451702192,8407241.404825374,8407341.320939891
20070530,99.91611451702192,8075835.677313156,8075935.593427673
20070531,99.91611451702192,7861809.840690252,7861909.75680477
20070601,99.91611451702192,7659347.722764943,7659447.638879459
20070604,373.6250016427366,7179898.443513254,7180272.068514897
20070605,373.6250016427366,6862845.622183662,6863219.247185305
20070606,373.6250016427366,7075681.0803192295,7076054.705320872
20070607,373.6250016427366,7500037.694073944,7500411.319075587
20070608,373.6250016427366,7809437.610123206,7809811.235124849
20070611,317.2716805676464,7678323.681454044,7678640.953134611
20070612,317.2716805676464,7440015.493208915,7440332.764889482
20070613,317.2716805676464,7768603.268045548,7768920.539726116
20070614,317.2716805676464,7683933.237378696,7684250.509059263
20070615,317.2716805676464,7562402.9630672345,7562720.234747802
20070618,1530965.4108928076,6084588.425403659,7615553.836296467
20070619,1530965.4108928076,6156136.572712696,7687101.983605504
20070620,1530965.4108928076,5862866.748894387,7393832.159787195
20070621,1530965.4108928076,5648597.731178405,7179563.142071213
20070622,1530965.4108928076,5298746.769863568,6829712.180756376
20070625,1356015.163892857,5080050.1166728195,6436065.280565676
20070626,1356015.163892857,5265025.906426158,6621041.070319015
20070627,1356015.163892857,5536662.712438969,6892677.876331826
20070628,1356015.163892857,5217623.759162674,6573638.9230555305
20070629,1356015.163892857,5026695.887932602,6382711.051825459
20070702,57.032044207677245,6592787.11156613,6592844.143610338
20070703,57.032044207677245,6602280.00933652,6602337.041380728
20070704,57.032044207677245,6401643.499553266,6401700.531597474
20070705,57.032044207677245,6142319.642797052,6142376.67484126
20070706,57.032044207677245,6598314.315227009,6598371.347271217
20070709,312.54993105703034,6933280.656785008,6933593.206716064
20070710,312.54993105703034,6885086.78512787,6885399.335058927
20070711,312.54993105703034,6617501.805937061,6617814.355868118
20070712,312.54993105703034,6430870.310411245,6431182.860342301
20070713,312.54993105703034,6435951.103726338,6436263.653657394
20070716,540.0670977843183,6352326.552507805,6352866.619605589
20070717,540.0670977843183,6375278.0478748325,6375818.114972617
20070718,540.0670977843183,6486772.654121382,6487312.721219166
20070719,540.0670977843183,6681858.897898792,6682398.964996576
20070720,540.0670977843183,7011330.781534505,7011870.848632289
20070723,125.82924006856047,7568652.023128166,7568777.852368235
20070724,125.82924006856047,7784615.373020567,7784741.202260636
20070725,125.82924006856047,7844960.930335244,7845086.759575313
20070726,125.82924006856047,8309685.08841777,8309810.917657839
20070727,125.82924006856047,8571291.53695119,8571417.366191259
20070730,194.07726590614766,8819293.69135293,8819487.768618837
20070731,194.07726590614766,9141426.049863905,9141620.127129812
20070801,194.07726590614766,9047230.874970749,9047424.952236656
20070802,194.07726590614766,9413751.534753073,9413945.61201898
20070803,194.07726590614766,9694260.225203577,9694454.302469485
20070806,450.3238052963279,10163054.105258118,10163504.429063415
20070807,450.3238052963279,9903473.05251016,9903923.376315456
20070808,450.3238052963279,9884649.267784018,9885099.591589315
20070809,450.3238052963279,10029108.298794271,10029558.622599568
20070810,450.3238052963279,9959508.450776666,9959958.774581963
20070813,735.7538846526295,9705627.09669958,9706362.850584233
20070814,735.7538846526295,10154307.55147515,10155043.305359803
20070815,735.7538846526295,10447384.454063943,10448120.207948595
20070816,735.7538846526295,10210402.20414583,10211137.958030483
20070817,735.7538846526295,9977234.087424535,9977969.841309188
20070820,188.54894369654357,10588464.604655918,10588653.153599614
20070821,188.54894369654357,10822383.31140566,10822571.860349357
20070822,188.54894369654357,11044147.81024223,11044336.359185927
20070823,188.54894369654357,11327274.152381044,11327462.70132474
20070824,188.54894369654357,11605171.268458206,11605359.817401903
20070827,457.135215788614,11378346.26416434,11378803.399380129
20070828,457.135215788614,11463673.517252324,11464130.652468113
20070829,457.135215788614,11412275.198961688,11412732.334177477
20070830,457.135215788614,11636859.763304194,11637316.898519984
20070831,457.135215788614,12108124.952976007,12108582.088191796
20070903,505.8687191493809,12526591.557266433,12527097.425985582
20070904,505.8687191493809,12267710.854191493,12268216.722910643
20070905,505.8687191493809,12492330.552306581,12492836.42102573
20070906,505.8687191493809,12657821.110221373,12658326.978940522
20070907,505.8687191493809,12414272.570746336,12414778.439465486
20070910,1480.338080755435,12871755.98512324,12873236.323203996
20070911,1480.338080755435,12341887.331063822,12343367.669144578
20070912,1480.338080755435,12874748.148104671,12876228.486185428
20070913,1480.338080755435,13471503.059518317,13472983.397599071
20070914,1480.338080755435,13636582.406600589,13638062.744681343
20070917,86.1732614771463,14184658.847299954,14184745.02056143
20070918,86.1732614771463,14330697.306385372,14330783.479646849
20070919,86.1732614771463,13841324.75938538,13841410.932646858
20070920,86.1732614771463,14402579.99918647,14402666.172447946
20070921,86.1732614771463,14717569.492415236,14717655.665676713
20070924,277.80743581801653,14669904.123835472,14670181.93127129
20070925,277.80743581801653,14553520.929118128,14553798.736553947
20070926,277.80743581801653,14598973.939738523,14599251.747174341
20070927,277.80743581801653,14515228.916435618,14515506.723871436
20070928,277.80743581801653,14836467.556762312,14836745.36419813
20071008,1051.9956191834062,14543589.384082438,14544641.379701622
20071009,1051.9956191834062,14587951.872490915,14589003.868110098
20071010,1051.9956191834062,14489530.26978979,14490582.265408974
20071011,1051.9956191834062,14731041.285275195,14732093.280894378
20071012,1051.9956191834062,15110322.079326387,15111374.07494557
20071015,3016445.886987706,12194808.18271209,15211254.069699796
20071016,3016445.886987706,12372930.85865982,15389376.745647527
20071017,3016445.886987706,11850963.079153193,14867408.9661409
20071018,3016445.886987706,11379321.913786134,14395767.80077384
20071019,3016445.886987706,11362669.704813,14379115.591800706
20071022,1005.073875082744,13725552.307321396,13726557.381196478
20071023,1005.073875082744,14161251.911224885,14162256.985099968
20071024,1005.073875082744,14324271.6961792,14325276.770054283
20071025,1005.073875082744,13485005.11714809,13486010.191023173
20071026,1005.073875082744,12808002.078281866,12809007.152156949
20071029,406.97632061495096,13032872.838529311,13033279.814849926
20071030,406.97632061495096,13909366.847592713,13909773.823913328
20071031,406.97632061495096,14504861.201828575,14505268.17814919
20071101,406.97632061495096,14371506.38011117,14371913.356431784
20071102,406.97632061495096,14102675.972094556,14103082.948415171
20071105,2754729.5333528887,11299540.473536246,14054270.006889135
20071106,2754729.5333528887,11606746.004938737,14361475.538291626
20071107,2754729.5333528887,11808552.55359982,14563282.086952709
20071108,2754729.5333528887,11365517.409792759,14120246.943145648
20071109,2754729.5333528887,11241665.0609482,13996394.59430109
20071112,2741564.7718518833,11324833.569266606,14066398.341118488
20071113,2741564.7718518833,11226115.87912238,13967680.650974263
20071114,2741564.7718518833,11856006.850964412,14597571.622816294
20071115,2741564.7718518833,12121698.568572508,14863263.340424392
20071116,2741564.7718518833,11716046.024195334,14457610.796047218
20071119,285.56347908778116,14817587.351246702,14817872.91472579
20071120,285.56347908778116,14829974.79766278,14830260.361141868
20071121,285.56347908778116,15022489.130749663,15022774.694228752
20071122,285.56347908778116,14107423.304743145,14107708.868222233
20071123,285.56347908778116,13767056.548365552,13767342.11184464
20071126,585.3655948434025,13364702.291069025,13365287.656663869
20071127,585.3655948434025,12803768.139045551,12804353.504640395
20071128,585.3655948434025,12946018.361355156,12946603.72695
20071129,585.3655948434025,13205625.220718272,13206210.586313115
20071130,585.3655948434025,13138039.42160793,13138624.787202774
20071203,2613217.260937284,10945660.61487763,13558877.875814915
20071204,2613217.260937284,11099641.765866388,13712859.026803672
20071205,2613217.260937284,11621064.258937286,14234281.51987457
20071206,2613217.260937284,11661523.251119033,14274740.512056317
20071207,2613217.260937284,12008117.814438906,14621335.07537619
20071210,310.4195859860629,15077114.607951028,15077425.027537014
20071211,310.4195859860629,15431162.188850742,15431472.608436728
20071212,310.4195859860629,15737112.057159571,15737422.476745557
20071213,310.4195859860629,15172574.006326504,15172884.42591249
20071214,310.4195859860629,15175097.454981927,15175407.874567913
20071217,470.3896432630718,14779095.340898339,14779565.730541602
20071218,470.3896432630718,14601842.532325886,14602312.92196915
20071219,470.3896432630718,14967236.36054438,14967706.750187643
20071220,470.3896432630718,15298107.134842852,15298577.524486115
20071221,470.3896432630718,15344423.716120236,15344894.105763499
20071224,101.9571167845279,15509326.97008539,15509428.927202174
20071225,101.9571167845279,15778085.654018156,15778187.61113494
20071226,101.9571167845279,16211102.193252694,16211204.150369478
20071227,101.9571167845279,16409122.187493786,16409224.14461057
20071228,101.9571167845279,16226434.004210435,16226535.96132722
20080102,143.19643498118967,16679705.193710322,16679848.390145302
20080103,143.19643498118967,16602633.77247756,16602776.968912542
20080104,143.19643498118967,16860655.920118026,16860799.11655301
20080107,1732.1666492777877,16984011.849371623,16985744.0160209
20080108,1732.1666492777877,16825987.29735892,16827719.464008197
20080109,1732.1666492777877,17592459.447599426,17594191.614248704
20080110,1732.1666492777877,17637405.764963426,17639137.931612704
20080111,1732.1666492777877,17737480.474987518,17739212.641636796
20080114,929.223923932761,18464529.41745612,18465458.641380053
20080115,929.223923932761,18494939.492032953,18495868.715956885
20080116,929.223923932761,18148764.604052998,18149693.82797693
20080117,929.223923932761,17599863.56709132,17600792.791015252
20080118,929.223923932761,17774480.300638437,17775409.52456237
20080121,373.46982294134796,17539871.324706737,17540244.794529676
20080122,373.46982294134796,16049434.693077322,16049808.162900263
20080123,373.46982294134796,16777022.082836265,16777395.552659206
20080124,373.46982294134796,17540263.863747068,17540637.33357001
20080125,373.46982294134796,17577205.471505526,17577578.941328466
20080128,3450117.736126125,12822614.04144356,16272731.777569685
20080129,3450117.736126125,12691024.291552523,16141142.027678648
20080130,3450117.736126125,12956261.454772264,16406379.190898389
20080131,3450117.736126125,12554308.121806413,16004425.857932538
20080201,3450117.736126125,12451907.22497592,15902024.961102044
20080204,3231752.652733911,13584241.001587138,16815993.65432105
20080205,3231752.652733911,13285429.401945721,16517182.054679632
20080213,1564.1480807242915,16448745.85487549,16450310.002956215
20080214,1564.1480807242915,16806948.908919614,16808513.05700034
20080215,1564.1480807242915,16697501.415805567,16699065.563886292
20080218,283.1397424455099,17118113.939016376,17118397.07875882
20080219,283.1397424455099,17672345.469276525,17672628.60901897
20080220,283.1397424455099,18294902.391946033,18295185.531688478
20080221,283.1397424455099,18266137.187708262,18266420.327450708
20080222,283.1397424455099,17627252.708164193,17627535.847906638
20080225,393.57617278397083,16906857.48888306,16907251.065055843
20080226,393.57617278397083,17022860.3408756,17023253.917048384
20080227,393.57617278397083,17417473.785872504,17417867.362045288
20080228,393.57617278397083,17499101.56413315,17499495.140305933
20080229,393.57617278397083,17703786.21832553,17704179.794498313
20080303,11.093729516025633,18448394.823264625,18448405.91699414
20080304,11.093729516025633,18440729.542236514,18440740.63596603
20080305,11.093729516025633,18221169.130409677,18221180.22413919
20080306,11.093729516025633,18460956.7169126,18460967.810642116
20080307,11.093729516025633,18261402.491484094,18261413.58521361
20080310,61.136711253318936,17935334.271871902,17935395.408583157
20080311,61.136711253318936,18544152.5098563,18544213.646567553
20080312,61.136711253318936,17992447.527545705,17992508.66425696
20080313,61.136711253318936,17574958.904221393,17575020.040932648
20080314,61.136711253318936,17436644.77594713,17436705.912658386
20080317,127.8759091719985,16197677.34809358,16197805.224002752
20080318,127.8759091719985,16179548.185325354,16179676.061234526
20080319,127.8759091719985,17092245.91360786,17092373.789517034
20080320,127.8759091719985,18010334.17426908,18010462.050178252
20080321,127.8759091719985,17627742.07779634,17627869.953705512
20080324,3553128.330371477,13774606.85827798,17327735.188649457
20080325,3553128.330371477,13241998.386729766,16795126.717101242
20080326,3553128.330371477,12763774.487824876,16316902.818196353
20080327,3553128.330371477,12149971.786852065,15703100.117223542
20080328,3553128.330371477,12256187.301479736,15809315.631851213
20080331,31.031711800489575,14928093.373347672,14928124.405059472
20080401,31.031711800489575,14511587.003252191,14511618.034963991
20080402,31.031711800489575,13684393.680941362,13684424.712653162
20080403,31.031711800489575,13209211.06086767,13209242.092579471
20080407,75192.51012378838,13805012.096105471,13880204.60622926
20080408,75192.51012378838,14322616.55317838,14397809.063302167
20080409,75192.51012378838,13239711.495522778,13314904.005646568
20080410,75192.51012378838,13559188.764025325,13634381.274149112
20080411,75192.51012378838,13710603.264613649,13785795.774737436
20080414,2710220.652287212,10361051.959038122,13071272.611325335
20080415,2710220.652287212,9940946.492825951,12651167.145113163
20080416,2710220.652287212,9423542.136719678,12133762.789006889
20080417,2710220.652287212,9050536.15635025,11760756.808637463
20080418,2710220.652287212,8495532.922309194,11205753.574596405
20080421,2394031.178253506,8437239.50368008,10831270.681933586
20080422,2394031.178253506,8318782.951889526,10712814.130143031
20080423,2394031.178253506,8474869.347459557,10868900.525713062
20080424,2394031.178253506,9115335.597248347,11509366.775501853
20080425,2394031.178253506,9155508.575980682,11549539.754234187
20080428,77.20013121741067,11515083.960720016,11515161.160851233
20080429,77.20013121741067,11652515.136317361,11652592.336448578
20080430,77.20013121741067,11767363.741075901,11767440.941207118
20080505,126.7113267001696,12044804.647080638,12044931.358407337
20080506,126.7113267001696,12104223.503382051,12104350.214708751
20080507,126.7113267001696,11712018.238584317,11712144.949911017
20080508,126.7113267001696,11593722.690463983,11593849.401790682
20080509,126.7113267001696,11649417.22097301,11649543.932299709
20080512,575.2527345907874,11482805.071861457,11483380.324596047
20080513,575.2527345907874,11643492.47949558,11644067.73223017
20080514,575.2527345907874,11816706.096799098,11817281.349533688
20080515,575.2527345907874,12023378.424478555,12023953.677213145
20080516,575.2527345907874,12101780.525767049,12102355.77850164
20080519,241.94651858092402,12201485.274707515,12201727.221226096
20080520,241.94651858092402,11458087.370854745,11458329.317373326
20080521,241.94651858092402,11737987.242165193,11738229.188683774
20080522,241.94651858092402,11651851.977198612,11652093.923717193
20080523,241.94651858092402,11488913.094901374,11489155.041419955
20080526,10.28882487397641,11372919.836595535,11372930.12542041
20080527,10.28882487397641,11525883.326112373,11525893.614937246
20080528,10.28882487397641,11853009.009031229,11853019.297856104
20080529,10.28882487397641,11351491.778000254,11351502.06682513
20080530,10.28882487397641,11145885.676806074,11145895.965630949
20080602,1154.9542576442473,11293625.592437346,11294780.54669499
20080603,1154.9542576442473,11550017.398572225,11551172.35282987
20080604,1154.9542576442473,11193059.371479902,11194214.325737547
20080605,1154.9542576442473,10973336.801883196,10974491.756140841
20080606,1154.9542576442473,11049707.532477695,11050862.48673534
20080610,731.0850026919506,10299915.440521663,10300646.525524355
20080611,731.0850026919506,10308980.80555782,10309711.890560511
20080612,731.0850026919506,10109535.049802553,10110266.134805245
20080613,731.0850026919506,9746716.436758993,9747447.521761686
20080616,98.31816393998452,9496336.586415015,9496434.904578956
20080617,98.31816393998452,8800059.614842346,8800157.933006287
20080618,98.31816393998452,9160103.53604202,9160201.85420596
20080619,98.31816393998452,8349054.009847392,8349152.328011332
20080620,98.31816393998452,8307201.842062103,8307300.160226042
20080623,1654414.8079036323,6680397.071801287,8334811.87970492
20080624,1654414.8079036323,6723193.335004641,8377608.142908273
20080625,1654414.8079036323,7191515.982440455,8845930.790344087
20080626,1654414.8079036323,7166689.882163186,8821104.690066818
20080627,1654414.8079036323,6847292.168670958,8501706.97657459
20080630,45.19297404168174,8080486.284156092,8080531.477130134
20080701,45.19297404168174,8130977.73995094,8131022.932924982
20080702,45.19297404168174,8272964.009920235,8273009.202894276
20080703,45.19297404168174,8482349.83854191,8482395.031515952
20080704,45.19297404168174,8486968.941736663,8487014.134710705
20080707,466.59223478473723,8754249.542557389,8754716.134792173
20080708,466.59223478473723,9269045.8759048,9269512.468139585
20080709,466.59223478473723,9586536.420422832,9587003.012657616
20080710,466.59223478473723,9622303.73923792,9622770.331472704
20080711,466.59223478473723,9491134.517073601,9491601.109308386
20080714,167.25599628291093,9812267.312515145,9812434.568511428
20080715,167.25599628291093,9809353.595950896,9809520.851947179
20080716,167.25599628291093,9856275.213891966,9856442.46988825
20080717,167.25599628291093,9560683.47152392,9560850.727520203
20080718,167.25599628291093,9458764.933229381,9458932.189225664
20080721,252.44295221823268,10093952.008787155,10094204.451739373
20080722,252.44295221823268,10295503.62815717,10295756.071109388
20080723,252.44295221823268,10046699.94597711,10046952.388929328
20080724,252.44295221823268,10374412.473061752,10374664.91601397
20080725,252.44295221823268,10418632.090421349,10418884.533373566
20080728,164.66142333857715,10568417.035673505,10568581.697096843
20080729,164.66142333857715,10559496.712565886,10559661.373989224
20080730,164.66142333857715,10478145.136127263,10478309.797550602
20080731,164.66142333857715,10099993.806453977,10100158.467877315
20080801,164.66142333857715,10185583.176331446,10185747.837754784
20080804,72.0981630757451,10081727.972409874,10081800.07057295
20080805,72.0981630757451,9558373.581309257,9558445.679472333
20080806,72.0981630757451,9547752.769644149,9547824.867807224
20080807,72.0981630757451,9389273.086750744,9389345.18491382
20080808,72.0981630757451,8835416.679152634,8835488.77731571
20080811,252.72213133075275,8062342.758492587,8062595.480623918
20080812,252.72213133075275,7901978.695924249,7902231.418055579
20080813,252.72213133075275,8061976.720856033,8062229.442987364
20080814,252.72213133075275,8204722.976386981,8204975.698518312
20080815,252.72213133075275,8190021.444163045,8190274.166294375
20080818,116.26981515600346,7381124.048234087,7381240.318049244
20080819,116.26981515600346,7521216.072700309,7521332.342515465
20080820,116.26981515600346,8141673.382448654,8141789.65226381
20080821,116.26981515600346,7729003.226872065,7729119.496687221
20080822,116.26981515600346,7556941.437169884,7557057.706985041
20080825,84.80038601323031,7638061.093607316,7638145.893993329
20080826,84.80038601323031,7475519.15025453,7475603.950640543
20080827,84.80038601323031,7359470.402483644,7359555.202869657
20080828,84.80038601323031,7382342.418068156,7382427.218454169
20080829,84.80038601323031,7567965.815139324,7568050.615525338
20080901,4553442.06449059,2946304.9389312975,7499747.003421888
20080902,4553442.06449059,2954078.0610687025,7507520.125559293
20080903,4553442.06449059,2862639.4503816795,7416081.51487227
20080904,4553442.06449059,2922961.7938931296,7476403.85838372
20080905,4553442.06449059,2740660.0076335873,7294102.072124178
20080908,1454693.1568968461,5830385.177066637,7285078.333963484
20080909,1454693.1568968461,5903432.265329584,7358125.42222643
20080910,1454693.1568968461,5824459.473678169,7279152.630575015
20080911,1454693.1568968461,5971563.872643575,7426257.029540421
20080912,1454693.1568968461,5766921.422648944,7221614.57954579
20080916,26.984962749527767,6832400.080849703,6832427.065812453
20080917,26.984962749527767,6773961.447543559,6773988.432506308
20080918,26.984962749527767,6601441.71372915,6601468.698691899
20080919,26.984962749527767,7201306.547139072,7201333.532101821
20080922,1523137.8310639428,5894660.7351245945,7417798.5661885375
20080923,1523137.8310639428,5452639.917791882,6975777.748855825
20080924,1523137.8310639428,5996769.010559364,7519906.841623307
20080925,1523137.8310639428,6235997.555947979,7759135.387011922
20080926,1523137.8310639428,6232198.775646751,7755336.606710694
20081006,133.89061061199754,7571556.96342723,7571690.854037842
20081007,133.89061061199754,7537246.712414628,7537380.60302524
20081008,133.89061061199754,7274652.966014264,7274786.856624876
20081009,133.89061061199754,7013485.07638469,7013618.966995302
20081010,133.89061061199754,6521926.761914279,6522060.652524891
20081013,76.51007510535419,6727496.2846420575,6727572.794717163
20081014,76.51007510535419,6644574.7127920585,6644651.222867164
20081015,76.51007510535419,6486865.867617991,6486942.377693096
20081016,76.51007510535419,6206480.072549241,6206556.582624346
20081017,76.51007510535419,6151473.82197695,6151550.332052056
20081020,98.52650628696574,6343448.3246010365,6343546.851107324
20081021,98.52650628696574,6382715.35499564,6382813.881501927
20081022,98.52650628696574,6195543.651474208,6195642.177980495
20081023,98.52650628696574,6071607.401887589,6071705.928393876
20081024,98.52650628696574,5958029.435625765,5958127.962132052
20081027,138.15709901275113,5780204.4507107325,5780342.607809745
20081028,138.15709901275113,5913596.293752034,5913734.450851047
20081029,138.15709901275113,5739739.14390852,5739877.301007533
20081030,138.15709901275113,5904924.828482801,5905062.985581813
20081031,138.15709901275113,5880474.822116376,5880612.979215389
20081103,39.556471784599125,5832612.249014961,5832651.805486745
20081104,39.556471784599125,5691365.477375107,5691405.0338468915
20081105,39.556471784599125,5861219.42964329,5861258.986115075
20081106,39.556471784599125,5655189.224049586,5655228.7805213705
20081107,39.556471784599125,6034551.069447766,6034590.625919551
20081110,118.1566509352997,6338030.79744546,6338148.9540963955
20081111,118.1566509352997,6314372.623924279,6314490.780575214
20081112,118.1566509352997,6306852.293770755,6306970.45042169
20081113,118.1566509352997,6507096.439900317,6507214.5965512525
20081114,118.1566509352997,6769712.467003352,6769830.623654287
20081117,1339137.4345115286,5417593.919057717,6756731.353569245
20081118,1339137.4345115286,5112997.33922945,6452134.773740978
20081119,1339137.4345115286,5132635.720713743,6471773.155225271
20081120,1339137.4345115286,4908315.229560783,6247452.6640723115
20081121,1339137.4345115286,4641612.343307693,5980749.777819221
20081124,342.5660856924951,5818276.422561655,5818618.988647347
20081125,342.5660856924951,5720305.085064956,5720647.6511506485
20081126,342.5660856924951,5810545.987109864,5810888.553195557
20081127,342.5660856924951,5859096.758227732,5859439.3243134245
20081128,342.5660856924951,5582582.504651909,5582925.070737601
20081201,1101528.777665786,4609784.435993784,5711313.21365957
20081202,1101528.777665786,4713496.529114037,5815025.306779822
20081203,1101528.777665786,4920733.265393226,6022262.043059012
20081204,1101528.777665786,4892805.238638953,5994334.016304739
20081205,1101528.777665786,5011690.031770309,6113218.809436096
20081208,112.48251472599804,6336323.999732041,6336436.482246767
20081209,112.48251472599804,6537596.903369842,6537709.385884568
20081210,112.48251472599804,6599431.492617879,6599543.975132605
20081211,112.48251472599804,6250199.294801971,6250311.777316697
20081212,112.48251472599804,5937345.467050964,5937457.94956569
20081215,166.05682130600326,6049396.985711835,6049563.042533142
20081216,166.05682130600326,6312303.226215859,6312469.283037165
20081217,166.05682130600326,6273257.983007471,6273424.039828777
20081218,166.05682130600326,6257427.978481378,6257594.035302685
20081219,166.05682130600326,6304365.021308791,6304531.078130097
20081222,12.588715926511213,6353802.190440063,6353814.77915599
20081223,12.588715926511213,5981663.536520482,5981676.125236409
20081224,12.588715926511213,5825211.316851689,5825223.905567615
20081225,12.588715926511213,5909286.69571403,5909299.284429957
20081226,12.588715926511213,5885130.516122411,5885143.104838338
20081229,47.94161382632454,6042907.6502670245,6042955.5918808505
20081230,47.94161382632454,5895033.610997806,5895081.552611632
20081231,47.94161382632454,5772237.62351348,5772285.565127306
20090105,250.5850966880098,5970763.103037264,5971013.688133952
20090106,250.5850966880098,6230188.537390721,6230439.122487409
20090107,250.5850966880098,6310785.58600115,6311036.171097838
20090108,250.5850966880098,6094612.656162907,6094863.241259595
20090109,250.5850966880098,6268834.479845918,6269085.064942606
20090112,103.99804582633078,6331542.61028197,6331646.608327797
20090113,103.99804582633078,6154743.105149367,6154847.103195193
20090114,103.99804582633078,6332152.311277155,6332256.309322981
20090115,103.99804582633078,6274753.712666175,6274857.710712002
20090116,103.99804582633078,6147607.965708207,6147711.963754034
20090119,54.91420983668951,6126747.48941863,6126802.403628467
20090120,54.91420983668951,6289455.910470767,6289510.824680604
20090121,54.91420983668951,6301636.143941466,6301691.058151303
20090122,54.91420983668951,6383067.989312041,6383122.903521878
20090123,54.91420983668951,6306689.465393742,6306744.379603579
20090202,25.69507109816186,6383504.845449975,6383530.540521073
20090203,25.69507109816186,6489522.107697184,6489547.802768283
20090204,25.69507109816186,6625610.645459121,6625636.3405302195
20090205,25.69507109816186,6729670.9406983,6729696.635769398
20090206,25.69507109816186,6993668.526564839,6993694.221635938
20090209,375.4045050099958,7381676.758068215,7382052.162573225
20090210,375.4045050099958,7553638.054842038,7554013.459347048
20090211,375.4045050099958,7673488.685073106,7673864.089578115
20090212,375.4045050099958,7858675.474459565,7859050.878964575
20090213,375.4045050099958,7906828.037249133,7907203.441754143
20090216,75618.92001075135,7916344.728889074,7991963.648899825
20090217,75618.92001075135,7977069.92284186,8052688.842852611
20090218,75618.92001075135,7694201.211801029,7769820.13181178
20090219,75618.92001075135,8056275.235392482,8131894.155403233
20090220,75618.92001075135,8258178.798097478,8333797.718108229
20090223,222.56061606737785,8700552.679808553,8700775.24042462
20090224,222.56061606737785,8324270.804671641,8324493.365287709
20090225,222.56061606737785,8197298.755068298,8197521.315684366
20090226,222.56061606737785,7670241.033572717,7670463.594188784
20090227,222.56061606737785,7255554.665344147,7255777.225960215
20090302,653.0672972644679,7398309.423104238,7398962.490401503
20090303,653.0672972644679,7605221.799124744,7605874.866422009
20090304,653.0672972644679,8089488.6104947785,8090141.6777920425
20090305,653.0672972644679,8026442.80969717,8027095.876994435
20090306,653.0672972644679,7862309.450108293,7862962.517405558
20090309,65.595632516779,7908803.292921245,7908868.888553762
20090310,65.595632516779,8031334.752444929,8031400.348077446
20090311,65.595632516779,8042419.698238616,8042485.293871133
20090312,65.595632516779,7967884.072135428,7967949.667767945
20090313,65.595632516779,7939346.807577258,7939412.403209775
20090316,25.200205981964245,8034289.616959202,8034314.817165184
20090317,25.200205981964245,8568564.189172586,8568589.389378568
20090318,25.200205981964245,8771453.00110631,8771478.201312292
20090319,25.200205981964245,9028324.96207309,9028350.162279071
20090320,25.200205981964245,9223345.89449936,9223371.094705341
20090323,81.74641945958138,9477371.864641814,9477453.611061273
20090324,81.74641945958138,9716796.114280008,9716877.860699467
20090325,81.74641945958138,9736287.291721761,9736369.03814122
20090326,81.74641945958138,9970750.391951468,9970832.138370927
20090327,81.74641945958138,10025286.684505805,10025368.430925265
20090330,219.90597470966168,9994066.465993002,9994286.371967712
20090331,219.90597470966168,10044137.80608473,10044357.71205944
20090401,219.90597470966168,10288391.855996555,10288611.761971265
20090402,219.90597470966168,10297660.295459539,10297880.201434249
20090403,219.90597470966168,10196377.316342564,10196597.222317275
20090407,280.1582468326669,10367734.86526813,10368015.023514962
20090408,280.1582468326669,10319424.80323741,10319704.961484242
20090409,280.1582468326669,10568831.12459845,10569111.282845281
20090410,280.1582468326669,10765420.656565614,10765700.814812446
20090413,43.35076488787308,10808126.489918953,10808169.84068384
20090414,43.35076488787308,11086361.699397778,11086405.050162666
20090415,43.35076488787308,11141071.22803937,11141114.578804258
20090416,43.35076488787308,11222698.247026417,11222741.597791305
20090417,43.35076488787308,11269440.300229896,11269483.650994783
20090420,636.7176833958365,11414558.977105843,11415195.694789238
20090421,636.7176833958365,11461755.83334921,11462392.551032605
20090422,636.7176833958365,10815175.119275318,10815811.836958714
20090423,636.7176833958365,10810029.484905532,10810666.202588927
20090424,636.7176833958365,10806607.10246026,10807243.820143655
20090427,41375.61563521437,10432381.91631743,10473757.531952644
20090428,41375.61563521437,10365339.986635322,10406715.602270536
20090429,41375.61563521437,10445564.230219906,10486939.84585512
20090430,41375.61563521437,10409453.865633368,10450829.481268583
20090504,2110622.76712415,8504569.960273752,10615192.727397902
20090505,2110622.76712415,8750031.402298363,10860654.169422513
20090506,2110622.76712415,9054820.582620908,11165443.349745058
20090507,2110622.76712415,9118467.098503394,11229089.865627544
20090508,2110622.76712415,9134943.692642225,11245566.459766375
20090511,708.5393763105385,10818183.907159274,10818892.446535585
20090512,708.5393763105385,10949387.683505414,10950096.222881725
20090513,708.5393763105385,11154209.00201097,11154917.54138728
20090514,708.5393763105385,11077908.118412506,11078616.657788817
20090515,708.5393763105385,11107700.492364172,11108409.031740483
20090518,2217751.5962488656,9000209.246734772,11217960.842983637
20090519,2217751.5962488656,8983191.56294655,11200943.159195416
20090520,2217751.5962488656,8906379.687300328,11124131.283549193
20090521,2217751.5962488656,8562611.59140172,10780363.187650586
20090522,2217751.5962488656,8655277.298571523,10873028.894820388
20090525,159.0579913747497,10904051.288338855,10904210.34633023
20090526,159.0579913747497,11049625.801177148,11049784.859168522
20090527,159.0579913747497,11109929.296051541,11110088.354042916
20090601,634.3555983793922,11565540.198039982,11566174.553638361
20090602,634.3555983793922,11534804.324050693,11535438.679649072
20090603,634.3555983793922,11574623.1905463,11575257.54614468
20090604,634.3555983793922,11489564.995703017,11490199.351301396
20090605,634.3555983793922,11553418.34979844,11554052.705396818
20090608,58.303651662077755,11490547.85189047,11490606.155542133
20090609,58.303651662077755,11360094.653178701,11360152.956830364
20090610,58.303651662077755,11636199.718139622,11636258.021791285
20090611,58.303651662077755,11756477.344574649,11756535.648226311
20090612,58.303651662077755,11683749.969299508,11683808.27295117
20090615,131.50696877250448,11882876.981074134,11883008.488042906
20090616,131.50696877250448,11842673.60179032,11842805.108759092
20090617,131.50696877250448,12193613.624272043,12193745.131240815
20090618,131.50696877250448,12173657.258020384,12173788.764989156
20090619,131.50696877250448,11987770.247233588,11987901.75420236
20090622,67.02971431156425,11989759.333879188,11989826.3635935
20090623,67.02971431156425,11818428.110963322,11818495.140677635
20090624,67.02971431156425,11911774.662379311,11911841.692093624
20090625,67.02971431156425,11845051.421771936,11845118.451486249
20090626,67.02971431156425,12164289.301897513,12164356.331611825
20090629,7.823245006147772,12041917.280640975,12041925.10388598
20090630,7.823245006147772,12625454.922788892,12625462.746033898
20090701,7.823245006147772,13063513.713950666,13063521.537195671
20090702,7.823245006147772,13073268.734549424,13073276.55779443
20090703,7.823245006147772,12717532.920844266,12717540.744089272
20090706,345.5299062365666,12570887.588844368,12571233.118750606
20090707,345.5299062365666,12793137.415656213,12793482.945562448
20090708,345.5299062365666,12968692.126053613,12969037.655959848
20090709,345.5299062365666,13139228.019039381,13139573.548945617
20090710,345.5299062365666,13249076.766463157,13249422.296369392
20090713,424.9001603848301,13174348.380294522,13174773.280454908
20090714,424.9001603848301,13529310.821043225,13529735.72120361
20090715,424.9001603848301,13635539.762067586,13635964.662227971
20090716,424.9001603848301,13817839.114515912,13818264.014676297
20090717,424.9001603848301,13962949.673479978,13963374.573640363
20090720,309.40531419357285,13852829.26158934,13853138.666903535
20090721,309.40531419357285,13535463.318336375,13535772.72365057
20090722,309.40531419357285,13734255.02196728,13734564.427281475
20090723,309.40531419357285,14106604.505467331,14106913.910781525
20090724,309.40531419357285,14133452.28569648,14133761.691010674
20090727,388.05038930801675,14313252.855583336,14313640.905972645
20090728,388.05038930801675,14329476.142037477,14329864.192426786
20090729,388.05038930801675,14096020.863542408,14096408.913931716
20090730,388.05038930801675,13689381.658659613,13689769.709048921
20090731,388.05038930801675,13808780.151419671,13809168.20180898
20090803,176.06878006225452,13735838.950064339,13736015.018844401
20090804,176.06878006225452,13686316.475407504,13686492.544187566
20090805,176.06878006225452,13376020.417119423,13376196.485899486
20090806,176.06878006225452,13564709.93532895,13564886.004109012
20090807,176.06878006225452,13000128.367327048,13000304.43610711
20090810,705.5066661890596,13315393.085449627,13316098.592115816
20090811,705.5066661890596,13332261.650503527,13332967.157169716
20090812,705.5066661890596,12633582.164400732,12634287.671066921
20090813,705.5066661890596,13038356.808301007,13039062.314967196
20090814,705.5066661890596,12809777.174737047,12810482.681403236
20090817,498.2503332170736,11976313.484966522,11976811.73529974
20090818,498.2503332170736,12513773.384827593,12514271.635160811
20090819,498.2503332170736,12045283.56679678,12045781.817129998
20090820,498.2503332170736,12655881.458522227,12656379.708855445
20090821,498.2503332170736,12887926.444403004,12888424.694736222
20090824,174.78163127414882,12899961.577208694,12900136.358839968
20090825,174.78163127414882,12377824.784156933,12377999.565788208
20090826,174.78163127414882,12856599.796620287,12856774.578251561
20090827,174.78163127414882,12892862.78020991,12893037.561841184
20090828,174.78163127414882,12530790.66946727,12530965.451098545
20090831,43.629990375135094,11753922.376102963,11753966.006093338
20090901,43.629990375135094,11185477.257537588,11185520.887527963
20090902,43.629990375135094,11228959.159437457,11229002.789427832
20090903,43.629990375135094,12069106.794847542,12069150.424837917
20090904,43.629990375135094,12102758.868959088,12102802.498949463
20090907,1.336719889746746,12354408.527838163,12354409.864558052
20090908,1.336719889746746,12692908.082426017,12692909.419145906
20090909,1.336719889746746,12955844.073460473,12955845.410180362
20090910,1.336719889746746,12792670.338490117,12792671.675210007
20090911,1.336719889746746,12878202.111379074,12878203.448098963
20090914,135.14707657136023,13175757.993295884,13175893.140372455
20090915,135.14707657136023,13462695.110588992,13462830.257665563
20090916,135.14707657136023,13423870.671886718,13424005.81896329
20090917,135.14707657136023,13485548.858059311,13485684.005135883
20090918,135.14707657136023,12965151.616584726,12965286.763661297
20090921,284.89962769142585,13172691.510771321,13172976.410399012
20090922,284.89962769142585,13149507.814226171,13149792.713853862
20090923,284.89962769142585,12779738.825038958,12780023.72466665
20090924,284.89962769142585,12815875.316816758,12816160.21644445
20090925,284.89962769142585,12705276.365115404,12705561.264743095
20090928,1950.8291306374595,12102740.729925381,12104691.559056018
20090929,1950.8291306374595,11910555.6155571,11912506.444687739
20090930,1950.8291306374595,11829179.796425102,11831130.625555739
20091009,2386327.072352093,10024057.483161602,12410384.555513695
20091012,28.51708317361772,12380809.88868954,12380838.405772714
20091013,28.51708317361772,12427574.173762972,12427602.690846145
20091014,28.51708317361772,13343324.85402884,13343353.371112013
20091015,28.51708317361772,13476367.241432486,13476395.75851566
20091016,28.51708317361772,13726744.84711215,13726773.364195324
20091019,1270.3417628547177,13834836.143315751,13836106.485078607
20091020,1270.3417628547177,14093808.460112706,14095078.801875561
20091021,1270.3417628547177,13868487.155365702,13869757.497128557
20091022,1270.3417628547177,13832618.523749245,13833888.8655121
20091023,1270.3417628547177,13866469.688203428,13867740.029966284
20091026,178.3082209099084,13998580.621971598,13998758.930192508
20091027,178.3082209099084,14130560.410056014,14130738.718276924
20091028,178.3082209099084,13788661.44213351,13788839.75035442
20091029,178.3082209099084,13477508.721941981,13477687.030162891
20091030,178.3082209099084,13606860.778624358,13607039.086845268
20091102,162.11259153624997,13893029.50000166,13893191.612593196
20091103,162.11259153624997,14290076.829013333,14290238.94160487
20091104,162.11259153624997,14255428.240641078,14255590.353232615
20091105,162.11259153624997,14285197.553315409,14285359.665906945
20091106,162.11259153624997,14487933.663034584,14488095.775626121
20091109,1441.5869880025275,14554459.076014414,14555900.663002416
20091110,1441.5869880025275,14693308.742754413,14694750.329742415
20091111,1441.5869880025275,14549860.729424644,14551302.316412646
20091112,1441.5869880025275,14557522.0455944,14558963.632582402
20091113,1441.5869880025275,14963263.266860321,14964704.853848323
20091116,164.16050060186535,15187074.95423022,15187239.11473082
20091117,164.16050060186535,15493910.032560913,15494074.193061516
20091118,164.16050060186535,15636397.135968054,15636561.296468657
20091119,164.16050060186535,16111065.292281762,16111229.452782363
20091120,164.16050060186535,16114421.5097788,16114585.670279402
20091123,386.1181320329197,16443543.941303687,16443930.05943572
20091124,386.1181320329197,15404461.003373688,15404847.12150572
20091125,386.1181320329197,15769495.168366138,15769881.28649817
20091126,386.1181320329197,15478596.450609634,15478982.568741666
20091127,386.1181320329197,15262626.862837493,15263012.980969526
20091130,624.2061774628237,15790764.93143203,15791389.137609493
20091201,624.2061774628237,16345212.900830854,16345837.107008316
20091202,624.2061774628237,16469420.087830592,16470044.294008054
20091203,624.2061774628237,16379722.430903543,16380346.637081005
20091204,624.2061774628237,16049148.452725707,16049772.65890317
20091207,270.31985880415596,16153154.058119588,16153424.377978392
20091208,270.31985880415596,16164345.391250936,16164615.71110974
20091209,270.31985880415596,16158014.50329397,16158284.823152775
20091210,270.31985880415596,16124374.702722494,16124645.022581298
20091211,270.31985880415596,16144795.385935072,16145065.705793876
20091214,1988.135449718684,16230941.787768645,16232929.923218364
20091215,1988.135449718684,16518316.248420415,16520304.383870134
20091216,1988.135449718684,16122560.818822213,16124548.954271931
20091217,1988.135449718684,15534419.298664171,15536407.43411389
20091218,1988.135449718684,14763223.98695765,14765212.12240737
20091221,193.3200705293566,15146224.907398745,15146418.227469275
20091222,193.3200705293566,14800189.747021783,14800383.067092312
20091223,193.3200705293566,15229093.838934409,15229287.159004938
20091224,193.3200705293566,15613720.914626848,15613914.234697377
20091225,193.3200705293566,15635889.872109994,15636083.192180524
20091228,235.00215712547651,16147415.68365731,16147650.685814437
20091229,235.00215712547651,16016541.072381208,16016776.074538333
20091230,235.00215712547651,16474028.272826603,16474263.274983728
20091231,235.00215712547651,16588176.238780161,16588411.240937287
20100104,594.180675803218,16611927.784329012,16612521.965004815
20100105,594.180675803218,16853023.603767972,16853617.784443777
20100106,594.180675803218,16805006.5089896,16805600.689665403
20100107,594.180675803218,16156900.10023712,16157494.280912923
20100108,594.180675803218,16384871.127457779,16385465.308133582
20100111,381.66080529335886,16158890.242179044,16159271.902984336
20100112,381.66080529335886,16691151.099067662,16691532.759872954
20100113,381.66080529335886,16066304.142112978,16066685.80291827
20100114,381.66080529335886,16704480.065330552,16704861.726135846
20100115,381.66080529335886,17284643.63266688,17285025.29347217
20100118,438.15425073867664,17715400.758269813,17715838.91252055
20100119,438.15425073867664,18079646.70010055,18080084.854351286
20100120,438.15425073867664,17270690.517466668,17271128.671717405
20100121,438.15425073867664,17435943.831103757,17436381.985354494
20100122,438.15425073867664,16698023.373068318,16698461.527319057
20100125,164.29828047612682,16544444.736488517,16544609.034768993
20100126,164.29828047612682,15958777.274143718,15958941.572424194
20100127,164.29828047612682,15992225.259962996,15992389.558243472
20100128,164.29828047612682,15940373.902687494,15940538.20096797
20100129,164.29828047612682,16403397.550661642,16403561.848942118
20100201,835.931392760016,16214193.540492937,16215029.471885696
20100202,835.931392760016,16207792.020384908,16208627.951777667
20100203,835.931392760016,16575760.350533579,16576596.281926338
20100204,835.931392760016,16747480.805203035,16748316.736595795
20100205,835.931392760016,16140111.212206058,16140947.143598817
20100208,285.78012951882556,15935693.221868161,15935979.00199768
20100209,285.78012951882556,16558332.174710045,16558617.954839563
20100210,285.78012951882556,17210972.562521297,17211258.342650816
20100211,285.78012951882556,17064284.051822286,17064569.831951804
20100212,285.78012951882556,17414225.476647377,17414511.256776895
20100222,100.04598978254944,17570182.726810645,17570282.772800427
20100223,100.04598978254944,17734957.072189882,17735057.118179664
20100224,100.04598978254944,18325764.52501831,18325864.57100809
20100225,100.04598978254944,18875507.94334251,18875607.989332292
20100226,100.04598978254944,18667554.875036,18667654.921025783
20100301,696.9632946578786,19720334.73722496,19721031.700519618
20100302,696.9632946578786,19300366.559234515,19301063.522529174
20100303,696.9632946578786,19436929.59791159,19437626.561206248
20100304,696.9632946578786,18620845.29470239,18621542.257997047
20100305,696.9632946578786,18430848.888160795,18431545.851455454
20100308,2370.868470285088,18366849.096040167,18369219.964510452
20100309,2370.868470285088,18285093.027551346,18287463.89602163
20100310,2370.868470285088,18293519.980103776,18295890.84857406
20100311,2370.868470285088,17986381.35478219,17988752.223252475
20100312,2370.868470285088,18034786.32022144,18037157.188691724
20100315,418.0033601047471,17743399.009414535,17743817.01277464
20100316,418.0033601047471,18031081.566451717,18031499.56981182
20100317,418.0033601047471,18387929.654418282,18388347.657778386
20100318,418.0033601047471,18443863.798111536,18444281.80147164
20100319,418.0033601047471,18571531.617924567,18571949.62128467
20100322,701.5960664884187,18565604.901483882,18566306.497550372
20100323,701.5960664884187,18897400.449876916,18898102.045943405
20100324,701.5960664884187,19263896.680445194,19264598.276511684
20100325,701.5960664884187,19433988.798058912,19434690.394125402
20100326,701.5960664884187,19528865.957142606,19529567.553209096
20100329,363.95953595777974,19824244.646195397,19824608.605731353
20100330,363.95953595777974,20116335.89743289,20116699.856968846
20100331,363.95953595777974,19955426.65120978,19955790.610745735
20100401,363.95953595777974,20123101.324176803,20123465.28371276
20100402,363.95953595777974,19933987.575133014,19934351.53466897
20100406,61.92615875136107,20441950.642097846,20442012.568256598
20100407,61.92615875136107,20291607.16229387,20291669.088452622
20100408,61.92615875136107,20031098.93183304,20031160.857991792
20100409,61.92615875136107,20097021.11339105,20097083.0395498
20100412,537.5106986155733,19634159.91306401,19634697.423762627
20100413,537.5106986155733,19275078.286736693,19275615.79743531
20100414,537.5106986155733,19360524.570963264,19361062.08166188
20100415,537.5106986155733,19712307.81109917,19712845.32179779
20100416,537.5106986155733,19708678.34396085,19709215.854659468
20100419,135.43241043249145,19141136.678266585,19141272.11067702
20100420,135.43241043249145,18970814.53026878,18970949.962679215
20100421,135.43241043249145,19874057.05599401,19874192.488404445
20100422,135.43241043249145,20073571.86946443,20073707.301874865
20100423,135.43241043249145,19555779.293568563,19555914.725978997
20100426,192.38526884652674,19447970.128478125,19448162.51374697
20100427,192.38526884652674,19034500.894277748,19034693.279546596
20100428,192.38526884652674,19013984.104430515,19014176.489699364
20100429,192.38526884652674,18521103.3776792,18521295.762948044
20100430,192.38526884652674,18524915.308369942,18525107.693638787
20100504,3638441.6776575358,15288748.495122014,18927190.17277955
20100505,3638441.6776575358,15704148.467507463,19342590.145165
20100506,3638441.6776575358,15124136.447977047,18762578.125634585
20100507,3638441.6776575358,15153870.361167504,18792312.03882504
20100510,50.57826574053615,18570365.403277073,18570415.981542815
20100511,50.57826574053615,17485194.767037123,17485245.345302865
20100512,50.57826574053615,16977935.364206687,16977985.942472428
20100513,50.57826574053615,17568618.935903877,17568669.51416962
20100514,50.57826574053615,17485569.9124005,17485620.49066624
20100517,59.8467308213003,15819090.10687358,15819149.9536044
20100518,59.8467308213003,15991879.051922755,15991938.898653576
20100519,59.8467308213003,15906683.81953168,15906743.6662625
20100520,59.8467308213003,15771598.161879286,15771658.008610107
20100521,59.8467308213003,16223637.011173904,16223696.857904725
20100524,161.9549083057791,16996231.499921903,16996393.454830207
20100525,161.9549083057791,16787746.38145554,16787908.336363845
20100526,161.9549083057791,17022828.126000166,17022990.08090847
20100527,161.9549083057791,17395593.07045236,17395755.025360666
20100528,161.9549083057791,17983646.077525184,17983808.032433487
20100531,92.19007087871432,17779174.682701606,17779266.872772485
20100601,92.19007087871432,17182223.14039428,17182315.33046516
20100602,92.19007087871432,17727445.149010476,17727537.339081354
20100603,92.19007087871432,18096140.68197945,18096232.87205033
20100604,92.19007087871432,18406248.70842412,18406340.898495
20100607,345.93454809719697,18245106.785610415,18245452.720158514
20100608,345.93454809719697,18550727.910453267,18551073.845001366
20100609,345.93454809719697,18975977.96762775,18976323.902175847
20100610,345.93454809719697,19268160.479308855,19268506.413856953
20100611,345.93454809719697,18960313.58614896,18960659.520697057
20100617,168.6493607526645,18530127.92647008,18530296.575830832
20100618,168.6493607526645,17782785.271971967,17782953.92133272
20100621,272.5053879430052,17934623.174011026,17934895.67939897
20100622,272.5053879430052,18033858.49528449,18034131.000672434
20100623,272.5053879430052,18064711.01782079,18064983.523208734
20100624,272.5053879430052,18303322.116029114,18303594.621417057
20100625,272.5053879430052,17993020.366945647,17993292.87233359
20100628,84.43221705639735,17510105.170876812,17510189.60309387
20100629,84.43221705639735,17194950.91113754,17195035.343354598
20100630,84.43221705639735,17060023.48262483,17060107.914841887
20100701,84.43221705639735,16938678.92192828,16938763.354145337
20100702,84.43221705639735,16468109.373735195,16468193.805952251
20100705,129.59338114177808,16150250.155183839,16150379.74856498
20100706,129.59338114177808,16599180.181719903,16599309.775101045
20100707,129.59338114177808,16859465.5567566,16859595.15013774
20100708,129.59338114177808,17016254.35732114,17016383.95070228
20100709,129.59338114177808,17907914.339581896,17908043.932963036
20100712,1841.2918495140038,18315382.576694295,18317223.868543807
20100713,1841.2918495140038,18461649.699402303,18463490.991251815
20100714,1841.2918495140038,18411324.483431138,18413165.77528065
20100715,1841.2918495140038,18070321.476765536,18072162.76861505
20100716,1841.2918495140038,18006204.622851156,18008045.91470067
20100719,3604706.486007525,14711886.035865467,18316592.521872994
20100720,3604706.486007525,15156796.834010458,18761503.320017982
20100721,3604706.486007525,14956622.071130555,18561328.55713808
20100722,3604706.486007525,15141008.074683191,18745714.560690716
20100723,3604706.486007525,15765757.134129686,19370463.62013721
20100726,324.96354169538245,19418892.73334132,19419217.696883015
20100727,324.96354169538245,19464855.374650687,19465180.33819238
20100728,324.96354169538245,20002392.478318863,20002717.441860557
20100729,324.96354169538245,19950612.003103934,19950936.96664563
20100730,324.96354169538245,19714362.249277722,19714687.212819416
20100802,96.05343967722729,20017374.183496993,20017470.23693667
20100803,96.05343967722729,19975746.574409194,19975842.62784887
20100804,96.05343967722729,20135418.451700304,20135514.50513998
20100805,96.05343967722729,20997592.959872052,20997689.01331173
20100806,96.05343967722729,21517726.548478086,21517822.601917762
20100809,2709.665691137314,22421544.243720554,22424253.90941169
20100810,2709.665691137314,21662876.35166476,21665586.017355897
20100811,2709.665691137314,21863997.08685012,21866706.75254126
20100812,2709.665691137314,21875880.375693895,21878590.041385032
20100813,2709.665691137314,22012466.919676892,22015176.58536803
20100816,376.3524015536532,22578986.20289144,22579362.555292994
20100817,376.3524015536532,22880381.602717448,22880757.955119003
20100818,376.3524015536532,22622064.28678427,22622440.639185824
20100819,376.3524015536532,22541543.842341714,22541920.19474327
20100820,376.3524015536532,22224105.237819236,22224481.59022079
20100823,178.94676036015153,22369399.53718196,22369578.48394232
20100824,178.94676036015153,23184478.28581495,23184657.23257531
20100825,178.94676036015153,22958692.152057614,22958871.098817974
20100826,178.94676036015153,23473497.8914586,23473676.83821896
20100827,178.94676036015153,23581229.01166432,23581407.95842468
20100830,275.38244521059096,24699050.015894756,24699325.398339964
20100831,275.38244521059096,25049831.10863123,25050106.49107644
20100901,275.38244521059096,24734132.967455365,24734408.349900573
20100902,275.38244521059096,25186660.62227874,25186936.00472395
20100903,275.38244521059096,25743935.71207747,25744211.094522677
20100906,181.3534316048026,25901667.7500107,25901849.103442304
20100907,181.3534316048026,26222115.51210678,26222296.865538385
20100908,181.3534316048026,26094015.450565264,26094196.80399687
20100909,181.3534316048026,25598905.658987388,25599087.012418993
20100910,181.3534316048026,26069318.49565708,26069499.849088684
20100913,407.048080037348,26932029.54017969,26932436.588259727
20100914,407.048080037348,26897208.704147443,26897615.75222748
20100915,407.048080037348,26327167.744764827,26327574.792844865
20100916,407.048080037348,25380429.464731514,25380836.512811553
20100917,407.048080037348,24740501.06386526,24740908.111945298
20100920,2203.4887031403196,24503268.059456084,24505471.548159223
20100921,2203.4887031403196,24343466.661017828,24345670.149720967
20100927,1110.9289989694953,24986931.329805925,24988042.258804895
20100928,1110.9289989694953,25442167.506244037,25443278.435243007
20100929,1110.9289989694953,25432757.91370202,25433868.842700988
20100930,1110.9289989694953,25313876.29585557,25314987.22485454
20101008,237.4838720728294,25883363.50137986,25883600.985251933
20101011,777.9362235810258,25624352.681965854,25625130.618189435
20101012,777.9362235810258,25926873.08863695,25927651.02486053
20101013,777.9362235810258,25358404.828780822,25359182.765004404
20101014,777.9362235810258,24102156.80666871,24102934.74289229
20101015,777.9362235810258,23887790.77107447,23888568.70729805
20101018,616.5572841316462,23988561.889084175,23989178.446368307
20101019,616.5572841316462,24757458.182688545,24758074.739972677
20101020,616.5572841316462,25774739.66469017,25775356.221974302
20101021,616.5572841316462,25439720.452944573,25440337.010228705
20101022,616.5572841316462,26375520.807412513,26376137.364696644
20101025,970.3473328556865,28472712.658963695,28473683.006296553
20101026,970.3473328556865,28440590.12084324,28441560.468176097
20101027,970.3473328556865,28122932.500534702,28123902.847867556
20101028,970.3473328556865,28065885.355416514,28066855.70274937
20101029,970.3473328556865,28606489.267253555,28607459.614586413
20101101,43.41649261955172,30943036.642147057,30943080.058639675
20101102,43.41649261955172,30571930.541496243,30571973.957988862
20101103,43.41649261955172,28909737.068860486,28909780.485353105
20101104,43.41649261955172,29407039.360272154,29407082.776764773
20101105,43.41649261955172,29334398.872517034,29334442.289009653
20101108,1536.3587996028364,29384333.164414756,29385869.52321436
20101109,1536.3587996028364,29701289.418170705,29702825.77697031
20101110,1536.3587996028364,31173679.64241633,31175216.00121593
20101111,1536.3587996028364,30218527.14258699,30220063.501386594
20101112,1536.3587996028364,28148547.694956917,28150084.05375652
20101115,1311.3207177203149,27943829.612948086,27945140.933665805
20101116,1311.3207177203149,26691458.264987797,26692769.58570552
20101117,1311.3207177203149,25651379.45218446,25652690.772902183
20101118,1311.3207177203149,26067291.55984216,26068602.880559884
20101119,1311.3207177203149,26828110.23439352,26829421.555111237
20101122,731.0675612576306,27037471.4859268,27038202.553488057
20101123,731.0675612576306,25575100.195959374,25575831.263520632
20101124,731.0675612576306,26980174.518900953,26980905.58646221
20101125,731.0675612576306,27550772.489263732,27551503.55682499
20101126,731.0675612576306,27415543.691775553,27416274.75933681
20101129,1122.2543907007203,26465160.7357127,26466282.9901034
20101130,1122.2543907007203,25921653.621564057,25922775.87595476
20101201,1122.2543907007203,26220117.1091244,26221239.3635151
20101202,1122.2543907007203,26407889.66310387,26409011.917494573
20101203,1122.2543907007203,26373368.31634032,26374490.57073102
20101206,96.86169417947531,26132226.17785256,26132323.03954674
20101207,96.86169417947531,26474268.369792923,26474365.231487103
20101208,96.86169417947531,26479724.995208457,26479821.856902637
20101209,96.86169417947531,26058715.122939218,26058811.984633397
20101210,96.86169417947531,26623709.52376335,26623806.38545753
20101213,3736.5342368055135,27173744.63547162,27177481.169708423
20101214,3736.5342368055135,27755998.62457663,27759735.15881343
20101215,3736.5342368055135,27993994.496126793,27997731.030363597
20101216,3736.5342368055135,27539223.925201327,27542960.45943813
20101217,3736.5342368055135,27670695.654853284,27674432.189090088
20101220,459.47110131476074,27237754.897111632,27238214.368212946
20101221,459.47110131476074,27395970.3062097,27396429.777311012
20101222,459.47110131476074,27757170.84036238,27757630.311463695
20101223,459.47110131476074,26584130.755326055,26584590.22642737
20101224,459.47110131476074,26074471.575396948,26074931.04649826
20101227,5193182.437040637,19843668.348378368,25036850.785419006
20101228,5193182.437040637,19669131.522601932,24862313.95964257
20101229,5193182.437040637,20556601.897845194,25749784.334885832
20101230,5193182.437040637,20587754.12965788,25780936.566698518
20101231,5193182.437040637,20982668.548645265,26175850.985685904
20110104,511.9969797702506,26378129.254353434,26378641.251333203
20110105,511.9969797702506,27259107.631674606,27259619.628654376
20110106,511.9969797702506,26971549.335605014,26972061.332584783
20110107,511.9969797702506,26527473.137697257,26527985.134677026
20110110,472.77105536404997,26105223.20002692,26105695.97108228
20110111,472.77105536404997,25958998.37613581,25959471.147191174
20110112,472.77105536404997,25734849.352294985,25735322.12335035
20110113,472.77105536404997,26078197.05442136,26078669.825476725
20110114,472.77105536404997,25185729.070334446,25186201.84138981
20110117,988.3040621737018,24907613.198022313,24908601.502084486
20110118,988.3040621737018,25075491.781566918,25076480.08562909
20110119,988.3040621737018,25700580.25096754,25701568.555029713
20110120,988.3040621737018,24488991.051254023,24489979.355316196
20110121,988.3040621737018,24408634.733264565,24409623.03732674
20110124,21.71089002676308,23213643.350417905,23213665.06130793
20110125,21.71089002676308,22818282.340582155,22818304.05147218
20110126,21.71089002676308,23246499.878922813,23246521.589812838
20110127,21.71089002676308,23612668.64821513,23612690.359105155
20110128,21.71089002676308,23991707.402413342,23991729.11330337
20110131,287.97165803425014,24985303.290978372,24985591.26263641
20110201,287.97165803425014,24946033.058276005,24946321.02993404
20110209,743.3135166820139,25156951.93377515,25157695.247291833
20110210,743.3135166820139,25301651.734677583,25302395.048194267
20110211,743.3135166820139,25639890.173159342,25640633.486676022
20110214,1373.3669351912977,26071096.253022775,26072469.619957965
20110215,1373.3669351912977,26291005.55327855,26292378.92021374
20110216,1373.3669351912977,26332549.765678003,26333923.132613193
20110217,1373.3669351912977,26246706.35797874,26248079.72491393
20110218,1373.3669351912977,26150735.85229483,26152109.21923002
20110221,82.6395508229325,26773828.75809543,26773911.397646252
20110222,82.6395508229325,26586192.794469226,26586275.43402005
20110223,82.6395508229325,27077675.46076552,27077758.100316342
20110224,82.6395508229325,26893110.89281189,26893193.532362714
20110225,82.6395508229325,27271795.086137857,27271877.72568868
20110228,251.24690700601786,27744050.131696284,27744301.37860329
20110301,251.24690700601786,27521163.695479758,27521414.942386765
20110302,251.24690700601786,26422087.305126116,26422338.552033123
20110303,251.24690700601786,26151881.046527177,26152132.293434184
20110304,251.24690700601786,26262326.273514256,26262577.520421263
20110307,667.6473888754845,26432029.415931072,26432697.063319948
20110308,667.6473888754845,26480615.142044522,26481282.789433397
20110309,667.6473888754845,27832422.752781138,27833090.400170013
20110310,667.6473888754845,27516412.803215586,27517080.45060446
20110311,667.6473888754845,27184140.054661144,27184807.70205002
20110314,482.9459188710898,26988810.45949757,26989293.405416444
20110315,482.9459188710898,26263310.35888589,26263793.304804765
20110316,482.9459188710898,26830231.546021108,26830714.491939977
20110317,482.9459188710898,26672434.392731793,26672917.338650666
20110318,482.9459188710898,27107745.750666067,27108228.69658494
20110321,58.97670441027731,27323532.047422092,27323591.024126504
20110322,58.97670441027731,27130482.7987435,27130541.775447913
20110323,58.97670441027731,28171814.52407559,28171873.50078
20110324,58.97670441027731,28135318.26898524,28135377.245689653
20110325,58.97670441027731,28134084.388956353,28134143.365660764
20110328,467.1671406812966,27733848.384075657,27734315.551216338
20110329,467.1671406812966,27248806.405113377,27249273.572254058
20110330,467.1671406812966,26949787.670331806,26950254.837472487
20110331,467.1671406812966,26996430.512387924,26996897.679528605
20110401,467.1671406812966,27708673.274057366,27709140.441198047
20110406,1038.0843334762176,27354911.36435822,27355949.448691696
20110407,1038.0843334762176,28315172.885945953,28316210.97027943
20110408,1038.0843334762176,28325172.000297155,28326210.08463063
20110411,1241.2972030695528,27757467.232523084,27758708.529726155
20110412,1241.2972030695528,27461490.66882476,27462731.966027826
20110413,1241.2972030695528,27565123.287926823,27566364.585129894
20110414,1241.2972030695528,27223969.305699475,27225210.602902547
20110415,1241.2972030695528,26978319.280221954,26979560.577425025
20110418,832.8010410647839,26966074.290695176,26966907.091736242
20110419,832.8010410647839,25732314.544579655,25733147.34562072
20110420,832.8010410647839,25705352.019454814,25706184.82049588
20110421,832.8010410647839,26430471.21613773,26431304.017178796
20110422,832.8010410647839,26055269.581472263,26056102.38251333
20110425,3.227722901850939,26258376.3606228,26258379.588345703
20110426,3.227722901850939,25916147.53262004,25916150.76034294
20110427,3.227722901850939,25054345.307564583,25054348.535287485
20110428,3.227722901850939,24057232.776375186,24057236.004098088
20110429,3.227722901850939,25193743.340167638,25193746.56789054
20110503,269.5964177045971,25702004.674216464,25702274.270634167
20110504,269.5964177045971,26291643.661817547,26291913.258235253
20110505,269.5964177045971,26050504.787460804,26050774.383878507
20110506,269.5964177045971,26431632.504318364,26431902.100736067
20110509,1161.2067234599963,26542519.883842897,26543681.090566356
20110510,1161.2067234599963,27017690.73391585,27018851.94063931
20110511,1161.2067234599963,26971204.51852208,26972365.72524554
20110512,1161.2067234599963,26593416.30972144,26594577.5164449
20110513,1161.2067234599963,26446179.976297148,26447341.183020607
20110516,639.6845242679119,26148258.79015799,26148898.474682257
20110517,639.6845242679119,26120051.970474415,26120691.654998682
20110518,639.6845242679119,26357968.766869094,26358608.451393362
20110519,639.6845242679119,26269954.89511549,26270594.57963976
20110520,639.6845242679119,26143715.33421108,26144355.01873535
20110523,1033.1642357269302,24734049.31436001,24735082.478595737
20110524,1033.1642357269302,24842328.249655128,24843361.413890854
20110525,1033.1642357269302,25371336.40321459,25372369.567450315
20110526,1033.1642357269302,25406679.62835704,25407712.792592768
20110527,1033.1642357269302,23599943.198899336,23600976.363135062
20110530,208.49050368368626,22805183.126994647,22805391.61749833
20110531,208.49050368368626,24286975.11884548,24287183.609349165
20110601,208.49050368368626,25007620.7091124,25007829.199616082
20110602,208.49050368368626,24742042.032288693,24742250.522792377
20110603,208.49050368368626,25244211.034405913,25244419.524909597
20110607,1909.5963724879548,25315430.349635467,25317339.946007956
20110608,1909.5963724879548,25778050.97406061,25779960.5704331
20110609,1909.5963724879548,25136215.83303204,25138125.42940453
20110610,1909.5963724879548,25054244.041050192,25056153.63742268
20110613,141.43330543115735,25623933.55185101,25624074.985156443
20110614,141.43330543115735,26335710.642896853,26335852.076202285
20110615,141.43330543115735,26008528.548395175,26008669.981700607
20110616,141.43330543115735,25366247.14496457,25366388.57827
20110617,141.43330543115735,24286155.850921504,24286297.284226935
20110620,31.22947530914098,24638729.32045169,24638760.549927
20110621,31.22947530914098,24661948.76519747,24661979.99467278
20110622,31.22947530914098,25632266.654000826,25632297.883476134
20110623,31.22947530914098,25669591.367931113,25669622.59740642
20110624,31.22947530914098,25946478.254414864,25946509.483890172
20110627,345.08219239953905,26333345.932256483,26333691.01444888
20110628,345.08219239953905,26401595.171719775,26401940.253912173
20110629,345.08219239953905,26456811.0921589,26457156.174351297
20110630,345.08219239953905,26755301.524002496,26755646.606194895
20110701,345.08219239953905,26789812.56029337,26790157.642485768
20110704,1164.7706309708738,27206850.871208914,27208015.641839884
20110705,1164.7706309708738,28381806.947749037,28382971.718380008
20110706,1164.7706309708738,27955566.461140297,27956731.231771268
20110707,1164.7706309708738,27302347.70661772,27303512.47724869
20110708,1164.7706309708738,27496417.27069236,27497582.04132333
20110711,214.60257567092776,27469820.450237244,27470035.052812915
20110712,214.60257567092776,27765039.85208843,27765254.4546641
20110713,214.60257567092776,28467781.40388014,28467996.006455813
20110714,214.60257567092776,28496954.33884853,28497168.941424202
20110715,214.60257567092776,28700659.18447815,28700873.78705382
20110718,383.7133279601112,29044305.82515854,29044689.5384865
20110719,383.7133279601112,28702540.747799415,28702924.461127374
20110720,383.7133279601112,28435366.093403395,28435749.806731354
20110721,383.7133279601112,28191086.028795287,28191469.742123246
20110722,383.7133279601112,28139828.88905049,28140212.60237845
20110725,300.41241720411927,26758537.930464398,26758838.3428816
20110726,300.41241720411927,27122574.34846444,27122874.760881644
20110727,300.41241720411927,27752630.772181984,27752931.184599187
20110728,300.41241720411927,27250569.898856834,27250870.311274037
20110729,300.41241720411927,27263651.932793763,27263952.345210966
20110801,619.4067746018991,27194866.711935304,27195486.118709907
20110802,619.4067746018991,27457392.608262744,27458012.015037347
20110803,619.4067746018991,27873071.230959006,27873690.63773361
20110804,619.4067746018991,28112395.62212436,28113015.02889896
20110805,619.4067746018991,26849480.983136397,26850100.389911
20110808,117.8208581758663,25260349.835787266,25260467.656645443
20110809,117.8208581758663,24685288.366538525,24685406.1873967
20110810,117.8208581758663,25512071.622670036,25512189.443528213
20110811,117.8208581758663,25865733.233228534,25865851.05408671
20110812,117.8208581758663,26379703.172428872,26379820.99328705
20110815,368.37811959162354,26890111.403091297,26890479.78121089
20110816,368.37811959162354,26509122.60854001,26509490.9866596
20110817,368.37811959162354,26818775.440629095,26819143.818748686
20110818,368.37811959162354,25932593.37760103,25932961.755720623
20110819,368.37811959162354,25565435.325058375,25565803.703177966
20110822,189.31605814862996,25374258.09760363,25374447.413661778
20110823,189.31605814862996,26022916.61389157,26023105.92994972
20110824,189.31605814862996,25611137.875852942,25611327.19191109
20110825,189.31605814862996,25949979.77429893,25950169.090357076
20110826,189.31605814862996,26307947.308052935,26308136.624111082
20110829,158.22991872113198,26206548.34706096,26206706.57697968
20110830,158.22991872113198,26019580.575991392,26019738.805910114
20110831,158.22991872113198,25203057.838221073,25203216.068139795
20110901,158.22991872113198,24888049.53835037,24888207.76826909
20110902,158.22991872113198,24427408.760593545,24427566.990512267
20110905,105.77008755784482,24226332.28053397,24226438.05062153
20110906,105.77008755784482,23935126.03791157,23935231.80799913
20110907,105.77008755784482,24755173.436247274,24755279.206334833
20110908,105.77008755784482,23808718.20324818,23808823.97333574
20110909,105.77008755784482,23654637.049248625,23654742.819336183
20110913,51.11757905315608,23071773.945628952,23071825.063208006
20110914,51.11757905315608,23575228.989055984,23575280.106635038
20110915,51.11757905315608,23367450.8575368,23367501.975115854
20110916,51.11757905315608,23173456.98911281,23173508.106691863
20110919,130.45932740811259,22471076.53670453,22471206.996031936
20110920,130.45932740811259,22816762.26251563,22816892.721843038
20110921,130.45932740811259,23962627.449902203,23962757.90922961
20110922,130.45932740811259,23377884.224207256,23378014.683534663
20110923,130.45932740811259,23816058.4741387,23816188.933466107
20110926,210.77003630064428,23196128.87900785,23196339.64904415
20110927,210.77003630064428,23627805.632288456,23628016.40232476
20110928,210.77003630064428,23404582.94184332,23404793.71187962
20110929,210.77003630064428,23026407.922660474,23026618.692696773
20110930,210.77003630064428,22589171.85011432,22589382.62015062
20111010,35.898816738743335,22908848.296711423,22908884.19552816
20111011,35.898816738743335,22462477.961651903,22462513.86046864
20111012,35.898816738743335,23041481.186175216,23041517.084991954
20111013,35.898816738743335,23557586.45976236,23557622.3585791
20111014,35.898816738743335,23026938.00745044,23026973.906267177
20111017,1001.582368504256,23107331.877974197,23108333.4603427
20111018,1001.582368504256,22626628.97373507,22627630.556103576
20111019,1001.582368504256,22516951.90809762,22517953.490466125
20111020,1001.582368504256,22032822.68545614,22033824.267824646
20111021,1001.582368504256,21545632.12765886,21546633.710027363
20111024,602.2823978830129,22129728.918880947,22130331.201278828
20111025,602.2823978830129,22503039.432523433,22503641.714921318
20111026,602.2823978830129,22399594.15986112,22400196.442259006
20111027,602.2823978830129,22720271.324155997,22720873.606553882
20111028,602.2823978830129,23268159.02596129,23268761.308359176
20111031,77.85830500070006,24640240.946844302,24640318.805149302
20111101,77.85830500070006,24945550.725691933,24945628.583996933
20111102,77.85830500070006,25583014.453087803,25583092.311392803
20111103,77.85830500070006,25203200.476857707,25203278.335162707
20111104,77.85830500070006,24989544.723150965,24989622.581455965
20111107,73.13922978006303,24961922.45810957,24961995.597339347
20111108,73.13922978006303,25013108.975626018,25013182.114855796
20111109,73.13922978006303,24879907.89410758,24879981.033337362
20111110,73.13922978006303,24268562.06942755,24268635.20865733
20111111,73.13922978006303,23919263.1268816,23919336.26611138
20111114,20.074117028154433,24292918.863276336,24292938.937393364
20111115,20.074117028154433,25082432.79019284,25082452.864309866
20111116,20.074117028154433,24328220.5641762,24328240.63829323
20111117,20.074117028154433,24302613.835843444,24302633.90996047
20111118,20.074117028154433,23934596.28131839,23934616.355435416
20111121,395.3473127465695,24111307.37650395,24111702.7238167
20111122,395.3473127465695,24011547.561108366,24011942.908421114
20111123,395.3473127465695,23611346.05756923,23611741.404881977
20111124,395.3473127465695,23664300.625655722,23664695.972968467
20111125,395.3473127465695,22837439.9909845,22837835.338297248
20111128,159.27566673606634,22521620.970846992,22521780.246513728
20111129,159.27566673606634,22906694.772401575,22906854.04806831
20111130,159.27566673606634,21135267.19854785,21135426.474214587
20111201,159.27566673606634,21150990.907754213,21151150.18342095
20111202,159.27566673606634,20794483.740592215,20794643.01625895
20111205,176.75802794098854,20579095.24580319,20579272.00383113
20111206,176.75802794098854,20097214.51840991,20097391.276437853
20111207,176.75802794098854,20129905.644635003,20130082.402662944
20111208,176.75802794098854,20611125.559847116,20611302.317875057
20111209,176.75802794098854,20645011.877262555,20645188.635290496
20111212,414.5020119329565,19887799.023185827,19888213.52519776
20111213,414.5020119329565,19009220.142259136,19009634.64427107
20111214,414.5020119329565,18036286.949485805,18036701.451497737
20111215,414.5020119329565,17092003.62323755,17092418.125249483
20111216,414.5020119329565,17155250.71238691,17155665.214398842
20111219,151.84494886617176,17065718.932047587,17065870.776996452
20111220,151.84494886617176,17756993.56914043,17757145.414089296
20111221,151.84494886617176,17277112.008320004,17277263.85326887
20111222,151.84494886617176,17348550.659815867,17348702.504764732
20111223,151.84494886617176,17450786.82468207,17450938.669630937
20111226,410.0681533636525,16945842.49992911,16946252.568082474
20111227,410.0681533636525,15904599.772958638,15905009.841112003
20111228,410.0681533636525,15917553.293129448,15917963.36128281
20111229,410.0681533636525,16145117.696852658,16145527.76500602
20111230,410.0681533636525,16375553.192884058,16375963.26103742
20120104,393.37858301680535,15827986.78128813,15828380.159871146
20120105,393.37858301680535,15732253.160240274,15732646.538823292
20120106,393.37858301680535,15736876.394699581,15737269.773282599
20120109,39.432402851991355,16567296.452285081,16567335.884687934
20120110,39.432402851991355,17230911.913116448,17230951.3455193
20120111,39.432402851991355,17446009.774936814,17446049.207339667
20120112,39.432402851991355,17062730.431002647,17062769.8634055
20120113,39.432402851991355,15993330.064199138,15993369.496601991
20120116,293.8699144292623,14722866.108778303,14723159.978692733
20120117,293.8699144292623,15420724.25152824,15421018.12144267
20120118,293.8699144292623,14592173.2196037,14592467.08951813
20120119,293.8699144292623,14633414.917214992,14633708.78712942
20120120,293.8699144292623,14775395.919956507,14775689.789870936
20120130,150.06423269724473,15108493.348654088,15108643.412886785
20120131,150.06423269724473,15186735.467684813,15186885.53191751
20120201,150.06423269724473,14914843.22952871,14914993.293761408
20120202,150.06423269724473,15326700.086816816,15326850.151049513
20120203,150.06423269724473,15668560.462338593,15668710.52657129
20120206,172.1975698764436,15869404.36371719,15869576.561287068
20120207,172.1975698764436,15543946.621249214,15544118.81881909
20120208,172.1975698764436,16075831.753198054,16076003.95076793
20120209,172.1975698764436,16102361.76338169,16102533.960951567
20120210,172.1975698764436,16576927.766304664,16577099.963874541
20120213,3257345.3137190943,13330225.098506765,16587570.41222586
20120214,3257345.3137190943,13350561.499360867,16607906.81307996
20120215,3257345.3137190943,13429101.055195425,16686446.368914519
20120216,3257345.3137190943,13427146.9478668,16684492.261585893
20120217,3257345.3137190943,13355531.327975873,16612876.641694967
20120220,27.640804555732757,16796968.050009936,16796995.69081449
20120221,27.640804555732757,17129381.075181857,17129408.715986412
20120222,27.640804555732757,17649685.370735206,17649713.01153976
20120223,27.640804555732757,17540521.757105082,17540549.397909638
20120224,27.640804555732757,17940192.21594039,17940219.856744945
20120227,792.0974871580838,17893259.73770027,17894051.835187428
20120228,792.0974871580838,17408870.23413723,17409662.33162439
20120229,792.0974871580838,17424964.87607462,17425756.97356178
20120301,792.0974871580838,17773823.830623563,17774615.928110722
20120302,792.0974871580838,18162267.86117395,18163059.95866111
20120305,1007.1574023002759,18053164.83935926,18054171.99676156
20120306,1007.1574023002759,18002338.339884657,18003345.497286957
20120307,1007.1574023002759,18328468.292195886,18329475.449598186
20120308,1007.1574023002759,18596303.628804762,18597310.78620706
20120309,1007.1574023002759,18953979.656124853,18954986.813527152
20120312,275.97679950715974,18623034.231688723,18623310.20848823
20120313,275.97679950715974,18808286.928147648,18808562.904947154
20120314,275.97679950715974,17616809.47397632,17617085.45077583
20120315,275.97679950715974,16732629.136355579,16732905.113155086
20120316,275.97679950715974,16962489.906109344,16962765.88290885
20120319,453.22790379356593,17349909.452432923,17350362.680336718
20120320,453.22790379356593,17264160.33822734,17264613.566131134
20120321,453.22790379356593,17061103.361259565,17061556.58916336
20120322,453.22790379356593,17492491.074552674,17492944.30245647
20120323,453.22790379356593,16947969.18826691,16948422.416170705
20120326,194.08059812476858,17184981.727518097,17185175.80811622
20120327,194.08059812476858,17314228.834820777,17314422.9154189
20120328,194.08059812476858,17218710.080736548,17218904.16133467
20120329,194.08059812476858,17224521.79002403,17224715.870622154
20120330,194.08059812476858,17161138.944943234,17161333.025541358
20120405,406.0142452996224,17825022.480169386,17825428.494414687
20120406,406.0142452996224,18154624.040534563,18155030.054779865
20120409,123.04741776129231,17912191.323561728,17912314.370979488
20120410,123.04741776129231,18049396.650693476,18049519.698111236
20120411,123.04741776129231,18214931.478968125,18215054.526385885
20120412,123.04741776129231,18168581.681916304,18168704.729334064
20120413,123.04741776129231,18038017.21242098,18038140.25983874
20120416,494.60118135856465,17612100.92997975,17612595.531161107
20120417,494.60118135856465,17943216.24566232,17943710.84684368
20120418,494.60118135856465,18227948.109607723,18228442.71078908
20120419,494.60118135856465,18258550.093448114,18259044.69462947
20120420,494.60118135856465,18051114.276599623,18051608.87778098
20120423,3572939.3224426843,14132835.504825868,17705774.827268552
20120424,3572939.3224426843,14331493.002724832,17904432.325167514
20120425,3572939.3224426843,14137628.678231817,17710568.0006745
20120426,3572939.3224426843,14122517.873019688,17695457.195462372
20120427,3572939.3224426843,13969204.69980892,17542144.022251606
20120502,3530521.5813825745,14108718.802560227,17639240.3839428
20120503,3530521.5813825745,13961629.947836231,17492151.529218808
20120504,3530521.5813825745,14481816.166855775,18012337.748238347
20120507,73.52524062711746,18738597.15504246,18738670.680283085
20120508,73.52524062711746,19143513.49210488,19143587.017345507
20120509,73.52524062711746,19312982.992250014,19313056.51749064
20120510,73.52524062711746,18752934.514022708,18753008.039263334
20120511,73.52524062711746,18820245.134666957,18820318.659907583
20120514,175.8247396782972,18893030.138417456,18893205.963157136
20120515,175.8247396782972,18667144.92720714,18667320.751946818
20120516,175.8247396782972,18595189.992646646,18595365.817386325
20120517,175.8247396782972,19634058.78588303,19634234.61062271
20120518,175.8247396782972,18519903.43822422,18520079.2629639
20120521,21.933579144999385,18199454.49453629,18199476.428115435
20120522,21.933579144999385,18560871.81588538,18560893.749464527
20120523,21.933579144999385,18423943.535499692,18423965.46907884
20120524,21.933579144999385,18162737.891003374,18162759.824582517
20120525,21.933579144999385,17868640.543781683,17868662.47736083
20120528,370.68458138406277,18328552.068064757,18328922.75264614
20120529,370.68458138406277,18767079.947689354,18767450.63227074
20120530,370.68458138406277,18836449.219402097,18836819.90398348
20120531,370.68458138406277,19731192.812276147,19731563.49685753
20120601,370.68458138406277,19779406.595769573,19779777.280350957
20120604,727.3339147791266,19103552.77545907,19104280.10937385
20120605,727.3339147791266,19122549.165891934,19123276.499806713
20120606,727.3339147791266,19142326.133669183,19143053.46758396
20120607,727.3339147791266,18936535.63246547,18937262.96638025
20120608,727.3339147791266,18674575.10459724,18675302.43851202
20120611,3679152.206006172,15230852.841209495,18910005.047215667
20120612,3679152.206006172,15133269.90136993,18812422.107376102
20120613,3679152.206006172,15620275.637520615,19299427.843526788
20120614,3679152.206006172,15460990.50505197,19140142.711058144
20120615,3679152.206006172,15073271.722927365,18752423.92893354
20120618,432.153537966311,19503203.151677154,19503635.30521512
20120619,432.153537966311,19645402.85777126,19645835.011309225
20120620,432.153537966311,19215731.90260186,19216164.056139827
20120621,432.153537966311,18302124.786403816,18302556.939941783
20120625,3623445.444180413,13966569.541018747,17590014.98519916
20120626,3623445.444180413,14008201.00180734,17631646.445987754
20120627,3623445.444180413,14167797.161604194,17791242.605784606
20120628,3623445.444180413,13916387.05494086,17539832.499121275
20120629,3623445.444180413,14111403.413599819,17734848.857780233
20120702,903.6005450580269,17961112.91223476,17962016.512779817
20120703,903.6005450580269,18047553.635067593,18048457.235612653
20120704,903.6005450580269,18390312.685142253,18391216.285687312
20120705,903.6005450580269,17605378.357151538,17606281.957696594
20120706,903.6005450580269,17922648.81459379,17923552.415138848
20120709,12.77843545936048,17263336.633382164,17263349.411817625
20120710,12.77843545936048,17065372.454570092,17065385.233005553
20120711,12.77843545936048,17232785.979544364,17232798.757979825
20120712,12.77843545936048,17407466.97216722,17407479.750602677
20120713,12.77843545936048,17144770.251107555,17144783.029543012
20120716,239.02151187416166,16317241.489930352,16317480.511442225
20120717,239.02151187416166,16366701.977199005,16366940.998710878
20120718,239.02151187416166,16378793.555882715,16379032.57739459
20120719,239.02151187416166,16742924.715526422,16743163.737038296
20120720,239.02151187416166,16452410.396715444,16452649.418227319
20120723,393.3905346635729,16098490.164699284,16098883.555233948
20120724,393.3905346635729,16336032.535110427,16336425.92564509
20120725,393.3905346635729,16157911.052122021,16158304.442656685
20120726,393.3905346635729,15462759.790405266,15463153.18093993
20120727,393.3905346635729,15294512.468590826,15294905.85912549
20120730,396.30736500024796,14993447.678298194,14993843.985663194
20120731,396.30736500024796,15178420.787441105,15178817.094806105
20120801,396.30736500024796,15434880.13371118,15435276.44107618
20120802,396.30736500024796,15478605.18006029,15479001.48742529
20120803,396.30736500024796,15722307.381935146,15722703.689300146
20120806,339.56291142711416,15880063.49403143,15880403.056942856
20120807,339.56291142711416,16148773.0537602,16149112.616671627
20120808,339.56291142711416,16179462.240734184,16179801.80364561
20120809,339.56291142711416,16765609.28509202,16765948.848003447
20120810,339.56291142711416,16782225.73614891,16782565.299060337
20120813,112.74137447681278,16640715.627520664,16640828.36889514
20120814,112.74137447681278,16492417.462893179,16492530.204267655
20120815,112.74137447681278,16191157.770993633,16191270.51236811
20120816,112.74137447681278,16104873.208649209,16104985.950023685
20120817,112.74137447681278,15732205.098800587,15732317.840175062
20120820,427.329775063321,16029909.282851284,16030336.612626348
20120821,427.329775063321,16230005.50617477,16230432.835949833
20120822,427.329775063321,15655633.865621533,15656061.195396597
20120823,427.329775063321,15750412.370796107,15750839.70057117
20120824,427.329775063321,15216203.368662162,15216630.698437225
20120827,985.6928524915129,14890077.799657635,14891063.492510127
20120828,985.6928524915129,14966296.764290506,14967282.457142998
20120829,985.6928524915129,15071279.108290572,15072264.801143063
20120830,985.6928524915129,14118892.613672137,14119878.306524629
20120831,985.6928524915129,14044136.123930547,14045121.816783039
20120903,174.89925810694695,14618474.029876119,14618648.929134225
20120904,174.89925810694695,14762456.480573248,14762631.379831355
20120905,174.89925810694695,14632631.563673928,14632806.462932035
20120906,174.89925810694695,14749527.899117624,14749702.798375731
20120907,174.89925810694695,15161752.765545603,15161927.66480371
20120910,336.10856724809855,15246775.786372524,15247111.894939773
20120911,336.10856724809855,15776286.556675937,15776622.665243186
20120912,336.10856724809855,15481075.528202223,15481411.63676947
20120913,336.10856724809855,15287824.186304707,15288160.294871956
20120914,336.10856724809855,15114519.477174157,15114855.585741404
20120917,181.8500290173106,14993845.047644872,14994026.89767389
20120918,181.8500290173106,15251676.273802526,15251858.123831544
20120919,181.8500290173106,15209325.633479819,15209507.483508836
20120920,181.8500290173106,14580330.408626629,14580512.258655647
20120921,181.8500290173106,14346436.059413211,14346617.90944223
20120924,133.81426160316914,14591984.442461552,14592118.256723154
20120925,133.81426160316914,14778860.881045789,14778994.695307393
20120926,133.81426160316914,14149831.86485887,14149965.679120474
20120927,133.81426160316914,14618752.066667011,14618885.880928613
20120928,133.81426160316914,14840074.806048494,14840208.620310098
20121008,148.03699177177623,15029661.673597397,15029809.710589169
20121009,148.03699177177623,15556787.013044162,15556935.050035933
20121010,148.03699177177623,15962696.782740787,15962844.819732558
20121011,148.03699177177623,15224962.883238645,15225110.920230417
20121012,148.03699177177623,15194023.871639792,15194171.908631563
20121015,5988826.843101297,8741416.57903704,14730243.422138337
20121016,5988826.843101297,8744358.281708065,14733185.124809362
20121017,5988826.843101297,8827538.335154273,14816365.17825557
20121018,5988826.843101297,9114731.835035885,15103558.678137181
20121019,5988826.843101297,9086295.38240327,15075122.225504566
20121022,323.02016220614314,15103046.91751376,15103369.937675966
20121023,323.02016220614314,15022528.397333177,15022851.417495383
20121024,323.02016220614314,14956844.543195399,14957167.563357605
20121025,323.02016220614314,13984570.175803391,13984893.195965597
20121026,323.02016220614314,13840529.20438699,13840852.224549197
20121029,146.61263308720663,13506660.364144636,13506806.976777723
20121030,146.61263308720663,13325654.401728407,13325801.014361493
20121031,146.61263308720663,13424770.600981722,13424917.213614808
20121101,146.61263308720663,13646408.401980871,13646555.014613958
20121102,146.61263308720663,13636566.122319669,13636712.734952755
20121105,161.4207176445052,13648521.173646593,13648682.594364237
20121106,161.4207176445052,14256583.216375345,14256744.637092989
20121107,161.4207176445052,13557775.696723517,13557937.117441162
20121108,161.4207176445052,13294208.858552119,13294370.279269762
20121109,161.4207176445052,13091025.473370602,13091186.894088246
20121112,120.59768040990457,13099134.623686714,13099255.221367124
20121113,120.59768040990457,12890281.629546624,12890402.227227034
20121114,120.59768040990457,12847496.307186041,12847616.904866451
20121115,120.59768040990457,12593963.353146968,12594083.950827379
20121116,120.59768040990457,12685663.97199051,12685784.569670921
20121119,330.99190666644427,12698766.80598268,12699097.797889346
20121120,330.99190666644427,12499319.53730315,12499650.529209817
20121121,330.99190666644427,12692895.94121233,12693226.933118997
20121122,330.99190666644427,12799274.53124128,12799605.523147946
20121123,330.99190666644427,12823642.262492675,12823973.254399342
20121126,139.22667664010078,12752305.744476864,12752444.971153505
20121127,139.22667664010078,12279507.898933895,12279647.125610534
20121128,139.22667664010078,12155953.3365754,12156092.56325204
20121129,139.22667664010078,12020804.147775007,12020943.374451648
20121130,139.22667664010078,12144156.664527742,12144295.891204383
20121203,202.44396361568943,12084442.37575712,12084644.819720736
20121204,202.44396361568943,12331059.530706683,12331261.974670298
20121205,202.44396361568943,12785077.823928798,12785280.267892413
20121206,202.44396361568943,12749530.832059002,12749733.276022617
20121207,202.44396361568943,12921869.140587501,12922071.584551116
20121210,28.309376576537034,13498238.23141244,13498266.540789017
20121211,28.309376576537034,13271842.452866793,13271870.76224337
20121212,28.309376576537034,13378121.831377057,13378150.140753634
20121213,28.309376576537034,13126366.668746175,13126394.978122752
20121214,28.309376576537034,13405774.121190568,13405802.430567145
20121217,101.84067704644985,13342345.41736401,13342447.258041058
20121218,101.84067704644985,13213869.954322228,13213971.794999275
20121219,101.84067704644985,13092893.43030605,13092995.270983098
20121220,101.84067704644985,13168656.548022782,13168758.38869983
20121221,101.84067704644985,13189275.533133257,13189377.373810304
20121224,157.30461091222242,13848080.104959978,13848237.40957089
20121225,157.30461091222242,14727668.125568056,14727825.430178968
20121226,157.30461091222242,14997466.28844299,14997623.593053902
20121227,157.30461091222242,14986978.546505688,14987135.8511166
20121228,157.30461091222242,15719471.237043424,15719628.541654335
20121231,472.365521350177,16747071.89120371,16747544.256725062
20130104,472.365521350177,17041500.799954943,17041973.165476292
20130107,522.3226900710724,16861056.68929997,16861579.01199004
20130108,522.3226900710724,16856994.24307692,16857516.56576699
20130109,522.3226900710724,16756502.889521912,16757025.212211983
20130110,522.3226900710724,16588978.85659519,16589501.179285262
20130111,522.3226900710724,16180539.892153332,16181062.214843404
20130114,242.30999929644167,16683062.638799693,16683304.94879899
20130115,242.30999929644167,16668827.699605124,16669070.00960442
20130116,242.30999929644167,16212096.948657345,16212339.258656641
20130117,242.30999929644167,16434471.252251696,16434713.562250992
20130118,242.30999929644167,16990809.530160207,16991051.840159506
20130121,62.1898786224192,17179357.769222867,17179419.95910149
20130122,62.1898786224192,16765270.037238918,16765332.22711754
20130123,62.1898786224192,17292363.597345933,17292425.787224557
20130124,62.1898786224192,17212300.307889726,17212362.49776835
20130125,62.1898786224192,17687678.475906577,17687740.6657852
20130128,395.73463926056866,17940062.726402495,17940458.461041756
20130129,395.73463926056866,18064751.963387642,18065147.698026903
20130130,395.73463926056866,18047767.4108599,18048163.145499162
20130131,395.73463926056866,17574485.253016118,17574880.98765538
20130201,395.73463926056866,17659865.982147105,17660261.716786366
20130204,137.17481211328413,17119800.737381767,17119937.91219388
20130205,137.17481211328413,17109032.268637013,17109169.443449125
20130206,137.17481211328413,17477430.86975783,17477568.044569943
20130207,137.17481211328413,17505557.770975787,17505694.9457879
20130208,137.17481211328413,17553856.289590236,17553993.464402348
20130218,877.9032949883258,17642995.606442254,17643873.509737242
20130219,877.9032949883258,17898684.60756638,17899562.510861367
20130220,877.9032949883258,17649067.276612706,17649945.179907694
20130221,877.9032949883258,17377258.873026393,17378136.77632138
20130222,877.9032949883258,17593353.58246635,17594231.485761337
20130225,133.90659441100433,17790410.737385374,17790544.643979784
20130226,133.90659441100433,17599727.18521468,17599861.09180909
20130227,133.90659441100433,17893741.672881898,17893875.579476308
20130228,133.90659441100433,18395523.26445873,18395657.17105314
20130301,133.90659441100433,18574807.471338563,18574941.377932973
20130304,1217389.9409402492,16643188.022486165,17860577.963426415
20130305,1217389.9409402492,16911822.773598578,18129212.714538828
20130306,1217389.9409402492,17244626.679479655,18462016.620419905
20130307,1217389.9409402492,17377716.187421363,18595106.128361613
20130308,1217389.9409402492,16996358.725942593,18213748.666882843
20130311,675.0455716629513,18682049.958330248,18682725.00390191
20130312,675.0455716629513,18216741.743014622,18217416.788586285
20130313,675.0455716629513,17943995.628570933,17944670.674142595
20130314,675.0455716629513,18060228.905243296,18060903.95081496
20130315,675.0455716629513,18148549.655324426,18149224.700896088
20130318,596.7659790085163,17658136.694077343,17658733.46005635
20130319,596.7659790085163,17784178.82588983,17784775.591868836
20130320,596.7659790085163,18216299.967992254,18216896.73397126
20130321,596.7659790085163,18729012.92529112,18729609.691270128
20130322,596.7659790085163,18662490.43370854,18663087.199687548
20130325,521.3733516938519,18604139.23779779,18604660.611149482
20130326,521.3733516938519,18479615.562657736,18480136.93600943
20130327,521.3733516938519,18461501.77750874,18462023.150860433
20130328,521.3733516938519,18256025.159454104,18256546.532805797
20130329,521.3733516938519,17975880.560159028,17976401.93351072
20130401,135.8513834006153,18248910.11215046,18249045.96353386
20130402,135.8513834006153,18379903.25327775,18380039.104661148
20130403,135.8513834006153,17848559.91400716,17848695.76539056
20130408,139.13738331152126,18446123.148561213,18446262.285944525
20130409,139.13738331152126,18724698.953351613,18724838.090734925
20130410,139.13738331152126,18782392.435923662,18782531.573306974
20130411,139.13738331152126,18712564.34142986,18712703.47881317
20130412,139.13738331152126,19147138.462185264,19147277.599568576
20130415,490.63100197166204,18713455.063050076,18713945.694052048
20130416,490.63100197166204,18427084.248160373,18427574.879162345
20130417,490.63100197166204,18594088.95554327,18594579.58654524
20130418,490.63100197166204,18398681.58625659,18399172.21725856
20130419,490.63100197166204,18800075.770274017,18800566.40127599
20130422,1338522.389660853,18294696.235712722,19633218.625373576
20130423,1338522.389660853,17979531.100409575,19318053.49007043
20130424,1338522.389660853,18206286.730811954,19544809.120472807
20130425,1338522.389660853,17889949.962897662,19228472.352558516
20130426,1338522.389660853,17431149.946212877,18769672.33587373
20130502,562.1893436468672,19081387.103294287,19081949.292637933
20130503,562.1893436468672,19296078.56052492,19296640.749868564
20130506,2.648507393363843,19742066.456968844,19742069.105476238
20130507,2.648507393363843,19912535.401424374,19912538.04993177
20130508,2.648507393363843,19892537.20724262,19892539.855750013
20130509,2.648507393363843,19858087.978330407,19858090.6268378
20130510,2.648507393363843,19775580.397782378,19775583.04628977
20130513,304.38347605988383,19936738.634073995,19937043.017550055
20130514,304.38347605988383,19901922.078942567,19902226.462418627
20130515,304.38347605988383,20231748.96119934,20232053.3446754
20130516,304.38347605988383,20646158.72109488,20646463.10457094
20130517,304.38347605988383,20789066.34685838,20789370.73033444
20130520,206.4036389873363,21040854.437601693,21041060.84124068
20130521,206.4036389873363,20917958.477701202,20918164.88134019
20130522,206.4036389873363,20513385.85650808,20513592.26014707
20130523,206.4036389873363,20392001.651708372,20392208.05534736
20130524,206.4036389873363,20455224.41541994,20455430.81905893
20130527,63.247649263623316,20442992.25108114,20443055.498730402
20130528,63.247649263623316,20194992.362853,20195055.610502265
20130529,63.247649263623316,20388108.20353672,20388171.451185983
20130530,63.247649263623316,19952031.65443805,19952094.902087312
20130531,63.247649263623316,19566052.26739834,19566115.515047602
20130603,247.7549278610386,19376753.83820165,19377001.593129512
20130604,247.7549278610386,18886277.06807558,18886524.82300344
20130605,247.7549278610386,19158671.22213068,19158918.97705854
20130606,247.7549278610386,18920376.24832051,18920624.00324837
20130607,247.7549278610386,19365651.10181341,19365898.856741272
20130613,697.8353745469358,19158204.840974297,19158902.676348843
20130614,697.8353745469358,20107047.37809539,20107745.213469934
20130617,483.91876445681555,20215204.963545453,20215688.88230991
20130618,483.91876445681555,20127311.684084512,20127795.60284897
20130619,483.91876445681555,20214676.95744953,20215160.876213986
20130620,483.91876445681555,19729000.50211216,19729484.42087662
20130621,483.91876445681555,19149378.937652793,19149862.85641725
20130624,500.50066754827276,18200331.27275498,18200831.773422528
20130625,500.50066754827276,18658084.46483089,18658584.96549844
20130626,500.50066754827276,19571761.846871942,19572262.347539492
20130627,500.50066754827276,19556356.95572832,19556857.45639587
20130628,500.50066754827276,19352065.40972195,19352565.910389498
20130701,767.1819338011555,19946784.05472488,19947551.23665868
20130702,767.1819338011555,20586342.330543976,20587109.512477778
20130703,767.1819338011555,21009600.919464555,21010368.101398356
20130704,767.1819338011555,20504947.58152503,20505714.763458833
20130705,767.1819338011555,20011319.215692524,20012086.397626325
20130708,229.21267196978442,19447131.11693554,19447360.32960751
20130709,229.21267196978442,19995425.687225793,19995654.89989776
20130710,229.21267196978442,20440014.794066705,20440244.006738674
20130711,229.21267196978442,20859461.22224814,20859690.43492011
20130712,229.21267196978442,21369695.41056185,21369924.623233818
20130715,533.8551766793244,21953522.73760136,21954056.59277804
20130716,533.8551766793244,22316445.29666293,22316979.15183961
20130717,533.8551766793244,21638639.636640992,21639173.49181767
20130718,533.8551766793244,21701200.41125803,21701734.26643471
20130719,533.8551766793244,20969520.088239513,20970053.943416193
20130722,101.04411725117825,21563392.667242322,21563493.71135957
20130723,101.04411725117825,22426300.296291437,22426401.340408687
20130724,101.04411725117825,22386138.503244046,22386239.547361296
20130725,101.04411725117825,21746821.50875856,21746922.55287581
20130726,101.04411725117825,21659045.56535621,21659146.60947346
20130729,20.86514301574789,21478293.566220365,21478314.43136338
20130730,20.86514301574789,20549031.749588374,20549052.61473139
20130731,20.86514301574789,20422890.410690103,20422911.27583312
20130801,20.86514301574789,21754053.703244157,21754074.568387173
20130802,20.86514301574789,21187058.540157642,21187079.40530066
20130805,1676853.5691869082,19551617.876453087,21228471.445639994
20130806,1676853.5691869082,20269940.19917657,21946793.768363476
20130807,1676853.5691869082,20056846.263114944,21733699.83230185
20130808,1676853.5691869082,19873209.63279625,21550063.201983158
20130809,1676853.5691869082,19674996.390248746,21351849.959435653
20130812,191.33051576116122,21188021.084910575,21188212.415426336
20130813,191.33051576116122,21437932.607055347,21438123.93757111
20130814,191.33051576116122,21764962.246909,21765153.57742476
20130815,191.33051576116122,21923900.65870315,21924091.98921891
20130816,191.33051576116122,20702947.19441112,20703138.524926882
20130819,1088.7393295706715,21415073.533429634,21416162.272759203
20130820,1088.7393295706715,21773716.514695372,21774805.25402494
20130821,1088.7393295706715,21838093.087847732,21839181.8271773
20130822,1088.7393295706715,22159039.741124667,22160128.480454236
20130823,1088.7393295706715,23095293.980408553,23096382.719738122
20130826,375.888888373971,23648176.80381471,23648552.692703083
20130827,375.888888373971,24007426.9865695,24007802.875457875
20130828,375.888888373971,23269416.88587589,23269792.774764262
20130829,375.888888373971,23601406.794029113,23601782.682917487
20130830,375.888888373971,23100302.012932245,23100677.90182062
20130902,50.008815224748105,23524441.506485265,23524491.51530049
20130903,50.008815224748105,24079307.58090781,24079357.589723036
20130904,50.008815224748105,23941658.553151406,23941708.56196663
20130905,50.008815224748105,24613909.61369548,24613959.622510705
20130906,50.008815224748105,24431026.29763171,24431076.306446936
20130909,150.49806075403467,23928923.33522846,23929073.833289217
20130910,150.49806075403467,24190325.228024825,24190475.72608558
20130911,150.49806075403467,22981349.934319027,22981500.432379782
20130912,150.49806075403467,23184421.884944905,23184572.38300566
20130913,150.49806075403467,23431185.234968163,23431335.73302892
20130916,1304.3249603630975,23889538.110992115,23890842.435952477
20130917,1304.3249603630975,23495960.270771615,23497264.595731977
20130918,1304.3249603630975,23703805.64495426,23705109.969914623
20130923,397.186573790852,24455999.961909324,24456397.148483116
20130924,397.186573790852,25300071.92768985,25300469.114263643
20130925,397.186573790852,25702445.468436927,25702842.65501072
20130926,397.186573790852,24348679.184821855,24349076.371395648
20130927,397.186573790852,23951507.579504866,23951904.76607866
20130930,226.1025369693525,24263773.344427664,24263999.446964633
20131008,266.3989128401122,24544281.849907763,24544548.248820603
20131009,266.3989128401122,25387928.147054225,25388194.545967065
20131010,266.3989128401122,24608179.226391464,24608445.625304304
20131011,266.3989128401122,26169398.615802802,26169665.01471564
20131014,69.24068867834285,25930596.958480407,25930666.199169084
20131015,69.24068867834285,26056369.625493277,26056438.866181955
20131016,69.24068867834285,24107715.22815649,24107784.468845166
20131017,69.24068867834285,23715909.469551414,23715978.710240092
20131018,69.24068867834285,23584078.609384518,23584147.850073196
20131021,162.3320301673375,23899830.908942707,23899993.240972873
20131022,162.3320301673375,21920039.83856809,21920202.170598257
20131023,162.3320301673375,21686341.691650026,21686504.02368019
20131024,162.3320301673375,21369604.266518094,21369766.59854826
20131025,162.3320301673375,21086156.592260282,21086318.92429045
20131028,1671701.0476815067,19669279.436466012,21340980.48414752
20131029,1671701.0476815067,19397905.930657417,21069606.978338923
20131030,1671701.0476815067,19489590.886203267,21161291.933884773
20131031,1671701.0476815067,19008275.314362105,20679976.36204361
20131101,1671701.0476815067,18672042.873594202,20343743.92127571
20131104,469.46290964912623,20425136.038563643,20425605.501473293
20131105,469.46290964912623,21319833.08559337,21320302.54850302
20131106,469.46290964912623,21048011.388485238,21048480.851394888
20131107,469.46290964912623,20898079.92972217,20898549.39263182
20131108,469.46290964912623,19987830.23487696,19988299.69778661
20131111,17.487484839512035,19885210.44404552,19885227.93153036
20131112,17.487484839512035,20231735.497078896,20231752.984563734
20131113,17.487484839512035,19634260.293672994,19634277.781157833
20131114,17.487484839512035,19751226.69547714,19751244.182961978
20131115,17.487484839512035,20011955.592820887,20011973.080305725
20131118,347.10941227176227,20719764.03527697,20720111.144689243
20131119,347.10941227176227,21149420.69160494,21149767.80101721
20131120,347.10941227176227,21067701.66337841,21068048.77279068
20131121,347.10941227176227,21992125.060506575,21992472.169918846
20131122,347.10941227176227,21417775.4670693,21418122.576481573
20131125,245.2794560880866,21081975.18775516,21082220.467211246
20131126,245.2794560880866,21453740.185795374,21453985.46525146
20131127,245.2794560880866,21750120.190707847,21750365.470163934
20131128,245.2794560880866,21601692.072315726,21601937.351771813
20131129,245.2794560880866,21915103.967823952,21915349.24728004
20131202,45.661147692240775,20151098.226145364,20151143.887293056
20131203,45.661147692240775,19722922.440573208,19722968.1017209
20131204,45.661147692240775,19949612.049585,19949657.71073269
20131205,45.661147692240775,19415261.234072164,19415306.895219855
20131206,45.661147692240775,19708174.848735914,19708220.509883605
20131209,739.4598610550165,20484437.727261167,20485177.187122222
20131210,739.4598610550165,19937136.16132697,19937875.621188026
20131211,739.4598610550165,19756218.13399843,19756957.593859486
20131212,739.4598610550165,20570533.753322642,20571273.213183697
20131213,739.4598610550165,21574275.717864063,21575015.177725118
20131216,207.40285038365982,21695510.577025283,21695717.979875665
20131217,207.40285038365982,21983326.245859515,21983533.648709897
20131218,207.40285038365982,21863398.43387208,21863605.836722463
20131219,207.40285038365982,21221445.66503683,21221653.067887213
20131220,207.40285038365982,20613028.003325406,20613235.40617579
20131223,679.9441086121369,20836440.596514843,20837120.540623456
20131224,679.9441086121369,21177448.656566054,21178128.600674666
20131225,679.9441086121369,22087257.296723302,22087937.240831915
20131226,679.9441086121369,20780755.307299662,20781435.251408275
20131227,679.9441086121369,20827414.26883988,20828094.212948494
20131230,673.2182509247214,20857583.293224137,20858256.511475064
20131231,673.2182509247214,20662437.971695714,20663111.189946637
20140102,673.2182509247214,20719791.278141912,20720464.49639284
20140103,673.2182509247214,20806667.516995694,20807340.73524662
20140106,1209.8982233908027,19066078.94548773,19067288.843711123
20140107,1209.8982233908027,19431196.905084588,19432406.80330798
20140108,1209.8982233908027,20144006.351988375,20145216.250211768
20140109,1209.8982233908027,20029688.54657978,20030898.44480317
20140110,1209.8982233908027,19333251.89977839,19334461.79800178
20140113,239.4988993727602,19419984.099208575,19420223.59810795
20140114,239.4988993727602,20323864.94274319,20324104.441642564
20140115,239.4988993727602,20313811.764141448,20314051.263040822
20140116,239.4988993727602,21030363.786847547,21030603.28574692
20140117,239.4988993727602,20877522.660506032,20877762.159405407
20140120,555.2522524571978,20461757.82510601,20462313.077358466
20140121,555.2522524571978,20562382.375058502,20562937.627310958
20140122,555.2522524571978,20977947.871817786,20978503.124070242
20140123,555.2522524571978,21258215.899000663,21258771.15125312
20140124,555.2522524571978,22042156.81074666,22042712.062999114
20140127,68.38523057475686,22802540.914291803,22802609.299522378
20140128,68.38523057475686,21842502.346173633,21842570.731404208
20140129,68.38523057475686,22266613.686079822,22266682.071310397
20140130,68.38523057475686,22496375.620916657,22496444.006147232
20140207,115.36153231933713,23271821.43030596,23271936.79183828
20140210,1735.3848458668217,24451101.98550386,24452837.370349728
20140211,1735.3848458668217,24831657.767134577,24833393.151980445
20140212,1735.3848458668217,25497541.4412317,25499276.82607757
20140213,1735.3848458668217,24815976.53523402,24817711.920079887
20140214,1735.3848458668217,25245509.804649718,25247245.189495586
20140217,991.4317007455975,25760805.878394384,25761797.31009513
20140218,991.4317007455975,25751191.587947235,25752183.01964798
20140219,991.4317007455975,25627894.089045364,25628885.520746112
20140220,991.4317007455975,26971463.14859398,26972454.58029473
20140221,991.4317007455975,27852456.540121797,27853447.971822545
20140224,801.667389719747,27719602.76792234,27720404.435312063
20140225,801.667389719747,25769569.95427611,25770371.62166583
20140226,801.667389719747,26529954.916891932,26530756.584281653
20140227,801.667389719747,25302594.7009733,25303396.36836302
20140228,801.667389719747,25450379.57602159,25451181.24341131
20140303,915.1410844070488,26162229.66540961,26163144.806494016
20140304,915.1410844070488,25573681.423023332,25574596.56410774
20140305,915.1410844070488,26246702.50975087,26247617.650835276
20140306,915.1410844070488,27420165.479965076,27421080.621049482
20140307,915.1410844070488,27660509.97928659,27661425.120370995
20140310,1525.299894395721,26691967.908531487,26693493.208425883
20140311,1525.299894395721,25551760.14358535,25553285.443479747
20140312,1525.299894395721,25084600.811998688,25086126.111893084
20140313,1525.299894395721,25991622.901988134,25993148.20188253
20140314,1525.299894395721,26155814.701731153,26157340.00162555
20140317,74.1681309947744,27746620.66098224,27746694.829113234
20140318,74.1681309947744,28212911.44443033,28212985.612561323
20140319,74.1681309947744,28157846.570388798,28157920.73851979
20140320,74.1681309947744,26798315.466895543,26798389.635026537
20140321,74.1681309947744,26929198.378463075,26929272.54659407
20140324,772.3236986082047,26182800.60195224,26183572.92565085
20140325,772.3236986082047,26067941.88618274,26068714.20988135
20140326,772.3236986082047,27154431.32240023,27155203.646098837
20140327,772.3236986082047,25205798.904398046,25206571.228096657
20140328,772.3236986082047,24021217.635143235,24021989.958841845
20140331,124.06998807968921,23760633.84787545,23760757.91786353
20140401,124.06998807968921,24281227.049099833,24281351.119087912
20140402,124.06998807968921,23972605.56555766,23972729.635545738
20140403,124.06998807968921,23929656.33425033,23929780.40423841
20140404,124.06998807968921,24056468.15473675,24056592.22472483
20140408,609.2091367756948,23585933.216522176,23586542.425658952
20140409,609.2091367756948,24030029.296686057,24030638.505822834
20140410,609.2091367756948,24798779.7544209,24799388.963557675
20140411,609.2091367756948,25012951.923205186,25013561.132341962
20140414,214.32755875121802,25195159.44091013,25195373.768468883
20140415,214.32755875121802,25554857.054566037,25555071.38212479
20140416,214.32755875121802,25020610.527806956,25020824.85536571
20140417,214.32755875121802,25026484.043163083,25026698.370721836
20140418,214.32755875121802,24754654.150010064,24754868.477568816
20140421,431.53082130197436,23847920.072846808,23848351.60366811
20140422,431.53082130197436,23305264.332838878,23305695.86366018
20140423,431.53082130197436,22857375.017881647,22857806.548702948
20140424,431.53082130197436,22459078.200295202,22459509.731116503
20140425,431.53082130197436,22453125.893300295,22453557.424121596
20140428,466.08648136627744,22357348.198153365,22357814.28463473
20140429,466.08648136627744,22640310.906316612,22640776.99279798
20140430,466.08648136627744,22184932.389049776,22185398.475531142
20140505,731.1541569568217,22491598.209063813,22492329.36322077
20140506,731.1541569568217,22590676.852451693,22591408.00660865
20140507,731.1541569568217,21323872.163157057,21324603.317314014
20140508,731.1541569568217,21540186.707924966,21540917.862081923
20140509,731.1541569568217,20876759.917868607,20877491.072025564
20140512,30.564797161147,21032125.553973384,21032156.118770547
20140513,30.564797161147,21903396.409266822,21903426.974063985
20140514,30.564797161147,21794816.98298171,21794847.547778875
20140515,30.564797161147,21583278.386146005,21583308.950943165
20140516,30.564797161147,21239994.15312194,21240024.717919104
20140519,208.42519378336146,21087124.124939002,21087332.550132785
20140520,208.42519378336146,21299718.85608343,21299927.281277213
20140521,208.42519378336146,21366459.072451726,21366667.49764551
20140522,208.42519378336146,21799731.179194596,21799939.60438838
20140523,208.42519378336146,21972654.14842713,21972862.57362091
20140526,474.73372221086174,22990505.030919697,22990979.764641907
20140527,474.73372221086174,23250126.363913924,23250601.097636133
20140528,474.73372221086174,23376429.44236254,23376904.17608475
20140529,474.73372221086174,22272328.072190568,22272802.805912778
20140530,474.73372221086174,22130793.10824037,22131267.84196258
20140603,9.858949351124465,21895344.936645914,21895354.795595266
20140604,9.858949351124465,21388423.691748396,21388433.550697748
20140605,9.858949351124465,21692989.51872141,21692999.37767076
20140606,9.858949351124465,21848559.573306203,21848569.432255555
20140609,38.11601981893182,21818783.262119457,21818821.378139276
20140610,38.11601981893182,22389825.130609427,22389863.246629246
20140611,38.11601981893182,22095739.880799014,22095777.996818833
20140612,38.11601981893182,23299152.556377627,23299190.672397446
20140613,38.11601981893182,23425149.672700524,23425187.788720343
20140616,764.5764139583334,23885962.51168892,23886727.08810288
20140617,764.5764139583334,24148112.062676445,24148876.639090404
20140618,764.5764139583334,23526460.01197829,23527224.58839225
20140619,764.5764139583334,22533092.263747822,22533856.84016178
20140620,764.5764139583334,22709432.533712342,22710197.1101263
20140623,764.3110808394849,23218446.487152956,23219210.798233796
20140624,764.3110808394849,23153371.570209265,23154135.881290104
20140625,764.3110808394849,23358256.60397201,23359020.91505285
20140626,764.3110808394849,23976383.814953003,23977148.126033843
20140627,764.3110808394849,23917656.847976983,23918421.159057822
20140630,455.9147744534712,24570232.24979081,24570688.164565265
20140701,455.9147744534712,24638120.295121934,24638576.20989639
20140702,455.9147744534712,24570045.814954758,24570501.729729213
20140703,455.9147744534712,24911714.630665857,24912170.545440312
20140704,455.9147744534712,25391702.994642634,25392158.90941709
20140707,1098.052475917153,25755748.785661846,25756846.838137764
20140708,1098.052475917153,25628355.47840589,25629453.530881807
20140709,1098.052475917153,24707059.252394207,24708157.304870125
20140710,1098.052475917153,24625527.04148808,24626625.093964
20140711,1098.052475917153,24633610.627732508,24634708.680208426
20140714,797.2457933863625,25092638.044730492,25093435.29052388
20140715,797.2457933863625,24459647.53242704,24460444.778220426
20140716,797.2457933863625,24066737.002485365,24067534.248278752
20140717,797.2457933863625,24324429.801705167,24325227.047498554
20140718,797.2457933863625,24007233.363534812,24008030.6093282
20140721,861.0868276795372,24730246.9997953,24731108.08662298
20140722,861.0868276795372,24474955.126160413,24475816.212988093
20140723,861.0868276795372,23902056.006250016,23902917.093077697
20140724,861.0868276795372,23083860.866636958,23084721.95346464
20140725,861.0868276795372,23278600.251981072,23279461.338808753
20140728,169.47228906769305,23715666.648578938,23715836.120868005
20140729,169.47228906769305,24797103.932889223,24797273.40517829
20140730,169.47228906769305,25713822.083778583,25713991.55606765
20140731,169.47228906769305,25905259.338969626,25905428.811258692
20140801,169.47228906769305,25809393.057412673,25809562.52970174
20140804,180.29617254063487,26133510.77072095,26133691.066893492
20140805,180.29617254063487,26472517.462961517,26472697.759134058
20140806,180.29617254063487,26370160.660145134,26370340.956317674
20140807,180.29617254063487,25920757.431492645,25920937.727665186
20140808,180.29617254063487,25959344.03588952,25959524.332062062
20140811,944.0603064596653,26450190.765559025,26451134.825865485
20140812,944.0603064596653,26796395.02466654,26797339.084973
20140813,944.0603064596653,26880861.2168058,26881805.27711226
20140814,944.0603064596653,26231900.730391443,26232844.790697902
20140815,944.0603064596653,26522597.55675723,26523541.61706369
20140818,964.0625127078965,26999521.750419322,27000485.81293203
20140819,964.0625127078965,28152539.495739896,28153503.558252603
20140820,964.0625127078965,27539659.931938156,27540623.994450863
20140821,964.0625127078965,28241623.987967648,28242588.050480355
20140822,964.0625127078965,28424481.358400308,28425445.420913015
20140825,1351.233420656994,27863411.896781687,27864763.130202346
20140826,1351.233420656994,28124296.083331212,28125647.316751868
20140827,1351.233420656994,28168794.213112976,28170145.446533635
20140828,1351.233420656994,27263513.406874247,27264864.640294902
20140829,1351.233420656994,27818932.898956783,27820284.13237744
20140901,206.47030594479293,29110898.926575366,29111105.396881312
20140902,206.47030594479293,29791432.617660005,29791639.08796595
20140903,206.47030594479293,30837194.94057323,30837401.410879176
20140904,206.47030594479293,30987809.374546826,30988015.84485277
20140905,206.47030594479293,31005982.564214554,31006189.0345205
20140909,143.98178839776665,31368761.09150789,31368905.073296286
20140910,143.98178839776665,31445214.26176247,31445358.243550867
20140911,143.98178839776665,30804339.883908246,30804483.865696643
20140912,143.98178839776665,30780997.56403285,30781141.545821246
20140915,352.8038978409022,30956725.62732204,30957078.431219883
20140916,352.8038978409022,29987597.687892206,29987950.49179005
20140917,352.8038978409022,29973471.77628635,29973824.58018419
20140918,352.8038978409022,30253326.699966565,30253679.503864408
20140919,352.8038978409022,30538672.70575311,30539025.509650953
20140922,443.38356485488475,30033532.05756441,30033975.441129267
20140923,443.38356485488475,30337891.962704055,30338335.34626891
20140924,443.38356485488475,31067004.033423565,31067447.41698842
20140925,443.38356485488475,31132033.663739733,31132477.04730459
20140926,443.38356485488475,31627626.33361579,31628069.717180647
20140929,176.1182559665176,31664695.92379762,31664872.042053584
20140930,176.1182559665176,32056662.59695914,32056838.715215106
20141008,794.768513034127,31788286.609771468,31789081.378284503
20141009,794.768513034127,31794392.830759767,31795187.599272802
20141010,794.768513034127,30928998.35147664,30929793.119989675
20141013,595.4627328272909,30688757.53868349,30689353.001416318
20141014,595.4627328272909,30538587.79635566,30539183.259088486
20141015,595.4627328272909,30381025.66628566,30381621.129018486
20141016,595.4627328272909,30014853.933115713,30015449.395848542
20141017,595.4627328272909,30006393.9695206,30006989.432253428
20141020,41.98901993498225,30493107.095162757,30493149.08418269
20141021,41.98901993498225,29956609.36876362,29956651.357783552
20141022,41.98901993498225,30555053.85880636,30555095.847826295
20141023,41.98901993498225,30173266.45190143,30173308.440921362
20141024,41.98901993498225,29270059.407518037,29270101.39653797
20141027,528.279151044786,28782329.718966346,28782857.99811739
20141028,528.279151044786,29976287.452622704,29976815.73177375
20141029,528.279151044786,30765381.138901506,30765909.41805255
20141030,528.279151044786,30968360.060156673,30968888.339307718
20141031,528.279151044786,30927395.179180276,30927923.45833132
20141103,643.9649544431304,31673736.185476344,31674380.150430787
20141104,643.9649544431304,31136613.709067117,31137257.67402156
20141105,643.9649544431304,31299918.032383326,31300561.99733777
20141106,643.9649544431304,31841632.646211535,31842276.611165978
20141107,643.9649544431304,32235640.455718525,32236284.420672968
20141110,760.9028841716936,31465140.280031774,31465901.182915945
20141111,760.9028841716936,30350280.18057426,30351041.08345843
20141112,760.9028841716936,30671696.592141528,30672457.495025698
20141113,760.9028841716936,29764876.137863997,29765637.040748168
20141114,760.9028841716936,29684466.595486145,29685227.498370316
20141117,746.7663550116122,30553432.45415625,30554179.22051126
20141118,746.7663550116122,30839996.598314546,30840743.364669558
20141119,746.7663550116122,31344980.03996414,31345726.80631915
20141120,746.7663550116122,31524572.689970005,31525319.456325017
20141121,746.7663550116122,31371407.370564736,31372154.136919748
20141124,5.054041386785684,31858502.0146012,31858507.068642586
20141125,5.054041386785684,32379748.109699786,32379753.16374117
20141126,5.054041386785684,33380428.315467212,33380433.369508598
20141127,5.054041386785684,34716532.95327398,34716538.00731537
20141128,5.054041386785684,35405656.31023841,35405661.3642798
20141201,50.2895387767353,35149754.43741211,35149804.72695089
20141202,50.2895387767353,35998685.71628872,35998736.0058275
20141203,50.2895387767353,35777218.14941124,35777268.43895002
20141204,50.2895387767353,36446014.78310127,36446065.07264005
20141205,50.2895387767353,35972636.92351863,35972687.213057406
20141208,102.70711685911965,34976315.716445416,34976418.42356227
20141209,102.70711685911965,33688340.93485454,33688443.641971394
20141210,102.70711685911965,34544563.931505285,34544666.63862214
20141211,102.70711685911965,34200793.427636825,34200896.13475368
20141212,102.70711685911965,35628012.7865995,35628115.49371636
20141215,513.4636953424197,37670993.40109199,37671506.86478733
20141216,513.4636953424197,37757881.26333635,37758394.72703169
20141217,513.4636953424197,37340661.44889934,37341174.91259468
20141218,513.4636953424197,36726635.84391356,36727149.3076089
20141219,513.4636953424197,36748909.50124771,36749422.96494305
20141222,376.1790309322532,35568016.705075495,35568392.88410643
20141223,376.1790309322532,35808697.8361014,35809074.01513233
20141224,376.1790309322532,36514210.42873727,36514586.6077682
20141225,376.1790309322532,36634393.57613264,36634769.75516357
20141226,376.1790309322532,37275732.40622648,37276108.58525741
20141229,473.441981557291,35013929.653106235,35014403.09508779
20141230,473.441981557291,34230061.486271866,34230534.92825342
20141231,473.441981557291,34568871.402372025,34569344.84435358
20150105,54.45682698494238,33656662.87231791,33656717.329144895
20150106,54.45682698494238,34095395.66718219,34095450.12400918
20150107,54.45682698494238,33883710.04531277,33883764.502139755
20150108,54.45682698494238,34222298.75493742,34222353.2117644
20150109,54.45682698494238,34194810.61362669,34194865.07045367
20150112,574.3371411729604,34040509.09982704,34041083.436968215
20150113,574.3371411729604,33930942.231111825,33931516.568252996
20150114,574.3371411729604,33428895.894519966,33429470.23166114
20150115,574.3371411729604,33791125.88948907,33791700.22663024
20150116,574.3371411729604,33555236.594856,33555810.93199717
20150119,531.6222958958153,32244680.664158784,32245212.28645468
20150120,531.6222958958153,32377327.022924077,32377858.645219974
20150121,531.6222958958153,32964063.451779164,32964595.07407506
20150122,531.6222958958153,33105217.704032622,33105749.32632852
20150123,531.6222958958153,32897801.11329111,32898332.73558701
20150126,408.8210128896171,33065666.821544196,33066075.642557085
20150127,408.8210128896171,32888091.46899041,32888500.2900033
20150128,408.8210128896171,33404736.80006778,33405145.621080667
20150129,408.8210128896171,33809811.28141053,33810220.10242342
20150130,408.8210128896171,33723002.09970786,33723410.92072075
20150202,356.96561778971227,32886326.441977985,32886683.407595776
20150203,356.96561778971227,34938367.897222355,34938724.862840146
20150204,356.96561778971227,35468784.18948103,35469141.15509882
20150205,356.96561778971227,34755720.733921535,34756077.699539326
20150206,356.96561778971227,34109757.21546766,34110114.18108545
20150209,363.6949331530195,34125996.65784542,34126360.35277858
20150210,363.6949331530195,35028803.544979155,35029167.23991231
20150211,363.6949331530195,34891536.62029375,34891900.315226905
20150212,363.6949331530195,34959901.34889786,34960265.04383101
20150213,363.6949331530195,36144741.34373461,36145105.03866776
20150216,89.38552211644128,36840633.76642468,36840723.1519468
20150217,89.38552211644128,37954421.62457772,37954511.01009984
20150225,358.1943425820209,36299334.85011372,36299693.0444563
20150226,358.1943425820209,36955866.38946,36956224.58380258
20150227,358.1943425820209,38145046.62238248,38145404.81672506
20150302,1813.393437260529,39848397.73729979,39850211.13073705
20150303,1813.393437260529,39070589.193730794,39072402.58716805
20150304,1813.393437260529,40091878.17813101,40093691.571568266
20150305,1813.393437260529,40438723.35714998,40440536.75058724
20150306,1813.393437260529,38694081.2816571,38695894.67509436
20150309,1630.744769752724,39127180.78651202,39128811.53128177
20150310,1630.744769752724,39996302.154213235,39997932.89898299
20150311,1630.744769752724,39544735.99473964,39546366.73950939
20150312,1630.744769752724,39515869.733749904,39517500.478519656
20150313,1630.744769752724,40530193.44578214,40531824.19055189
20150316,873.1597118480131,42569396.6090307,42570269.76874255
20150317,873.1597118480131,43196058.16043407,43196931.32014591
20150318,873.1597118480131,43952204.90741724,43953078.06712908
20150319,873.1597118480131,43868178.59250263,43869051.75221448
20150320,873.1597118480131,44602481.28908542,44603354.44879726
20150323,79.9739886088214,45750448.89765176,45750528.87164037
20150324,79.9739886088214,46748978.544881664,46749058.51887027
20150325,79.9739886088214,47481137.413764305,47481217.38775291
20150326,79.9739886088214,45508387.946118295,45508467.9201069
20150327,79.9739886088214,45648267.78169744,45648347.755686045
20150330,692.658279620111,45000645.957417496,45001338.615697116
20150331,692.658279620111,45568356.72511084,45569049.38339046
20150401,692.658279620111,47099538.698111504,47100231.356391124
20150402,692.658279620111,46631501.52741723,46632194.18569685
20150403,692.658279620111,46406949.909135684,46407642.567415304
20150407,857.1568310409784,48093029.40656559,48093886.56339663
20150408,857.1568310409784,48115962.469831266,48116819.62666231
20150409,857.1568310409784,48144935.80204643,48145792.958877474
20150410,857.1568310409784,47915408.161996365,47916265.318827406
20150413,765.5534903657826,47577969.02844313,47578734.58193349
20150414,765.5534903657826,46856599.23741553,46857364.79090589
20150415,765.5534903657826,44648651.26415001,44649416.81764037
20150416,765.5534903657826,45880511.81076785,45881277.364258215
20150417,765.5534903657826,45530097.49035332,45530863.04384369
20150420,1110.9145651943982,44390683.91408223,44391794.82864742
20150421,1110.9145651943982,47904640.62694266,47905751.541507855
20150422,1110.9145651943982,50758008.35134886,50759119.26591405
20150423,1110.9145651943982,53689753.75283395,53690864.66739914
20150424,1110.9145651943982,53700300.84803464,53701411.76259984
20150427,1109.2339870575815,54360935.29952438,54362044.53351144
20150428,1109.2339870575815,52744627.898628846,52745737.1326159
20150429,1109.2339870575815,52870359.86893667,52871469.10292373
20150430,1109.2339870575815,53115953.02714313,53117062.261130184
20150504,260.46037845427054,52784499.291830964,52784759.75220942
20150505,260.46037845427054,51859924.276553884,51860184.73693234
20150506,260.46037845427054,52346030.223695375,52346290.68407383
20150507,260.46037845427054,52121398.808980554,52121659.26935901
20150508,260.46037845427054,55643549.54792611,55643810.008304566
20150511,1169.0151473358274,60155653.67944299,60156822.69459032
20150512,1169.0151473358274,60903422.48503511,60904591.50018244
20150513,1169.0151473358274,59227140.90364087,59228309.9187882
20150514,1169.0151473358274,61376449.17472071,61377618.18986805
20150515,1169.0151473358274,61870463.14694558,61871632.16209292
20150518,855.1420025993139,63816925.506165534,63817780.64816813
20150519,855.1420025993139,64257275.87943194,64258131.02143454
20150520,855.1420025993139,65015378.17697039,65016233.31897299
20150521,855.1420025993139,66642996.211379685,66643851.35338228
20150522,855.1420025993139,67106395.24783109,67107250.38983369
20150525,1670.4634602596416,65915836.22611787,65917506.68957813
20150526,1670.4634602596416,68011054.10559908,68012724.56905934
20150527,1670.4634602596416,70234027.55355847,70235698.01701874
20150528,1670.4634602596416,67212911.33635919,67214581.79981945
20150529,1670.4634602596416,67619308.12509516,67620978.58855543
20150601,525.9261134087574,70869231.14966728,70869757.07578069
20150602,525.9261134087574,72064312.7883566,72064838.71447001
20150603,525.9261134087574,75133620.37322894,75134146.29934235
20150604,525.9261134087574,72663219.10538413,72663745.03149754
20150605,525.9261134087574,72255200.20938873,72255726.13550214
20150608,264.65481287403964,71672348.791275,71672613.44608787
20150609,264.65481287403964,72729705.92642877,72729970.58124164
20150610,264.65481287403964,73933588.60014649,73933853.25495936
20150611,264.65481287403964,74885787.7543571,74886052.40916997
20150612,264.65481287403964,72798587.32061203,72798851.9754249
20150615,1622.0398339864332,68267617.15451106,68269239.19434506
20150616,1622.0398339864332,65841991.40331797,65843613.44315196
20150617,1622.0398339864332,70484045.85508391,70485667.8949179
20150618,1622.0398339864332,67882221.30576621,67883843.3456002
20150619,1622.0398339864332,65734791.679258466,65736413.71909245
20150623,640.662655980308,65449468.3425045,65450109.00516048
20150624,640.662655980308,66606343.30853263,66606983.97118861
20150625,640.662655980308,66497266.06893772,66497906.7315937
20150626,640.662655980308,63040636.1075586,63041276.77021458
20150629,2076.54538638331,62531365.35742317,62533441.90280955
20150630,2076.54538638331,64957211.081446856,64959287.62683324
20150701,2076.54538638331,60375177.26161088,60377253.80699726
20150702,2076.54538638331,55636795.49223617,55638872.03762255
20150703,2076.54538638331,51632433.51579021,51634510.06117659
20150706,23.390864804387093,47559012.763359465,47559036.15422427
20150707,23.390864804387093,45010425.609589525,45010449.00045433
20150708,23.390864804387093,44333831.34413498,44333854.73499978
20150709,23.390864804387093,44938167.96958953,44938191.360454336
20150710,23.390864804387093,45608193.358680435,45608216.74954524
20150713,23.390864804387093,46343907.51140771,46343930.902272515
20150714,23.390864804387093,48385845.31466727,48385868.705532074
20150715,23.390864804387093,45705762.36599943,45705785.756864235
20150716,23.390864804387093,44542027.572895795,44542050.9637606
20150717,23.390864804387093,45948320.83745562,45948344.22832043
20150720,131.3885663128458,45814595.05828885,45814726.446855165
20150721,131.3885663128458,46420010.68682166,46420142.07538798
20150722,131.3885663128458,47653378.01063839,47653509.39920471
20150723,131.3885663128458,49950607.59392806,49950738.98249438
20150724,131.3885663128458,49873366.0302297,49873497.41879602
20150727,1826.3928425596096,45517859.76002727,45519686.15286983
20150728,1826.3928425596096,41481495.91444657,41483322.30728913
20150729,1826.3928425596096,42179029.96794265,42180856.36078521
20150730,1826.3928425596096,40227061.55208048,40228887.94492304
20150731,1826.3928425596096,38259838.19455996,38261664.58740252
20150803,92.61538986582309,36554330.03958285,36554422.65497272
20150804,92.61538986582309,40163985.262393996,40164077.877783865
20150805,92.61538986582309,39423439.056404345,39423531.67179421
20150806,92.61538986582309,37932704.855830535,37932797.471220404
20150807,92.61538986582309,41278221.898150645,41278314.513540514
20150810,17234192.98731843,28006691.097621538,45240884.08493997
20150811,17234192.98731843,27050867.368233897,44285060.35555233
20150812,17234192.98731843,25055539.049724467,42289732.0370429
20150813,17234192.98731843,25770788.28203311,43004981.26935154
20150814,17234192.98731843,25266863.50294316,42501056.490261585
20150817,1300.1262455433607,43732866.91728174,43734167.04352728
20150818,1300.1262455433607,39622033.11787279,39623333.24411833
20150819,1300.1262455433607,40026328.123594455,40027628.24984
20150820,1300.1262455433607,37428906.86207257,37430206.988318115
20150821,1300.1262455433607,34938882.4723515,34940182.59859704
20150824,336.18100883439183,31852666.074711397,31853002.25572023
20150825,336.18100883439183,28718872.442679174,28719208.62368801
20150826,336.18100883439183,28689074.705835413,28689410.886844248
20150827,336.18100883439183,28533650.47307776,28533986.654086594
20150828,336.18100883439183,30137911.601095863,30138247.782104697
20150831,334.289580290555,29444991.89904798,29445326.188628267
20150901,334.289580290555,27402967.946758576,27403302.236338865
20150902,334.289580290555,25577381.547544204,25577715.837124493
20150907,26.914694438825336,24693302.144874886,24693329.059569325
20150908,26.914694438825336,24635292.47864853,24635319.393342968
20150909,26.914694438825336,26371976.96785082,26372003.88254526
20150910,26.914694438825336,26443596.913669385,26443623.828363825
20150911,26.914694438825336,27263423.15728308,27263450.07197752
20150914,89.88281444832683,24884983.61654606,24885073.49936051
20150915,89.88281444832683,22716562.418112062,22716652.30092651
20150916,89.88281444832683,24215875.204859287,24215965.087673735
20150917,89.88281444832683,23156978.881792396,23157068.764606845
20150918,89.88281444832683,23548989.783034276,23549079.665848725
20150921,75.94224759656936,23868382.678967662,23868458.621215258
20150922,75.94224759656936,24062553.145412788,24062629.087660383
20150923,75.94224759656936,23842182.696324773,23842258.63857237
20150924,75.94224759656936,24663250.258951705,24663326.2011993
20150925,75.94224759656936,23324166.093262356,23324242.03550995
20150928,1375.2281550480984,23434246.89236077,23435622.120515816
20150929,1375.2281550480984,22922165.00470877,22923540.232863817
20150930,1375.2281550480984,22430225.03523714,22431600.263392188
20151008,110.5135179929847,23464159.00076255,23464269.514280543
20151009,110.5135179929847,23317440.334527373,23317550.848045368
20151012,1388.6727807403076,24567397.325167917,24568785.997948658
20151013,1388.6727807403076,24209009.71586052,24210398.38864126
20151014,1388.6727807403076,25188392.62892675,25189781.30170749
20151015,1388.6727807403076,25685713.573188033,25687102.245968774
20151016,1388.6727807403076,25855808.345268928,25857197.01804967
20151019,377.27269490621984,26830453.69658763,26830830.969282538
20151020,377.27269490621984,27544702.8209249,27545080.09361981
20151021,377.27269490621984,25111740.08639541,25112117.359090313
20151022,377.27269490621984,25578482.27518534,25578859.547880247
20151023,377.27269490621984,26329800.008613564,26330177.281308472
20151026,271.43662497308105,28377195.879426472,28377467.316051446
20151027,271.43662497308105,26807050.091529608,26807321.52815458
20151028,271.43662497308105,25330479.69216642,25330751.128791396
20151029,271.43662497308105,25399342.369583175,25399613.80620815
20151030,271.43662497308105,25659785.445615854,25660056.882240828
20151102,107.51089406013489,24471989.558481723,24472097.069375783
20151103,107.51089406013489,23583363.74699907,23583471.25789313
20151104,107.51089406013489,24819803.145105135,24819910.655999195
20151105,107.51089406013489,24469940.75921784,24470048.2701119
20151106,107.51089406013489,24801800.5265783,24801908.03747236
20151109,1094.8495981097221,25194458.706706874,25195553.556304984
20151110,1094.8495981097221,25511269.370799832,25512364.22039794
20151111,1094.8495981097221,26942189.116670214,26943283.966268323
20151112,1094.8495981097221,26977091.162439227,26978186.012037337
20151113,1094.8495981097221,26220333.408916447,26221428.258514557
20151116,1461.1599503047764,26943135.13873328,26944596.298683584
20151117,1461.1599503047764,26343501.76502274,26344962.924973045
20151118,1461.1599503047764,26005347.71511079,26006808.875061095
20151119,1461.1599503047764,26884551.101086773,26886012.261037078
20151120,1461.1599503047764,27252986.814268965,27254447.97421927
20151123,205.6312000754674,26639948.39148939,26640154.022689465
20151124,205.6312000754674,27245782.66653926,27245988.297739334
20151125,205.6312000754674,27463696.436729155,27463902.06792923
20151126,205.6312000754674,27986888.070811685,27987093.70201176
20151127,205.6312000754674,27215017.153443344,27215222.78464342
20151130,1254.7146963458508,28387699.93819224,28388954.65288859
20151201,1254.7146963458508,27970953.40766801,27972208.122364357
20151202,1254.7146963458508,27748984.79738654,27750239.512082882
20151203,1254.7146963458508,28715501.04604679,28716755.760743134
20151204,1254.7146963458508,28780524.406902976,28781779.121599324
20151207,1275.9102276191115,29148588.63466436,29149864.54489198
20151208,1275.9102276191115,29097295.195562746,29098571.105790365
20151209,1275.9102276191115,28308304.599451747,28309580.509679366
20151210,1275.9102276191115,28230748.352656767,28232024.262884386
20151211,1275.9102276191115,27405812.104036313,27407088.01426393
20151214,1516.73046967946,27599927.189909346,27601443.920379028
20151215,1516.73046967946,27822867.9517387,27824384.68220838
20151216,1516.73046967946,28362368.345437124,28363885.075906806
20151217,1516.73046967946,29483083.522833645,29484600.253303327
20151218,1516.73046967946,29501261.232497238,29502777.96296692
20151221,150.65552656631917,28430508.122822955,28430658.778349523
20151222,150.65552656631917,29055283.37039397,29055434.025920536
20151223,150.65552656631917,28731866.434304357,28732017.089830924
20151224,150.65552656631917,28215330.87460015,28215481.530126717
20151225,150.65552656631917,28661252.86094482,28661403.516471386
20151228,1487.998381334357,27626526.069848903,27628014.068230238
20151229,1487.998381334357,27401751.973150395,27403239.97153173
20151230,1487.998381334357,27921617.021470882,27923105.019852217
20151231,1487.998381334357,27049028.07266722,27050516.071048554
20160104,19.363891570828855,24725510.93236079,24725530.296252362
20160105,19.363891570828855,25610205.18679832,25610224.55068989
20160106,19.363891570828855,26517442.47997836,26517461.843869932
20160107,19.363891570828855,23873949.580306247,23873968.94419782
20160108,19.363891570828855,24512821.21227864,24512840.576170214
20160111,653.4454747028649,22652989.27105081,22653642.716525514
20160112,653.4454747028649,23720925.882012464,23721579.327487167
20160113,653.4454747028649,22312467.263960294,22313120.709434997
20160114,653.4454747028649,23885812.24540931,23886465.690884013
20160115,653.4454747028649,23489839.351064257,23490492.79653896
20160118,4500277.668573853,20578923.51764146,25079201.18621531
20160119,4500277.668573853,21766880.66931103,26267158.337884884
20160120,4500277.668573853,22729333.47569083,27229611.144264683
20160121,4500277.668573853,21609578.97503514,26109856.64360899
20160122,4500277.668573853,22692128.33344665,27192406.002020504
20160125,140.19810618832707,27477575.68025604,27477715.878362227
20160126,140.19810618832707,24996228.205742907,24996368.403849095
20160127,140.19810618832707,23911487.492116164,23911627.690222353
20160128,140.19810618832707,22278046.668753803,22278186.86685999
20160129,140.19810618832707,22227971.202892445,22228111.400998633
20160201,1995.4826733577065,21727769.05778901,21729764.540462367
20160202,1995.4826733577065,22853236.73610985,22855232.218783207
20160203,1995.4826733577065,22710536.082722757,22712531.565396115
20160204,1995.4826733577065,23388406.782543253,23390402.26521661
20160205,1995.4826733577065,23105256.08793432,23107251.570607677
20160215,2235.7889478271827,23278304.477917336,23280540.266865164
20160216,2235.7889478271827,24143819.149186257,24146054.938134085
20160217,2235.7889478271827,24502271.348720383,24504507.13766821
20160218,2235.7889478271827,24361945.47906034,24364181.26800817
20160219,2235.7889478271827,24336154.80953669,24338390.59848452
20160222,200.5963664483279,24306663.433554176,24306864.029920623
20160223,200.5963664483279,24457566.218464013,24457766.81483046
20160224,200.5963664483279,24496128.438184213,24496329.03455066
20160225,200.5963664483279,23100294.92859085,23100495.5249573
20160226,200.5963664483279,22285230.147975437,22285430.744341888
20160229,422.29407094977796,20445440.739644054,20445863.033715002
20160301,422.29407094977796,21140462.295946695,21140884.590017647
20160302,422.29407094977796,22395938.324323256,22396360.618394203
20160303,422.29407094977796,22150136.81482529,22150559.10889624
20160304,422.29407094977796,20022671.400861748,20023093.6949327
20160307,886.0454912204295,20396552.118087564,20397438.163578786
20160308,886.0454912204295,20821101.198948253,20821987.244439475
20160309,886.0454912204295,20700753.34037168,20701639.3858629
20160310,886.0454912204295,20098192.906616665,20099078.952107884
20160311,886.0454912204295,19939207.683910593,19940093.729401812
20160314,52.43032426293939,21296402.718628578,21296455.14895284
20160315,52.43032426293939,20792985.34390124,20793037.774225503
20160316,52.43032426293939,20765234.88585154,20765287.316175804
20160317,52.43032426293939,21649713.45685231,21649765.887176573
20160318,52.43032426293939,22028109.185060795,22028161.61538506
20160321,745.2191930022091,22904518.950514823,22905264.169707827
20160322,745.2191930022091,23944979.95111448,23945725.17030748
20160323,745.2191930022091,24825128.386078387,24825873.60527139
20160324,745.2191930022091,24118795.1179747,24119540.337167703
20160325,745.2191930022091,24117176.640055798,24117921.859248802
20160328,93.84489303827286,23674499.880365867,23674593.725258905
20160329,93.84489303827286,22877777.503136575,22877871.348029613
20160330,93.84489303827286,24045687.671754617,24045781.516647656
20160331,93.84489303827286,25134426.367532227,25134520.212425265
20160401,93.84489303827286,24883753.58158163,24883847.426474668
20160405,760.1355392364785,25336923.33156248,25337683.46710172
20160406,760.1355392364785,25453370.46296212,25454130.59850136
20160407,760.1355392364785,24633388.475011524,24634148.61055076
20160408,760.1355392364785,24250332.77450907,24251092.910048306
20160411,560.6473088357598,24734335.01375244,24734895.66106128
20160412,560.6473088357598,24495920.309138954,24496480.956447788
20160413,560.6473088357598,24684824.89136299,24685385.53867183
20160414,560.6473088357598,24763356.784334823,24763917.431643657
20160415,560.6473088357598,24673187.7991314,24673748.446440235
20160418,2411.7298139305785,25181677.81817905,25184089.54799298
20160419,2411.7298139305785,25577356.05988992,25579767.78970385
20160420,2411.7298139305785,23862239.62432924,23864651.35414317
20160421,2411.7298139305785,22538571.032150596,22540982.761964526
20160422,2411.7298139305785,23291419.11534258,23293830.84515651
20160425,1370.2555506248027,22739555.08414979,22740925.339700416
20160426,1370.2555506248027,22986622.20619758,22987992.461748205
20160427,1370.2555506248027,22881476.73764855,22882846.993199177
20160428,1370.2555506248027,22701389.372563146,22702759.62811377
20160429,1370.2555506248027,22557369.23478643,22558739.49033705
20160503,653.9396938895807,23374602.60723168,23375256.54692557
20160504,653.9396938895807,23586840.123766635,23587494.063460525
20160505,653.9396938895807,23755566.536956538,23756220.476650428
20160506,653.9396938895807,22114906.894693017,22115560.834386908
20160509,351.5821324167773,20627566.589257635,20627918.171390053
20160510,351.5821324167773,20124718.352911014,20125069.93504343
20160511,351.5821324167773,19641407.367388688,19641758.949521106
20160512,351.5821324167773,19384589.16388823,19384940.74602065
20160513,351.5821324167773,19451271.53178705,19451623.113919467
20160516,335.2453619982116,19971077.279937327,19971412.525299326
20160517,335.2453619982116,20152627.288775753,20152962.534137752
20160518,335.2453619982116,18658668.526399393,18659003.77176139
20160519,335.2453619982116,18892809.699800234,18893144.945162233
20160520,335.2453619982116,19427530.540032677,19427865.785394676
20160523,41.22302580066025,20122166.087740026,20122207.310765825
20160524,41.22302580066025,19901564.977819186,19901606.20084499
20160525,41.22302580066025,20041313.042978264,20041354.266004063
20160526,41.22302580066025,19952699.52515234,19952740.74817814
20160527,41.22302580066025,19769974.529427838,19770015.75245364
20160530,288.01485479064286,19486106.874287453,19486394.889142245
20160531,288.01485479064286,20209113.33866008,20209401.353514872
20160601,288.01485479064286,21239451.655041356,21239739.66989615
20160602,288.01485479064286,20965730.080532923,20966018.095387712
20160603,288.01485479064286,20811959.542996895,20812247.557851687
20160606,11.650682542007416,21282419.069505237,21282430.72018778
20160607,11.650682542007416,21734699.58056393,21734711.23124647
20160608,11.650682542007416,21161969.06258833,21161980.713270873
20160613,1343.425100339111,19917674.952909227,19919018.378009565
20160614,1343.425100339111,19873647.30161027,19874990.726710606
20160615,1343.425100339111,20957082.871080708,20958426.296181045
20160616,1343.425100339111,21167917.906402223,21169261.33150256
20160617,1343.425100339111,20800050.392354157,20801393.817454495
20160620,686.1583894630894,21360976.773535132,21361662.931924596
20160621,686.1583894630894,20686701.360587385,20687387.51897685
20160622,686.1583894630894,20770497.458466027,20771183.61685549
20160623,686.1583894630894,20227971.11652094,20228657.274910405
20160624,686.1583894630894,20542424.592847276,20543110.75123674
20160627,1289.780091767665,20809404.146215063,20810693.92630683
20160628,1289.780091767665,20721461.060762603,20722750.84085437
20160629,1289.780091767665,21689715.22222556,21691005.002317328
20160630,1289.780091767665,20624358.721004393,20625648.50109616
20160701,1289.780091767665,20760755.6878333,20762045.467925068
20160704,2167.16029489832,20901537.728584692,20903704.88887959
20160705,2167.16029489832,21255424.513137564,21257591.673432462
20160706,2167.16029489832,21528122.775824353,21530289.93611925
20160707,2167.16029489832,22142126.367347226,22144293.527642123
20160708,2167.16029489832,21746844.187414885,21749011.347709782
20160711,648.8768062386662,20964556.005597442,20965204.88240368
20160712,648.8768062386662,21076269.908126894,21076918.784933135
20160713,648.8768062386662,21113841.611123987,21114490.487930223
20160714,648.8768062386662,21131380.574979268,21132029.451785505
20160715,648.8768062386662,21061118.066837125,21061766.94364336
20160718,2450.166219843086,20824005.329283703,20826455.495503545
20160719,2450.166219843086,20816352.76467098,20818802.93089082
20160720,2450.166219843086,21392172.89264141,21394623.058861252
20160721,2450.166219843086,20905709.714560177,20908159.88078002
20160722,2450.166219843086,20379078.553657215,20381528.719877057
20160725,152.51063191890717,20050926.78983584,20051079.30046776
20160726,152.51063191890717,20304200.93140603,20304353.442037947
20160727,152.51063191890717,19249332.391354967,19249484.901986886
20160728,152.51063191890717,19393692.185915392,19393844.69654731
20160729,152.51063191890717,19464159.085911937,19464311.596543856
20160801,354.3812281473131,19163682.3843898,19164036.765617948
20160802,354.3812281473131,19647776.68046223,19648131.06169038
20160803,354.3812281473131,19654789.850131515,19655144.231359664
20160804,354.3812281473131,19974020.44169793,19974374.822926078
20160805,354.3812281473131,20108429.93286157,20108784.31408972
20160808,918.9177593062632,19989842.627247754,19990761.54500706
20160809,918.9177593062632,20182383.85373848,20183302.771497786
20160810,918.9177593062632,20336321.342845265,20337240.26060457
20160811,918.9177593062632,19829456.10549181,19830375.023251116
20160812,918.9177593062632,19949158.892571203,19950077.81033051
20160815,457.3458441994153,20445256.619963598,20445713.965807796
20160816,457.3458441994153,20985303.53477498,20985760.88061918
20160817,457.3458441994153,20821380.61387712,20821837.95972132
20160818,457.3458441994153,20986876.564245276,20987333.910089474
20160819,457.3458441994153,21313165.758398496,21313623.104242694
20160822,398.3432758403942,21817084.292367727,21817482.635643568
20160823,398.3432758403942,21616882.282348316,21617280.625624157
20160824,398.3432758403942,21524856.126886986,21525254.470162828
20160825,398.3432758403942,21195512.48773774,21195910.831013583
20160826,398.3432758403942,21813326.060716283,21813724.403992124
20160829,823.3083485336974,21660569.661904443,21661392.970252976
20160830,823.3083485336974,21831058.826694794,21831882.135043327
20160831,823.3083485336974,22193253.846139126,22194077.15448766
20160901,823.3083485336974,22160854.38977196,22161677.698120493
20160902,823.3083485336974,21743656.274414174,21744479.582762707
20160905,715.7449340671301,21685932.2916386,21686648.03657267
20160906,715.7449340671301,21889416.324423224,21890132.06935729
20160907,715.7449340671301,21147873.215888582,21148588.96082265
20160908,715.7449340671301,21120205.161311623,21120920.90624569
20160909,715.7449340671301,20540362.67037141,20541078.415305477
20160912,147.31699891760945,19824967.04559493,19825114.36259385
20160913,147.31699891760945,20057377.75365337,20057525.070652287
20160914,147.31699891760945,20333862.47351408,20334009.790512998
20160919,800.1937749488279,20769731.476806983,20770531.670581933
20160920,800.1937749488279,20756404.985487103,20757205.179262053
20160921,800.1937749488279,20763027.66971571,20763827.86349066
20160922,800.1937749488279,20803209.640752565,20804009.834527515
20160923,800.1937749488279,20740572.161976255,20741372.355751205
20160926,1131.5601913696155,19876015.234523848,19877146.79471522
20160927,1131.5601913696155,20384397.969698116,20385529.529889487
20160928,1131.5601913696155,20108900.649921194,20110032.210112564
20160929,1131.5601913696155,19903327.295282885,19904458.855474256
20160930,1131.5601913696155,19865696.28867138,19866827.848862752
20161010,2331.315313753672,20895585.827320628,20897917.14263438
20161011,2331.315313753672,21352461.98494917,21354793.300262924
20161012,2331.315313753672,21145306.484036926,21147637.79935068
20161013,2331.315313753672,21407999.231948223,21410330.547261976
20161014,2331.315313753672,21502945.719157226,21505277.03447098
20161017,1716.462062961422,21441772.912894335,21443489.374957297
20161018,1716.462062961422,21706760.081327736,21708476.5433907
20161019,1716.462062961422,21677059.301782988,21678775.76384595
20161020,1716.462062961422,22036667.938023455,22038384.400086418
20161021,1716.462062961422,21877758.87866416,21879475.34072712
20161024,1211.1164934011176,22430734.2281247,22431945.3446181
20161025,1211.1164934011176,22541470.2323684,22542681.3488618
20161026,1211.1164934011176,22226690.083565883,22227901.200059284
20161027,1211.1164934011176,22201641.954730686,22202853.071224086
20161028,1211.1164934011176,21847772.485911086,21848983.602404486
20161031,2391.8692824989557,22330392.38379618,22332784.25307868
20161101,2391.8692824989557,23157051.63999251,23159443.509275008
20161102,2391.8692824989557,23485263.850255378,23487655.719537877
20161103,2391.8692824989557,23817046.985077728,23819438.854360227
20161104,2391.8692824989557,23982894.09513373,23985285.96441623
20161107,516.7289351156942,23868229.08166092,23868745.810596034
20161108,516.7289351156942,24648315.08488259,24648831.813817706
20161109,516.7289351156942,25017652.11531971,25018168.844254825
20161110,516.7289351156942,25295968.651659317,25296485.380594432
20161111,516.7289351156942,25494085.28715517,25494602.016090285
20161114,2811.1584535874426,25233325.490464054,25236136.64891764
20161115,2811.1584535874426,25408046.932688177,25410858.091141764
20161116,2811.1584535874426,24825900.873589955,24828712.032043543
20161117,2811.1584535874426,24668100.74452649,24670911.902980078
20161118,2811.1584535874426,24372614.41062253,24375425.569076117
20161121,756.5389931350946,24153657.64464134,24154414.183634475
20161122,756.5389931350946,24293584.16209018,24294340.701083314
20161123,756.5389931350946,24318311.087777868,24319067.626771003
20161124,756.5389931350946,22906431.33616758,22907187.875160716
20161125,756.5389931350946,22585502.870065637,22586259.409058772
20161128,843.2986382935196,22244816.759765554,22245660.05840385
20161129,843.2986382935196,21891526.027308453,21892369.32594675
20161130,843.2986382935196,21614359.095129207,21615202.3937675
20161201,843.2986382935196,21383486.970757186,21384330.269395478
20161202,843.2986382935196,20553126.27971248,20553969.578350775
20161205,337.87103037070483,20069154.049860746,20069491.920891117
20161206,337.87103037070483,20107044.90242035,20107382.77345072
20161207,337.87103037070483,20331469.53319994,20331807.40423031
20161208,337.87103037070483,20452670.347419597,20453008.21844997
20161209,337.87103037070483,20847866.568104796,20848204.439135168
20161212,725.4000343240332,19646422.08091535,19647147.480949674
20161213,725.4000343240332,19855888.387467023,19856613.787501346
20161214,725.4000343240332,19631926.430335905,19632651.83037023
20161215,725.4000343240332,20007545.244940583,20008270.644974906
20161216,725.4000343240332,20246390.399130978,20247115.7991653
20161219,217.6449557740125,20062042.626193367,20062260.27114914
20161220,217.6449557740125,20120062.10883129,20120279.753787063
20161221,217.6449557740125,20395875.224359553,20396092.869315326
20161222,217.6449557740125,20142924.404921617,20143142.04987739
20161223,217.6449557740125,19745962.153400086,19746179.79835586
20161226,1616.7361067667662,19987041.868648462,19988658.60475523
20161227,1616.7361067667662,20031594.328914654,20033211.06502142
20161228,1616.7361067667662,20320997.421846583,20322614.15795335
20161229,1616.7361067667662,20520447.489337116,20522064.225443885
20161230,1616.7361067667662,19962934.30775662,19964551.04386339
20170103,1287.222777299598,19875869.58522379,19877156.80800109
20170104,1287.222777299598,20092597.975519232,20093885.198296532
20170105,1287.222777299598,20081153.361542914,20082440.584320214
20170106,1287.222777299598,19537979.809322935,19539267.032100234
20170109,3055.306479411818,19505529.79914827,19508585.105627682
20170110,3055.306479411818,19457912.79604261,19460968.102522023
20170111,3055.306479411818,19232600.143014483,19235655.449493896
20170112,3055.306479411818,18714522.868687913,18717578.175167326
20170113,3055.306479411818,18313274.78019845,18316330.086677864
20170116,1031.757318052929,17438077.751192782,17439109.508510835
20170117,1031.757318052929,17849744.145119287,17850775.90243734
20170118,1031.757318052929,17155806.995758183,17156838.753076237
20170119,1031.757318052929,17145097.076482452,17146128.833800506
20170120,1031.757318052929,17510947.62478684,17511979.382104892
20170123,1298.0527436062694,17860059.153139114,17861357.20588272
20170124,1298.0527436062694,18144853.23171493,18146151.284458537
20170125,1298.0527436062694,18336070.80738336,18337368.860126965
20170126,1298.0527436062694,18026809.060251553,18028107.11299516
20170203,341.9701936994679,18440193.641335797,18440535.611529496
20170206,18.289344370365143,18485236.65329973,18485254.9426441
20170207,18.289344370365143,18672990.968219552,18673009.257563923
20170208,18.289344370365143,18976783.32690306,18976801.61624743
20170209,18.289344370365143,19236843.7569681,19236862.04631247
20170210,18.289344370365143,18953794.82401458,18953813.113358952
20170213,7.116606160603396,19104558.735830564,19104565.852436725
20170214,7.116606160603396,19089371.755955745,19089378.872561906
20170215,7.116606160603396,19158927.96406106,19158935.08066722
20170216,7.116606160603396,19297820.049954385,19297827.166560546
20170217,7.116606160603396,19364673.213808052,19364680.330414213
20170220,366.4544691312476,19580890.279781725,19581256.734250855
20170221,366.4544691312476,19617473.532831345,19617839.987300474
20170222,366.4544691312476,20207738.017130334,20208104.471599463
20170223,366.4544691312476,19408614.331472572,19408980.7859417
20170224,366.4544691312476,19179175.892472036,19179542.346941166
20170227,2124.526461193338,19428404.39348596,19430528.919947155
20170228,2124.526461193338,19346189.04468829,19348313.571149483
20170301,2124.526461193338,19547734.70864844,19549859.235109635
20170302,2124.526461193338,19266913.590122834,19269038.116584025
20170303,2124.526461193338,19152027.46544594,19154151.991907135
20170306,378.141918911424,19185559.767950233,19185937.909869146
20170307,378.141918911424,18894662.16049078,18895040.302409694
20170308,378.141918911424,18963010.642853174,18963388.784772087
20170309,378.141918911424,18815289.708060313,18815667.849979226
20170310,378.141918911424,18903837.22624112,18904215.36816003
20170313,431.4158366252814,18911772.721209873,18912204.137046497
20170314,431.4158366252814,18980643.65865734,18981075.074493963
20170315,431.4158366252814,18849065.955891117,18849497.371727742
20170316,431.4158366252814,19016978.147242505,19017409.56307913
20170317,431.4158366252814,18975632.04295305,18976063.458789676
20170320,667.6109965072246,19032842.134939224,19033509.74593573
20170321,667.6109965072246,19290634.51968157,19291302.130678076
20170322,667.6109965072246,19235082.410492424,19235750.02148893
20170323,667.6109965072246,19310341.48015957,19311009.091156077
20170324,667.6109965072246,19378416.377228808,19379083.988225315
20170327,191.0714174262248,19824335.6867249,19824526.758142326
20170328,191.0714174262248,20346084.528600957,20346275.600018382
20170329,191.0714174262248,20014613.54696635,20014804.618383776
20170330,191.0714174262248,18996698.453505013,18996889.524922438
20170331,191.0714174262248,18387656.422646508,18387847.494063932
20170405,785.1317510710942,18321605.437828403,18322390.569579475
20170406,785.1317510710942,18625288.589094415,18626073.720845487
20170407,785.1317510710942,18793203.526597228,18793988.6583483
20170410,155696.17484817214,18192554.569483638,18348250.74433181
20170411,155696.17484817214,18696686.281661194,18852382.456509367
20170412,155696.17484817214,17888108.85752555,18043805.032373723
20170413,155696.17484817214,18136815.569586847,18292511.74443502
20170414,155696.17484817214,17455528.46743458,17611224.642282754
20170417,820.6817811161745,16678066.513568496,16678887.195349613
20170418,820.6817811161745,16187226.5522112,16188047.233992318
20170419,820.6817811161745,15806669.182578677,15807489.864359794
20170420,820.6817811161745,15535271.20028603,15536091.882067148
20170421,820.6817811161745,14568557.91222278,14569378.594003897
20170424,422.69788027508184,14032645.462567372,14033068.160447648
20170425,422.69788027508184,14227879.235603172,14228301.933483448
20170426,422.69788027508184,15504861.984892836,15505284.682773111
20170427,422.69788027508184,15509896.972271793,15510319.670152068
20170428,422.69788027508184,16532564.574624501,16532987.272504777
20170502,1199.52587250527,17294407.903828196,17295607.429700702
20170503,1199.52587250527,17869854.549860377,17871054.075732883
20170504,1199.52587250527,18394830.038245328,18396029.564117834
20170505,1199.52587250527,18027622.694347963,18028822.22022047
20170508,1426.8724956330843,17588311.87508754,17589738.747583173
20170509,1426.8724956330843,17727726.57022948,17729153.44272511
20170510,1426.8724956330843,17322651.322784346,17324078.19527998
20170511,1426.8724956330843,17311555.68466005,17312982.557155684
20170512,1426.8724956330843,17630152.644321643,17631579.516817275
20170515,154.3544803429395,17728233.852727026,17728388.207207367
20170516,154.3544803429395,18001767.1356607,18001921.49014104
20170517,154.3544803429395,18467991.41966239,18468145.774142735
20170518,154.3544803429395,17365020.176481936,17365174.53096228
20170519,154.3544803429395,17540442.04024063,17540596.39472097
20170522,2652.1663032192737,16832538.61923983,16835190.785543047
20170523,2652.1663032192737,16390618.337119779,16393270.503422998
20170524,2652.1663032192737,16518305.29414196,16520957.460445179
20170525,2652.1663032192737,16279609.45548831,16282261.621791529
20170526,2652.1663032192737,15939385.940013286,15942038.106316505
20170531,1468.957242989447,16344194.28749295,16345663.24473594
20170601,1468.957242989447,14843692.241662472,14845161.198905462
20170602,1468.957242989447,14909732.68324814,14911201.64049113
20170605,1478.2360184947684,15129959.460673666,15131437.696692161
20170606,1478.2360184947684,15433097.916500952,15434576.152519448
20170607,1478.2360184947684,15937195.39679233,15938673.632810825
20170608,1478.2360184947684,15441716.834208736,15443195.070227232
20170609,1478.2360184947684,15316905.984246416,15318384.220264912
20170612,1853.7657746050463,15139434.777447212,15141288.543221818
20170613,1853.7657746050463,15311707.155411782,15313560.921186388
20170614,1853.7657746050463,15021940.5932657,15023794.359040305
20170615,1853.7657746050463,14989347.77098807,14991201.536762675
20170616,1853.7657746050463,15014412.384478211,15016266.150252817
20170619,878.721521731466,14979834.565198185,14980713.286719916
20170620,878.721521731466,14732159.664802965,14733038.386324696
20170621,878.721521731466,15042836.12499607,15043714.846517801
20170622,878.721521731466,14936939.01906346,14937817.740585191
20170623,878.721521731466,14927328.859716814,14928207.581238545
20170626,772.081947368104,14972285.835569315,14973057.917516682
20170627,772.081947368104,14987744.930306442,14988517.01225381
20170628,772.081947368104,14926487.035467673,14927259.11741504
20170629,772.081947368104,14967990.867545327,14968762.949492695
20170630,772.081947368104,14632708.97109082,14633481.053038187
20170703,1485.0633442625403,14708436.112637565,14709921.175981827
20170704,1485.0633442625403,14642359.652612582,14643844.715956844
20170705,1485.0633442625403,14614572.616333727,14616057.67967799
20170706,1485.0633442625403,14476691.284792183,14478176.348136446
20170707,1485.0633442625403,14692420.798666248,14693905.86201051
20170710,648.8951234570704,14347625.1545126,14348274.049636057
20170711,648.8951234570704,14396602.437780373,14397251.33290383
20170712,648.8951234570704,14507353.65397698,14508002.549100438
20170713,648.8951234570704,14314740.040156778,14315388.935280235
20170714,648.8951234570704,14244223.648622736,14244872.543746194
20170717,343.296883683186,12921433.674262425,12921776.971146109
20170718,343.296883683186,12864171.060100297,12864514.35698398
20170719,343.296883683186,13123662.503223808,13124005.800107492
20170720,343.296883683186,12897325.993521394,12897669.290405078
20170721,343.296883683186,12818584.719575088,12818928.016458772
20170724,137.31966019887477,13243613.289418407,13243750.609078605
20170725,137.31966019887477,13182187.20255091,13182324.522211108
20170726,137.31966019887477,13242123.349059466,13242260.668719664
20170727,137.31966019887477,13603526.722612225,13603664.042272422
20170728,137.31966019887477,13535727.54333616,13535864.862996358
20170731,311.9399100081064,13912951.768202264,13913263.708112272
20170801,311.9399100081064,13694175.238224618,13694487.178134626
20170802,311.9399100081064,13965305.58453087,13965617.524440877
20170803,311.9399100081064,14199842.479693256,14200154.419603264
20170804,311.9399100081064,13665525.567745015,13665837.507655023
20170807,2132.817959463224,13885167.698012197,13887300.51597166
20170808,2132.817959463224,13920765.517301332,13922898.335260795
20170809,2132.817959463224,14119680.51814235,14121813.336101813
20170810,2132.817959463224,14286552.67422833,14288685.492187792
20170811,2132.817959463224,13327484.02433606,13329616.842295524
20170814,545.5498226266354,13402586.50204297,13403132.051865596
20170815,545.5498226266354,13624138.74384639,13624684.293669017
20170816,545.5498226266354,13593508.071706953,13594053.62152958
20170817,545.5498226266354,13856397.90904978,13856943.458872406
20170818,545.5498226266354,13719035.285335634,13719580.83515826
20170821,485.72252968652174,14200540.91661723,14201026.639146917
20170822,485.72252968652174,14139285.925918913,14139771.6484486
20170823,485.72252968652174,13544695.26452891,13545180.987058597
20170824,485.72252968652174,13435831.372512333,13436317.09504202
20170825,485.72252968652174,13984729.736038957,13985215.458568644
20170828,55.5359467654489,14129834.672728317,14129890.208675083
20170829,55.5359467654489,13948646.298912356,13948701.834859122
20170830,55.5359467654489,14794468.870191108,14794524.406137874
20170831,55.5359467654489,14981928.518164326,14981984.054111091
20170901,55.5359467654489,15625952.709030146,15626008.244976912
20170904,1679.653444799129,16237620.881664466,16239300.535109265
20170905,1679.653444799129,16355112.88759337,16356792.541038169
20170906,1679.653444799129,16439443.044490885,16441122.697935684
20170907,1679.653444799129,16382076.76667512,16383756.420119919
20170908,1679.653444799129,16315098.925011104,16316778.578455903
20170911,352.0481691574678,17151012.415221967,17151364.463391125
20170912,352.0481691574678,17581871.301623862,17582223.34979302
20170913,352.0481691574678,17792958.249477994,17793310.297647152
20170914,352.0481691574678,17907271.324958757,17907623.373127915
20170915,352.0481691574678,16909368.288205933,16909720.33637509
20170918,298.8459573579021,16742772.346883997,16743071.192841355
20170919,298.8459573579021,16738606.354673486,16738905.200630844
20170920,298.8459573579021,17158653.523026265,17158952.368983623
20170921,298.8459573579021,16805526.308228765,16805825.154186122
20170922,298.8459573579021,16411303.530540101,16411602.376497459
20170925,223.16928865248337,15863896.939687613,15864120.108976265
20170926,223.16928865248337,16140301.940159246,16140525.109447898
20170927,223.16928865248337,16607296.9227901,16607520.092078753
20170928,223.16928865248337,16641690.164823748,16641913.3341124
20170929,223.16928865248337,16775022.75632685,16775245.925615503
20171009,447.6079889838584,17183991.86494806,17184439.472937044
20171010,447.6079889838584,17381601.484984618,17382049.0929736
20171011,447.6079889838584,17198138.672629006,17198586.28061799
20171012,447.6079889838584,17133063.98518998,17133511.593178965
20171013,447.6079889838584,17302827.55936883,17303275.167357814
20171016,351.4352356917225,17096589.90635049,17096941.34158618
20171017,351.4352356917225,17020404.763202596,17020756.198438287
20171018,351.4352356917225,16664622.881890174,16664974.317125866
20171019,351.4352356917225,16743933.379374806,16744284.814610498
20171020,351.4352356917225,17324408.57550994,17324760.01074563
20171023,402.0703940324747,17486260.02880777,17486662.099201802
20171024,402.0703940324747,17297237.96981865,17297640.040212683
20171025,402.0703940324747,17418078.731872614,17418480.802266646
20171026,402.0703940324747,17543633.881593194,17544035.951987226
20171027,402.0703940324747,17334664.28013479,17335066.35052882
20171030,344.687652266319,16717075.73196039,16717420.419612655
20171031,344.687652266319,16867821.11021035,16868165.79786262
20171101,344.687652266319,16831801.814458285,16832146.502110552
20171102,344.687652266319,16406069.651974086,16406414.339626351
20171103,344.687652266319,16572415.850054014,16572760.53770628
20171106,215.77574015129358,16677043.22364121,16677258.99938136
20171107,215.77574015129358,16753215.91530047,16753431.69104062
20171108,215.77574015129358,16880049.21438226,16880264.99012241
20171109,215.77574015129358,16719260.792354764,16719476.568094917
20171110,215.77574015129358,16629542.919216001,16629758.694956154
20171113,1450.3300860119052,16343936.693940992,16345387.024027003
20171114,1450.3300860119052,15943324.658398224,15944774.988484235
20171115,1450.3300860119052,15053894.847508673,15055345.177594684
20171116,1450.3300860119052,14947143.357826483,14948593.687912494
20171117,1450.3300860119052,14320218.572188623,14321668.902274635
20171120,3241.267532745658,14752925.624009576,14756166.891542321
20171121,3241.267532745658,14804836.821529515,14808078.08906226
20171122,3241.267532745658,14874822.651007183,14878063.918539928
20171123,3241.267532745658,14296533.881877296,14299775.149410041
20171124,3241.267532745658,13984445.035335038,13987686.302867783
20171127,994.9548487463035,13470950.060267098,13471945.015115844
20171128,994.9548487463035,13591936.876081765,13592931.83093051
20171129,994.9548487463035,13489636.706314277,13490631.661163023
20171130,994.9548487463035,13285116.550379856,13286111.505228601
20171201,994.9548487463035,13831756.149377799,13832751.104226544
20171204,398.7012524236925,13520093.720934493,13520492.422186917
20171205,398.7012524236925,13133975.483737083,13134374.184989506
20171206,398.7012524236925,13374697.594032168,13375096.295284592
20171207,398.7012524236925,13294323.033977997,13294721.73523042
20171208,398.7012524236925,13810954.469735458,13811353.170987882
20171211,1342.4094801829197,13907522.49036565,13908864.899845833
20171212,1342.4094801829197,14038737.453606077,14040079.863086259
20171213,1342.4094801829197,14074076.331239104,14075418.740719287
20171214,1342.4094801829197,14147164.594876427,14148507.00435661
20171215,1342.4094801829197,13778112.649106316,13779455.058586499
20171218,160.76406701095402,13310650.912343498,13310811.67641051
20171219,160.76406701095402,13508005.560756024,13508166.324823035
20171220,160.76406701095402,13192385.958822642,13192546.722889652
20171221,160.76406701095402,13290504.16237231,13290664.92643932
20171222,160.76406701095402,13082063.09809495,13082223.86216196
20171225,317.41887317597866,12878730.360517684,12879047.77939086
20171226,317.41887317597866,12837173.053389706,12837490.472262882
20171227,317.41887317597866,12762392.024869323,12762709.443742499
20171228,317.41887317597866,12650740.035101699,12651057.453974875
20171229,317.41887317597866,12759959.696081556,12760277.114954732
20180102,932.9617316280492,13036695.09089478,13037628.052626407
20180103,932.9617316280492,13014477.468421763,13015410.43015339
20180104,932.9617316280492,13025673.066878254,13026606.028609881
20180105,932.9617316280492,12958063.119845577,12958996.081577204
20180108,93.117959500094,12677603.020561993,12677696.138521492
20180109,93.117959500094,12731717.481558565,12731810.599518064
20180110,93.117959500094,12821258.585409524,12821351.703369023
20180111,93.117959500094,12746658.851333594,12746751.969293093
20180112,93.117959500094,12717678.342595158,12717771.460554658
20180115,12.988795315148309,12404410.678472899,12404423.667268215
20180116,12.988795315148309,12442205.64813003,12442218.636925345
20180117,12.988795315148309,12480553.06317449,12480566.051969806
20180118,12.988795315148309,12504795.492181286,12504808.480976602
20180119,12.988795315148309,12357012.976650624,12357025.96544594
20180122,248.10048200096935,12378529.742425293,12378777.842907295
20180123,248.10048200096935,12357248.39033461,12357496.490816612
20180124,248.10048200096935,12537047.094276443,12537295.194758445
20180125,248.10048200096935,12513676.777921962,12513924.878403962
20180126,248.10048200096935,12449032.98975592,12449281.09023792
20180129,931.3457199238078,12324559.079321703,12325490.425041627
20180130,931.3457199238078,12405929.25916777,12406860.604887694
20180131,931.3457199238078,12226064.669633253,12226996.015353177
20180201,931.3457199238078,11926584.33901176,11927515.684731685
20180202,931.3457199238078,11649804.294245927,11650735.63996585
20180205,526.3380343737081,11458218.538499646,11458744.876534019
20180206,526.3380343737081,11344251.709231354,11344778.047265727
20180207,526.3380343737081,11359369.758011842,11359896.096046217
20180208,526.3380343737081,11354718.05069477,11355244.388729144
20180209,526.3380343737081,11044402.103952693,11044928.441987067
20180212,149.877716899076,10661560.540300332,10661710.41801723
20180213,149.877716899076,10592872.597905464,10593022.475622363
20180214,149.877716899076,10294427.785121873,10294577.662838772
20180222,200.44959678000305,10239145.710983634,10239346.160580413
20180223,200.44959678000305,9936985.45970278,9937185.90929956
20180226,570.6236188788898,9588778.563289203,9589349.186908081
20180227,570.6236188788898,9493404.773237022,9493975.3968559
20180228,570.6236188788898,9210932.08253529,9211502.706154168
20180301,570.6236188788898,9040652.58013287,9041223.203751748
20180302,570.6236188788898,9021992.703293687,9022563.326912565
20180305,15.237032096250914,8899291.906704115,8899307.143736212
20180306,15.237032096250914,9281621.269773113,9281636.50680521
20180307,15.237032096250914,9142067.221646663,9142082.45867876
20180308,15.237032096250914,9119572.238920832,9119587.475952929
20180309,15.237032096250914,9148594.597676052,9148609.834708149
20180312,2751.7797195971943,9402447.252389444,9405199.03210904
20180313,2751.7797195971943,9399044.649913749,9401796.429633345
20180314,2751.7797195971943,9229059.024769071,9231810.804488668
20180315,2751.7797195971943,9128475.906983135,9131227.686702732
20180316,2751.7797195971943,9031216.167021321,9033967.946740918
20180319,142.03918558522128,9058664.280014686,9058806.319200272
20180320,142.03918558522128,9591070.736257358,9591212.775442943
20180321,142.03918558522128,9663089.684889663,9663231.724075248
20180322,142.03918558522128,9479026.852933938,9479168.892119523
20180323,142.03918558522128,8848860.793079155,8849002.83226474
20180326,320.6814295651857,8954233.578567052,8954554.259996617
20180327,320.6814295651857,9200955.064293735,9201275.7457233
20180328,320.6814295651857,8795418.3415035,8795739.022933064
20180329,320.6814295651857,9304926.279620878,9305246.961050443
20180330,320.6814295651857,9521976.432246424,9522297.11367599
20180402,37.31307801208459,9773806.715791062,9773844.028869074
20180403,37.31307801208459,9752735.567110084,9752772.880188096
20180404,37.31307801208459,9868625.355479158,9868662.66855717
20180409,1329.0434796640184,9901500.550859438,9902829.594339103
20180410,1329.0434796640184,10118083.123670783,10119412.167150447
20180411,1329.0434796640184,10224685.822183087,10226014.865662752
20180412,1329.0434796640184,9949617.182333313,9950946.225812977
20180413,1329.0434796640184,9931411.972750392,9932741.016230056
20180416,613.3649096861482,10031253.811657805,10031867.176567491
20180417,613.3649096861482,9609298.999850849,9609912.364760535
20180418,613.3649096861482,9768436.821904223,9769050.18681391
20180419,613.3649096861482,9703195.3400253,9703808.704934986
20180420,613.3649096861482,9273643.018668009,9274256.383577695
20180423,1575.214401487494,9505799.270489806,9507374.484891294
20180424,1575.214401487494,10005711.614444025,10007286.828845512
20180425,1575.214401487494,10095383.27559973,10096958.490001217
20180426,1575.214401487494,9943778.729770552,9945353.94417204
20180427,1575.214401487494,9892764.362247813,9894339.5766493
20180502,3701.1456524035893,9602681.03414395,9606382.179796355
20180503,3701.1456524035893,9690167.845494233,9693868.991146637
20180504,3701.1456524035893,9863943.21948828,9867644.365140684
20180507,365.42427087342367,10292397.90307292,10292763.327343794
20180508,365.42427087342367,10584304.696986398,10584670.121257272
20180509,365.42427087342367,10787205.180348167,10787570.604619041
20180510,365.42427087342367,11102095.836956318,11102461.261227192
20180511,365.42427087342367,11045462.968453992,11045828.392724866
20180514,49.50314160250127,10584024.383782133,10584073.886923736
20180515,49.50314160250127,10778952.746697605,10779002.249839207
20180516,49.50314160250127,10787267.776933013,10787317.280074615
20180517,49.50314160250127,10779262.812628316,10779312.315769918
20180518,49.50314160250127,10698758.083264215,10698807.586405817
20180521,143.41819177335128,10754331.647999566,10754475.06619134
20180522,143.41819177335128,10847910.633725533,10848054.051917307
20180523,143.41819177335128,10908352.920786835,10908496.33897861
20180524,143.41819177335128,10809153.405417027,10809296.8236088
20180525,143.41819177335128,10617857.390853107,10618000.80904488
20180528,232.73816190380603,10451746.106663516,10451978.84482542
20180529,232.73816190380603,10416683.515868384,10416916.254030287
20180530,232.73816190380603,9989904.60281882,9990137.340980724
20180531,232.73816190380603,10020990.044893617,10021222.783055522
20180601,232.73816190380603,9520571.782155963,9520804.520317867
20180604,2670.771913032513,9456023.94892567,9458694.720838703
20180605,2670.771913032513,10000627.196970813,10003297.968883846
20180606,2670.771913032513,10122211.495987216,10124882.267900249
20180607,2670.771913032513,9905609.590304187,9908280.36221722
20180608,2670.771913032513,9962165.437825263,9964836.209738296
20180611,2563.0044898244087,9991822.345683407,9994385.350173231
20180612,2563.0044898244087,10161472.724763539,10164035.729253363
20180613,2563.0044898244087,9812519.942371143,9815082.946860967
20180614,2563.0044898244087,9668539.653272543,9671102.657762367
20180615,2563.0044898244087,9060803.26829102,9063366.272780845
20180619,511.1179335084744,8250518.006681472,8251029.12461498
20180620,511.1179335084744,8374879.346009426,8375390.463942934
20180621,511.1179335084744,8296911.523767221,8297422.64170073
20180622,511.1179335084744,8582738.020988096,8583249.138921604
20180625,643.7664472653996,8571110.226854615,8571753.99330188
20180626,643.7664472653996,8853003.191192096,8853646.95763936
20180627,643.7664472653996,8883741.655396335,8884385.4218436
20180628,643.7664472653996,8757947.896108277,8758591.662555542
20180629,643.7664472653996,8957135.505613923,8957779.272061188
20180702,789.8956469320692,9184481.440754158,9185271.33640109
20180703,789.8956469320692,9324996.81047115,9325786.70611808
20180704,789.8956469320692,8829375.576492567,8830165.472139498
20180705,789.8956469320692,8401567.907426432,8402357.803073363
20180706,789.8956469320692,8496309.982599968,8497099.8782469
20180709,410.7078461541678,8687065.480887666,8687476.18873382
20180710,410.7078461541678,8797254.524465583,8797665.232311737
20180711,410.7078461541678,8955920.777349817,8956331.48519597
20180712,410.7078461541678,8932793.211357277,8933203.91920343
20180713,410.7078461541678,8771865.263868306,8772275.97171446
20180716,159.04638986522332,8706985.087330613,8707144.133720478
20180717,159.04638986522332,8784172.231102355,8784331.27749222
20180718,159.04638986522332,8600239.921112763,8600398.967502628
20180719,159.04638986522332,8467342.915791512,8467501.962181376
20180720,159.04638986522332,8563764.694920093,8563923.741309958
20180723,2494.4014123629313,8414889.875145402,8417384.276557764
20180724,2494.4014123629313,8386855.903014699,8389350.304427061
20180725,2494.4014123629313,8002888.164773459,8005382.566185822
20180726,2494.4014123629313,7712566.80848248,7715061.209894843
20180727,2494.4014123629313,7629466.532360622,7631960.933772985
20180730,502.87968462891877,7465053.430861062,7465556.310545691
20180731,502.87968462891877,7251398.548022029,7251901.427706658
20180801,502.87968462891877,7131876.151038037,7132379.030722666
20180802,502.87968462891877,7194230.921570585,7194733.801255214
20180803,502.87968462891877,6768556.52233192,6769059.402016549
20180806,473.7034773960113,6593006.401991278,6593480.105468674
20180807,473.7034773960113,6745369.108616567,6745842.812093963
20180808,473.7034773960113,6433638.290589002,6434111.994066398
20180809,473.7034773960113,6485952.735775315,6486426.439252711
20180810,473.7034773960113,6616118.144397575,6616591.847874971
20180813,1795.3235945019405,6535011.823712109,6536807.147306611
20180814,1795.3235945019405,6454041.265618362,6455836.589212865
20180815,1795.3235945019405,6382293.018478942,6384088.342073444
20180816,1795.3235945019405,6051355.882377345,6053151.205971847
20180817,1795.3235945019405,5846516.131514415,5848311.455108917
20180820,562.1712373835035,5984505.125977753,5985067.297215136
20180821,562.1712373835035,6217731.41289146,6218293.584128844
20180822,562.1712373835035,6135873.21672876,6136435.387966143
20180823,562.1712373835035,6196827.05778953,6197389.229026914
20180824,562.1712373835035,6192348.639487095,6192910.810724478
20180827,1025.5327846496366,6287455.431839164,6288480.964623814
20180828,1025.5327846496366,6323652.228979441,6324677.7617640905
20180829,1025.5327846496366,6356380.1511859065,6357405.683970556
20180830,1025.5327846496366,6023459.823493726,6024485.356278375
20180831,1025.5327846496366,6020547.934176164,6021573.466960814
20180903,105.53656170400791,6073504.890847681,6073610.427409385
20180904,105.53656170400791,6125540.818060521,6125646.354622225
20180905,105.53656170400791,6037581.584729539,6037687.1212912435
20180906,105.53656170400791,5916270.276156238,5916375.8127179425
20180907,105.53656170400791,6016840.097777924,6016945.634339628
20180910,2894.447609138908,6051029.006607518,6053923.454216656
20180911,2894.447609138908,5964659.296174747,5967553.743783886
20180912,2894.447609138908,6089223.424483372,6092117.872092511
20180913,2894.447609138908,6125021.968348454,6127916.415957592
20180914,2894.447609138908,5938447.654476851,5941342.10208599
20180917,309.5807396667078,5882774.174773628,5883083.755513295
20180918,309.5807396667078,5973082.159930635,5973391.740670302
20180919,309.5807396667078,6075123.550855372,6075433.131595039
20180920,309.5807396667078,5941359.157932685,5941668.738672351
20180921,309.5807396667078,5906490.231476188,5906799.812215854
20180925,1269.9929988300428,5912269.438479348,5913539.431478178
20180926,1269.9929988300428,5861536.0076273875,5862806.000626218
20180927,1269.9929988300428,5400257.108725879,5401527.101724709
20180928,1269.9929988300428,5364911.764921883,5366181.757920713
20181008,455.03052489238326,5175383.510130187,5175838.540655079
20181009,455.03052489238326,5362982.81699865,5363437.847523543
20181010,455.03052489238326,5555621.671291483,5556076.701816375
20181011,455.03052489238326,5140332.554637535,5140787.585162427
20181012,455.03052489238326,5171618.018009093,5172073.048533985
20181015,222.5928848066833,4932746.982459268,4932969.5753440745
20181016,222.5928848066833,4861836.324676451,4862058.917561258
20181017,222.5928848066833,4796543.353823745,4796765.946708552
20181018,222.5928848066833,4566095.905776732,4566318.498661539
20181019,222.5928848066833,4659508.447886099,4659731.040770906
20181022,1290.2731560964603,4876752.918617861,4878043.191773958
20181023,1290.2731560964603,4949027.321463153,4950317.594619249
20181024,1290.2731560964603,5149708.071857888,5150998.3450139845
20181025,1290.2731560964603,4966409.7246341435,4967699.99779024
20181026,1290.2731560964603,5051239.4007298695,5052529.673885966
20181029,739.7898319304222,5087965.531333129,5088705.32116506
20181030,739.7898319304222,5202134.16710864,5202873.956940571
20181031,739.7898319304222,5193029.163950808,5193768.953782739
20181101,739.7898319304222,5173186.983311875,5173926.773143806
20181102,739.7898319304222,5309239.709824396,5309979.499656327
20181105,1100.29809366673,5315825.845433772,5316926.143527438
20181106,1100.29809366673,5332185.054974714,5333285.353068381
20181107,1100.29809366673,5241593.6298456695,5242693.927939336
20181108,1100.29809366673,5104210.263799177,5105310.561892843
20181109,1100.29809366673,5083983.414806284,5085083.71289995
20181112,1014509.6647250736,4234655.450100308,5249165.114825382
20181113,1014509.6647250736,4404122.090494609,5418631.755219683
20181114,1014509.6647250736,4424876.313483979,5439385.978209052
20181115,1014509.6647250736,4451149.950855901,5465659.615580975
20181116,1014509.6647250736,4443963.724844155,5458473.3895692285
20181119,1088954.3670639803,4294256.988941539,5383211.35600552
20181120,1088954.3670639803,4161249.9194751084,5250204.286539089
20181121,1088954.3670639803,4071185.4214660055,5160139.788529986
20181122,1088954.3670639803,4013509.041342145,5102463.408406125
20181123,1088954.3670639803,3953600.5266214972,5042554.893685478
20181126,398.7729782470269,5138899.002187449,5139297.775165696
20181127,398.7729782470269,5159247.063857587,5159645.836835834
20181128,398.7729782470269,4923998.98727582,4924397.760254067
20181129,398.7729782470269,4740454.3406738695,4740853.113652117
20181130,398.7729782470269,4759043.590887535,4759442.3638657825
20181203,428.2979292089585,4954856.468405906,4955284.766335115
20181204,428.2979292089585,5111418.096262464,5111846.394191673
20181205,428.2979292089585,4799750.888309493,4800179.186238701
20181206,428.2979292089585,4689587.679757532,4690015.97768674
20181207,428.2979292089585,4568588.778349966,4569017.076279175
20181210,293.84254037216306,4729967.000541877,4730260.843082249
20181211,293.84254037216306,4647829.279543721,4648123.122084093
20181212,293.84254037216306,4633462.071802956,4633755.914343328
20181213,293.84254037216306,4549738.546142794,4550032.388683166
20181214,293.84254037216306,4325870.19186337,4326164.034403742
20181217,101.43345073366072,4414181.640765112,4414283.074215845
20181218,101.43345073366072,4360253.307592565,4360354.7410432985
20181219,101.43345073366072,4350105.582428712,4350207.015879446
20181220,101.43345073366072,4323712.262631834,4323813.696082567
20181221,101.43345073366072,4349274.473558225,4349375.907008958
20181224,398.08481953991577,4416946.603222556,4417344.688042097
20181225,398.08481953991577,4481014.904360733,4481412.989180272
20181226,398.08481953991577,4515198.781399223,4515596.8662187625
20181227,398.08481953991577,4436607.152685889,4437005.2375054285
20181228,398.08481953991577,4493879.233717446,4494277.318536986
20190102,1024.8646085227374,4462574.615974077,4463599.4805825995
20190103,1024.8646085227374,4440381.111532465,4441405.976140987
20190104,1024.8646085227374,4592125.67900976,4593150.543618282
20190107,474.95350973436143,4615884.117832254,4616359.071341988
20190108,474.95350973436143,4677910.162825111,4678385.116334845
20190109,474.95350973436143,4767167.80472045,4767642.758230184
20190110,474.95350973436143,4662053.367593878,4662528.321103612
20190111,474.95350973436143,4636102.267616247,4636577.221125981
20190114,321.5764215469826,4698831.576202055,4699153.152623602
20190115,321.5764215469826,4642639.483259556,4642961.059681103
20190116,321.5764215469826,4556792.0005653575,4557113.576986904
20190117,321.5764215469826,4598685.558730926,4599007.135152473
20190118,321.5764215469826,4589539.325125385,4589860.901546932
20190121,496.994824586669,4601378.377390759,4601875.3722153455
20190122,496.994824586669,4618441.270618172,4618938.265442759
20190123,496.994824586669,4564005.15286495,4564502.147689536
20190124,496.994824586669,4522789.325429378,4523286.3202539645
20190125,496.994824586669,4314763.000978572,4315259.995803159
20190128,105.25588022408192,4284600.291586793,4284705.547467018
20190129,105.25588022408192,4092157.538128446,4092262.79400867
20190130,105.25588022408192,3926617.3680553287,3926722.623935553
20190131,105.25588022408192,3663118.4010415385,3663223.6569217625
20190201,105.25588022408192,3786436.4668703745,3786541.7227505986
20190211,424.2613624900114,3997304.7833089186,3997729.044671409
20190212,424.2613624900114,4269659.01614982,4270083.27751231
20190213,424.2613624900114,4262201.620679396,4262625.882041886
20190214,424.2613624900114,4396457.585459276,4396881.846821766
20190215,424.2613624900114,4426529.412216447,4426953.673578938
20190218,627.6476066391915,4610866.906570926,4611494.5541775655
20190219,627.6476066391915,4589417.291371132,4590044.938977771
20190220,627.6476066391915,4551068.560221302,4551696.2078279415
20190221,627.6476066391915,4529004.900540695,4529632.548147334
20190222,627.6476066391915,4537727.615768022,4538355.263374661
20190225,1211.1696117395768,4727327.345917972,4728538.515529712
20190226,1211.1696117395768,4715288.274873533,4716499.444485273
20190227,1211.1696117395768,4759739.382358252,4760950.551969992
20190228,1211.1696117395768,4833267.209935374,4834478.379547114
20190301,1211.1696117395768,4897408.221470549,4898619.391082289
20190304,1490.3223971253028,5255222.404932695,5256712.72732982
20190305,1490.3223971253028,5587560.683958636,5589051.006355761
20190306,1490.3223971253028,5857250.062866692,5858740.385263817
20190307,1490.3223971253028,6333866.457446965,6335356.77984409
20190308,1490.3223971253028,5770752.393118922,5772242.715516047
20190311,1761.889265615784,5782207.5039245235,5783969.393190139
20190312,1761.889265615784,5833133.399601324,5834895.28886694
20190313,1761.889265615784,5633131.876709932,5634893.765975548
20190314,1761.889265615784,5504245.459214363,5506007.348479979
20190315,1761.889265615784,5602152.879242896,5603914.768508512
20190318,680.3840423629736,6210112.192448906,6210792.576491268
20190319,680.3840423629736,5887484.188863751,5888164.572906113
20190320,680.3840423629736,6133866.599430376,6134546.983472738
20190321,680.3840423629736,6116211.855730334,6116892.239772697
20190322,680.3840423629736,5902789.5730078,5903469.957050162
20190325,1521.8953276704997,5882576.442336353,5884098.337664023
20190326,1521.8953276704997,5883991.032926371,5885512.928254042
20190327,1521.8953276704997,5734745.954212482,5736267.849540153
20190328,1521.8953276704997,5588385.645560857,5589907.540888527
20190329,1521.8953276704997,5818771.890684897,5820293.786012568
20190401,411.57817660062574,6144171.055349583,6144582.633526184
20190402,411.57817660062574,6355971.127835867,6356382.706012468
20190403,411.57817660062574,6317651.469323613,6318063.047500214
20190404,411.57817660062574,6346867.557790281,6347279.135966882
20190408,305.81179041136056,6600721.144873444,6601026.956663855
20190409,305.81179041136056,6535096.297919396,6535402.109709808
20190410,305.81179041136056,6232653.662302527,6232959.474092938
20190411,305.81179041136056,6206936.660798154,6207242.472588565
20190412,305.81179041136056,6130817.858938405,6131123.670728817
20190415,30.605917925247923,6080730.262116923,6080760.868034848
20190416,30.605917925247923,6366374.792899554,6366405.398817479
20190417,30.605917925247923,6356262.370986621,6356292.976904546
20190418,30.605917925247923,6524513.858154034,6524544.464071959
20190419,30.605917925247923,6462373.454075211,6462404.059993136
20190422,1195.348695996683,6457900.915913735,6459096.264609732
20190423,1195.348695996683,6465888.533312766,6467083.882008763
20190424,1195.348695996683,6407543.475422118,6408738.824118115
20190425,1195.348695996683,6188471.881293219,6189667.229989216
20190426,1195.348695996683,5934154.507119294,5935349.855815291
20190429,916.3376327299047,5577345.120249467,5578261.457882197
20190430,916.3376327299047,5565297.132552358,5566213.470185088
20190506,142.58882386120968,5044584.665278552,5044727.254102414
20190507,142.58882386120968,5223731.925613159,5223874.514437021
20190508,142.58882386120968,5135507.587394195,5135650.176218056
20190509,142.58882386120968,4978087.996784928,4978230.58560879
20190510,142.58882386120968,5225488.246124128,5225630.834947989
20190513,171.04484086333832,5041886.028175775,5042057.073016638
20190514,171.04484086333832,5144351.141063563,5144522.185904426
20190515,171.04484086333832,5228135.870732275,5228306.915573138
20190516,171.04484086333832,5136427.593878063,5136598.638718926
20190517,171.04484086333832,5126072.127193841,5126243.172034704
20190520,1315.2878025399987,5301406.626216886,5302721.914019425
20190521,1315.2878025399987,5386550.66055928,5387865.94836182
20190522,1315.2878025399987,5444149.715596507,5445465.003399047
20190523,1315.2878025399987,5174999.9682038,5176315.25600634
20190524,1315.2878025399987,5113406.648644891,5114721.93644743
20190527,647.98089312925,5448211.506820536,5448859.487713666
20190528,647.98089312925,5414997.320832394,5415645.301725524
20190529,647.98089312925,5477533.778071156,5478181.758964285
20190530,647.98089312925,5420098.43538563,5420746.416278759
20190531,647.98089312925,5265666.321566329,5266314.302459459
20190603,1316.8866969342344,5137845.734649749,5139162.621346682
20190604,1316.8866969342344,4976818.822310062,4978135.709006997
20190605,1316.8866969342344,4785652.074751154,4786968.961448088
20190606,1316.8866969342344,4687403.886696502,4688720.773393435
20190610,341.64145125518553,4609678.287285186,4610019.928736442
20190611,341.64145125518553,4768492.36583314,4768834.007284395
20190612,341.64145125518553,4870149.220546405,4870490.86199766
20190613,341.64145125518553,4962693.459703429,4963035.101154684
20190614,341.64145125518553,4747519.4366655,4747861.078116755
20190617,1769.736683928175,4769662.085501866,4771431.822185795
20190618,1769.736683928175,4807871.137974804,4809640.874658733
20190619,1769.736683928175,5001410.080886171,5003179.8175701
20190620,1769.736683928175,4951554.104686486,4953323.841370414
20190621,1769.736683928175,5215388.092418454,5217157.829102382
20190624,648.2505284852814,5680805.052225435,5681453.302753921
20190625,648.2505284852814,5380977.9983037505,5381626.248832236
20190626,648.2505284852814,5129096.409695702,5129744.660224187
20190627,648.2505284852814,5244402.127050849,5245050.377579334
20190628,648.2505284852814,5111639.594396989,5112287.844925474
20190701,1172.5935751331272,5052672.329794323,5053844.923369456
20190702,1172.5935751331272,4943326.058126531,4944498.651701664
20190703,1172.5935751331272,4935604.068138515,4936776.661713648
20190704,1172.5935751331272,4914794.806181079,4915967.399756212
20190705,1172.5935751331272,5018090.384666033,5019262.978241166
20190708,824.0753894234076,5009225.569640337,5010049.64502976
20190709,824.0753894234076,5057267.3143499065,5058091.38973933
20190710,824.0753894234076,4956242.743709627,4957066.81909905
20190711,824.0753894234076,4857034.993184027,4857859.068573451
20190712,824.0753894234076,4733744.060126826,4734568.13551625
20190715,143.79179887846112,4854055.07081047,4854198.862609348
20190716,143.79179887846112,4871264.086413373,4871407.878212252
20190717,143.79179887846112,4805903.187034769,4806046.978833647
20190718,143.79179887846112,4601607.258417627,4601751.050216505
20190719,143.79179887846112,4617635.169815146,4617778.961614025
20190722,44.11672327469569,4412499.252207343,4412543.368930617
20190723,44.11672327469569,4556722.850795003,4556766.9675182775
20190724,44.11672327469569,4669002.797190316,4669046.913913591
20190725,44.11672327469569,4834003.327684356,4834047.444407631
20190726,44.11672327469569,4806490.201367622,4806534.318090897
20190729,594.4460167498328,4777140.99645553,4777735.442472279
20190730,594.4460167498328,4712470.091801675,4713064.537818424
20190731,594.4460167498328,4622616.801496978,4623211.247513728
20190801,594.4460167498328,4596185.723856453,4596780.169873202
20190802,594.4460167498328,4697988.26880149,4698582.714818239
20190805,1160.2545969093917,4541331.279619211,4542491.534216121
20190806,1160.2545969093917,4463280.066649387,4464440.321246296
20190807,1160.2545969093917,4472654.478108763,4473814.732705672
20190808,1160.2545969093917,4471085.156431115,4472245.411028025
20190809,1160.2545969093917,4365393.044836258,4366553.299433167
20190812,559.8385576697765,4496889.220633733,4497449.059191403
20190813,559.8385576697765,4631988.434180165,4632548.272737835
20190814,559.8385576697765,4555268.704185337,4555828.542743007
20190815,559.8385576697765,4630174.033658264,4630733.872215934
20190816,559.8385576697765,4697530.161675932,4698090.000233602
20190819,913.5762103874004,4860289.182560538,4861202.758770925
20190820,913.5762103874004,4922937.523942539,4923851.100152926
20190821,913.5762103874004,4880813.826977308,4881727.403187695
20190822,913.5762103874004,4840836.603538929,4841750.179749316
20190823,913.5762103874004,4784819.539496487,4785733.115706874
20190826,2230.5334787886823,4774474.814797721,4776705.34827651
20190827,2230.5334787886823,4824418.920730769,4826649.454209558
20190828,2230.5334787886823,4995928.7052128725,4998159.2386916615
20190829,2230.5334787886823,5065228.121280275,5067458.654759064
20190830,2230.5334787886823,4918398.7697955435,4920629.303274333
20190902,620.4947011076147,5076078.883532055,5076699.378233163
20190903,620.4947011076147,5170461.077433588,5171081.572134696
20190904,620.4947011076147,5434844.635242427,5435465.129943535
20190905,620.4947011076147,5610418.14933169,5611038.644032798
20190906,620.4947011076147,5454219.823901388,5454840.318602496
20190909,17698.216773253866,5537094.171956161,5554792.388729415
20190910,17698.216773253866,5547169.850670163,5564868.067443416
20190911,17698.216773253866,5443761.275690567,5461459.492463821
20190912,17698.216773253866,5419191.889758967,5436890.106532221
20190916,775.3555215818342,5484370.025735289,5485145.381256871
20190917,775.3555215818342,5518720.489957855,5519495.845479437
20190918,775.3555215818342,5576344.0477750255,5577119.403296608
20190919,775.3555215818342,5649145.089841518,5649920.4453631
20190920,775.3555215818342,5689526.830323966,5690302.185845548
20190923,683.3893868180458,5724695.366846299,5725378.756233117
20190924,683.3893868180458,5705491.732432591,5706175.121819409
20190925,683.3893868180458,5553573.7994883545,5554257.188875172
20190926,683.3893868180458,5364896.4497107975,5365579.839097615
20190927,683.3893868180458,5470523.288706361,5471206.678093179
20190930,60.69644415238872,5341883.162678076,5341943.859122228
20191008,11356.434897023253,5276289.799443083,5287646.234340106
20191009,11356.434897023253,5368933.0013208445,5380289.436217868
20191010,11356.434897023253,5503982.797872294,5515339.232769317
20191011,11356.434897023253,5387174.21609624,5398530.650993263
20191014,16112.601567503763,5533245.140871246,5549357.74243875
20191015,16112.601567503763,5218109.857593203,5234222.459160707
20191016,16112.601567503763,5105273.537476153,5121386.139043657
20191017,16112.601567503763,5113599.939247064,5129712.540814568
20191018,16112.601567503763,4972587.519564017,4988700.121131521
20191021,96.70232315198518,4935466.294757485,4935562.997080637
20191022,96.70232315198518,4994793.438541824,4994890.140864976
20191023,96.70232315198518,5100711.980431545,5100808.682754696
20191024,96.70232315198518,4948470.703246418,4948567.40556957
20191025,96.70232315198518,4953649.195324399,4953745.89764755
20191028,206.45199732820038,5056239.620009448,5056446.072006777
20191029,206.45199732820038,4865428.77731384,4865635.229311168
20191030,206.45199732820038,4901007.003866626,4901213.4558639545
20191031,206.45199732820038,4815646.81429347,4815853.266290799
20191101,206.45199732820038,4968382.242921895,4968588.694919224
20191104,1177.112513611908,5139724.739507915,5140901.8520215275
20191105,1177.112513611908,5197998.54801422,5199175.660527832
20191106,1177.112513611908,5247244.736853609,5248421.849367221
20191107,1177.112513611908,5161663.58447351,5162840.696987122
20191108,1177.112513611908,5194323.920206316,5195501.032719928
20191111,292.11688512272667,5157472.119694238,5157764.23657936
20191112,292.11688512272667,5256034.11262294,5256326.229508063
20191113,292.11688512272667,5381297.721041711,5381589.837926834
20191114,292.11688512272667,5595228.687169299,5595520.804054422
20191115,292.11688512272667,5680140.996809393,5680433.113694516
20191118,1116.6284532283898,5824356.049104014,5825472.677557243
20191119,1116.6284532283898,5991354.977555938,5992471.606009167
20191120,1116.6284532283898,6000263.997475645,6001380.625928873
20191121,1116.6284532283898,5945945.030506747,5947061.6589599755
20191122,1116.6284532283898,5714007.406574821,5715124.03502805
20191125,686.925404878566,5597411.687238246,5598098.612643125
20191126,686.925404878566,5489831.3949838495,5490518.320388728
20191127,686.925404878566,5675922.720041311,5676609.64544619
20191128,686.925404878566,5718837.843605715,5719524.769010593
20191129,686.925404878566,5566550.008621946,5567236.934026824
20191202,144.36312591657043,5562638.333607884,5562782.696733801
20191203,144.36312591657043,5581202.704246715,5581347.067372631
20191204,144.36312591657043,5487482.075771613,5487626.43889753
20191205,144.36312591657043,5581694.571807748,5581838.934933664
20191206,144.36312591657043,5693361.339509133,5693505.70263505
20191209,1467.2431358287577,5839888.151121972,5841355.394257801
20191210,1467.2431358287577,5622198.968049105,5623666.211184934
20191211,1467.2431358287577,5735763.291228798,5737230.534364627
20191212,1467.2431358287577,5596138.493321196,5597605.736457025
20191213,1467.2431358287577,5620637.5005925875,5622104.743728416
20191216,283.6236339949537,5672481.614845691,5672765.238479686
20191217,283.6236339949537,5759025.538439643,5759309.162073637
20191218,283.6236339949537,5757084.282902515,5757367.906536509
20191219,283.6236339949537,5654791.351010925,5655074.97464492
20191220,283.6236339949537,5428718.475439675,5429002.09907367
20191223,4663.294101944426,5298384.657781481,5303047.951883425
20191224,4663.294101944426,5378614.217888181,5383277.511990125
20191225,4663.294101944426,5477017.165611697,5481680.459713642
20191226,4663.294101944426,5457078.701877759,5461741.995979703
20191227,4663.294101944426,5231418.5142776035,5236081.808379548
20191230,1038.4266114947386,5135767.375397566,5136805.802009061
20191231,1038.4266114947386,5217309.914239608,5218348.340851102
20200102,1038.4266114947386,5430956.055720776,5431994.482332271
20200103,1038.4266114947386,5463884.394364254,5464922.820975749
20200106,770.7971875281073,5662405.821628302,5663176.61881583
20200107,770.7971875281073,5706073.693929904,5706844.491117433
20200108,770.7971875281073,5529497.630099043,5530268.427286571
20200109,770.7971875281073,5614084.495646062,5614855.292833591
20200110,770.7971875281073,5597053.644923736,5597824.442111265
20200113,14.316583110485226,5636270.565855287,5636284.882438397
20200114,14.316583110485226,5623594.745052386,5623609.061635496
20200115,14.316583110485226,5585055.970024925,5585070.286608035
20200116,14.316583110485226,5883532.241790487,5883546.558373598
20200117,14.316583110485226,5528015.217497757,5528029.534080867
20200120,250.87339318729937,5364865.845291775,5365116.718684962
20200121,250.87339318729937,5271814.204618002,5272065.07801119
20200122,250.87339318729937,5165805.41783626,5166056.291229447
20200123,250.87339318729937,4903315.071406771,4903565.944799959
20200203,107.44190642600256,4462878.637797839,4462986.079704265
20200204,107.44190642600256,4556527.729971517,4556635.171877943
20200205,107.44190642600256,4795684.538300447,4795791.980206873
20200206,107.44190642600256,4990399.7326522125,4990507.174558639
20200207,107.44190642600256,4901371.454755783,4901478.896662209
20200210,1565.4087081508478,4999943.473859275,5001508.882567425
20200211,1565.4087081508478,5027260.357390588,5028825.766098739
20200212,1565.4087081508478,5202131.829882983,5203697.238591134
20200213,1565.4087081508478,5059850.085191695,5061415.4938998455
20200214,1565.4087081508478,5077655.187313411,5079220.596021562
20200217,417.90676586166956,5164459.870325967,5164877.777091828
20200218,417.90676586166956,5218570.679290568,5218988.58605643
20200219,417.90676586166956,5080302.292421691,5080720.199187553
20200220,417.90676586166956,4800950.918965938,4801368.825731799
20200221,417.90676586166956,4962823.5082938075,4963241.415059669
20200224,20957.100855317432,5198324.753472996,5219281.854328314
20200225,20957.100855317432,5621356.4368669065,5642313.537722224
20200226,20957.100855317432,5307985.069225036,5328942.170080353
20200227,20957.100855317432,5143790.859642631,5164747.960497949
20200228,20957.100855317432,4823724.652060999,4844681.752916316
20200302,2467.8438276503,4716267.7551482385,4718735.598975888
20200303,2467.8438276503,4879955.7307939865,4882423.574621636
20200304,2467.8438276503,4776478.529313852,4778946.373141502
20200305,2467.8438276503,4829758.209499085,4832226.053326735
20200306,2467.8438276503,4925944.911109876,4928412.754937526
20200309,3329.562147797398,4674671.743856151,4678001.306003948
20200310,3329.562147797398,4949957.044411182,4953286.6065589795
20200311,3329.562147797398,4692751.192267172,4696080.754414969
20200312,3329.562147797398,4625482.134622015,4628811.696769812
20200313,3329.562147797398,4704050.884512489,4707380.446660286
20200316,734.264863690827,4554793.168258527,4555527.433122218
20200317,734.264863690827,4612801.5807576105,4613535.845621301
20200318,734.264863690827,4586133.919176297,4586868.184039988
20200319,734.264863690827,4550639.397031451,4551373.661895141
20200320,734.264863690827,4573854.844810441,4574589.1096741315
20200323,38.93597125087399,4109001.1828896985,4109040.1188609493
20200324,38.93597125087399,4030084.6352901156,4030123.5712613664
20200325,38.93597125087399,4306575.434177177,4306614.370148428
20200326,38.93597125087399,4301632.778111773,4301671.714083023
20200327,38.93597125087399,4372473.275929506,4372512.211900757
20200330,944.1789962704061,4484305.531795874,4485249.710792145
20200331,944.1789962704061,4488058.158270003,4489002.337266274
20200401,944.1789962704061,4378778.515625736,4379722.694622006
20200402,944.1789962704061,4550920.786214609,4551864.965210879
20200403,944.1789962704061,4361292.846910046,4362237.025906317
20200407,541.7432770545129,4517245.231406464,4517786.9746835185
20200408,541.7432770545129,4466852.161343099,4467393.904620153
20200409,541.7432770545129,4612272.350314473,4612814.093591527
20200410,541.7432770545129,4435965.739254098,4436507.482531153
20200413,1231.3115025691222,4297862.135213438,4299093.446716008
20200414,1231.3115025691222,4398269.2986349,4399500.610137469
20200415,1231.3115025691222,4445269.966463333,4446501.277965902
20200416,1231.3115025691222,4458871.221259732,4460102.532762301
20200417,1231.3115025691222,4390436.739106609,4391668.050609178
20200420,1560.7402844544267,4465713.6849106895,4467274.425195144
20200421,1560.7402844544267,4513216.582759814,4514777.323044268
20200422,1560.7402844544267,4618588.832835713,4620149.5731201675
20200423,1560.7402844544267,4856364.836748723,4857925.577033177
20200424,1560.7402844544267,4599876.8396051545,4601437.579889609
20200427,616.5593592916848,4329142.55563217,4329759.114991462
20200428,616.5593592916848,4134593.782256044,4135210.3416153356
20200429,616.5593592916848,4044058.246002713,4044674.805362005
20200430,616.5593592916848,4102507.0711106556,4103123.630469947
20200506,131.8118097607512,4270775.132026384,4270906.943836144
20200507,131.8118097607512,4264744.4475269895,4264876.25933675
20200508,131.8118097607512,4298430.027286652,4298561.839096412
20200511,322.5792129235342,4380501.1987500945,4380823.777963018
20200512,322.5792129235342,4413832.082478338,4414154.661691261
20200513,322.5792129235342,4415416.831935092,4415739.411148015
20200514,322.5792129235342,4360478.50960969,4360801.0888226135
20200515,322.5792129235342,4363797.45783594,4364120.037048863
20200518,2527.03531030647,4325992.277373181,4328519.312683487
20200519,2527.03531030647,4347054.09303823,4349581.128348537
20200520,2527.03531030647,4247648.062389441,4250175.097699747
20200521,2527.03531030647,4086626.925418592,4089153.9607288986
20200522,2527.03531030647,3980231.307999483,3982758.3433097894
20200525,470.51262660254724,3954568.7200461514,3955039.2326727537
20200526,470.51262660254724,4183636.348098832,4184106.8607254345
20200527,470.51262660254724,4024240.675627399,4024711.1882540016
20200528,470.51262660254724,3911461.111323677,3911931.6239502793
20200529,470.51262660254724,3941257.4714990323,3941727.9841256347
20200601,627.004695474403,4125615.755853571,4126242.760549045
20200602,627.004695474403,4040028.6933913524,4040655.698086827
20200603,627.004695474403,4176409.9243136314,4177036.929009106
20200604,627.004695474403,4060674.856479964,4061301.8611754384
20200605,627.004695474403,3903852.318162534,3904479.3228580086
20200608,746.2336475381162,3834565.3875591713,3835311.621206709
20200609,746.2336475381162,3759133.436308019,3759879.669955557
20200610,746.2336475381162,3777778.476389491,3778524.7100370293
20200611,746.2336475381162,3782590.634901606,3783336.868549144
20200612,746.2336475381162,3875558.739893178,3876304.973540716
20200615,209.82389468431938,3990221.69730391,3990431.521198594
20200616,209.82389468431938,4152762.376412945,4152972.200307629
20200617,209.82389468431938,4053958.3780435957,4054168.20193828
20200618,209.82389468431938,3820304.614248002,3820514.438142686
20200619,209.82389468431938,3763226.0855910406,3763435.9094857248
20200622,231.53078920565895,3755500.273173427,3755731.803962633
20200623,231.53078920565895,3604242.342872002,3604473.873661208
20200624,231.53078920565895,3552082.8846777817,3552314.4154669875
20200629,1839.9534671602305,3568622.187184763,3570462.1406519236
20200630,1839.9534671602305,3727273.4133376135,3729113.366804774
20200701,1839.9534671602305,3965338.2426418886,3967178.196109049
20200702,1839.9534671602305,3964610.728283714,3966450.681750874
20200703,1839.9534671602305,3957666.011375606,3959505.9648427665
20200706,9617.67097247031,3845528.885175815,3855146.556148285
20200707,9617.67097247031,4019813.7540432396,4029431.42501571
20200708,9617.67097247031,3935751.8435384883,3945369.5145109585
20200709,9617.67097247031,4064626.9647334632,4074244.6357059334
20200710,9617.67097247031,4167797.6761412034,4177415.3471136736
20200713,1551.4378538194578,4345721.684863523,4347273.122717342
20200714,1551.4378538194578,4323318.2681494085,4324869.706003228
20200715,1551.4378538194578,4297597.002108485,4299148.439962305
20200716,1551.4378538194578,3894845.223134128,3896396.660987947
20200717,1551.4378538194578,3932508.000292613,3934059.438146433
20200720,8301.068785993848,4028149.6281145234,4036450.696900517
20200721,8301.068785993848,4084793.562937737,4093094.631723731
20200722,8301.068785993848,4155829.272023304,4164130.3408092977
20200723,8301.068785993848,4259679.385265028,4267980.4540510215
20200724,8301.068785993848,3826734.194701613,3835035.263487607
20200727,11793.157891428447,3728431.467172169,3740224.6250635977
20200728,11793.157891428447,3720713.4337130063,3732506.591604435
20200729,11793.157891428447,3924416.676931789,3936209.8348232177
20200730,11793.157891428447,4168697.1673854534,4180490.325276882
20200731,11793.157891428447,4391352.060616469,4403145.218507897
20200803,3665.707270712708,4603655.911169866,4607321.618440579
20200804,3665.707270712708,4373602.659045002,4377268.366315715
20200805,3665.707270712708,4485804.486512662,4489470.1937833745
20200806,3665.707270712708,4578750.084016354,4582415.791287066
20200807,3665.707270712708,4517824.105436744,4521489.812707457
20200810,6855.040583255817,4391319.573813692,4398174.614396947
20200811,6855.040583255817,4242545.719066023,4249400.759649279
20200812,6855.040583255817,4154009.9886415564,4160865.029224812
20200813,6855.040583255817,4090038.004608388,4096893.0451916438
20200814,6855.040583255817,4112137.774145161,4118992.8147284165
20200817,6384.016838327516,4352330.6526365,4358714.669474827
20200818,6384.016838327516,4539587.86679308,4545971.883631408
20200819,6384.016838327516,4257787.339763038,4264171.356601365
20200820,6384.016838327516,3998525.6492446386,4004909.666082966
20200821,6384.016838327516,3965930.647321443,3972314.6641597706
20200824,8049.049724361976,3943288.0434748745,3951337.0931992363
20200825,8049.049724361976,3862606.721054828,3870655.7707791897
20200826,8049.049724361976,3783825.069217245,3791874.118941607
20200827,8049.049724361976,3908340.317973651,3916389.367698013
20200828,8049.049724361976,3889898.113340706,3897947.163065068
20200831,1794.6068632403621,3824237.341846387,3826031.948709627
20200901,1794.6068632403621,3773960.1678122887,3775754.774675529
20200902,1794.6068632403621,3686076.63441009,3687871.24127333
20200903,1794.6068632403621,3523728.2582637207,3525522.865126961
20200904,1794.6068632403621,3478296.8464599047,3480091.453323145
20200907,3452.6999213978415,3341977.0395207643,3345429.739442162
20200908,3452.6999213978415,3258971.669759634,3262424.369681032
20200909,3452.6999213978415,2978356.240193618,2981808.940115016
20200910,3452.6999213978415,3038313.7774833227,3041766.4774047206
20200911,3452.6999213978415,3050997.2696347414,3054449.9695561393
20200914,1072.4482143469686,3112237.7292633355,3113310.1774776825
20200915,1072.4482143469686,3370810.1341551454,3371882.5823694924
20200916,1072.4482143469686,3326175.3038823996,3327247.7520967466
20200917,1072.4482143469686,3311278.9050926133,3312351.3533069603
20200918,1072.4482143469686,3342456.676688821,3343529.124903168
20200921,1019.2760149540845,3496025.8987433542,3497045.1747583086
20200922,1019.2760149540845,3333410.1354026753,3334429.4114176296
20200923,1019.2760149540845,3364061.0579872197,3365080.3340021735
20200924,1019.2760149540845,3147899.3077711384,3148918.5837860927
20200925,1019.2760149540845,3205816.4791774782,3206835.7551924326
20200928,745.2100665791659,3171937.6818040204,3172682.8918705997
20200929,745.2100665791659,3059098.1695714546,3059843.379638034
20200930,745.2100665791659,3075732.7119065244,3076477.9219731037
20201009,229.68051791843027,3249460.006438868,3249689.6869567866
20201012,10.388797630672343,3310381.517784862,3310391.9065824924
20201013,10.388797630672343,3470388.212443906,3470398.6012415364
20201014,10.388797630672343,3388597.885570525,3388608.2743681557
20201015,10.388797630672343,3350875.8863841626,3350886.275181793
20201016,10.388797630672343,3283686.816453604,3283697.2052512346
20201019,1390.4690232585417,3285218.8419804,3286609.3110036585
20201020,1390.4690232585417,3273874.397813814,3275264.8668370727
20201021,1390.4690232585417,3245447.8417775575,3246838.310800816
20201022,1390.4690232585417,3154596.1195538705,3155986.588577129
20201023,1390.4690232585417,3136559.7848924287,3137950.253915687
20201026,2249.418548695161,3173444.4393264665,3175693.857875162
20201027,2249.418548695161,3221908.358445027,3224157.776993722
20201028,2249.418548695161,3158985.7510707243,3161235.1696194196
20201029,2249.418548695161,3270767.633979814,3273017.0525285094
20201030,2249.418548695161,3207296.6250130306,3209546.043561726
20201102,864.8795527918264,3288793.477942943,3289658.357495735
20201103,864.8795527918264,3455721.9585222825,3456586.8380750744
20201104,864.8795527918264,3365345.4362253216,3366210.3157781134
20201105,864.8795527918264,3466734.0796912657,3467598.9592440575
20201106,864.8795527918264,3273037.332212371,3273902.2117651626
20201109,858.2003001794219,3390727.707293877,3391585.9075940563
20201110,858.2003001794219,3513854.803839541,3514713.0041397205
20201111,858.2003001794219,3148101.15937753,3148959.3596777096
20201112,858.2003001794219,3091319.4385755407,3092177.63887572
20201113,858.2003001794219,3124375.9635915346,3125234.163891714
20201116,1694.6946133152815,2930990.1842572526,2932684.878870568
20201117,1694.6946133152815,2962506.0447187964,2964200.7393321116
20201118,1694.6946133152815,3030046.983818498,3031741.678431813
20201119,1694.6946133152815,3193208.7965352386,3194903.491148554
20201120,1694.6946133152815,3161540.034377479,3163234.728990794
20201123,3602.9937030106084,3310354.8022065735,3313957.795909584
20201124,3602.9937030106084,3383334.878708262,3386937.8724112725
20201125,3602.9937030106084,3361525.643617454,3365128.6373204645
20201126,3602.9937030106084,3485535.387046148,3489138.3807491586
20201127,3602.9937030106084,3495031.6360397823,3498634.629742793
20201130,461.2263531216886,3582289.2188664046,3582750.445219526
20201201,461.2263531216886,3806340.9717755443,3806802.198128666
20201202,461.2263531216886,3707201.821931038,3707663.04828416
20201203,461.2263531216886,3690485.8136657616,3690947.0400188835
20201204,461.2263531216886,3610431.9601504975,3610893.186503619
20201207,18.124286949052475,3647799.3087191805,3647817.4330061297
20201208,18.124286949052475,3536693.199540736,3536711.3238276853
20201209,18.124286949052475,3330738.0272879023,3330756.1515748515
20201210,18.124286949052475,3238939.7152299806,3238957.83951693
20201211,18.124286949052475,3168389.4314363184,3168407.5557232676
20201214,3988.2968976658303,3425167.4715333935,3429155.768431059
20201215,3988.2968976658303,3409194.34402444,3413182.640922106
20201216,3988.2968976658303,3392760.233687207,3396748.5305848727
20201217,3988.2968976658303,3449889.398133122,3453877.695030788
20201218,3988.2968976658303,3523462.664241206,3527450.9611388715
20201221,477.12155785923824,3525010.8757123756,3525487.997270235
20201222,477.12155785923824,3533449.584436291,3533926.70599415
20201223,477.12155785923824,3512826.209353258,3513303.330911117
20201224,477.12155785923824,3508428.138552908,3508905.260110767
20201225,477.12155785923824,3378572.283966752,3379049.405524611
20201228,304.02736629894935,3497922.540764666,3498226.5681309653
20201229,304.02736629894935,3558162.260394901,3558466.2877612
20201230,304.02736629894935,3664077.288143324,3664381.315509623
20201231,304.02736629894935,3683387.2751303716,3683691.3024966707
20210104,826.2793518712278,3845311.2249524663,3846137.5043043373
20210105,826.2793518712278,3925179.005592086,3926005.284943957
20210106,826.2793518712278,3743736.2304718895,3744562.509823761
20210107,826.2793518712278,3687033.45842674,3687859.7377786115
20210108,826.2793518712278,3683562.3754279185,3684388.65477979
20210111,359.9786910349503,3546238.3980975165,3546598.3767885515
20210112,359.9786910349503,3499414.243176235,3499774.22186727
20210113,359.9786910349503,3502385.150316846,3502745.129007881
20210114,359.9786910349503,3287443.0829085936,3287803.0615996285
20210115,359.9786910349503,3317806.6631645625,3318166.6418555975
20210118,65.45912339107599,3382305.808917666,3382371.268041057
20210119,65.45912339107599,3301432.640837097,3301498.0999604883
20210120,65.45912339107599,3441277.6737613184,3441343.1328847096
20210121,65.45912339107599,3586807.3702775827,3586872.829400974
20210122,65.45912339107599,3466896.8658318706,3466962.324955262
20210125,1249.1363609411055,3629094.826787607,3630343.963148548
20210126,1249.1363609411055,3603603.814316342,3604852.950677283
20210127,1249.1363609411055,3495952.9535214105,3497202.0898823515
20210128,1249.1363609411055,3413292.681465485,3414541.817826426
20210129,1249.1363609411055,3489464.2488260865,3490713.3851870275
20210201,315.04377633705735,3422516.1074683294,3422831.1512446664
20210202,315.04377633705735,3523546.2933544433,3523861.3371307803
20210203,315.04377633705735,3423059.999682124,3423375.043458461
20210204,315.04377633705735,3229064.225893316,3229379.269669653
20210205,315.04377633705735,3075879.345720371,3076194.3894967083
20210208,1234.3853422963293,3117876.9693172276,3119111.354659524
20210209,1234.3853422963293,3219902.5207560835,3221136.9060983798
20210210,1234.3853422963293,3188837.0642878343,3190071.4496301305
20210218,1098.6028316942975,3386564.833440864,3387663.4362725583
20210219,1098.6028316942975,3474067.2475983123,3475165.8504300066
20210222,11418.342689201003,3367640.2297981465,3379058.5724873478
20210223,11418.342689201003,3369053.300267147,3380471.642956348
20210224,11418.342689201003,3230958.1896784133,3242376.532367614
20210225,11418.342689201003,3219943.7960879803,3231362.1387771815
20210226,11418.342689201003,3152529.6744149094,3163948.0171041107
20210301,12551.985166385886,3221309.5793510247,3233861.5645174105
20210302,12551.985166385886,3094904.7197163124,3107456.704882698
20210303,12551.985166385886,3174458.414328969,3187010.399495355
20210304,12551.985166385886,2940552.4247414027,2953104.4099077885
20210305,12551.985166385886,2914628.768275272,2927180.753441658
20210308,4620.381125967368,2700925.250795915,2705545.6319218823
20210309,4620.381125967368,2617479.318889263,2622099.7000152306
20210310,4620.381125967368,2702918.713837669,2707539.0949636367
20210311,4620.381125967368,2787595.2664853567,2792215.647611324
20210312,4620.381125967368,2829461.919824772,2834082.3009507395
20210315,653.1024685734883,2903905.329597516,2904558.4320660895
20210316,653.1024685734883,2868445.7066716654,2869098.809140239
20210317,653.1024685734883,3026158.714078552,3026811.8165471256
20210318,653.1024685734883,3024099.8323632125,3024752.934831786
20210319,653.1024685734883,2950926.869089674,2951579.9715582477
20210322,491.9773944745539,2959344.419723072,2959836.3971175468
20210323,491.9773944745539,2728022.3223089874,2728514.299703462
20210324,491.9773944745539,2628309.427043079,2628801.4044375536
20210325,491.9773944745539,2723810.598305823,2724302.5757002975
20210326,491.9773944745539,2829385.1199282063,2829877.097322681
20210329,895.2691951522138,2922257.169749286,2923152.4389444385
20210330,895.2691951522138,2874742.601195719,2875637.8703908715
20210331,895.2691951522138,2907635.7962152115,2908531.0654103635
20210401,895.2691951522138,2956313.650652954,2957208.919848106
20210402,895.2691951522138,2898537.132899803,2899432.4020949556
20210406,144.00911054189783,2937969.000879293,2938113.009989835
20210407,144.00911054189783,3065984.9935304187,3066129.0026409607
20210408,144.00911054189783,2952203.954494893,2952347.963605435
20210409,144.00911054189783,2934264.9277222026,2934408.9368327446
20210412,7560.309191602282,2896650.2669907105,2904210.576182313
20210413,7560.309191602282,2871941.0200419403,2879501.3292335426
20210414,7560.309191602282,2880421.3060241286,2887981.615215731
20210415,7560.309191602282,2829095.9357358273,2836656.2449274296
20210416,7560.309191602282,2861910.9495385084,2869471.2587301107
20210419,1073.7630713419057,2865403.24838006,2866477.0114514017
20210420,1073.7630713419057,2772898.0415278734,2773971.8045992153
20210421,1073.7630713419057,2755444.984549436,2756518.7476207777
20210422,1073.7630713419057,2789699.850721964,2790773.613793306
20210423,1073.7630713419057,2710033.783101521,2711107.546172863
20210426,1312.975357144489,2668627.4999510143,2669940.475308159
20210427,1312.975357144489,2758392.4999510143,2759705.475308159
20210428,1312.975357144489,2768245.8617615364,2769558.837118681
20210429,1312.975357144489,2862556.4696776723,2863869.445034817
20210430,1312.975357144489,2784469.2629567944,2785782.238313939
20210506,541.7013380462304,2732235.1285153106,2732776.829853357
20210507,541.7013380462304,2693172.9469241276,2693714.648262174
20210510,4785.569775796379,2720229.4397271685,2725015.009502965
20210511,4785.569775796379,2745763.6488487436,2750549.21862454
20210512,4785.569775796379,2754368.3910939405,2759153.960869737
20210513,4785.569775796379,2747942.269402476,2752727.8391782725
20210514,4785.569775796379,2784924.795828004,2789710.3656038004
20210517,2000.2997044500662,2692904.3036280093,2694904.6033324595
20210518,2000.2997044500662,2766030.5713014514,2768030.8710059016
20210519,2000.2997044500662,2730583.9823052995,2732584.2820097497
20210520,2000.2997044500662,2597370.7745550815,2599371.0742595317
20210521,2000.2997044500662,2657692.609160213,2659692.908864663
20210524,2228.5882889828063,2659415.133520852,2661643.7218098347
20210525,2228.5882889828063,2820778.19729658,2823006.7855855627
20210526,2228.5882889828063,2963574.6900855503,2965803.278374533
20210527,2228.5882889828063,2918187.0255624917,2920415.6138514746
20210528,2228.5882889828063,2907723.8319969717,2909952.4202859546
20210531,323.0675543114776,2962882.2547452548,2963205.322299566
20210601,323.0675543114776,3022490.466149235,3022813.5337035465
20210602,323.0675543114776,2912601.2849458233,2912924.3525001346
20210603,323.0675543114776,2760395.7514024437,2760718.818956755
20210604,323.0675543114776,2615925.956120802,2616249.0236751135
20210607,171.4624528043787,2754765.506582165,2754936.9690349693
20210608,171.4624528043787,2793725.270063838,2793896.732516642
20210609,171.4624528043787,2756128.9599538464,2756300.4224066506
20210610,171.4624528043787,2799175.5730989017,2799347.035551706
20210611,171.4624528043787,2856327.2508470705,2856498.7132998747
20210615,1257.3203900556546,2910405.372828799,2911662.6932188543
20210616,1257.3203900556546,2799120.614215443,2800377.934605499
20210617,1257.3203900556546,2873350.609107008,2874607.929497064
20210618,1257.3203900556546,2863258.5703694536,2864515.890759509
20210621,885.9879180920216,2983003.269598995,2983889.257517087
20210622,885.9879180920216,2955558.103326734,2956444.091244826
20210623,885.9879180920216,3087397.635036099,3088283.6229541907
20210624,885.9879180920216,2927421.2892609094,2928307.2771790014
20210625,885.9879180920216,2903010.670589811,2903896.658507903
20210628,15486.725220638444,3050472.5819243304,3065959.307144969
20210629,15486.725220638444,2910234.8840253237,2925721.609245962
20210630,15486.725220638444,2886967.7844729233,2902454.5096935616
20210701,15486.725220638444,2885335.697449684,2900822.4226703225
20210702,15486.725220638444,2840487.974118023,2855974.6993386615
20210705,6720.763836042257,2897132.0950894454,2903852.858925488
20210706,6720.763836042257,2952644.835824544,2959365.5996605866
20210707,6720.763836042257,3063585.827574047,3070306.5914100893
20210708,6720.763836042257,2956118.256260205,2962839.020096247
20210709,6720.763836042257,2942926.0841363436,2949646.8479723856
20210712,17332.789080990944,2964892.7841091845,2982225.5731901755
20210713,17332.789080990944,2914269.272466681,2931602.061547672
20210714,17332.789080990944,2991141.3027120414,3008474.0917930324
20210715,17332.789080990944,2958135.6684008576,2975468.4574818485
20210716,17332.789080990944,2969963.2234995086,2987296.0125804995
20210719,1280.5826411895687,2996237.438653739,2997518.0212949286
20210720,1280.5826411895687,2873170.1184224784,2874450.701063668
20210721,1280.5826411895687,2927385.492853856,2928666.0754950456
20210722,1280.5826411895687,2862016.165780058,2863296.7484212476
20210723,1280.5826411895687,2719887.300200786,2721167.8828419754
20210726,661.5030430880797,2636344.1399442665,2637005.6429873547
20210727,661.5030430880797,2556269.496698846,2556930.9997419342
20210728,661.5030430880797,2651195.7357313964,2651857.2387744845
20210729,661.5030430880797,2682224.417009832,2682885.92005292
20210730,661.5030430880797,2594131.2315642824,2594792.7346073706
20210802,2576.854032540461,2645924.9879410993,2648501.84197364
20210803,2576.854032540461,2575608.9323345083,2578185.7863670485
20210804,2576.854032540461,2629420.500828128,2631997.354860668
20210805,2576.854032540461,2604405.715172888,2606982.5692054285
20210806,2576.854032540461,2654414.2844390227,2656991.1384715633
20210809,22764.23652879498,2649317.9253770867,2672082.161905882
20210810,22764.23652879498,2547308.3233793667,2570072.559908162
20210811,22764.23652879498,2554946.634549195,2577710.87107799
20210812,22764.23652879498,2551483.2234799415,2574247.4600087367
20210813,22764.23652879498,2465289.371319646,2488053.607848441
20210816,4683.5311571183265,2480497.295357214,2485180.826514332
20210817,4683.5311571183265,2422931.8224566304,2427615.3536137487
20210818,4683.5311571183265,2362124.523294396,2366808.0544515145
20210819,4683.5311571183265,2353573.3687631106,2358256.899920229
20210820,4683.5311571183265,2341368.2903402313,2346051.8214973495
20210823,776.3977610140719,2448447.0818151394,2449223.4795761537
20210824,776.3977610140719,2404690.8128599203,2405467.2106209346
20210825,776.3977610140719,2424085.5157034374,2424861.9134644517
20210826,776.3977610140719,2360122.4780147457,2360898.87577576
20210827,776.3977610140719,2482973.8424398196,2483750.240200834
20210830,2464.4016389753087,2559453.3656654535,2561917.767304429
20210831,2464.4016389753087,2481074.007982711,2483538.409621686
20210901,2464.4016389753087,2359093.356186333,2361557.7578253085
20210902,2464.4016389753087,2391110.3881490044,2393574.78978798
20210903,2464.4016389753087,2312443.9573129783,2314908.3589519537
20210906,12880.554797613062,2227767.2104633525,2240647.7652609656
20210907,12880.554797613062,2322972.4824849283,2335853.0372825414
20210908,12880.554797613062,2235638.550984652,2248519.105782265
20210909,12880.554797613062,2186888.594327154,2199769.149124767
20210910,12880.554797613062,2262353.923193548,2275234.477991161
20210913,6388.402032662183,2379066.2532633534,2385454.6552960156
20210914,6388.402032662183,2494530.452147482,2500918.854180144
20210915,6388.402032662183,2603048.8251847574,2609437.2272174195
20210916,6388.402032662183,2379449.159559276,2385837.561591938
20210917,6388.402032662183,2402035.962599149,2408424.364631811
20210922,2450.968663806678,2449614.0710531785,2452065.039716985
20210923,2450.968663806678,2454058.7608650825,2456509.729528889
20210924,2450.968663806678,2399567.2075317856,2402018.176195592
20210927,7412.628112680337,2270710.216031987,2278122.8441446675
20210928,7412.628112680337,2186669.772413158,2194082.400525838
20210929,7412.628112680337,2064464.1642301641,2071876.7923428444
20210930,7412.628112680337,2188406.3088117572,2195818.9369244375
20211008,454.92552033701213,2176159.362208046,2176614.287728383
20211011,8266.872761671606,2118595.6895269486,2126862.56228862
20211012,8266.872761671606,2033120.0918325009,2041386.9645941725
20211013,8266.872761671606,2065052.1569968702,2073319.0297585418
20211014,8266.872761671606,2007191.3058989367,2015458.1786606084
20211015,8266.872761671606,2011386.2327178305,2019653.1054795021
20211018,401.61813736107433,2145469.5346058905,2145871.1527432515
20211019,401.61813736107433,2227570.5170769338,2227972.135214295
20211020,401.61813736107433,2347420.0626748106,2347821.6808121717
20211021,401.61813736107433,2517805.583191995,2518207.201329356
20211022,401.61813736107433,2546317.0360400123,2546718.6541773733
20211025,3330.9223425496602,2644775.676266067,2648106.5986086167
20211026,3330.9223425496602,2627314.2001826228,2630645.1225251723
20211027,3330.9223425496602,2661911.3613823135,2665242.283724863
20211028,3330.9223425496602,2661907.0064620357,2665237.9288045852
20211029,3330.9223425496602,2776583.0843576593,2779914.006700209
20211101,519.9870113708312,2898542.2636663206,2899062.2506776913
20211102,519.9870113708312,2827379.5214322275,2827899.508443598
20211103,519.9870113708312,2909638.5421612593,2910158.52917263
20211104,519.9870113708312,2952653.382904806,2953173.369916177
20211105,519.9870113708312,2879191.8741471423,2879711.861158513
20211108,901.5475649931468,2978689.0677227657,2979590.615287759
20211109,901.5475649931468,3149625.6191752646,3150527.1667402578
20211110,901.5475649931468,3162436.4749738034,3163338.0225387965
20211111,901.5475649931468,3088338.62699666,3089240.1745616533
20211112,901.5475649931468,3037969.652705749,3038871.200270742
20211115,3467.3772670420585,2905371.1576432963,2908838.5349103385
20211116,3467.3772670420585,3008851.465905203,3012318.843172245
20211117,3467.3772670420585,3152349.135918024,3155816.513185066
20211118,3467.3772670420585,3105095.451129761,3108562.8283968032
20211119,3467.3772670420585,3125191.164135292,3128658.5414023343
20211122,1022.7528971458087,3165987.8269851897,3167010.5798823354
20211123,1022.7528971458087,3217466.632893304,3218489.3857904496
20211124,1022.7528971458087,3186220.108309188,3187242.8612063336
20211125,1022.7528971458087,3112351.8713436583,3113374.624240804
20211126,1022.7528971458087,3031831.4491713364,3032854.202068482
20211129,2502.212956418982,3063774.9795681178,3066277.1925245365
20211130,2502.212956418982,3145911.288529978,3148413.5014863973
20211201,2502.212956418982,3047563.589111911,3050065.8020683303
20211202,2502.212956418982,2954765.911705833,2957268.124662252
20211203,2502.212956418982,3065751.8598505985,3068254.0728070177
20211206,7055.145956107415,3021912.0309834965,3028967.176939604
20211207,7055.145956107415,2965930.7929528374,2972985.938908945
20211208,7055.145956107415,3001807.3390301727,3008862.48498628
20211209,7055.145956107415,2979861.6063187653,2986916.7522748727
20211210,7055.145956107415,3082427.973049463,3089483.11900557
20211213,4152.782076884992,3060487.340877166,3064640.122954051
20211214,4152.782076884992,3048747.441522299,3052900.223599184
20211215,4152.782076884992,3025061.297878178,3029214.079955063
20211216,4152.782076884992,3007873.336131613,3012026.1182084978
20211217,4152.782076884992,2931551.2110344316,2935703.9931113166
20211220,4323.934130036505,2814504.6515286546,2818828.585658691
20211221,4323.934130036505,2864672.601527995,2868996.5356580317
20211222,4323.934130036505,2829092.6804076903,2833416.614537727
20211223,4323.934130036505,2862085.726308812,2866409.6604388487
20211224,4323.934130036505,2839344.040769405,2843667.974899442
20211227,49.244382913806476,2887222.8782635275,2887272.122646441
20211228,49.244382913806476,2921805.8998789373,2921855.144261851
20211229,49.244382913806476,2973158.0429532467,2973207.2873361604
20211230,49.244382913806476,2932490.287398741,2932539.531781655
20211231,49.244382913806476,2884933.9978066105,2884983.242189524
20220104,233.687891063164,2933866.2682765755,2934099.956167639
20220105,233.687891063164,3011580.811548072,3011814.499439135
20220106,233.687891063164,2907975.9858975895,2908209.6737886528
20220107,233.687891063164,2838490.3098568637,2838723.997747927
20220110,37.48450404620962,2954566.416491563,2954603.9009956094
20220111,37.48450404620962,2984189.1929093613,2984226.6774134077
20220112,37.48450404620962,3138966.30768183,3139003.7921858765
20220113,37.48450404620962,3076869.7841447876,3076907.268648834
20220114,37.48450404620962,3267383.130329353,3267420.614833399
20220117,800.878247309709,3255163.3670786554,3255964.245325965
20220118,800.878247309709,3246242.82300558,3247043.70125289
20220119,800.878247309709,3077001.8819547226,3077802.7602020325
20220120,800.878247309709,2902769.600902292,2903570.4791496014
20220121,800.878247309709,2826884.6975799706,2827685.57582728
20220124,7582.288945844164,2779293.3909979854,2786875.67994383
20220125,7582.288945844164,2680799.417004635,2688381.705950479
20220126,7582.288945844164,2622293.8343386855,2629876.12328453
20220127,7582.288945844164,2596963.0599939167,2604545.3489397606
20220128,7582.288945844164,2606900.9387392844,2614483.2276851283
20220207,759.8797687143087,2660728.306338028,2661488.1861067424
20220208,759.8797687143087,2861860.6443661973,2862620.5241349116
20220209,759.8797687143087,3016721.1795774647,3017481.059346179
20220210,759.8797687143087,3049149.2429577466,3049909.122726461
20220211,759.8797687143087,2973619.5616197186,2974379.441388433
20220214,596211.3587305119,2517413.333615387,3113624.6923458986
20220215,596211.3587305119,2624518.7619187627,3220730.1206492744
20220216,596211.3587305119,2874666.6971421833,3470878.055872695
20220217,596211.3587305119,2787596.966185415,3383808.324915927
20220218,596211.3587305119,2934257.3123155185,3530468.6710460302
20220221,718681.5360996365,2928682.4930282114,3647364.029127848
20220222,718681.5360996365,2945050.144742744,3663731.6808423805
20220223,718681.5360996365,2789247.0825665663,3507928.6186662028
20220224,718681.5360996365,2514829.0743099093,3233510.6104095457
20220225,718681.5360996365,2413107.051369396,3131788.5874690325
20220228,1848.9075447773248,3088058.901928339,3089907.8094731164
20220301,1848.9075447773248,3133026.4992153845,3134875.4067601617
20220302,1848.9075447773248,3142338.4459752403,3144187.3535200176
20220303,1848.9075447773248,2990793.0349345463,2992641.9424793236
20220304,1848.9075447773248,2959173.3335374594,2961022.2410822366
20220307,2458.5704196960432,2904785.990231879,2907244.560651575
20220308,2458.5704196960432,2764332.782308721,2766791.352728417
20220309,2458.5704196960432,2884954.5737266364,2887413.1441463325
20220310,2458.5704196960432,2964215.9860022953,2966674.5564219914
20220311,2458.5704196960432,2978579.4761229996,2981038.0465426957
20220314,214.86758834985085,3015048.82411276,3015263.6917011095
20220315,214.86758834985085,2903014.7041349905,2903229.57172334
20220316,214.86758834985085,3009585.2879640684,3009800.155552418
20220317,214.86758834985085,3146596.732050598,3146811.599638948
20220318,214.86758834985085,3159895.8431000845,3160110.7106884345
20220321,16069.842494439916,3141199.4217920233,3157269.264286463
20220322,16069.842494439916,3100485.115991681,3116554.9584861207
20220323,16069.842494439916,3033835.5071691065,3049905.3496635463
20220324,16069.842494439916,3123989.6246041227,3140059.4670985625
20220325,16069.842494439916,2963094.8528129766,2979164.6953074164
20220328,5379.303513887571,3010685.062484744,3016064.3659986313
20220329,5379.303513887571,2861414.113253944,2866793.416767832
20220330,5379.303513887571,2908299.9598894906,2913679.2634033784
20220331,5379.303513887571,2980474.0038691848,2985853.3073830726
20220401,5379.303513887571,2770677.235034696,2776056.538548583
20220406,934.289236837496,2699695.9648462543,2700630.254083092
20220407,934.289236837496,2526692.5461682007,2527626.835405038
20220408,934.289236837496,2435546.319526099,2436480.6087629367
20220411,1721.2173412803095,2393266.8488667943,2394988.066208075
20220412,1721.2173412803095,2380962.3081479343,2382683.525489215
20220413,1721.2173412803095,2213190.2909598495,2214911.5083011296
20220414,1721.2173412803095,2297641.914341953,2299363.131683233
20220415,1721.2173412803095,2347705.4753455985,2349426.692686879
20220418,389.2695702588535,2207408.444172529,2207797.713742788
20220419,389.2695702588535,2214011.2438002634,2214400.5133705223
20220420,389.2695702588535,2119881.5635079085,2120270.8330781674
20220421,389.2695702588535,1946459.589216318,1946848.858786577
20220422,389.2695702588535,1916259.7686492675,1916649.0382195264
20220425,274.4512644377537,1954377.3629577854,1954651.8142222231
20220426,274.4512644377537,2028851.2882435508,2029125.7395079886
20220427,274.4512644377537,2114884.223625138,2115158.6748895757
20220428,274.4512644377537,2233316.817706773,2233591.268971211
20220429,274.4512644377537,2295232.1366612026,2295506.5879256404
20220505,168.31566474569263,2292815.2892939877,2292983.6049587335
20220506,168.31566474569263,2190565.891469738,2190734.207134484
20220509,149.51113603462,2244255.663987468,2244405.1751235025
20220510,149.51113603462,2292924.4299485967,2293073.9410846313
20220511,149.51113603462,2368300.0936666233,2368449.604802658
20220512,149.51113603462,2385729.5116443266,2385879.022780361
20220513,149.51113603462,2302225.4385223575,2302374.949658392
20220516,1610.189816634811,2293406.249203843,2295016.4390204777
20220517,1610.189816634811,2287633.2742901295,2289243.464106764
20220518,1610.189816634811,2229123.405968521,2230733.5957851554
20220519,1610.189816634811,2210660.8813925777,2212271.0712092123
20220520,1610.189816634811,2309312.1724281427,2310922.3622447774
20220523,3206.648004139948,2353187.074527488,2356393.722531628
20220524,3206.648004139948,2151511.170724982,2154717.8187291217
20220525,3206.648004139948,2188121.426321956,2191328.0743260956
20220526,3206.648004139948,2262267.3481202913,2265473.996124431
20220527,3206.648004139948,2407494.30051211,2410700.9485162497
20220530,3886.3129667267203,2367712.0,2371598.3129667267
20220531,3886.3129667267203,2378157.0,2382043.3129667267
20220601,3886.3129667267203,2321795.0,2325681.3129667267
20220602,3886.3129667267203,2367058.0,2370944.3129667267
20220606,1756.0772338034585,2311411.9199517304,2313167.997185534
20220607,1756.0772338034585,2455375.8633933165,2457131.94062712
20220608,1756.0772338034585,2353521.0236407327,2355277.100874536
20220609,1756.0772338034585,2268537.5475550415,2270293.624788845
20220610,1756.0772338034585,2285227.6606708704,2286983.737904674
20220613,99.48478541639633,2252559.6859090636,2252659.1706944797
20220614,99.48478541639633,2222431.6616672054,2222531.1464526216
20220615,99.48478541639633,2187387.2479945393,2187486.7327799555
20220616,99.48478541639633,2207552.2464255686,2207651.731210985
20220617,99.48478541639633,2211825.5907198866,2211925.075505303
20220620,340.45918548380723,2172143.5326610133,2172483.991846497
20220621,340.45918548380723,2107195.093895638,2107535.5530811218
20220622,340.45918548380723,2023829.6742302696,2024170.1334157535
20220623,340.45918548380723,2029728.4214225686,2030068.8806080525
20220624,340.45918548380723,2033375.9079379633,2033716.3671234471
20220627,2113.154211436573,2067839.943373616,2069953.0975850527
20220628,2113.154211436573,2077437.66659213,2079550.8208035666
20220629,2113.154211436573,1980521.333795935,1982634.4880073715
20220630,2113.154211436573,1964315.5792921623,1966428.733503599
20220701,2113.154211436573,1965400.153609953,1967513.3078213895
20220704,2475.5210623952444,1933236.5491665914,1935712.0702289867
20220705,2475.5210623952444,2011645.9354718314,2014121.4565342267
20220706,2475.5210623952444,1952272.2068490945,1954747.7279114898
20220707,2475.5210623952444,1959893.6367289566,1962369.157791352
20220708,2475.5210623952444,1913365.6044563374,1915841.1255187327
20220711,71.575797952828,1855889.5377382934,1855961.1135362461
20220712,71.575797952828,1773080.0844291314,1773151.660227084
20220713,71.575797952828,1798922.8580189594,1798994.4338169121
20220714,71.575797952828,1821269.8229414683,1821341.3987394213
20220715,71.575797952828,1763154.796033411,1763226.371831364
20220718,11218.482424555754,1770990.9919874698,1782209.4744120257
20220719,11218.482424555754,1760163.3921503555,1771381.8745749113
20220720,11218.482424555754,1746892.2070757644,1758110.6895003202
20220721,11218.482424555754,1716015.445844072,1727233.9282686277
20220722,11218.482424555754,1708734.451750826,1719952.934175382
20220725,1048.3366906130686,1699532.0592913227,1700580.3959819358
20220726,1048.3366906130686,1700008.2798397476,1701056.6165303607
20220727,1048.3366906130686,1721109.5450659113,1722157.8817565243
20220728,1048.3366906130686,1712124.8896635121,1713173.2263541252
20220729,1048.3366906130686,1707348.443527049,1708396.780217662
20220801,5469.068049900408,1709772.0211224495,1715241.08917235
20220802,5469.068049900408,1684874.101584814,1690343.1696347145
20220803,5469.068049900408,1645159.52147009,1650628.5895199904
20220804,5469.068049900408,1602668.9220962704,1608137.9901461708
20220805,5469.068049900408,1501079.1987956923,1506548.2668455928
20220808,304.158700279977,1545304.3622961314,1545608.5209964113
20220809,304.158700279977,1537279.4743410198,1537583.6330412996
20220810,304.158700279977,1572705.852582369,1573010.011282649
20220811,304.158700279977,1525997.8558904266,1526302.0145907064
20220812,304.158700279977,1549695.6230494264,1549999.7817497062
20220815,8740.165036603285,1564140.8201126503,1572880.9851492536
20220816,8740.165036603285,1636031.6424282806,1644771.807464884
20220817,8740.165036603285,1628624.0669020382,1637364.2319386415
20220818,8740.165036603285,1677786.0380169367,1686526.20305354
20220819,8740.165036603285,1592481.5628901832,1601221.7279267865
20220822,2950.114039637323,1559965.0436144266,1562915.157654064
20220823,2950.114039637323,1591312.1455593675,1594262.2595990049
20220824,2950.114039637323,1490932.388751304,1493882.5027909414
20220825,2950.114039637323,1481800.7882224892,1484750.9022621266
20220826,2950.114039637323,1457685.4629970838,1460635.5770367212
20220829,2978.1818158107344,1442785.9461315975,1445764.1279474082
20220830,2978.1818158107344,1403771.531947486,1406749.7137632968
20220831,2978.1818158107344,1362487.2603508353,1365465.442166646
20220901,2978.1818158107344,1354611.4740393546,1357589.6558551653
20220902,2978.1818158107344,1422391.9149511992,1425370.09676701
20220905,2591.923737292993,1443475.4350411934,1446067.3587784865
20220906,2591.923737292993,1593800.7560081803,1596392.6797454734
20220907,2591.923737292993,1674607.1805276761,1677199.104264969
20220908,2591.923737292993,1607422.533333908,1610014.457071201
20220909,2591.923737292993,1564231.8001813027,1566823.7239185958
20220913,3322.847571094986,1588400.9952039907,1591723.8427750857
20220914,3322.847571094986,1569631.8374521104,1572954.6850232054
20220915,3322.847571094986,1488804.1215619443,1492126.9691330392
20220916,3322.847571094986,1465813.954664114,1469136.802235209
20220919,27441.79237423133,1448252.3174266422,1475694.1098008736
20220920,27441.79237423133,1486289.4465521309,1513731.2389263622
20220921,27441.79237423133,1495142.9109506041,1522584.7033248355
20220922,27441.79237423133,1501784.2752259634,1529226.0676001948
20220923,27441.79237423133,1467050.221459294,1494492.0138335254
20220926,782.5504538794048,1485613.7122540069,1486396.2627078863
20220927,782.5504538794048,1507893.853628112,1508676.4040819914
20220928,782.5504538794048,1455629.5168568455,1456412.0673107249
20220929,782.5504538794048,1463848.7641185264,1464631.3145724058
20220930,782.5504538794048,1430659.9977848772,1431442.5482387566
20221010,3674.080032406375,1383898.1495827325,1387572.2296151388
20221011,3674.080032406375,1522061.3095727249,1525735.3896051312
20221012,3674.080032406375,1579077.0690548902,1582751.1490872966
20221013,3674.080032406375,1536118.250546351,1539792.3305787574
20221014,3674.080032406375,1547394.3815168433,1551068.4615492497
20221017,3042.4582443591207,1631504.2464619987,1634546.7047063578
20221018,3042.4582443591207,1610605.7830522545,1613648.2412966136
20221019,3042.4582443591207,1606617.8868795172,1609660.3451238764
20221020,3042.4582443591207,1759164.6979275965,1762207.1561719556
20221021,3042.4582443591207,1728488.3950844856,1731530.8533288448
20221024,715.074827402248,1746829.6807995967,1747544.7556269988
20221025,715.074827402248,1692213.3162300477,1692928.3910574499
20221026,715.074827402248,1666145.252957029,1666860.3277844312
20221027,715.074827402248,1605385.9512990185,1606101.0261264206
20221028,715.074827402248,1516558.013572635,1517273.088400037
20221031,1002.0456689662533,1545436.7753619046,1546438.821030871
20221101,1002.0456689662533,1497465.4740900034,1498467.5197589695
20221102,1002.0456689662533,1527179.6984894385,1528181.7441584049
20221103,1002.0456689662533,1484109.2394774146,1485111.2851463808
20221104,1002.0456689662533,1480358.7658284411,1481360.8114974075
20221107,5185.34910164302,1443925.9599331995,1449111.3090348425
20221108,5185.34910164302,1457342.567741093,1462527.916842736
20221109,5185.34910164302,1464665.6492777406,1469850.9983793837
20221110,5185.34910164302,1466927.3090103718,1472112.6581120149
20221111,5185.34910164302,1446107.1849509245,1451292.5340525676
20221114,7505.2934710046975,1456946.2683824091,1464451.561853414
20221115,7505.2934710046975,1526293.2013249553,1533798.49479596
20221116,7505.2934710046975,1523266.7630266896,1530772.0564976945
20221117,7505.2934710046975,1586434.403021533,1593939.6964925379
20221118,7505.2934710046975,1550780.3695432977,1558285.6630143025
20221121,877.1239165526931,1587502.8363865777,1588379.9603031303
20221122,877.1239165526931,1492021.3013194897,1492898.4252360424
20221123,877.1239165526931,1479340.4962576502,1480217.6201742028
20221124,877.1239165526931,1485108.4537027131,1485985.5776192658
20221125,877.1239165526931,1448520.0734826992,1449397.1973992519
20221128,4300.171143609798,1444425.4047848403,1448725.57592845
20221129,4300.171143609798,1491758.4420611435,1496058.6132047533
20221130,4300.171143609798,1524088.0610277816,1528388.2321713914
20221201,4300.171143609798,1490024.212665304,1494324.3838089139
20221202,4300.171143609798,1482512.6729921885,1486812.8441357983
20221205,7988.651936301729,1439942.543894986,1447931.1958312877
20221206,7988.651936301729,1390070.8064713213,1398059.458407623
20221207,7988.651936301729,1407006.7214707772,1414995.373407079
20221208,7988.651936301729,1358659.0096751768,1366647.6616114785
20221209,7988.651936301729,1383094.9391604024,1391083.5910967041
20221212,2521.4749455034034,1420537.2096720287,1423058.684617532
20221213,2521.4749455034034,1381802.5222540104,1384323.997199514
20221214,2521.4749455034034,1338805.4135053027,1341326.888450806
20221215,2521.4749455034034,1382055.3267747117,1384576.801720215
20221216,2521.4749455034034,1368624.6099455596,1371146.0848910632
20221219,1850.8647308989894,1305793.1133039105,1307643.9780348095
20221220,1850.8647308989894,1309960.3353263494,1311811.2000572484
20221221,1850.8647308989894,1274341.9985537303,1276192.8632846293
20221222,1850.8647308989894,1250608.385897175,1252459.250628074
20221223,1850.8647308989894,1220945.0735984491,1222795.938329348
20221226,456.424749105965,1213313.296003735,1213769.7207528409
20221227,456.424749105965,1091775.7968416726,1092232.2215907786
20221228,456.424749105965,1076082.8731256179,1076539.2978747238
20221229,456.424749105965,1075681.771840295,1076138.196589401
20221230,456.424749105965,1015021.405717796,1015477.8304669019
20230103,2979.514905651433,1060228.3777432758,1063207.8926489272
20230104,2979.514905651433,1003810.068964589,1006789.5838702405
20230105,2979.514905651433,1018215.073314168,1021194.5882198195
20230106,2979.514905651433,1012388.5986521499,1015368.1135578013
20230109,3547.704625223414,1020006.8784663096,1023554.583091533
20230110,3547.704625223414,1013137.2640949121,1016684.9687201355
20230111,3547.704625223414,991662.4980548337,995210.2026800571
20230112,3547.704625223414,952450.0530945153,955997.7577197388
20230113,3547.704625223414,932984.8725780109,936532.5772032343
20230116,4288.331688178092,929297.6351390498,933585.966827228
20230117,4288.331688178092,941590.849797219,945879.1814853972
20230118,4288.331688178092,925672.6235515643,929960.9552397424
20230119,4288.331688178092,901117.8001158749,905406.131804053
20230120,4288.331688178092,909206.134414832,913494.4661030101
20230130,2442.9060719061818,945716.9209873739,948159.8270592801
20230131,2442.9060719061818,962264.8373251997,964707.743397106
20230201,2442.9060719061818,968666.6221436376,971109.5282155438
20230202,2442.9060719061818,990608.8523540418,993051.758425948
20230203,2442.9060719061818,985925.0998272452,988368.0058991514
20230206,3394.1522097062552,980213.8821284897,983608.0343381959
20230207,3394.1522097062552,959651.2006886726,963045.3528983789
20230208,3394.1522097062552,978811.6155190291,982205.7677287353
20230209,3394.1522097062552,979030.0654852989,982424.2176950051
20230210,3394.1522097062552,983435.1207583763,986829.2729680826
20230213,3977.5683107445075,981591.1494942924,985568.7178050369
20230214,3977.5683107445075,1002309.9620788818,1006287.5303896263
20230215,3977.5683107445075,998390.2153663529,1002367.7836770974
20230216,3977.5683107445075,983529.2908598527,987506.8591705972
20230217,3977.5683107445075,942704.8028881451,946682.3711988896
20230220,2401.585967126972,961027.3888045178,963428.9747716448
20230221,2401.585967126972,924297.4437454537,926699.0297125807
20230222,2401.585967126972,898673.3053194575,901074.8912865845
20230223,2401.585967126972,862865.2965708608,865266.8825379878
20230224,2401.585967126972,840281.6016713952,842683.1876385222
20230227,11835.754832504666,828354.6816383405,840190.4364708451
20230228,11835.754832504666,851343.3390672975,863179.0938998022
20230301,11835.754832504666,889853.0114061445,901688.7662386491
20230302,11835.754832504666,886285.106169629,898120.8610021337
20230303,11835.754832504666,842377.1832652172,854212.9380977219
20230306,8535.838321858086,874813.6182693513,883349.4565912094
20230307,8535.838321858086,863252.6614683227,871788.4997901808
20230308,8535.838321858086,864235.056561327,872770.894883185
20230309,8535.838321858086,851981.4986580675,860517.3369799256
20230310,8535.838321858086,839534.7741086083,848070.6124304663
20230313,2939.243992186035,858177.204555908,861116.448548094
20230314,2939.243992186035,820173.5825313868,823112.8265235728
20230315,2939.243992186035,812647.2489730483,815586.4929652343
20230316,2939.243992186035,826151.0392665701,829090.2832587562
20230317,2939.243992186035,834539.8374419877,837479.0814341737
20230320,7740.10082006405,863735.9024524419,871476.003272506
20230321,7740.10082006405,873768.1849322224,881508.2857522864
20230322,7740.10082006405,858532.9990721457,866273.0998922097
20230323,7740.10082006405,865780.0878658833,873520.1886859473
20230324,7740.10082006405,869153.0832728876,876893.1840929517
20230327,4216.137763993087,886063.7974997313,890279.9352637244
20230328,4216.137763993087,882893.7474414988,887109.8852054919
20230329,4216.137763993087,892501.2272344358,896717.364998429
20230330,4216.137763993087,906252.770722579,910468.9084865721
20230331,4216.137763993087,889375.0723309325,893591.2100949256
20230403,6141.943925573141,891038.193129192,897180.1370547651
20230404,6141.943925573141,879701.489664675,885843.4335902481
20230406,6141.943925573141,842892.1851663433,849034.1290919165
20230407,6141.943925573141,831788.0461748347,837929.9901004079
20230410,9479.318030906172,758865.8930414636,768345.2110723697
20230411,9479.318030906172,762037.9924973898,771517.3105282959
20230412,9479.318030906172,764841.0397589086,774320.3577898147
20230413,9479.318030906172,751494.5444408235,760973.8624717296
20230414,9479.318030906172,736226.9268337953,745706.2448647014
20230417,26432.61659592914,738465.2666525423,764897.8832484714
20230418,26432.61659592914,737001.8451968294,763434.4617927585
20230419,26432.61659592914,742628.1693594626,769060.7859553917
20230420,26432.61659592914,805076.4291768917,831509.0457728208
20230421,26432.61659592914,738535.7739273923,764968.3905233215
20230424,4217.672861112136,789886.861131869,794104.5339929812
20230425,4217.672861112136,781433.9810151613,785651.6538762734
20230426,4217.672861112136,727561.097660572,731778.7705216842
20230427,4217.672861112136,708800.3536585702,713018.0265196824
20230428,4217.672861112136,746144.4826868544,750362.1555479666
20230504,7044.204214034427,738900.0572834045,745944.2614974389
20230505,7044.204214034427,735871.4739113415,742915.6781253759
20230508,13960.46991610044,744792.2190020002,758752.6889181007
20230509,13960.46991610044,747502.9414358202,761463.4113519206
20230510,13960.46991610044,720811.8439034997,734772.3138196
20230511,13960.46991610044,702019.7370520373,715980.2069681378
20230512,13960.46991610044,697336.6228129095,711297.0927290099
20230515,6705.961789652531,725372.6480427659,732078.6098324184
20230516,6705.961789652531,700783.5605065601,707489.5222962126
20230517,6705.961789652531,675213.3375018672,681919.2992915197
20230518,6705.961789652531,699550.9701754185,706256.931965071
20230519,6705.961789652531,699312.1753084058,706018.1370980584
20230522,3926.118359586835,707171.7598729741,711097.8782325609
20230523,3926.118359586835,668150.818428418,672076.9367880048
20230524,3926.118359586835,680995.6968553574,684921.8152149442
20230525,3926.118359586835,649593.391689816,653519.5100494028
20230526,3926.118359586835,689727.2949061585,693653.4132657453
20230529,2000.2982703517482,687556.1539569198,689556.4522272715
20230530,2000.2982703517482,691574.4122828676,693574.7105532193
20230531,2000.2982703517482,690562.514148679,692562.8124190307
20230601,2000.2982703517482,739856.2318237175,741856.5300940692
20230602,2000.2982703517482,724701.1868905385,726701.4851608903
20230605,11744.525781428878,722196.5652009514,733941.0909823803
20230606,11744.525781428878,699606.9149239927,711351.4407054216
20230607,11744.525781428878,714302.0327963803,726046.5585778092
20230608,11744.525781428878,716894.3711451653,728638.8969265942
20230609,11744.525781428878,751890.0953304508,763634.6211118797
20230612,16214.194917972607,763323.2922743117,779537.4871922843
20230613,16214.194917972607,769525.7083027291,785739.9032207017
20230614,16214.194917972607,778862.1102118016,795076.3051297741
20230615,16214.194917972607,767508.5327511583,783722.727669131
20230616,16214.194917972607,784847.8111373038,801062.0060552764
20230619,9343.232548239583,794250.3624538183,803593.595002058
20230620,9343.232548239583,812961.6354606287,822304.8680088683
20230621,9343.232548239583,769375.0793185907,778718.3118668303
20230626,5758.890798233566,725212.7369122101,730971.6277104437
20230627,5758.890798233566,726049.9960128781,731808.8868111117
20230628,5758.890798233566,702981.512987023,708740.4037852566
20230629,5758.890798233566,701439.6118516009,707198.5026498345
20230630,5758.890798233566,712304.043195353,718062.9339935866
20230703,15678.04013854891,717519.7925032077,733197.8326417566
20230704,15678.04013854891,729396.6506726852,745074.6908112342
20230705,15678.04013854891,699269.6067064168,714947.6468449658
20230706,15678.04013854891,711947.2405860636,727625.2807246125
20230707,15678.04013854891,698122.7639912292,713800.8041297782
20230710,6566.809869775774,686790.8104606019,693357.6203303777
20230711,6566.809869775774,701540.7141729324,708107.5240427082
20230712,6566.809869775774,689961.371329665,696528.1811994407
20230713,6566.809869775774,714000.0938844848,720566.9037542606
20230714,6566.809869775774,742819.447865839,749386.2577356148
20230717,7050.629105335043,729011.4686190264,736062.0977243613
20230718,7050.629105335043,712481.6707252883,719532.2998306234
20230719,7050.629105335043,715419.3515991969,722469.980704532
20230720,7050.629105335043,756321.3774948774,763372.0066002125
20230721,7050.629105335043,672789.6995936232,679840.3286989583
20230724,4810.453620406595,662350.6603965429,667161.1140169494
20230725,4810.453620406595,666235.5543813031,671046.0080017097
20230726,4810.453620406595,643544.7247583691,648355.1783787757
20230727,4810.453620406595,637249.9759413658,642060.4295617724
20230728,4810.453620406595,629798.2981076704,634608.751728077
20230731,6566.091659783953,614594.15822068,621160.2498804639
20230801,6566.091659783953,626130.394823302,632696.486483086
20230802,6566.091659783953,648738.6092056481,655304.700865432
20230803,6566.091659783953,642549.1664477802,649115.2581075642
20230804,6566.091659783953,655904.9161651079,662471.0078248918
20230807,5266.805623912864,653797.0693398318,659063.8749637447
20230808,5266.805623912864,665035.4815128341,670302.2871367469
20230809,5266.805623912864,660085.8074297024,665352.6130536152
20230810,5266.805623912864,664390.9238379357,669657.7294618485
20230811,5266.805623912864,655398.4208191072,660665.22644302
20230814,10132.883130769842,644677.1981018595,654810.0812326294
20230815,10132.883130769842,646085.5726501001,656218.4557808699
20230816,10132.883130769842,640842.9893363576,650975.8724671274
20230817,10132.883130769842,659883.9660924172,670016.8492231871
20230818,10132.883130769842,654571.2541355023,664704.1372662721
20230821,1574.009935979877,659653.8746751256,661227.8846111054
20230822,1574.009935979877,666312.1046130608,667886.1145490407
20230823,1574.009935979877,655092.7434043236,656666.7533403034
20230824,1574.009935979877,653560.1235795934,655134.1335155732
20230825,1574.009935979877,673502.763370516,675076.7733064959
20230828,7845.2902802483295,677579.8638696059,685425.1541498543
20230829,7845.2902802483295,729662.6767215527,737507.9670018011
20230830,7845.2902802483295,736251.2194183177,744096.509698566
20230831,7845.2902802483295,749627.7118964681,757473.0021767165
20230901,7845.2902802483295,739001.9174089179,746847.2076891663
20230904,5300.915121329075,741411.2853565295,746712.2004778585
20230905,5300.915121329075,702037.7961811806,707338.7113025098
20230906,5300.915121329075,680360.2434610082,685661.1585823372
20230907,5300.915121329075,677596.0348621604,682896.9499834895
20230908,5300.915121329075,669457.4553776222,674758.3704989513
20230911,621.557489145227,668140.0054341712,668761.5629233164
20230912,621.557489145227,671994.5433403277,672616.1008294729
20230913,621.557489145227,686626.48851288,687248.0460020253
20230914,621.557489145227,661332.7428688781,661954.3003580233
20230915,621.557489145227,656659.1153908656,657280.6728800108
20230918,6891.442557483722,654207.1325146244,661098.5750721081
20230919,6891.442557483722,627091.7298544958,633983.1724119795
20230920,6891.442557483722,629005.46234937,635896.9049068537
20230921,6891.442557483722,630307.8277964038,637199.2703538875
20230922,6891.442557483722,660082.6595389885,666974.1020964722
20230925,3327.565288633603,682467.1176923016,685794.6829809352
20230926,3327.565288633603,679566.9731626889,682894.5384513225
20230927,3327.565288633603,666057.6881443458,669385.2534329793
20230928,3327.565288633603,671740.0938311446,675067.6591197782
20231009,1439.2351677273982,688639.4058401387,690078.641007866
20231010,1439.2351677273982,699673.5360059391,701112.7711736665
20231011,1439.2351677273982,726638.3912397921,728077.6264075194
20231012,1439.2351677273982,715252.420440485,716691.6556082123
20231013,1439.2351677273982,733140.812175204,734580.0473429314
20231016,1331.794195444032,738560.1813587872,739891.9755542313
20231017,1331.794195444032,722734.6698483998,724066.4640438438
20231018,1331.794195444032,708764.8094168606,710096.6036123047
20231019,1331.794195444032,708852.552578808,710184.3467742521
20231020,1331.794195444032,719591.0878318761,720922.8820273201
20231023,3777.2171945015725,716113.8317908035,719891.048985305
20231024,3777.2171945015725,747284.4035551638,751061.6207496653
20231025,3777.2171945015725,782238.7706772439,786015.9878717455
20231026,3777.2171945015725,797788.3403848978,801565.5575793993
20231027,3777.2171945015725,816076.0760981342,819853.2932926357
20231030,3798.277129931783,838393.6329329828,842191.9100629145
20231031,3798.277129931783,857079.1810816573,860877.4582115891
20231101,3798.277129931783,885913.8534574658,889712.1305873976
20231102,3798.277129931783,867808.3566199986,871606.6337499304
20231103,3798.277129931783,877041.0955866677,880839.3727165994
20231106,7271.493260664312,903478.35188454,910749.8451452043
20231107,7271.493260664312,933740.533150288,941012.0264109523
20231108,7271.493260664312,967836.9121364077,975108.405397072
20231109,7271.493260664312,965387.805976798,972659.2992374622
20231110,7271.493260664312,934499.5596047505,941771.0528654148
20231113,9667.583101752563,933423.8178854412,943091.4009871938
20231114,9667.583101752563,939899.8319756256,949567.4150773782
20231115,9667.583101752563,983725.1865696218,993392.7696713743
20231116,9667.583101752563,977035.6286125471,986703.2117142996
20231117,9667.583101752563,964154.1960386321,973821.7791403846
20231120,2013.461900414637,993017.7367049843,995031.198605399
20231121,2013.461900414637,971821.4189259551,973834.8808263697
20231122,2013.461900414637,1008469.5632691515,1010483.0251695662
20231123,2013.461900414637,996950.091003984,998963.5529043986
20231124,2013.461900414637,949092.9183380869,951106.3802385016
20231127,4675.411617257167,947342.9231256234,952018.3347428805
20231128,4675.411617257167,962753.0180531268,967428.4296703839
20231129,4675.411617257167,951682.9132617139,956358.3248789711
20231130,4675.411617257167,923004.0677417626,927679.4793590198
20231201,4675.411617257167,934729.1759099592,939404.5875272164
20231204,2293.7773737530806,948860.0256267928,951153.8030005458
20231205,2293.7773737530806,1085949.8925177592,1088243.6698915123
20231206,2293.7773737530806,1042837.6450277742,1045131.4224015272
20231207,2293.7773737530806,1000781.1135800363,1003074.8909537895
20231208,2293.7773737530806,991105.0596410572,993398.8370148102
20231211,6544.794815433539,982868.8076860528,989413.6025014863
20231212,6544.794815433539,1023325.9049721288,1029870.6997875624
20231213,6544.794815433539,983974.3814111768,990519.1762266103
20231214,6544.794815433539,934925.276088766,941470.0709041996
20231215,6544.794815433539,925708.9289357445,932253.723751178
20231218,188659.01379011347,761650.8644038665,950309.87819398
20231219,188659.01379011347,784718.0928377409,973377.1066278544
20231220,188659.01379011347,822233.9449867425,1010892.958776856
20231221,188659.01379011347,749209.8277790905,937868.841569204
20231222,188659.01379011347,761746.2675861171,950405.2813762306
20231225,3067.6875392000366,977508.8490063502,980576.5365455502
20231226,3067.6875392000366,1003912.0410430877,1006979.7285822878
20231227,3067.6875392000366,1001290.3289935791,1004358.0165327792
20231228,3067.6875392000366,962730.6393929792,965798.3269321793
20231229,3067.6875392000366,989248.4214233907,992316.1089625908
20240102,4851.775895548053,951706.7988915858,956558.5747871338
20240103,4851.775895548053,941513.1122336752,946364.8881292233
20240104,4851.775895548053,964642.9909771569,969494.766872705
20240105,4851.775895548053,904079.7309059805,908931.5068015285
20240108,5453.910471691248,916682.2550472226,922136.1655189139
20240109,5453.910471691248,921725.7162291526,927179.6267008439
20240110,5453.910471691248,916938.8591535968,922392.7696252881
20240111,5453.910471691248,936086.8798348543,941540.7903065456
20240112,5453.910471691248,880357.3457595361,885811.2562312274
20240115,2876.4674829404685,867094.3804853042,869970.8479682447
20240116,2876.4674829404685,987243.7926882864,990120.2601712269
20240117,2876.4674829404685,950588.2861760594,953464.7536589999
20240118,2876.4674829404685,997421.7786188469,1000298.2461017873
20240119,2876.4674829404685,1027684.1411709606,1030560.6086539011
20240122,5791.010237606999,972624.9937920456,978416.0040296526
20240123,5791.010237606999,963987.413411801,969778.4236494079
20240124,5791.010237606999,972413.6960421638,978204.7062797707
20240125,5791.010237606999,978988.5544965417,984779.5647341488
20240126,5791.010237606999,955107.8281110807,960898.8383486876
20240129,2773.2791499655286,819960.4342114134,822733.7133613789
20240130,2773.2791499655286,839510.3096136668,842283.5887636323
20240131,2773.2791499655286,922623.2530388711,925396.5321888366
20240201,2773.2791499655286,851620.8871821488,854394.1663321143
20240202,2773.2791499655286,812363.2190044525,815136.498154418
20240205,1660.7240804586618,745217.2926497471,746878.0167302057
20240206,1660.7240804586618,784564.6383577981,786225.3624382567
20240207,1660.7240804586618,769789.1815785479,771449.9056590066
20240208,1660.7240804586618,764141.8402424549,765802.5643229135
20240219,3299.188218676485,808652.0945275403,811951.2827462167
20240220,3299.188218676485,876610.3691403551,879909.5573590316
20240221,3299.188218676485,867383.8548431881,870683.0430618646
20240222,3299.188218676485,878593.2943070055,881892.482525682
20240223,3299.188218676485,899821.9575669306,903121.145785607
20240226,2079.8406030742626,928263.460668221,930343.3012712953
20240227,2079.8406030742626,968668.9293638883,970748.7699669626
20240228,2079.8406030742626,930666.4643087061,932746.3049117804
20240229,2079.8406030742626,952825.4337574197,954905.274360494
20240301,2079.8406030742626,959563.044555863,961642.8851589373
20240304,1772.4588992975478,952186.8128388373,953959.2717381348
20240305,1772.4588992975478,972198.717566208,973971.1764655055
20240306,1772.4588992975478,968299.9108030747,970072.3697023722
20240307,1772.4588992975478,982528.9474206907,984301.4063199882
20240308,1772.4588992975478,963641.0629720455,965413.521871343
20240311,2083.0731766253593,990545.0881563046,992628.16133293
20240312,2083.0731766253593,982173.2346277186,984256.307804344
20240313,2083.0731766253593,962830.1301738909,964913.2033505163
20240314,2083.0731766253593,958533.2752542088,960616.3484308342
20240315,2083.0731766253593,983243.9089485423,985326.9821251677
20240318,6483.6716278482345,1018700.6212060663,1025184.2928339145
20240319,6483.6716278482345,1016619.4973328598,1023103.168960708
20240320,6483.6716278482345,1020560.7154448896,1027044.3870727378
20240321,6483.6716278482345,1062833.692775165,1069317.3644030131
20240322,6483.6716278482345,1042689.4638561861,1049173.1354840344
20240325,878.2605505726533,1052314.3945321753,1053192.6550827478
20240326,878.2605505726533,1101593.8160107268,1102472.0765612996
20240327,878.2605505726533,1032904.4049001249,1033782.6654506975
20240328,878.2605505726533,1042907.4109176164,1043785.6714681891
20240329,878.2605505726533,1067818.3809115123,1068696.6414620848
20240401,9767.110273598199,1063083.1991336113,1072850.3094072095
20240402,9767.110273598199,1016266.0146209397,1026033.124894538
20240403,9767.110273598199,956808.3679042272,966575.4781778255
20240408,6539.359615928901,910199.1265513932,916738.4861673221
20240409,6539.359615928901,905119.5222143095,911658.8818302385
20240410,6539.359615928901,928424.5178373435,934963.8774532725
20240411,6539.359615928901,887034.7658986851,893574.1255146139
20240412,6539.359615928901,872000.4248183635,878539.7844342925
20240415,4469.003739152104,846841.0236243599,851310.027363512
20240416,4469.003739152104,845418.9350668825,849887.9388060346
20240417,4469.003739152104,908275.280262413,912744.2840015651
20240418,4469.003739152104,897908.5177813452,902377.5215204973
20240419,4469.003739152104,927108.2711275653,931577.2748667174
20240422,1650.7339827041724,866406.5638394577,868057.2978221618
20240423,1650.7339827041724,859028.6715950785,860679.4055777828
20240424,1650.7339827041724,888448.6166866852,890099.3506693894
20240425,1650.7339827041724,868783.8718044345,870434.6057871387
20240426,1650.7339827041724,894265.1830346787,895915.9170173828
20240429,2281.1458315998607,924370.9858463621,926652.1316779619
20240430,2281.1458315998607,877169.0409550754,879450.1867866752
20240506,3575.8101732894884,882514.3996005371,886090.2097738266
20240507,3575.8101732894884,962601.4220859441,966177.2322592336
20240508,3575.8101732894884,933390.2143299112,936966.0245032007
20240509,3575.8101732894884,928068.330341655,931644.1405149444
20240510,3575.8101732894884,869076.4326496591,872652.2428229486
20240513,12060.854773692641,847047.7820131062,859108.6367867988
20240514,12060.854773692641,857888.7174383305,869949.5722120232
20240515,12060.854773692641,871094.5904203821,883155.4451940748
20240516,12060.854773692641,894102.1065845,906162.9613581927
20240517,12060.854773692641,914616.6253262993,926677.480099992
20240520,1542.6983004710928,939883.5673797815,941426.2656802526
20240521,1542.6983004710928,937092.1165120202,938634.8148124913
20240522,1542.6983004710928,912903.755743677,914446.4540441481
20240523,1542.6983004710928,872889.1889232902,874431.8872237613
20240524,1542.6983004710928,877629.5497385878,879172.2480390589
20240527,722.338557965355,902462.2097050612,903184.5482630265
20240528,722.338557965355,857684.3166539372,858406.6552119026
20240529,722.338557965355,845980.8028627606,846703.141420726
20240530,722.338557965355,823678.9954815808,824401.3340395462
20240531,722.338557965355,821618.4811600382,822340.8197180035
20240603,667.9027737913711,844681.6883822448,845349.5911560361
20240604,667.9027737913711,881383.3935053939,882051.2962791852
20240605,667.9027737913711,835888.0794104196,836555.9821842109
20240606,667.9027737913711,802857.933403389,803525.8361771803
20240607,667.9027737913711,816826.7684069924,817494.6711807838
20240611,1770.6070279091946,825962.2364930403,827732.8435209496
20240612,1770.6070279091946,878500.1289859507,880270.73601386
20240613,1770.6070279091946,912685.4787948749,914456.0858227841
20240614,1770.6070279091946,895053.5203411897,896824.1273690988
20240617,1202.4357673038903,875502.6476200307,876705.0833873346
20240618,1202.4357673038903,897898.4165699204,899100.8523372243
20240619,1202.4357673038903,887193.322371722,888395.7581390259
20240620,1202.4357673038903,862096.4909201795,863298.9266874834
20240621,1202.4357673038903,851349.1749791766,852551.6107464805
20240624,1321.9726437595382,854114.1536487164,855436.126292476
20240625,1321.9726437595382,832112.8483718395,833434.8210155991
20240626,1321.9726437595382,846379.4719471156,847701.4445908752
20240627,1321.9726437595382,799446.6615023226,800768.6341460822
20240628,1321.9726437595382,814564.3727976129,815886.3454413725
20240701,8684.528363415622,813124.1712222397,821808.6995856554
20240702,8684.528363415622,795884.7266312932,804569.2549947088
20240703,8684.528363415622,797024.9192516413,805709.4476150569
20240704,8684.528363415622,739175.420447173,747859.9488105886
20240705,8684.528363415622,706829.7970586247,715514.3254220403
20240708,7831.306595608068,702488.4395115785,710319.7461071867
20240709,7831.306595608068,736082.0164118053,743913.3230074134
20240710,7831.306595608068,716999.9191657004,724831.2257613086
20240711,7831.306595608068,738014.398999586,745845.7055951941
20240712,7831.306595608068,710585.5285400198,718416.8351356278
20240715,7168.233274414961,691878.7476934158,699046.9809678309
20240716,7168.233274414961,686355.3928167968,693523.6260912118
20240717,7168.233274414961,673254.5858685675,680422.8191429824
20240718,7168.233274414961,684724.3200208814,691892.5532952964
20240719,7168.233274414961,680805.9053924249,687974.1386668398
20240722,4766.877984503983,682214.9549136023,686981.8328981063
20240723,4766.877984503983,670652.9386179828,675419.8166024868
20240724,4766.877984503983,685699.4952446887,690466.3732291927
20240725,4766.877984503983,645529.3804445602,650296.2584290642
20240726,4766.877984503983,673415.132190328,678182.010174832
20240729,944.2634117201087,689744.7694758327,690689.0328875529
20240730,944.2634117201087,699657.3692491523,700601.6326608723
20240731,944.2634117201087,719205.8105619554,720150.0739736755
20240801,944.2634117201087,708663.3361794659,709607.599591186
20240802,944.2634117201087,682133.338721927,683077.6021336471
20240805,2981.5535699790635,626710.7351762156,629692.2887461947
20240806,2981.5535699790635,662035.5935747551,665017.1471447342
20240807,2981.5535699790635,666446.5373539025,669428.0909238815
20240808,2981.5535699790635,643301.8355329308,646283.3891029098
20240809,2981.5535699790635,648585.227421973,651566.780991952
20240812,4903.741371089025,666575.5271074714,671479.2684785604
20240813,4903.741371089025,680795.4216142604,685699.1629853494
20240814,4903.741371089025,668277.9738423784,673181.7152134674
20240815,4903.741371089025,677182.0409383017,682085.7823093907
20240816,4903.741371089025,637218.4311352667,642122.1725063557
20240819,1040.8260436144192,611253.8368104779,612294.6628540923
20240820,1040.8260436144192,615067.6418598006,616108.467903415
20240821,1040.8260436144192,625788.2313360763,626829.0573796907
20240822,1040.8260436144192,622789.8139028996,623830.639946514
20240823,1040.8260436144192,607509.2444346534,608550.0704782679
20240826,3083.290327550727,599437.2822143071,602520.5725418578
20240827,3083.290327550727,570833.8623547818,573917.1526823326
20240828,3083.290327550727,570312.9048633534,573396.1951909041
20240829,3083.290327550727,582273.9578243068,585357.2481518575
20240830,3083.290327550727,600674.8086947838,603758.0990223346
20240902,1695.8149415879452,607286.5739153563,608982.3888569443
20240903,1695.8149415879452,587123.906820769,588819.7217623569
20240904,1695.8149415879452,574981.0939731266,576676.9089147146
20240905,1695.8149415879452,593196.1642350825,594891.9791766704
20240906,1695.8149415879452,594986.9233552391,596682.7382968271
20240909,440.1297368115338,610108.4412841527,610548.5710209642
20240910,440.1297368115338,613136.4742669398,613576.6040037513
20240911,440.1297368115338,598295.7648669896,598735.8946038011
20240912,440.1297368115338,584104.458422991,584544.5881598025
20240913,440.1297368115338,567224.1615462698,567664.2912830813
20240918,2315.0827301467943,554365.4275920364,556680.5103221833
20240919,2315.0827301467943,581247.6379736627,583562.7207038095
20240920,2315.0827301467943,568639.9631506654,570955.0458808122
20240923,2065.235753039595,591722.2597446205,593787.4954976601
20240924,2065.235753039595,593208.6708266444,595273.906579684
20240925,2065.235753039595,603718.0212759281,605783.2570289677
20240926,2065.235753039595,608502.5001696433,610567.7359226829
20240927,2065.235753039595,637583.4775910272,639648.7133440668
20240930,1840.8089087083063,678082.0236333235,679922.8325420318
20241008,469.3845298908054,692211.4747937963,692680.8593236872
20241009,469.3845298908054,692379.236651122,692848.6211810128
20241010,469.3845298908054,666728.2536250167,667197.6381549075
20241011,469.3845298908054,657515.2182029323,657984.6027328231
20241014,1704.9365088730992,684827.9315216325,686532.8680305056
20241015,1704.9365088730992,683604.9235750025,685309.8600838756
20241016,1704.9365088730992,689748.3575983518,691453.2941072249
20241017,1704.9365088730992,674035.9288727557,675740.8653816289
20241018,1704.9365088730992,678638.6268027078,680343.5633115809
20241021,2188.531247458741,693825.5004888069,696014.0317362656
20241022,2188.531247458741,714778.9169377234,716967.4481851822
20241023,2188.531247458741,728527.5953818504,730716.1266293091
20241024,2188.531247458741,750757.7183213647,752946.2495688235
20241025,2188.531247458741,757565.1545172465,759753.6857647053
20241028,10257.486246198125,827473.66249779,837731.148743988
20241029,10257.486246198125,831305.1551035768,841562.641349775
20241030,10257.486246198125,868339.5969925915,878597.0832387896
20241031,10257.486246198125,902373.0643479956,912630.5505941936
20241101,10257.486246198125,734985.4911627527,745242.9774089509
20241104,5468.596088142542,748441.8090528813,753910.4051410239
20241105,5468.596088142542,868066.1366012213,873534.7326893639
20241106,5468.596088142542,885791.6672945106,891260.2633826532
20241107,5468.596088142542,887989.175064014,893457.7711521566
20241108,5468.596088142542,916281.8022991886,921750.398387331
20241111,2922.09939059132,934493.592746749,937415.6921373403
20241112,2922.09939059132,922436.8929996658,925358.9923902571
20241113,2922.09939059132,916627.7924787813,919549.8918693727
20241114,2922.09939059132,917091.5628769486,920013.6622675399
20241115,2922.09939059132,907683.6598670727,910605.759257664
20241118,4818.358327978349,876574.0,881392.3583279783
20241119,4818.358327978349,969315.0,974133.3583279783
20241120,4818.358327978349,1025368.0,1030186.3583279783
20241121,4818.358327978349,1055432.0,1060250.3583279783
20241122,4818.358327978349,997838.0,1002656.3583279783
20241125,4296.19033099612,984188.3383981987,988484.5287291948
20241126,4296.19033099612,966274.4646653378,970570.6549963339
20241127,4296.19033099612,990229.0178594976,994525.2081904938
20241128,4296.19033099612,1000790.467789123,1005086.658120119
20241129,4296.19033099612,1045919.3857132407,1050215.5760442368
20241202,3275.7481964969775,1050095.7075541194,1053371.4557506163
20241203,3275.7481964969775,1056757.6974157358,1060033.4456122327
20241204,3275.7481964969775,1036571.9897582366,1039847.7379547335
20241205,3275.7481964969775,1043333.2749342637,1046609.0231307606
20241206,3275.7481964969775,1021281.2281202791,1024556.9763167761
20241209,10643.242852579016,989213.6938183844,999856.9366709634
20241210,10643.242852579016,977027.1658613043,987670.4087138833
20241211,10643.242852579016,954846.2078176767,965489.4506702557
20241212,10643.242852579016,998573.9691851394,1009217.2120377184
20241213,10643.242852579016,1007302.0578921225,1017945.3007447015
20241216,4874.300347388722,1007695.3925151388,1012569.6928625276
20241217,4874.300347388722,968329.3410894773,973203.641436866
20241218,4874.300347388722,954332.747531698,959207.0478790867
20241219,4874.300347388722,931803.5705391483,936677.870886537
20241220,4874.300347388722,968179.3905465634,973053.6908939522
20241223,1596.1841780613759,896019.8709897611,897616.0551678224
20241224,1596.1841780613759,918850.752901024,920446.9370790853
20241225,1596.1841780613759,883479.9617747441,885076.1459528054
20241226,1596.1841780613759,891417.1849829352,893013.3691609965
20241227,1596.1841780613759,906935.5843003413,908531.7684784026
20241230,729.3456114090222,847571.0001848447,848300.3457962538
20241231,729.3456114090222,849131.1948536178,849860.5404650269
20250102,729.3456114090222,880134.9956724378,880864.3412838469
20250103,729.3456114090222,823507.4534249634,824236.7990363725
20250106,10841.871351932845,773761.4580951459,784603.3294470788
20250107,10841.871351932845,833842.0867164035,844683.9580683364
20250108,10841.871351932845,888863.5447146595,899705.4160665923
20250109,10841.871351932845,885631.421277008,896473.2926289409
20250110,10841.871351932845,843155.6604980137,853997.5318499466
20250113,48.08964255382307,854425.3231372541,854473.4127798079
20250114,48.08964255382307,870586.0289628314,870634.1186053852
20250115,48.08964255382307,861862.0388410027,861910.1284835566
20250116,48.08964255382307,914689.1800171753,914737.2696597291
20250117,48.08964255382307,896133.9472975156,896182.0369400694
20250120,9150.877916527068,903287.3421664697,912438.2200829968
20250121,9150.877916527068,925438.6928572875,934589.5707738146
20250122,9150.877916527068,917064.2210857674,926215.0990022945
20250123,9150.877916527068,900568.5298955862,909719.4078121133
20250124,9150.877916527068,934711.6274947737,943862.5054113008
20250127,1511.9373992578185,904514.6460812935,906026.5834805513
20250205,2849.408469201706,887744.2916389732,890593.7001081749
20250206,2849.408469201706,922165.9353312866,925015.3438004884
20250207,2849.408469201706,954544.4900914623,957393.8985606639
20250210,2864.503460665379,971206.0247115697,974070.528172235
20250211,2864.503460665379,963962.052892078,966826.5563527433
20250212,2864.503460665379,969782.9897372144,972647.4931978798
20250213,2864.503460665379,983065.2185037306,985929.721964396
20250214,2864.503460665379,955510.7612380277,958375.2646986931
20250217,5739.006192298868,987449.8597386144,993188.8659309132
20250218,5739.006192298868,946254.6182445845,951993.6244368834
20250219,5739.006192298868,1012213.8362721606,1017952.8424644595
20250220,5739.006192298868,1015847.5190972586,1021586.5252895574
20250221,5739.006192298868,1007025.05408709,1012764.0602793888
20250224,97.02293585758889,960741.5211159355,960838.5440517932
20250225,97.02293585758889,951289.2524396211,951386.2753754787
20250226,97.02293585758889,962841.1061974698,962938.1291333274
20250227,97.02293585758889,960976.0748314522,961073.0977673098
20250228,97.02293585758889,954561.1848893875,954658.2078252451
20250303,10401.023331785982,906441.5625889306,916842.5859207166
20250304,10401.023331785982,923985.5751260704,934386.5984578563
20250305,10401.023331785982,964124.1214846688,974525.1448164547
20250306,10401.023331785982,1022448.4285024456,1032849.4518342316
20250307,10401.023331785982,1008872.4022999442,1019273.4256317301
20250310,10315.126288597763,1023507.3598586085,1033822.4861472063
20250311,10315.126288597763,1050383.4185705665,1060698.5448591642
20250312,10315.126288597763,1090508.4592637296,1100823.5855523273
20250313,10315.126288597763,1062406.7955427193,1072721.921831317
20250314,10315.126288597763,1052500.5178894731,1062815.6441780708
20250317,7071.532324071275,1063257.7426922,1070329.2750162713
20250318,7071.532324071275,1050492.5014111823,1057564.0337352536
20250319,7071.532324071275,1023881.8461988701,1030953.3785229414
20250320,7071.532324071275,1027511.2133121877,1034582.745636259
20250321,7071.532324071275,976242.9343907333,983314.4667148045
20250324,198822.11790695004,760047.9749267731,958870.0928337232
20250325,198822.11790695004,748274.3027776731,947096.4206846232
20250326,198822.11790695004,754575.7675095019,953397.885416452
20250327,198822.11790695004,716366.614450654,915188.7323576041
20250328,198822.11790695004,707048.4463023808,905870.5642093308
20250331,1530.8135789927328,927530.7894795251,929061.6030585178
20250401,1530.8135789927328,900683.3224947286,902214.1360737213
20250402,1530.8135789927328,902022.8734879592,903553.6870669519
20250403,1530.8135789927328,876366.7942514704,877897.6078304631
20250407,477.0522196647944,777907.5647354536,778384.6169551184
20250408,477.0522196647944,749623.488007659,750100.5402273238
20250409,477.0522196647944,747165.6310616082,747642.683281273
20250410,477.0522196647944,795141.9838145663,795619.0360342311
20250411,477.0522196647944,823196.6072467015,823673.6594663663
20250414,12303.391348057805,846785.6591118937,859089.0504599515
20250415,12303.391348057805,821273.8150243096,833577.2063723673
20250416,12303.391348057805,776778.0302965794,789081.4216446371
20250417,12303.391348057805,763915.5502332193,776218.9415812771
20250418,12303.391348057805,745798.696793748,758102.0881418057
20250421,8500.406421926134,757844.0596617422,766344.4660836683
20250422,8500.406421926134,773607.2363706132,782107.6427925393
20250423,8500.406421926134,752714.6885386227,761215.0949605488
20250424,8500.406421926134,715548.5804948404,724048.9869167665
20250425,8500.406421926134,735586.7660017296,744087.1724236557
20250428,6098.872808261891,751917.0768729326,758015.9496811945
20250429,6098.872808261891,761057.502374965,767156.3751832269
20250430,6098.872808261891,765167.3827884884,771266.2555967503
20250506,5518.232367025339,800860.0330939555,806378.2654609808
20250507,5518.232367025339,872653.4664911465,878171.6988581718
20250508,5518.232367025339,860218.2345155713,865736.4668825966
20250509,5518.232367025339,816698.9608695207,822217.193236546
20250512,12722.907950547087,810693.5305008232,823416.4384513702
20250513,12722.907950547087,828248.4359242766,840971.3438748237
20250514,12722.907950547087,835175.3627633391,847898.2707138861
20250515,12722.907950547087,829250.901393618,841973.809344165
20250516,12722.907950547087,869693.2031544725,882416.1111050196
20250519,8816.311509501014,841787.4364573599,850603.7479668609
20250520,8816.311509501014,850896.8259667162,859713.1374762172
20250521,8816.311509501014,834697.4342487936,843513.7457582946
20250522,8816.311509501014,817136.6169799516,825952.9284894527
20250523,8816.311509501014,806641.7279852775,815458.0394947785
20250526,6976.328528522688,842289.3022339863,849265.6307625091
20250527,6976.328528522688,876966.6941120718,883943.0226405945
20250528,6976.328528522688,872356.5280893119,879332.8566178347
20250529,6976.328528522688,881747.0789039668,888723.4074324896
20250530,6976.328528522688,837818.2254205076,844794.5539490303
20250603,1044.2334994202538,833817.4530407434,834861.6865401636
20250604,1044.2334994202538,860008.6399393897,861052.8734388099
20250605,1044.2334994202538,831554.6803600651,832598.9138594853
20250606,1044.2334994202538,827381.3513760613,828425.5848754816
20250609,1682.5698252252769,862228.1024124657,863910.672237691
20250610,1682.5698252252769,869982.7426543189,871665.3124795442
20250611,1682.5698252252769,858662.5186380479,860345.0884632731
20250612,1682.5698252252769,885020.4191873786,886702.9890126039
20250613,1682.5698252252769,886481.0,888163.5698252253
20250616,16962.54608819922,913006.4222628712,929968.9683510704
20250617,16962.54608819922,892951.9896962584,909914.5357844577
20250618,16962.54608819922,886889.6716994182,903852.2177876175
20250619,16962.54608819922,875824.0533657057,892786.5994539049
20250620,16962.54608819922,866346.6970885573,883309.2431767565
20250623,14163.12273363836,911003.8805910939,925167.0033247323
20250624,14163.12273363836,907429.3129029059,921592.4356365443
20250625,14163.12273363836,876632.006446494,890795.1291801324
20250626,14163.12273363836,877718.0221164336,891881.144850072
20250627,14163.12273363836,864372.8335812754,878535.9563149138
20250630,8305.441929816909,887540.0,895845.441929817
20250701,8305.441929816909,897695.0,906000.441929817
20250702,8305.441929816909,872850.0,881155.441929817
20250703,8305.441929816909,891868.0,900173.441929817
20250704,8305.441929816909,873261.0,881566.441929817
20250707,4868.485213160166,869311.6433984842,874180.1286116444
20250708,4868.485213160166,889101.1236537695,893969.6088669297
20250709,4868.485213160166,855593.1926605505,860461.6778737106
20250710,4868.485213160166,838527.865177503,843396.3503906631
20250711,4868.485213160166,830782.9585161548,835651.443729315
20250714,11790.557432531263,842029.343081529,853819.9005140603
20250715,11790.557432531263,808164.1519937519,819954.7094262831
20250716,11790.557432531263,824289.6435110861,836080.2009436174
20250717,11790.557432531263,848869.9779146961,860660.5353472274
20250718,11790.557432531263,865899.6647719877,877690.222204519
20250721,6693.476039781293,861530.0,868223.4760397812
20250722,6693.476039781293,865573.0,872266.4760397812
20250723,6693.476039781293,850956.0,857649.4760397812
20250724,6693.476039781293,842504.0,849197.4760397812
20250725,6693.476039781293,832925.0,839618.4760397812
20250728,4326.65410438145,857315.0,861641.6541043815
20250729,4326.65410438145,882976.0,887302.6541043815
20250730,4326.65410438145,856602.0,860928.6541043815
20250731,4326.65410438145,845593.0,849919.6541043815
20250801,4326.65410438145,846459.0,850785.6541043815
20250804,5623.305632031668,822062.0,827685.3056320316
20250805,5623.305632031668,808715.0,814338.3056320316
20250806,5623.305632031668,812232.0,817855.3056320316
20250807,5623.305632031668,845855.0,851478.3056320316
20250808,5623.305632031668,873760.0,879383.3056320316
20250811,10202.969675302447,913067.8955612445,923270.8652365468
20250812,10202.969675302447,863350.2175554303,873553.1872307328
20250813,10202.969675302447,894871.2163405216,905074.1860158241
20250814,10202.969675302447,884053.9630754546,894256.9327507571
20250815,10202.969675302447,886936.375667115,897139.3453424175
20250818,12071.980884412653,912750.7062958303,924822.687180243
20250819,12071.980884412653,928710.8437106782,940782.8245950908
20250820,12071.980884412653,889760.547056016,901832.5279404287
20250821,12071.980884412653,879562.6462446306,891634.6271290432
20250822,12071.980884412653,887072.1439666768,899144.1248510894
20250825,11690.64652659098,917872.0,929562.6465265909
20250826,11690.64652659098,880092.0,891782.6465265909
20250827,11690.64652659098,856926.0,868616.6465265909
20250828,11690.64652659098,878295.0,889985.6465265909
20250829,11690.64652659098,879669.0,891359.6465265909
20250901,11339.698573265137,882278.3160961121,893618.0146693772
20250902,11339.698573265137,875298.1997258292,886637.8982990943
20250903,11339.698573265137,852996.6393130497,864336.3378863148
20250904,11339.698573265137,847993.9777997792,859333.6763730443
20250905,11339.698573265137,868024.9979056395,879364.6964789046
20250908,9515.055914226512,860572.0,870087.0559142265
20250909,9515.055914226512,850811.0,860326.0559142265
20250910,9515.055914226512,862598.0,872113.0559142265
20250911,9515.055914226512,891807.0,901322.0559142265
20250912,9515.055914226512,975334.0,984849.0559142265
20250915,7940.450637923612,997971.2852138152,1005911.7358517388
20250916,7940.450637923612,966729.7297894215,974670.1804273452
20250917,7940.450637923612,953057.2210121473,960997.6716500709
20250918,7940.450637923612,944965.7083888656,952906.1590267892
20250919,7940.450637923612,926353.6074026122,934294.0580405358
20250922,9860.427857093688,932923.0,942783.4278570937
20250923,9860.427857093688,889514.0,899374.4278570937
20250924,9860.427857093688,912947.0,922807.4278570937
20250925,9860.427857093688,939389.0,949249.4278570937
20250926,9860.427857093688,888018.0,897878.4278570937
20250929,15772.46292944171,892797.3955998947,908569.8585293364
20250930,15772.46292944171,882360.6044211822,898133.0673506239
20251009,24726.981822240632,842411.6990442474,867138.680866488
20251010,24726.981822240632,793851.4250463818,818578.4068686224
20251013,18047.803272488138,787789.0,805836.8032724882
20251014,18047.803272488138,756959.0,775006.8032724882
20251015,18047.803272488138,822084.0,840131.8032724882
20251016,18047.803272488138,859825.0,877872.8032724882
20251017,18047.803272488138,848736.0,866783.8032724882
20251020,31923.773470688262,857197.0,889120.7734706883
20251021,31923.773470688262,887949.0,919872.7734706883
20251022,31923.773470688262,913675.0,945598.7734706883
20251023,31923.773470688262,896434.0,928357.7734706883
20251024,31923.773470688262,942133.0,974056.7734706883
20251027,1285.2903228883806,978602.0,979887.2903228884
20251028,1285.2903228883806,978567.0,979852.2903228884
20251029,1285.2903228883806,989761.0,991046.2903228884
20251030,1285.2903228883806,981336.0,982621.2903228884
20251031,1285.2903228883806,1011853.0,1013138.2903228884
20251103,17621.340646088473,998677.0,1016298.3406460885
20251104,17621.340646088473,980562.0,998183.3406460885
20251105,17621.340646088473,968578.0,986199.3406460885
20251106,17621.340646088473,987284.0,1004905.3406460885
20251107,17621.340646088473,965995.0,983616.3406460885
20251110,2800.6378233886207,972575.0,975375.6378233887
20251111,2800.6378233886207,968977.0,971777.6378233887
20251112,2800.6378233886207,942037.0,944837.6378233887
20251113,2800.6378233886207,961706.0,964506.6378233887
20251114,2800.6378233886207,958866.0,961666.6378233887
20251117,27018.670929388725,912250.0,939268.6709293887
20251118,27018.670929388725,897921.0,924939.6709293887
20251119,27018.670929388725,894720.0,921738.6709293887
20251120,27018.670929388725,892784.0,919802.6709293887
20251121,27018.670929388725,833696.0,860714.6709293887
20251124,37608.0813229389,823204.0,860812.0813229389
20251125,37608.0813229389,849242.0,886850.0813229389
20251126,37608.0813229389,857528.0,895136.0813229389
20251127,37608.0813229389,938680.0,976288.0813229389
20251128,37608.0813229389,958925.0,996533.0813229389
20251201,1127.4348653779598,993701.0912248675,994828.5260902455
20251202,1127.4348653779598,981515.4318602469,982642.8667256249
20251203,1127.4348653779598,950910.2680966507,952037.7029620287
20251204,1127.4348653779598,913006.3074212114,914133.7422865893
20251205,1127.4348653779598,923806.8947795441,924934.329644922
20251208,12620.469809885457,923692.2257295707,936312.6955394562
20251209,12620.469809885457,896067.7171978398,908688.1870077252
20251210,12620.469809885457,892086.44172308,904706.9115329655
20251211,12620.469809885457,883331.3676123831,895951.8374222686
20251212,12620.469809885457,840598.9756091377,853219.4454190232
20251215,1756.698010730237,858221.0,859977.6980107302
20251216,1756.698010730237,845771.0,847527.6980107302
20251217,1756.698010730237,836632.0,838388.6980107302
20251218,1756.698010730237,834042.0,835798.6980107302
20251219,1756.698010730237,835152.0,836908.6980107302
20251222,6521.831265730201,823173.0,829694.8312657302
20251223,6521.831265730201,793201.0,799722.8312657302
20251224,6521.831265730201,820850.0,827371.8312657302
20251225,6521.831265730201,835548.0,842069.8312657302
20251226,6521.831265730201,846817.0,853338.8312657302
20251229,4685.669152280403,860759.0,865444.6691522804
20251230,4685.669152280403,866982.0,871667.6691522804
20251231,7125.238438880449,847392.0,854517.2384388804
