trade_date,cash,positions_value,equity
20060104,1000000.0,0.0,1000000.0
20060105,1000000.0,0.0,1000000.0
20060106,1000000.0,0.0,1000000.0
20060109,1000000.0,0.0,1000000.0
20060110,1000000.0,0.0,1000000.0
20060111,1000000.0,0.0,1000000.0
20060112,1000000.0,0.0,1000000.0
20060113,1000000.0,0.0,1000000.0
20060116,1000000.0,0.0,1000000.0
20060117,1000000.0,0.0,1000000.0
20060118,1000000.0,0.0,1000000.0
20060119,1000000.0,0.0,1000000.0
20060120,1000000.0,0.0,1000000.0
20060123,1000000.0,0.0,1000000.0
20060124,1000000.0,0.0,1000000.0
20060125,1000000.0,0.0,1000000.0
20060206,17.597963289241306,1029558.4152932984,1029576.0132565877
20060207,17.597963289241306,1015907.188705947,1015924.7866692363
20060208,17.597963289241306,1022576.9559932081,1022594.5539564973
20060209,17.597963289241306,1021673.8584864086,1021691.4564496978
20060210,17.597963289241306,1048447.2291869777,1048464.827150267
20060213,17.597963289241306,1052987.8920599977,1053005.490023287
20060214,17.597963289241306,1037936.7859255504,1037954.3838888396
20060215,17.597963289241306,1039301.1047839961,1039318.7027472854
20060216,17.597963289241306,995549.0129755435,995566.6109388327
20060217,17.597963289241306,989237.8957975644,989255.4937608537
20060220,17.597963289241306,997193.3170083235,997210.9149716127
20060221,17.597963289241306,1029067.9808180485,1029085.5787813377
20060222,17.597963289241306,1027565.0676621074,1027582.6656253967
20060223,17.597963289241306,1027776.4016523538,1027793.999615643
20060224,17.597963289241306,1035696.6308591034,1035714.2288223926
20060227,17.597963289241306,1027682.2220478182,1027699.8200111075
20060228,17.597963289241306,1030902.7163978313,1030920.3143611206
20060301,39.225240384383596,1033703.6493779283,1033742.8746183127
20060302,39.225240384383596,1029432.9893533178,1029472.2145937021
20060303,39.225240384383596,1043660.7574526044,1043699.9826929887
20060306,39.225240384383596,1046834.378913661,1046873.6041540453
20060307,39.225240384383596,1016550.8284302636,1016590.0536706479
20060308,39.225240384383596,1006666.5939228096,1006705.8191631939
20060309,39.225240384383596,1015045.2491007082,1015084.4743410925
20060310,39.225240384383596,1018502.6908154074,1018541.9160557918
20060313,39.225240384383596,1025112.9437550828,1025152.1689954671
20060314,39.225240384383596,1021753.1694291062,1021792.3946694905
20060315,39.225240384383596,1031227.9032290569,1031267.1284694412
20060316,39.225240384383596,1035646.2292869284,1035685.4545273128
20060317,39.225240384383596,1024391.0757901673,1024430.3010305517
20060320,39.225240384383596,1032680.0043895587,1032719.229629943
20060321,39.225240384383596,1029019.8295130719,1029059.0547534563
20060322,39.225240384383596,1031961.6920784783,1032000.9173188626
20060323,39.225240384383596,1022773.5568556932,1022812.7820960776
20060324,39.225240384383596,1030007.5440305735,1030046.7692709578
20060327,39.225240384383596,1035845.7751436275,1035885.0003840119
20060328,39.225240384383596,1047094.4658533111,1047133.6910936955
20060329,39.225240384383596,1056409.6430424189,1056448.8682828033
20060330,39.225240384383596,1048043.4068940668,1048082.6321344512
20060331,39.225240384383596,1048520.7266587119,1048559.9518990963
20060403,17.876465666508366,1050486.900545373,1050504.7770110397
20060404,17.876465666508366,1049789.6210414022,1049807.4975070688
20060405,17.876465666508366,1048401.0599057693,1048418.9363714358
20060406,17.876465666508366,1047977.6008101088,1047995.4772757753
20060407,17.876465666508366,1043187.7221715753,1043205.5986372418
20060410,17.876465666508366,1053216.9495764123,1053234.826042079
20060411,17.876465666508366,1059101.010169822,1059118.8866354886
20060412,17.876465666508366,1058335.9404965567,1058353.8169622233
20060413,17.876465666508366,1050792.695249907,1050810.5717155735
20060414,17.876465666508366,1071964.842622882,1071982.7190885486
20060417,17.876465666508366,1098069.3734448894,1098087.249910556
20060418,17.876465666508366,1106284.0089334354,1106301.885399102
20060419,17.876465666508366,1086059.3630428133,1086077.2395084798
20060420,17.876465666508366,1092826.1693837782,1092844.0458494448
20060421,17.876465666508366,1103594.3644459648,1103612.2409116314
20060424,17.876465666508366,1057533.8288574677,1057551.7053231343
20060425,17.876465666508366,1025652.6198768029,1025670.4963424694
20060426,17.876465666508366,1034475.2983466627,1034493.1748123291
20060427,17.876465666508366,1029161.2319148651,1029179.1083805315
20060428,17.876465666508366,1029222.6568580628,1029240.5333237293
20060508,14.429436970560346,1047147.9004528325,1047162.329889803
20060509,14.429436970560346,1069175.656767062,1069190.0862040324
20060510,14.429436970560346,1069693.0067128274,1069707.4361497979
20060511,14.429436970560346,1076164.581524272,1076179.0109612425
20060512,14.429436970560346,1080812.6431681158,1080827.0726050863
20060515,14.429436970560346,1121373.346125319,1121387.7755622894
20060516,14.429436970560346,1121352.5673100248,1121366.9967469953
20060517,14.429436970560346,1150070.1419337727,1150084.5713707432
20060518,14.429436970560346,1154711.0370972205,1154725.466534191
20060519,14.429436970560346,1189271.0694452233,1189285.4988821938
20060522,14.429436970560346,1237904.2888061407,1237918.7182431112
20060523,14.429436970560346,1197679.329746698,1197693.7591836685
20060524,14.429436970560346,1155631.8480976997,1155646.2775346702
20060525,14.429436970560346,1162889.0624385052,1162903.4918754757
20060526,14.429436970560346,1194061.2586235802,1194075.6880605507
20060529,14.429436970560346,1263516.0484739484,1263530.4779109189
20060530,14.429436970560346,1250145.6299546382,1250160.0593916087
20060531,14.429436970560346,1240273.1844502413,1240287.6138872118
20060601,72.59165501321468,1270817.3705130322,1270889.9621680453
20060602,72.59165501321468,1266742.9088612339,1266815.500516247
20060605,72.59165501321468,1284509.1109591639,1284581.702614177
20060606,72.59165501321468,1284916.6734380808,1284989.265093094
20060607,72.59165501321468,1224892.4921145516,1224965.0837695647
20060608,72.59165501321468,1219156.7356231655,1219229.3272781787
20060609,72.59165501321468,1216134.5941115571,1216207.1857665703
20060612,72.59165501321468,1230040.6144866364,1230113.2061416495
20060613,72.59165501321468,1210173.2470217333,1210245.8386767465
20060614,72.59165501321468,1200907.3545900995,1200979.9462451127
20060615,72.59165501321468,1185906.8175165064,1185979.4091715196
20060616,72.59165501321468,1213690.9621110791,1213763.5537660923
20060619,72.59165501321468,1215482.049726878,1215554.6413818912
20060620,72.59165501321468,1220895.2996970515,1220967.8913520647
20060621,72.59165501321468,1211091.3824353209,1211163.974090334
20060622,72.59165501321468,1204785.1378023354,1204857.7294573486
20060623,72.59165501321468,1209472.22119227,1209544.8128472832
20060626,72.59165501321468,1233230.1724592894,1233302.7641143026
20060627,72.59165501321468,1247933.6284541779,1248006.220109191
20060628,72.59165501321468,1275004.3381592694,1275076.9298142826
20060629,72.59165501321468,1306979.972222829,1307052.5638778422
20060630,72.59165501321468,1293191.479709333,1293264.0713643462
20060703,121.96019023717963,1307678.2612060597,1307800.221396297
20060704,121.96019023717963,1299731.5769724413,1299853.5371626785
20060705,121.96019023717963,1283288.955067657,1283410.9152578942
20060706,121.96019023717963,1308696.2756745105,1308818.2358647478
20060707,121.96019023717963,1299958.315933981,1300080.2761242182
20060710,121.96019023717963,1313244.590306506,1313366.5504967433
20060711,121.96019023717963,1309056.3814678413,1309178.3416580786
20060712,121.96019023717963,1289541.9434252994,1289663.9036155366
20060713,121.96019023717963,1234974.5574758833,1235096.5176661205
20060714,121.96019023717963,1243969.2702808778,1244091.230471115
20060717,121.96019023717963,1257757.4534771151,1257879.4136673524
20060718,121.96019023717963,1268155.7368212813,1268277.6970115185
20060719,121.96019023717963,1244406.015173284,1244527.9753635214
20060720,121.96019023717963,1248856.1011413732,1248978.0613316104
20060721,121.96019023717963,1261806.815048509,1261928.7752387463
20060724,121.96019023717963,1255696.3136436136,1255818.2738338509
20060725,121.96019023717963,1262549.483810566,1262671.4440008032
20060726,121.96019023717963,1265048.0000040273,1265169.9601942645
20060727,121.96019023717963,1245744.6923121954,1245866.6525024327
20060728,121.96019023717963,1247944.1954612653,1248066.1556515025
20060731,121.96019023717963,1222100.3588745645,1222222.3190648018
20060801,153.5071245455547,1213843.215410799,1213996.7225353445
20060802,153.5071245455547,1216321.893536678,1216475.4006612236
20060803,153.5071245455547,1214592.9028337854,1214746.409958331
20060804,153.5071245455547,1193057.4685477435,1193210.975672289
20060807,153.5071245455547,1174342.5564169942,1174496.0635415397
20060808,153.5071245455547,1198552.7110230713,1198706.2181476168
20060809,153.5071245455547,1194907.029017286,1195060.5361418314
20060810,153.5071245455547,1210438.501765266,1210592.0088898116
20060811,153.5071245455547,1219382.5460461206,1219536.053170666
20060814,153.5071245455547,1201940.3957184607,1202093.9028430062
20060815,153.5071245455547,1228295.6296739297,1228449.1367984752
20060816,153.5071245455547,1232976.6746857949,1233130.1818103404
20060817,153.5071245455547,1217081.6106657637,1217235.1177903092
20060818,153.5071245455547,1208345.5846557475,1208499.091780293
20060821,153.5071245455547,1201379.3715930993,1201532.8787176448
20060822,153.5071245455547,1202286.043457865,1202439.5505824105
20060823,153.5071245455547,1212594.5686301626,1212748.0757547081
20060824,153.5071245455547,1206316.498653912,1206470.0057784575
20060825,153.5071245455547,1208180.2021679282,1208333.7092924737
20060828,153.5071245455547,1220636.7595586895,1220790.266683235
20060829,153.5071245455547,1221349.4726054172,1221502.9797299628
20060830,153.5071245455547,1219974.621627719,1220128.1287522644
20060831,153.5071245455547,1244169.9408500749,1244323.4479746204
20060901,124.03123281991702,1242139.414956043,1242263.446188863
20060904,124.03123281991702,1254994.0241993053,1255118.0554321252
20060905,124.03123281991702,1246873.8118249164,1246997.8430577363
20060906,124.03123281991702,1244581.1137676057,1244705.1450004256
20060907,124.03123281991702,1223128.6043522488,1223252.6355850687
20060908,124.03123281991702,1226906.6945307024,1227030.7257635223
20060911,124.03123281991702,1227911.7412117526,1228035.7724445725
20060912,124.03123281991702,1240048.2195740198,1240172.2508068397
20060913,124.03123281991702,1240604.9819580656,1240729.0131908855
20060914,124.03123281991702,1233128.3123860897,1233252.3436189096
20060915,124.03123281991702,1260046.2536327762,1260170.284865596
20060918,124.03123281991702,1277650.6902138437,1277774.7214466636
20060919,124.03123281991702,1273556.817073397,1273680.848306217
20060920,124.03123281991702,1272242.5724094482,1272366.603642268
20060921,124.03123281991702,1278968.789161663,1279092.820394483
20060922,124.03123281991702,1251459.815316056,1251583.8465488758
20060925,124.03123281991702,1241952.1481505902,1242076.1793834101
20060926,124.03123281991702,1238793.3914658118,1238917.4226986316
20060927,124.03123281991702,1245461.2352373938,1245585.2664702137
20060928,124.03123281991702,1249253.4531960643,1249377.4844288842
20060929,124.03123281991702,1260073.4006802058,1260197.4319130257
20061009,106.48754664784792,1274828.7548616047,1274935.2424082526
20061010,106.48754664784792,1291845.8835555096,1291952.3711021575
20061011,106.48754664784792,1297877.209654721,1297983.6972013689
20061012,106.48754664784792,1360322.2661715683,1360428.7537182162
20061013,106.48754664784792,1343792.828487985,1343899.316034633
20061016,106.48754664784792,1367571.466865768,1367677.9544124159
20061017,106.48754664784792,1352501.011359931,1352607.4989065789
20061018,106.48754664784792,1380498.7901025473,1380605.2776491952
20061019,106.48754664784792,1381553.7853015228,1381660.2728481707
20061020,106.48754664784792,1370938.7438755839,1371045.2314222318
20061023,106.48754664784792,1349764.7576369795,1349871.2451836274
20061024,106.48754664784792,1396425.4270241535,1396531.9145708014
20061025,106.48754664784792,1413697.6549228323,1413804.1424694802
20061026,106.48754664784792,1445259.2185799833,1445365.7061266312
20061027,106.48754664784792,1453808.0959506182,1453914.583497266
20061030,106.48754664784792,1528104.9644857212,1528211.452032369
20061031,106.48754664784792,1528809.4511460671,1528915.938692715
20061101,60.58706684136996,1557115.3035961164,1557175.8906629577
20061102,60.58706684136996,1584838.5832700562,1584899.1703368975
20061103,60.58706684136996,1566163.0054112845,1566223.5924781258
20061106,60.58706684136996,1654435.2120386204,1654495.7991054617
20061107,60.58706684136996,1622487.547218815,1622548.1342856563
20061108,60.58706684136996,1574324.174785564,1574384.7618524053
20061109,60.58706684136996,1598106.5398306982,1598167.1268975395
20061110,60.58706684136996,1555938.2231158726,1555998.810182714
20061113,60.58706684136996,1515144.9069146025,1515205.4939814438
20061114,60.58706684136996,1527634.6128446583,1527695.1999114996
20061115,60.58706684136996,1598252.4082331215,1598312.9952999628
20061116,60.58706684136996,1600354.9991592872,1600415.5862261285
20061117,60.58706684136996,1618443.361171344,1618503.9482381854
20061120,60.58706684136996,1629687.3452599798,1629747.9323268211
20061121,60.58706684136996,1635171.4330581862,1635232.0201250275
20061122,60.58706684136996,1637638.1533102382,1637698.7403770795
20061123,60.58706684136996,1651943.5746312025,1652004.1616980438
20061124,60.58706684136996,1648364.1558371524,1648424.7429039937
20061127,60.58706684136996,1663124.1773713706,1663184.764438212
20061128,60.58706684136996,1631678.8483387756,1631739.4354056169
20061129,60.58706684136996,1658440.5803637323,1658501.1674305736
20061130,60.58706684136996,1715980.176673639,1716040.7637404804
20061201,10.951322885193804,1727491.08625281,1727502.0375756952
20061204,10.951322885193804,1763620.9229015417,1763631.874224427
20061205,10.951322885193804,1752382.1271395904,1752393.0784624757
20061206,10.951322885193804,1726223.4390662466,1726234.3903891318
20061207,10.951322885193804,1766176.9208092582,1766187.8721321435
20061208,10.951322885193804,1714703.085792489,1714714.037115374
20061211,10.951322885193804,1772854.0922607775,1772865.0435836627
20061212,10.951322885193804,1766281.2551486695,1766292.2064715547
20061213,10.951322885193804,1745173.90669535,1745184.8580182353
20061214,10.951322885193804,1773853.295886189,1773864.2472090742
20061215,10.951322885193804,1790785.3830500513,1790796.3343729365
20061218,10.951322885193804,1808612.9980564085,1808623.9493792937
20061219,10.951322885193804,1816781.2976085944,1816792.2489314796
20061220,10.951322885193804,1832956.3740285859,1832967.325351471
20061221,10.951322885193804,1819414.3613480546,1819425.3126709398
20061222,10.951322885193804,1788042.0105997303,1788052.9619226155
20061225,10.951322885193804,1795795.8554696685,1795806.8067925537
20061226,10.951322885193804,1816789.1436171401,1816800.0949400254
20061227,10.951322885193804,1824414.56928868,1824425.5206115653
20061228,10.951322885193804,1774215.6137594557,1774226.565082341
20061229,10.951322885193804,1819013.0064071422,1819023.9577300274
20070104,43.51625710576991,1913703.4336464545,1913746.9499035603
20070105,43.51625710576991,1950187.5084156462,1950231.024672752
20070108,43.51625710576991,2000801.3856168094,2000844.9018739152
20070109,43.51625710576991,2115310.4804191655,2115353.9966762713
20070110,43.51625710576991,2151215.01167454,2151258.527931646
20070111,43.51625710576991,2114203.499896892,2114247.0161539977
20070112,43.51625710576991,1977863.3034403091,1977906.819697415
20070115,43.51625710576991,2082978.5855432695,2083022.1018003754
20070116,43.51625710576991,2092314.7409209425,2092358.2571780484
20070117,43.51625710576991,2093893.6601422166,2093937.1763993225
20070118,43.51625710576991,2125173.7412148393,2125217.257471945
20070119,43.51625710576991,2180496.940604766,2180540.4568618718
20070122,43.51625710576991,2309835.3066287893,2309878.822885895
20070123,43.51625710576991,2408961.36149557,2409004.8777526757
20070124,43.51625710576991,2468890.593889457,2468934.110146563
20070125,43.51625710576991,2352013.488477591,2352057.004734697
20070126,43.51625710576991,2431953.523533943,2431997.039791049
20070129,43.51625710576991,2488811.9923346927,2488855.5085917986
20070130,43.51625710576991,2419247.6063564518,2419291.1226135576
20070131,43.51625710576991,2256173.5929619838,2256217.1092190896
20070201,10.519956425530836,2254193.2551344223,2254203.775090848
20070202,10.519956425530836,2198476.305571568,2198486.825527994
20070205,10.519956425530836,2200069.531754007,2200080.0517104324
20070206,10.519956425530836,2272510.4113822766,2272520.9313387023
20070207,10.519956425530836,2286879.478117061,2286889.9980734866
20070208,10.519956425530836,2372604.226626715,2372614.7465831405
20070209,10.519956425530836,2392728.980964732,2392739.500921157
20070212,10.519956425530836,2434034.759533864,2434045.2794902893
20070213,10.519956425530836,2481332.565288578,2481343.085245004
20070214,10.519956425530836,2544102.0022967905,2544112.5222532162
20070215,10.519956425530836,2651773.8517759144,2651784.37173234
20070216,10.519956425530836,2688898.2270217505,2688908.746978176
20070226,10.519956425530836,2897259.4663872393,2897269.986343665
20070227,10.519956425530836,2612703.9100628505,2612714.430019276
20070228,10.519956425530836,2826442.712597835,2826453.2325542606
20070301,215.1599668911149,2797342.436248545,2797557.5962154362
20070302,215.1599668911149,2822556.0450136536,2822771.2049805447
20070305,215.1599668911149,2758261.504176612,2758476.664143503
20070306,215.1599668911149,2751172.2011050466,2751387.3610719377
20070307,215.1599668911149,2800318.6356078354,2800533.7955747265
20070308,215.1599668911149,2884170.7268208466,2884385.8867877377
20070309,215.1599668911149,2910530.7535827365,2910745.9135496276
20070312,215.1599668911149,3027579.3141659084,3027794.4741327995
20070313,215.1599668911149,3062832.9851960586,3063048.14516295
20070314,215.1599668911149,2998015.4696380165,2998230.6296049077
20070315,215.1599668911149,3049889.516054248,3050104.676021139
20070316,215.1599668911149,2936450.4725622125,2936665.6325291037
20070319,215.1599668911149,2957568.0689695496,2957783.228936441
20070320,215.1599668911149,3020442.872245354,3020658.0322122453
20070321,215.1599668911149,3049625.0531439814,3049840.2131108725
20070322,215.1599668911149,3066879.6893957136,3067094.849362605
20070323,215.1599668911149,3128374.585035311,3128589.745002202
20070326,215.1599668911149,3247954.9739806494,3248170.1339475405
20070327,215.1599668911149,3314963.942210549,3315179.10217744
20070328,215.1599668911149,3297268.422918287,3297483.5828851783
20070329,215.1599668911149,3180812.0441069026,3181027.2040737937
20070330,215.1599668911149,3227545.6038636817,3227760.763830573
20070402,42.92013737948582,3335620.498952468,3335663.4190898472
20070403,42.92013737948582,3380542.6628597872,3380585.5829971666
20070404,42.92013737948582,3402067.2755908947,3402110.195728274
20070405,42.92013737948582,3486599.798046263,3486642.7181836423
20070406,42.92013737948582,3527600.0897788834,3527643.0099162627
20070409,42.92013737948582,3628340.7816293626,3628383.701766742
20070410,42.92013737948582,3703711.3303151545,3703754.250452534
20070411,42.92013737948582,3785294.9258692283,3785337.8460066076
20070412,42.92013737948582,3842423.9866153942,3842466.9067527736
20070413,42.92013737948582,3852326.7394921393,3852369.6596295186
20070416,42.92013737948582,3912077.257771063,3912120.1779084424
20070417,42.92013737948582,3952791.1259268764,3952834.0460642558
20070418,42.92013737948582,4110257.446523524,4110300.366660903
20070419,42.92013737948582,3931838.2407262237,3931881.160863603
20070420,42.92013737948582,4056422.3153670095,4056465.235504389
20070423,42.92013737948582,4293621.722414904,4293664.642552284
20070424,42.92013737948582,4397690.327890087,4397733.248027466
20070425,42.92013737948582,4334887.270416906,4334930.190554285
20070426,42.92013737948582,4376261.245779574,4376304.165916953
20070427,42.92013737948582,4356713.240576888,4356756.160714268
20070430,42.92013737948582,4354403.310264551,4354446.23040193
20070508,265.84343043087574,4525530.962218708,4525796.805649139
20070509,265.84343043087574,4567108.677581383,4567374.521011814
20070510,265.84343043087574,4780351.952930797,4780617.7963612275
20070511,265.84343043087574,4683957.54123623,4684223.384666661
20070514,265.84343043087574,4692803.295405405,4693069.138835835
20070515,265.84343043087574,4497461.810047109,4497727.653477539
20070516,265.84343043087574,4553294.11360517,4553559.9570356
20070517,265.84343043087574,4695554.27099836,4695820.11442879
20070518,265.84343043087574,4699563.113586975,4699828.957017406
20070521,265.84343043087574,4781949.708206589,4782215.55163702
20070522,265.84343043087574,4886089.905589851,4886355.749020281
20070523,265.84343043087574,4909654.986865083,4909920.830295513
20070524,265.84343043087574,4927694.029889531,4927959.873319962
20070525,265.84343043087574,4992573.745582663,4992839.589013094
20070528,265.84343043087574,5082159.081375051,5082424.924805482
20070529,265.84343043087574,5074509.30941847,5074775.1528489
20070530,265.84343043087574,4674128.388100186,4674394.231530617
20070531,265.84343043087574,4486761.011188234,4487026.854618665
20070601,251.00105959700886,4103585.8566147126,4103836.8576743095
20070604,251.00105959700886,3696894.551528139,3697145.552587736
20070605,251.00105959700886,3965372.1514110323,3965623.152470629
20070606,251.00105959700886,4008496.7314487332,4008747.73250833
20070607,251.00105959700886,4141961.358405407,4142212.359465004
20070608,251.00105959700886,4167826.385932903,4168077.3869924997
20070611,251.00105959700886,4221768.536452085,4222019.537511682
20070612,251.00105959700886,4343976.343589842,4344227.34464944
20070613,251.00105959700886,4500415.916540994,4500666.917600592
20070614,251.00105959700886,4353359.820916169,4353610.821975767
20070615,251.00105959700886,4288850.244783107,4289101.245842705
20070618,251.00105959700886,4382545.408341185,4382796.409400783
20070619,251.00105959700886,4409751.449022072,4410002.45008167
20070620,251.00105959700886,4550290.488088359,4550541.4891479565
20070621,251.00105959700886,4559576.958725469,4559827.959785067
20070622,251.00105959700886,4430394.785560001,4430645.786619598
20070625,251.00105959700886,4179212.1934831133,4179463.19454271
20070626,251.00105959700886,4257498.84585272,4257749.846912317
20070627,251.00105959700886,4276055.099598431,4276306.100658028
20070628,251.00105959700886,4048778.4959089262,4049029.496968523
20070629,251.00105959700886,3889749.338403918,3890000.3394635147
20070702,231.4766698726453,4016475.1357695037,4016706.6124393763
20070703,231.4766698726453,4109748.1345249945,4109979.611194867
20070704,231.4766698726453,3966038.1954110456,3966269.672080918
20070705,231.4766698726453,3664025.582406568,3664257.0590764405
20070706,231.4766698726453,3898350.957797736,3898582.4344676086
20070709,231.4766698726453,3998084.1316304714,3998315.608300344
20070710,231.4766698726453,3844211.0874958187,3844442.5641656914
20070711,231.4766698726453,3930958.361122188,3931189.837792061
20070712,231.4766698726453,3989438.8693132317,3989670.3459831043
20070713,231.4766698726453,3988139.0552042043,3988370.531874077
20070716,231.4766698726453,3918575.0004142458,3918806.4770841184
20070717,231.4766698726453,4035607.7415441102,4035839.218213983
20070718,231.4766698726453,4038326.028884479,4038557.5055543515
20070719,231.4766698726453,3975901.1459284965,3976132.622598369
20070720,231.4766698726453,4114427.804920845,4114659.281590718
20070723,231.4766698726453,4514677.23768896,4514908.714358833
20070724,231.4766698726453,4471730.419061819,4471961.895731691
20070725,231.4766698726453,4556846.381290765,4557077.857960638
20070726,231.4766698726453,4629705.875681229,4629937.352351101
20070727,231.4766698726453,4738549.807261095,4738781.2839309685
20070730,231.4766698726453,4967936.2388727795,4968167.715542652
20070731,231.4766698726453,5064365.651121856,5064597.127791729
20070801,54.22019175614696,4798971.393330545,4799025.613522301
20070802,54.22019175614696,4960309.881077135,4960364.101268891
20070803,54.22019175614696,4977451.342415107,4977505.562606864
20070806,54.22019175614696,5174276.136913285,5174330.357105041
20070807,54.22019175614696,5239465.546322094,5239519.766513851
20070808,54.22019175614696,5155867.59222636,5155921.812418116
20070809,54.22019175614696,5282409.51273538,5282463.732927136
20070810,54.22019175614696,5213919.440535026,5213973.660726782
20070813,54.22019175614696,5205835.422362361,5205889.642554117
20070814,54.22019175614696,5264883.02001035,5264937.240202107
20070815,54.22019175614696,5309157.746753582,5309211.966945338
20070816,54.22019175614696,5316939.914959168,5316994.135150924
20070817,54.22019175614696,5268104.5569271725,5268158.777118929
20070820,54.22019175614696,5598021.365664091,5598075.585855847
20070821,54.22019175614696,5695907.952367175,5695962.172558932
20070822,54.22019175614696,5799989.112120497,5800043.332312253
20070823,54.22019175614696,5912045.122584526,5912099.342776283
20070824,54.22019175614696,6043441.500844244,6043495.721036
20070827,54.22019175614696,6349737.24992914,6349791.470120897
20070828,54.22019175614696,6567667.199084746,6567721.419276502
20070829,54.22019175614696,6453450.446113596,6453504.666305352
20070830,54.22019175614696,6653301.402218198,6653355.622409955
20070831,54.22019175614696,6899401.190462903,6899455.410654659
20070903,21.122376359126065,7251199.453366372,7251220.575742731
20070904,21.122376359126065,7074626.862655022,7074647.985031381
20070905,21.122376359126065,7276875.152818118,7276896.275194477
20070906,21.122376359126065,7464285.216905171,7464306.33928153
20070907,21.122376359126065,7304105.128614029,7304126.250990388
20070910,21.122376359126065,7304368.344082466,7304389.466458825
20070911,21.122376359126065,6811214.506777465,6811235.629153824
20070912,21.122376359126065,6908234.813316643,6908255.935693002
20070913,21.122376359126065,7289905.647482976,7289926.769859335
20070914,21.122376359126065,7499845.560066175,7499866.682442534
20070917,21.122376359126065,7971449.776613161,7971470.89898952
20070918,21.122376359126065,7858545.873153561,7858566.99552992
20070919,21.122376359126065,7629247.233667269,7629268.356043628
20070920,21.122376359126065,7701359.704822465,7701380.827198824
20070921,21.122376359126065,7468413.249659371,7468434.37203573
20070924,21.122376359126065,7541964.182408784,7541985.304785143
20070925,21.122376359126065,7301999.779043706,7302020.901420065
20070926,21.122376359126065,7115530.693276185,7115551.815652544
20070927,21.122376359126065,7223693.873835368,7223714.996211727
20070928,21.122376359126065,7343776.932748238,7343798.055124597
20071008,61.68211067491211,7340711.227691891,7340772.909802565
20071009,61.68211067491211,7343927.51206044,7343989.194171115
20071010,61.68211067491211,7387763.810066834,7387825.492177509
20071011,61.68211067491211,7292987.513364154,7293049.195474829
20071012,61.68211067491211,7003480.999952269,7003542.6820629435
20071015,61.68211067491211,7071492.644497241,7071554.326607916
20071016,61.68211067491211,7069178.524857575,7069240.20696825
20071017,61.68211067491211,7058877.3186013475,7058939.000712022
20071018,61.68211067491211,6824835.579422561,6824897.261533236
20071019,61.68211067491211,6782952.380525266,6783014.0626359405
20071022,61.68211067491211,6509127.439745969,6509189.121856644
20071023,61.68211067491211,6603323.24209453,6603384.9242052045
20071024,61.68211067491211,6376095.211281044,6376156.893391719
20071025,61.68211067491211,5823926.20141189,5823987.883522565
20071026,61.68211067491211,5916572.094989072,5916633.777099746
20071029,61.68211067491211,6187456.924134355,6187518.60624503
20071030,61.68211067491211,6240976.197521044,6241037.879631719
20071031,61.68211067491211,6412565.787445491,6412627.469556166
20071101,197.49089351092698,6155670.450450227,6155867.941343738
20071102,197.49089351092698,5929022.796943173,5929220.287836684
20071105,197.49089351092698,6033334.03571145,6033531.526604961
20071106,197.49089351092698,6122446.3594546225,6122643.850348134
20071107,197.49089351092698,6148804.656762101,6149002.147655612
20071108,197.49089351092698,5891455.363584962,5891652.854478473
20071109,197.49089351092698,5841124.600438147,5841322.091331658
20071112,197.49089351092698,5725806.706169602,5726004.197063114
20071113,197.49089351092698,5825375.072306929,5825572.56320044
20071114,197.49089351092698,6031092.100338612,6031289.591232123
20071115,197.49089351092698,5939979.5276352735,5940177.018528785
20071116,197.49089351092698,5941530.859576255,5941728.350469766
20071119,197.49089351092698,6102121.677391607,6102319.168285118
20071120,197.49089351092698,6218898.650264388,6219096.141157899
20071121,197.49089351092698,6106491.197283246,6106688.688176757
20071122,197.49089351092698,5833125.577709771,5833323.068603282
20071123,197.49089351092698,5948376.0970280245,5948573.587921536
20071126,197.49089351092698,5865096.2051185155,5865293.696012027
20071127,197.49089351092698,5875379.5262132995,5875577.017106811
20071128,197.49089351092698,5878945.898515416,5879143.389408927
20071129,197.49089351092698,6000698.982197465,6000896.4730909765
20071130,197.49089351092698,5909488.773950852,5909686.264844364
20071203,29.094959945883602,5928358.129182528,5928387.224142473
20071204,29.094959945883602,5992158.147808664,5992187.24276861
20071205,29.094959945883602,6158383.457819275,6158412.55277922
20071206,29.094959945883602,6196929.2124743,6196958.307434246
20071207,29.094959945883602,6357630.309782226,6357659.404742172
20071210,29.094959945883602,6604250.038161979,6604279.1331219245
20071211,29.094959945883602,6665554.96207315,6665584.0570330955
20071212,29.094959945883602,6614861.828189076,6614890.923149021
20071213,29.094959945883602,6344052.023268387,6344081.118228333
20071214,29.094959945883602,6518542.211745063,6518571.306705009
20071217,29.094959945883602,6487546.659901539,6487575.754861485
20071218,29.094959945883602,6522306.765957357,6522335.860917304
20071219,29.094959945883602,6688914.939545426,6688944.034505371
20071220,29.094959945883602,6826961.599903998,6826990.694863943
20071221,29.094959945883602,6931873.7640835615,6931902.859043507
20071224,29.094959945883602,7006551.378821138,7006580.473781085
20071225,29.094959945883602,7033660.977178406,7033690.072138352
20071226,29.094959945883602,7157902.204248523,7157931.29920847
20071227,29.094959945883602,7227870.19652879,7227899.291488735
20071228,29.094959945883602,7192193.659704701,7192222.754664646
20080102,154.89760484994622,7297353.06266681,7297507.96027166
20080103,154.89760484994622,7397929.788662364,7398084.686267214
20080104,154.89760484994622,7429752.26662567,7429907.16423052
20080107,154.89760484994622,7579815.1893698545,7579970.086974705
20080108,154.89760484994622,7482739.282510414,7482894.180115264
20080109,154.89760484994622,7632665.222559695,7632820.120164545
20080110,154.89760484994622,7677394.393241677,7677549.290846528
20080111,154.89760484994622,7818897.56727809,7819052.46488294
20080114,154.89760484994622,8113371.598880296,8113526.496485146
20080115,154.89760484994622,8124379.817082371,8124534.714687221
20080116,154.89760484994622,7971086.1657181755,7971241.063323026
20080117,154.89760484994622,7710968.693938362,7711123.5915432125
20080118,154.89760484994622,7758245.165645874,7758400.063250724
20080121,154.89760484994622,7610206.473099801,7610361.370704651
20080122,154.89760484994622,7072328.937448339,7072483.835053189
20080123,154.89760484994622,7538217.193069688,7538372.090674538
20080124,154.89760484994622,7933310.278420054,7933465.1760249045
20080125,154.89760484994622,7968797.6974959755,7968952.595100826
20080128,154.89760484994622,7506853.175403142,7507008.0730079925
20080129,154.89760484994622,7624856.56109928,7625011.45870413
20080130,154.89760484994622,7567581.08238322,7567735.97998807
20080131,154.89760484994622,7304632.179064981,7304787.076669831
20080201,31.372664586408064,7069605.919004355,7069637.291668941
20080204,31.372664586408064,7587608.534963255,7587639.907627841
20080205,31.372664586408064,7691897.80802988,7691929.180694466
20080213,31.372664586408064,7616301.454789457,7616332.827454044
20080214,31.372664586408064,7729119.275920659,7729150.648585246
20080215,31.372664586408064,7701065.487359776,7701096.860024363
20080218,31.372664586408064,7854905.178418415,7854936.551083001
20080219,31.372664586408064,7961185.288094207,7961216.660758793
20080220,31.372664586408064,7793324.437561443,7793355.81022603
20080221,31.372664586408064,7906985.576591871,7907016.949256457
20080222,31.372664586408064,7717256.576115949,7717287.948780536
20080225,31.372664586408064,7519877.702200604,7519909.07486519
20080226,31.372664586408064,7554369.429685171,7554400.802349757
20080227,31.372664586408064,7694665.581252573,7694696.95391716
20080228,31.372664586408064,7747704.515966013,7747735.8886306
20080229,31.372664586408064,7763034.967823643,7763066.34048823
20080303,1880.117171858059,7922043.711033957,7923923.8282058155
20080304,1880.117171858059,7770722.963378273,7772603.080550131
20080305,1880.117171858059,7716479.731173463,7718359.848345322
20080306,1880.117171858059,7790618.255633192,7792498.372805051
20080307,1880.117171858059,7661250.7084052805,7663130.825577139
20080310,1880.117171858059,7389110.661745153,7390990.778917012
20080311,1880.117171858059,7391490.658661012,7393370.77583287
20080312,1880.117171858059,7248097.355204714,7249977.472376573
20080313,1880.117171858059,7010056.648605708,7011936.7657775665
20080314,1880.117171858059,6980109.243721192,6981989.36089305
20080317,1880.117171858059,6595739.133803945,6597619.2509758035
20080318,1880.117171858059,6184327.953060118,6186208.070231976
20080319,1880.117171858059,6403391.685202237,6405271.802374096
20080320,1880.117171858059,6681885.405994275,6683765.523166133
20080321,1880.117171858059,7102602.778348885,7104482.895520743
20080324,1880.117171858059,7000690.210224291,7002570.32739615
20080325,1880.117171858059,7073778.216357446,7075658.333529305
20080326,1880.117171858059,7007869.163808737,7009749.280980595
20080327,1880.117171858059,6500481.610849355,6502361.728021214
20080328,1880.117171858059,6743416.990465639,6745297.107637498
20080331,1880.117171858059,6540704.981110278,6542585.098282136
20080401,509.10843510343693,6003371.835734453,6003880.944169557
20080402,509.10843510343693,5898982.297369946,5899491.405805049
20080403,509.10843510343693,6096969.146504665,6097478.254939768
20080407,509.10843510343693,6407623.845621736,6408132.954056839
20080408,509.10843510343693,6442681.697212493,6443190.805647597
20080409,509.10843510343693,6165320.350427827,6165829.458862931
20080410,509.10843510343693,6212436.737687875,6212945.846122978
20080411,509.10843510343693,6252886.561427949,6253395.669863053
20080414,509.10843510343693,5850236.113535848,5850745.221970952
20080415,509.10843510343693,5998319.102823252,5998828.2112583555
20080416,509.10843510343693,5832499.26152841,5833008.369963514
20080417,509.10843510343693,5488240.232140087,5488749.34057519
20080418,509.10843510343693,5209072.664492438,5209581.772927541
20080421,509.10843510343693,5274026.075598327,5274535.184033431
20080422,509.10843510343693,5263981.692209202,5264490.800644306
20080423,509.10843510343693,5443727.9859752,5444237.094410304
20080424,509.10843510343693,5977061.605312879,5977570.713747983
20080425,509.10843510343693,6022580.714605529,6023089.8230406325
20080428,509.10843510343693,5928092.387704043,5928601.496139146
20080429,509.10843510343693,6067773.953076108,6068283.061511212
20080430,509.10843510343693,6375247.5982416645,6375756.706676768
20080505,301.3656030811835,6556054.4247985175,6556355.790401598
20080506,301.3656030811835,6412640.646341612,6412942.011944693
20080507,301.3656030811835,6033532.348528863,6033833.714131944
20080508,301.3656030811835,6222241.415569877,6222542.781172958
20080509,301.3656030811835,6234312.605039,6234613.9706420805
20080512,301.3656030811835,6341843.12548465,6342144.491087731
20080513,301.3656030811835,6482801.967322705,6483103.332925786
20080514,301.3656030811835,6665534.662973101,6665836.028576182
20080515,301.3656030811835,6837157.434232842,6837458.799835923
20080516,301.3656030811835,6766158.546225132,6766459.911828213
20080519,301.3656030811835,6783519.865252894,6783821.230855975
20080520,301.3656030811835,6422789.361804167,6423090.727407248
20080521,301.3656030811835,6573617.284735888,6573918.650338969
20080522,301.3656030811835,6625806.014015427,6626107.379618508
20080523,301.3656030811835,6497784.192140897,6498085.557743978
20080526,301.3656030811835,6308394.642377062,6308696.007980143
20080527,301.3656030811835,6360418.529180675,6360719.894783756
20080528,301.3656030811835,6343508.43289202,6343809.798495101
20080529,301.3656030811835,6179786.167663705,6180087.533266786
20080530,301.3656030811835,6254185.18493514,6254486.550538221
20080602,530.6294600324327,6270376.183396081,6270906.812856114
20080603,530.6294600324327,6258435.777555004,6258966.407015036
20080604,530.6294600324327,6228172.508247628,6228703.13770766
20080605,530.6294600324327,6099248.302810535,6099778.932270567
20080606,530.6294600324327,6109152.93107106,6109683.560531092
20080610,530.6294600324327,5499870.295950038,5500400.92541007
20080611,530.6294600324327,5321318.855372778,5321849.48483281
20080612,530.6294600324327,5253790.664535448,5254321.29399548
20080613,530.6294600324327,5121800.018973655,5122330.648433687
20080616,530.6294600324327,5089689.875305179,5090220.504765211
20080617,530.6294600324327,4764535.845169825,4765066.474629857
20080618,530.6294600324327,5034092.304658056,5034622.934118088
20080619,530.6294600324327,4535092.560616031,4535623.190076063
20080620,530.6294600324327,4581429.318744426,4581959.948204458
20080623,530.6294600324327,4480316.542219249,4480847.171679281
20080624,530.6294600324327,4595173.845883926,4595704.4753439585
20080625,530.6294600324327,4790670.274960984,4791200.904421016
20080626,530.6294600324327,4845700.025231209,4846230.654691241
20080627,530.6294600324327,4467529.83031315,4468060.459773182
20080630,530.6294600324327,4521936.614856218,4522467.24431625
20080701,175.16561470746092,4358796.978408564,4358972.144023271
20080702,175.16561470746092,4405620.740986948,4405795.906601655
20080703,175.16561470746092,4556654.62469379,4556829.790308498
20080704,175.16561470746092,4562640.131490495,4562815.297105202
20080707,175.16561470746092,4869376.83866639,4869552.004281097
20080708,175.16561470746092,4888273.518371586,4888448.683986293
20080709,175.16561470746092,5117461.682068132,5117636.847682839
20080710,175.16561470746092,5026697.049064435,5026872.214679142
20080711,175.16561470746092,4880318.135794791,4880493.301409499
20080714,175.16561470746092,4994803.072189597,4994978.237804305
20080715,175.16561470746092,4789981.7010379685,4790156.866652676
20080716,175.16561470746092,4493091.7722491175,4493266.937863825
20080717,175.16561470746092,4441745.194970944,4441920.360585651
20080718,175.16561470746092,4608461.2831708705,4608636.448785578
20080721,175.16561470746092,4789333.276862949,4789508.4424776565
20080722,175.16561470746092,4785843.87100318,4786019.036617887
20080723,175.16561470746092,4744860.291003559,4745035.456618266
20080724,175.16561470746092,4904727.277828202,4904902.443442909
20080725,175.16561470746092,4824770.968063464,4824946.133678172
20080728,175.16561470746092,4950970.081410819,4951145.247025526
20080729,175.16561470746092,4859026.852582014,4859202.018196722
20080730,175.16561470746092,4889454.382212484,4889629.547827192
20080731,175.16561470746092,4674354.557650118,4674529.7232648255
20080801,43.242924071042125,4673774.04177384,4673817.284697911
20080804,43.242924071042125,4473420.337641411,4473463.580565482
20080805,43.242924071042125,4340996.632014885,4341039.8749389555
20080806,43.242924071042125,4373636.636395901,4373679.879319972
20080807,43.242924071042125,4380202.163766154,4380245.406690225
20080808,43.242924071042125,4140593.205425177,4140636.4483492477
20080811,43.242924071042125,3891107.159357805,3891150.4022818757
20080812,43.242924071042125,3960584.026304331,3960627.269228402
20080813,43.242924071042125,3941234.1575184045,3941277.4004424755
20080814,43.242924071042125,3929292.7335873526,3929335.9765114235
20080815,43.242924071042125,3966051.217025413,3966094.459949484
20080818,43.242924071042125,3735541.9897090844,3735585.2326331553
20080819,43.242924071042125,3773206.3920927937,3773249.6350168646
20080820,43.242924071042125,4079076.790735813,4079120.033659884
20080821,43.242924071042125,3905807.9174381047,3905851.1603621757
20080822,43.242924071042125,3854341.342187222,3854384.585111293
20080825,43.242924071042125,3832698.2813350996,3832741.5242591705
20080826,43.242924071042125,3701732.426867501,3701775.669791572
20080827,43.242924071042125,3694467.3320704517,3694510.5749945226
20080828,43.242924071042125,3725372.0754765067,3725415.3184005776
20080829,43.242924071042125,3827830.0801146408,3827873.3230387117
20080901,36.37758376563215,3723848.777475358,3723885.1550591234
20080902,36.37758376563215,3749019.6726210406,3749056.050204806
20080903,36.37758376563215,3742311.1027113614,3742347.480295127
20080904,36.37758376563215,3778835.0549840103,3778871.4325677757
20080905,36.37758376563215,3648139.689062518,3648176.0666462835
20080908,36.37758376563215,3509459.656648967,3509496.0342327324
20080909,36.37758376563215,3547843.542280757,3547879.9198645223
20080910,36.37758376563215,3585683.0246002027,3585719.402183968
20080911,36.37758376563215,3513378.04101444,3513414.4185982053
20080912,36.37758376563215,3557028.138500428,3557064.5160841933
20080916,36.37758376563215,3506355.178092503,3506391.5556762684
20080917,36.37758376563215,3413808.7273665154,3413845.104950281
20080918,36.37758376563215,3250100.0836110767,3250136.461194842
20080919,36.37758376563215,3576443.515581905,3576479.8931656703
20080922,36.37758376563215,3744498.0611086874,3744534.438692453
20080923,36.37758376563215,3520008.115713537,3520044.4932973026
20080924,36.37758376563215,3547528.14798492,3547564.5255686855
20080925,36.37758376563215,3756572.555219475,3756608.9328032406
20080926,36.37758376563215,3779256.058239598,3779292.4358233633
20081006,97.41334530895983,3531501.818995935,3531599.232341244
20081007,97.41334530895983,3502943.5162709956,3503040.9296163046
20081008,97.41334530895983,3391607.0393110197,3391704.4526563287
20081009,97.41334530895983,3333437.938477105,3333535.351822414
20081010,97.41334530895983,3144377.121262955,3144474.534608264
20081013,97.41334530895983,3198345.4134410024,3198442.8267863113
20081014,97.41334530895983,3113426.7283177543,3113524.1416630633
20081015,97.41334530895983,3114249.631455689,3114347.044800998
20081016,97.41334530895983,2979575.392716621,2979672.80606193
20081017,97.41334530895983,3015911.7815524843,3016009.1948977932
20081020,97.41334530895983,3099763.28423472,3099860.697580029
20081021,97.41334530895983,3065853.184624879,3065950.597970188
20081022,97.41334530895983,2997236.5921777817,2997334.0055230907
20081023,97.41334530895983,3014246.377077902,3014343.790423211
20081024,97.41334530895983,2921880.5429836554,2921977.9563289643
20081027,97.41334530895983,2648268.9930454805,2648366.4063907894
20081028,97.41334530895983,2692167.4695573943,2692264.8829027032
20081029,97.41334530895983,2647232.7380567268,2647330.1514020357
20081030,97.41334530895983,2675558.1046641483,2675655.5180094573
20081031,97.41334530895983,2580994.5619562403,2581091.9753015493
20081103,2.3163000457661838,2525330.466665089,2525332.782965135
20081104,2.3163000457661838,2462906.622162662,2462908.9384627077
20081105,2.3163000457661838,2561359.6215972123,2561361.937897258
20081106,2.3163000457661838,2592996.4369686097,2592998.7532686554
20081107,2.3163000457661838,2611208.2144815205,2611210.530781566
20081110,2.3163000457661838,2847406.3757376405,2847408.6920376862
20081111,2.3163000457661838,2885911.5870562615,2885913.903356307
20081112,2.3163000457661838,2922801.6887931153,2922804.005093161
20081113,2.3163000457661838,3069575.036337164,3069577.35263721
20081114,2.3163000457661838,3161925.9024856,3161928.218785646
20081117,2.3163000457661838,3236888.6187143833,3236890.935014429
20081118,2.3163000457661838,2954815.7604233664,2954818.076723412
20081119,2.3163000457661838,3165927.1118930303,3165929.428193076
20081120,2.3163000457661838,3142553.588179809,3142555.9044798547
20081121,2.3163000457661838,3113512.836853492,3113515.153153538
20081124,2.3163000457661838,2986574.021198591,2986576.337498637
20081125,2.3163000457661838,2949564.817013551,2949567.1333135967
20081126,2.3163000457661838,3058354.5420532036,3058356.8583532493
20081127,2.3163000457661838,3163516.7117063026,3163519.0280063483
20081128,2.3163000457661838,3163798.7831726596,3163801.0994727053
20081201,148.36816197860026,3194110.146588293,3194258.5147502716
20081202,148.36816197860026,3210004.200831634,3210152.5689936127
20081203,148.36816197860026,3357405.5337206717,3357553.9018826503
20081204,148.36816197860026,3499550.035778209,3499698.4039401878
20081205,148.36816197860026,3589326.8313527335,3589475.199514712
20081208,148.36816197860026,3702474.529136906,3702622.8972988846
20081209,148.36816197860026,3632564.1772067994,3632712.545368778
20081210,148.36816197860026,3656538.1111686146,3656686.4793305933
20081211,148.36816197860026,3543982.7848088304,3544131.152970809
20081212,148.36816197860026,3383999.5049518794,3384147.873113858
20081215,148.36816197860026,3425637.0730742947,3425785.4412362734
20081216,148.36816197860026,3467504.521845509,3467652.8900074875
20081217,148.36816197860026,3507980.5776160327,3508128.9457780113
20081218,148.36816197860026,3571294.813233977,3571443.181395956
20081219,148.36816197860026,3564448.2347414508,3564596.6029034294
20081222,148.36816197860026,3489718.3893840024,3489866.757545981
20081223,148.36816197860026,3309738.2572492845,3309886.625411263
20081224,148.36816197860026,3229351.367103736,3229499.7352657146
20081225,148.36816197860026,3226960.569414761,3227108.9375767396
20081226,148.36816197860026,3222035.0093590706,3222183.377521049
20081229,148.36816197860026,3224074.717916535,3224223.086078514
20081230,148.36816197860026,3194369.0843408066,3194517.4525027853
20081231,148.36816197860026,3130981.170787701,3131129.5389496796
20090105,41.20727089722641,3294124.8491644925,3294166.0564353894
20090106,41.20727089722641,3402877.381498786,3402918.5887696836
20090107,41.20727089722641,3359842.1634633937,3359883.370734291
20090108,41.20727089722641,3256086.5547606815,3256127.7620315785
20090109,41.20727089722641,3339954.166021744,3339995.373292641
20090112,41.20727089722641,3373278.7460033325,3373319.9532742295
20090113,41.20727089722641,3360765.439014566,3360806.646285463
20090114,41.20727089722641,3501028.177283665,3501069.384554562
20090115,41.20727089722641,3546385.0794476094,3546426.2867185064
20090116,41.20727089722641,3565799.6258830624,3565840.8331539594
20090119,41.20727089722641,3615263.8590683173,3615305.0663392143
20090120,41.20727089722641,3704507.1501428806,3704548.357413778
20090121,41.20727089722641,3673813.2461087415,3673854.4533796385
20090122,41.20727089722641,3677522.9803485265,3677564.1876194235
20090123,41.20727089722641,3749505.3885140046,3749546.5957849016
20090202,87.40767659425546,3790810.8844430665,3790898.292119661
20090203,87.40767659425546,3855045.7492337795,3855133.156910374
20090204,87.40767659425546,3979600.4649737384,3979687.8726503327
20090205,87.40767659425546,3977019.0257809963,3977106.4334575906
20090206,87.40767659425546,4124770.461642671,4124857.8693192652
20090209,87.40767659425546,4249591.119413166,4249678.527089761
20090210,87.40767659425546,4300748.6972430935,4300836.104919688
20090211,87.40767659425546,4385140.103660748,4385227.511337343
20090212,87.40767659425546,4412855.991956987,4412943.399633582
20090213,87.40767659425546,4490450.520254955,4490537.927931549
20090216,87.40767659425546,4852996.0433420455,4853083.45101864
20090217,87.40767659425546,4634882.540977674,4634969.948654268
20090218,87.40767659425546,4312778.570540189,4312865.978216783
20090219,87.40767659425546,4425094.701330393,4425182.109006987
20090220,87.40767659425546,4531562.960612919,4531650.3682895135
20090223,87.40767659425546,4603760.117760081,4603847.525436675
20090224,87.40767659425546,4349084.96866248,4349172.376339074
20090225,87.40767659425546,4361153.148725956,4361240.55640255
20090226,87.40767659425546,4113036.538391415,4113123.9460680094
20090227,87.40767659425546,3957922.0803568633,3958009.4880334577
20090302,67636.99773906253,3914117.53972176,3981754.5374608226
20090303,67636.99773906253,3931191.87068202,3998828.868421083
20090304,67636.99773906253,4124230.3015973936,4191867.299336456
20090305,67636.99773906253,4170033.0714370394,4237670.069176102
20090306,67636.99773906253,4084999.2631988893,4152636.260937952
20090309,67636.99773906253,3905699.594462262,3973336.5922013246
20090310,67636.99773906253,3960443.954284954,4028080.9520240165
20090311,67636.99773906253,4028496.449416561,4096133.4471556237
20090312,67636.99773906253,4018523.22673498,4086160.2244740427
20090313,67636.99773906253,4000172.4806760917,4067809.4784151544
20090316,67636.99773906253,4050554.5022092815,4118191.499948344
20090317,67636.99773906253,4165788.023220357,4233425.020959419
20090318,67636.99773906253,4225328.117594335,4292965.115333398
20090319,67636.99773906253,4260880.45516469,4328517.452903752
20090320,67636.99773906253,4352375.52938223,4420012.527121292
20090323,67636.99773906253,4427647.854298573,4495284.852037636
20090324,67636.99773906253,4468134.214186612,4535771.211925674
20090325,67636.99773906253,4293792.438810819,4361429.4365498815
20090326,67636.99773906253,4381807.9236965645,4449444.921435627
20090327,67636.99773906253,4520613.443815332,4588250.441554395
20090330,67636.99773906253,4389525.055159625,4457162.052898687
20090331,67636.99773906253,4337856.202656509,4405493.200395572
20090401,58.361271023517475,4472529.462962345,4472587.824233369
20090402,58.361271023517475,4566221.684991056,4566280.04626208
20090403,58.361271023517475,4492288.2935848255,4492346.654855849
20090407,58.361271023517475,4507979.6827274095,4508038.043998433
20090408,58.361271023517475,4324847.112345442,4324905.473616466
20090409,58.361271023517475,4364964.295475306,4365022.65674633
20090410,58.361271023517475,4440358.044769738,4440416.406040762
20090413,58.361271023517475,4592039.3713033395,4592097.732574363
20090414,58.361271023517475,4653082.4356206115,4653140.796891635
20090415,58.361271023517475,4681473.30460294,4681531.665873963
20090416,58.361271023517475,4804680.47260571,4804738.833876734
20090417,58.361271023517475,4659262.954949196,4659321.31622022
20090420,58.361271023517475,4721114.50900075,4721172.870271774
20090421,58.361271023517475,4713908.763731195,4713967.125002218
20090422,58.361271023517475,4543500.591277143,4543558.952548167
20090423,58.361271023517475,4506247.449164366,4506305.81043539
20090424,58.361271023517475,4461963.260036297,4462021.621307321
20090427,58.361271023517475,4294332.322039957,4294390.683310981
20090428,58.361271023517475,4259271.640691305,4259330.001962328
20090429,58.361271023517475,4357937.641902028,4357996.003173051
20090430,58.361271023517475,4367627.923422385,4367686.284693409
20090504,198.8040266833268,4560117.32829005,4560316.132316733
20090505,198.8040266833268,4570075.416855518,4570274.220882202
20090506,198.8040266833268,4603806.792463301,4604005.596489985
20090507,198.8040266833268,4650066.2299369285,4650265.033963611
20090508,198.8040266833268,4699568.63466554,4699767.438692223
20090511,198.8040266833268,4583830.373650875,4584029.177677559
20090512,198.8040266833268,4699596.757556244,4699795.561582927
20090513,198.8040266833268,4776216.512319232,4776415.316345915
20090514,198.8040266833268,4711915.707287348,4712114.511314031
20090515,198.8040266833268,4721853.32731154,4722052.131338224
20090518,198.8040266833268,4746240.620615842,4746439.424642526
20090519,198.8040266833268,4813432.912928638,4813631.716955321
20090520,198.8040266833268,4747513.558455605,4747712.362482289
20090521,198.8040266833268,4582845.568025325,4583044.372052008
20090522,198.8040266833268,4569335.821692214,4569534.625718897
20090525,198.8040266833268,4598719.256781761,4598918.060808444
20090526,198.8040266833268,4587518.524178988,4587717.328205671
20090527,198.8040266833268,4630585.286071845,4630784.090098528
20090601,220.04159393851296,4762510.964794737,4762731.006388675
20090602,220.04159393851296,4795709.531736378,4795929.573330316
20090603,220.04159393851296,4869211.252349448,4869431.2939433865
20090604,220.04159393851296,4902786.737118012,4903006.77871195
20090605,220.04159393851296,4872559.023374201,4872779.064968139
20090608,220.04159393851296,4875898.096760394,4876118.138354332
20090609,220.04159393851296,4925887.627142608,4926107.668736546
20090610,220.04159393851296,4990532.059516941,4990752.101110879
20090611,220.04159393851296,4900099.566485075,4900319.608079013
20090612,220.04159393851296,4820203.17825348,4820423.219847418
20090615,220.04159393851296,4892800.6167198485,4893020.658313787
20090616,220.04159393851296,4921245.088909859,4921465.130503797
20090617,220.04159393851296,5042029.635382924,5042249.676976862
20090618,220.04159393851296,5060113.42645726,5060333.468051198
20090619,220.04159393851296,5174484.10330106,5174704.1448949985
20090622,220.04159393851296,5107558.301551811,5107778.3431457495
20090623,220.04159393851296,5131491.163882023,5131711.205475961
20090624,220.04159393851296,5170193.076376223,5170413.117970161
20090625,220.04159393851296,5174580.775345067,5174800.816939005
20090626,220.04159393851296,5212542.954898595,5212762.996492533
20090629,220.04159393851296,5431478.849526095,5431698.891120033
20090630,220.04159393851296,5379861.578335741,5380081.619929679
20090701,101.19260392012075,5500661.666918604,5500762.859522523
20090702,101.19260392012075,5550167.5758217815,5550268.768425701
20090703,101.19260392012075,5597125.186296976,5597226.378900897
20090706,101.19260392012075,5767455.441419057,5767556.634022977
20090707,101.19260392012075,5823210.5700452365,5823311.762649156
20090708,101.19260392012075,5803484.6580804605,5803585.85068438
20090709,101.19260392012075,5844123.254677836,5844224.4472817555
20090710,101.19260392012075,5914711.395710058,5914812.588313978
20090713,101.19260392012075,5860628.409019021,5860729.601622941
20090714,101.19260392012075,5975886.940550893,5975988.133154813
20090715,101.19260392012075,6046207.085272048,6046308.277875967
20090716,101.19260392012075,5945319.291677324,5945420.484281244
20090717,101.19260392012075,5927388.826526205,5927490.019130126
20090720,101.19260392012075,6130518.4669830315,6130619.659586951
20090721,101.19260392012075,5906973.987893718,5907075.180497639
20090722,101.19260392012075,6044383.539132489,6044484.731736409
20090723,101.19260392012075,6093743.757305618,6093844.949909538
20090724,101.19260392012075,6212289.950519336,6212391.143123256
20090727,101.19260392012075,6261960.818964396,6262062.011568315
20090728,101.19260392012075,6426221.860154168,6426323.052758088
20090729,101.19260392012075,6076719.6591668455,6076820.851770766
20090730,101.19260392012075,6244024.785105333,6244125.977709252
20090731,101.19260392012075,6444108.650861166,6444209.843465086
20090803,346.09456714079715,6662598.257589757,6662944.352156898
20090804,346.09456714079715,6810349.892511607,6810695.987078748
20090805,346.09456714079715,6909179.291856774,6909525.386423915
20090806,346.09456714079715,6778218.04530564,6778564.139872781
20090807,346.09456714079715,6715625.525701426,6715971.6202685665
20090810,346.09456714079715,6716275.745396335,6716621.839963475
20090811,346.09456714079715,6828855.667894683,6829201.762461823
20090812,346.09456714079715,6653128.764818497,6653474.859385638
20090813,346.09456714079715,6452364.535681799,6452710.63024894
20090814,346.09456714079715,6185208.53627707,6185554.63084421
20090817,346.09456714079715,5947674.825943047,5948020.920510188
20090818,346.09456714079715,6031237.475461921,6031583.570029061
20090819,346.09456714079715,5715088.145856094,5715434.240423234
20090820,346.09456714079715,5924364.567003177,5924710.661570317
20090821,346.09456714079715,6092543.018693243,6092889.113260384
20090824,346.09456714079715,6155975.845051321,6156321.939618462
20090825,346.09456714079715,6085814.737794266,6086160.832361407
20090826,346.09456714079715,6212568.675507834,6212914.770074975
20090827,346.09456714079715,6233538.617258069,6233884.71182521
20090828,346.09456714079715,6094885.167312141,6095231.261879281
20090831,346.09456714079715,5840074.960681177,5840421.055248317
20090901,26.639751614115085,5792793.728496106,5792820.36824772
20090902,26.639751614115085,5832591.454068738,5832618.093820352
20090903,26.639751614115085,6027995.169335514,6028021.809087128
20090904,26.639751614115085,6045322.094417559,6045348.734169173
20090907,26.639751614115085,6053985.276344525,6054011.916096139
20090908,26.639751614115085,6094780.417899235,6094807.057650849
20090909,26.639751614115085,6103760.496457862,6103787.136209476
20090910,26.639751614115085,6082884.1243644785,6082910.764116093
20090911,26.639751614115085,6208662.591869782,6208689.231621396
20090914,26.639751614115085,6289284.976922883,6289311.616674497
20090915,26.639751614115085,6278699.621044926,6278726.26079654
20090916,26.639751614115085,6257214.315043056,6257240.95479467
20090917,26.639751614115085,6456451.472679779,6456478.112431393
20090918,26.639751614115085,6251513.57855576,6251540.218307374
20090921,26.639751614115085,6323974.578517214,6324001.2182688285
20090922,26.639751614115085,6178830.469841921,6178857.109593535
20090923,26.639751614115085,6077272.573412731,6077299.213164345
20090924,26.639751614115085,6098959.305082265,6098985.944833879
20090925,26.639751614115085,6116982.938651038,6117009.578402652
20090928,26.639751614115085,5959549.252676738,5959575.8924283525
20090929,26.639751614115085,5919226.37777677,5919253.017528384
20090930,26.639751614115085,5963547.945048316,5963574.58479993
20091009,47.53029643028276,6177370.614155797,6177418.144452227
20091012,47.53029643028276,6207641.913728911,6207689.444025341
20091013,47.53029643028276,6283694.620163624,6283742.150460054
20091014,47.53029643028276,6320003.931465634,6320051.461762064
20091015,47.53029643028276,6377632.196824757,6377679.727121187
20091016,47.53029643028276,6349209.858688973,6349257.388985403
20091019,47.53029643028276,6480586.116982404,6480633.647278834
20091020,47.53029643028276,6604278.1797986,6604325.71009503
20091021,47.53029643028276,6553991.968938408,6554039.499234838
20091022,47.53029643028276,6553608.005934926,6553655.536231356
20091023,47.53029643028276,6618190.589303065,6618238.119599495
20091026,47.53029643028276,6589871.29846987,6589918.8287663
20091027,47.53029643028276,6451406.32737421,6451453.85767064
20091028,47.53029643028276,6599395.1697656475,6599442.7000620775
20091029,47.53029643028276,6605631.685883034,6605679.216179464
20091030,47.53029643028276,6672381.12298116,6672428.65327759
20091102,28.189503592206165,6739076.063819716,6739104.253323308
20091103,28.189503592206165,6821737.898724375,6821766.088227968
20091104,28.189503592206165,6857835.89486372,6857864.0843673125
20091105,28.189503592206165,6949653.660937556,6949681.8504411485
20091106,28.189503592206165,6944245.495853907,6944273.6853575
20091109,28.189503592206165,6927130.4691026565,6927158.658606249
20091110,28.189503592206165,6908180.675230892,6908208.864734485
20091111,28.189503592206165,6912430.749733275,6912458.939236867
20091112,28.189503592206165,6932608.260207348,6932636.44971094
20091113,28.189503592206165,6999781.308427217,6999809.49793081
20091116,28.189503592206165,7160813.878148486,7160842.067652078
20091117,28.189503592206165,7173585.786375653,7173613.975879245
20091118,28.189503592206165,7222578.173457997,7222606.362961589
20091119,28.189503592206165,7358652.535894756,7358680.725398349
20091120,28.189503592206165,7327593.071598249,7327621.261101841
20091123,28.189503592206165,7407387.542741938,7407415.73224553
20091124,28.189503592206165,7119043.263375586,7119071.452879178
20091125,28.189503592206165,7566453.7467402825,7566481.936243875
20091126,28.189503592206165,7310201.879603029,7310230.069106622
20091127,28.189503592206165,7286449.232279427,7286477.42178302
20091130,28.189503592206165,7520977.159971343,7521005.349474936
20091201,49.363515506731346,7584925.54324891,7584974.906764417
20091202,49.363515506731346,7608706.893725141,7608756.257240647
20091203,49.363515506731346,7671743.457207421,7671792.820722927
20091204,49.363515506731346,7634490.628540956,7634539.992056463
20091207,49.363515506731346,7671132.75340493,7671182.116920437
20091208,49.363515506731346,7607393.159118719,7607442.522634226
20091209,49.363515506731346,7429600.067515604,7429649.431031111
20091210,49.363515506731346,7529152.200426993,7529201.563942499
20091211,49.363515506731346,7495541.0559302075,7495590.419445714
20091214,49.363515506731346,7587926.862096388,7587976.225611894
20091215,49.363515506731346,7531838.027917879,7531887.391433385
20091216,49.363515506731346,7585328.5540096,7585377.917525106
20091217,49.363515506731346,7442009.160386965,7442058.523902471
20091218,49.363515506731346,7312957.61062916,7313006.974144666
20091221,49.363515506731346,7345316.751635081,7345366.115150588
20091222,49.363515506731346,7261118.490830991,7261167.854346498
20091223,49.363515506731346,7336876.0402863845,7336925.403801891
20091224,49.363515506731346,7473669.533723928,7473718.8972394345
20091225,49.363515506731346,7424035.334022916,7424084.697538422
20091228,49.363515506731346,7498896.095627504,7498945.459143011
20091229,49.363515506731346,7550739.25614869,7550788.619664197
20091230,49.363515506731346,7663276.22983746,7663325.593352967
20091231,49.363515506731346,7700957.179909325,7701006.543424832
20100104,1.4650132444221526,7617080.684460102,7617082.149473346
20100105,1.4650132444221526,7726720.816762231,7726722.2817754755
20100106,1.4650132444221526,7667368.39784835,7667369.862861594
20100107,1.4650132444221526,7518223.370950724,7518224.835963968
20100108,1.4650132444221526,7587710.004752011,7587711.469765255
20100111,1.4650132444221526,7698596.332407876,7698597.79742112
20100112,1.4650132444221526,7937700.585262028,7937702.050275272
20100113,1.4650132444221526,7835447.525151706,7835448.9901649505
20100114,1.4650132444221526,7947516.4762455635,7947517.941258808
20100115,1.4650132444221526,7924862.814227038,7924864.279240282
20100118,1.4650132444221526,8085195.956274433,8085197.421287677
20100119,1.4650132444221526,8261188.62089405,8261190.085907294
20100120,1.4650132444221526,8350978.150841038,8350979.615854282
20100121,1.4650132444221526,8254935.724333389,8254937.189346633
20100122,1.4650132444221526,8283591.558408407,8283593.023421651
20100125,1.4650132444221526,8029685.71653596,8029687.1815492045
20100126,1.4650132444221526,7813008.210169915,7813009.675183159
20100127,1.4650132444221526,7832706.2071408555,7832707.6721541
20100128,1.4650132444221526,8012464.293290177,8012465.758303422
20100129,1.4650132444221526,8048582.448441469,8048583.913454713
20100201,141.66557596053462,7894863.903744877,7895005.569320838
20100202,141.66557596053462,7888750.287190404,7888891.952766364
20100203,141.66557596053462,8059502.598247001,8059644.263822962
20100204,141.66557596053462,7998049.435541162,7998191.101117123
20100205,141.66557596053462,7849759.270857345,7849900.936433306
20100208,141.66557596053462,7808790.743282698,7808932.408858659
20100209,141.66557596053462,7851536.075825162,7851677.741401123
20100210,141.66557596053462,7915969.204641936,7916110.870217897
20100211,141.66557596053462,7936712.004293059,7936853.66986902
20100212,141.66557596053462,7979216.690857985,7979358.356433946
20100222,141.66557596053462,7941759.946648928,7941901.612224889
20100223,141.66557596053462,7877673.420897143,7877815.086473104
20100224,141.66557596053462,7983141.837139038,7983283.502714999
20100225,141.66557596053462,8078326.690878611,8078468.356454572
20100226,141.66557596053462,8055301.935932037,8055443.601507998
20100301,340.0531569107261,8098039.800602404,8098379.853759315
20100302,340.0531569107261,8131078.735874803,8131418.789031713
20100303,340.0531569107261,8150011.40112669,8150351.454283601
20100304,340.0531569107261,7972154.319322281,7972494.372479191
20100305,340.0531569107261,7945830.351898842,7946170.405055752
20100308,340.0531569107261,8004240.727790536,8004580.780947447
20100309,340.0531569107261,8051755.907007195,8052095.9601641055
20100310,340.0531569107261,7981545.691304118,7981885.744461029
20100311,340.0531569107261,8007617.658442693,8007957.711599603
20100312,340.0531569107261,7912297.153936979,7912637.20709389
20100315,340.0531569107261,7833861.22778569,7834201.2809426
20100316,340.0531569107261,7864371.833000304,7864711.886157215
20100317,340.0531569107261,7987784.273214083,7988124.326370994
20100318,340.0531569107261,7983733.381425736,7984073.434582646
20100319,340.0531569107261,8025470.913098896,8025810.966255806
20100322,340.0531569107261,8051433.378992306,8051773.4321492165
20100323,340.0531569107261,7971058.285674069,7971398.33883098
20100324,340.0531569107261,7999617.266895634,7999957.320052545
20100325,340.0531569107261,7847936.764509026,7848276.817665936
20100326,340.0531569107261,7946324.282691572,7946664.335848482
20100329,340.0531569107261,8123787.9353876505,8124127.988544561
20100330,340.0531569107261,8118148.094623329,8118488.14778024
20100331,340.0531569107261,8042126.77333531,8042466.82649222
20100401,487.94285507686436,8140587.257309194,8141075.200164271
20100402,487.94285507686436,8222569.498716744,8223057.4415718205
20100406,487.94285507686436,8173473.563192844,8173961.506047921
20100407,487.94285507686436,8106319.942395762,8106807.8852508385
20100408,487.94285507686436,8038205.874938643,8038693.8177937195
20100409,487.94285507686436,8085103.706430221,8085591.649285298
20100412,487.94285507686436,8013229.371705836,8013717.314560913
20100413,487.94285507686436,8108225.137607748,8108713.080462825
20100414,487.94285507686436,8091732.992340467,8092220.935195544
20100415,487.94285507686436,8039208.833791567,8039696.776646644
20100416,487.94285507686436,7994548.431757421,7995036.374612498
20100419,487.94285507686436,7608340.793184731,7608828.736039808
20100420,487.94285507686436,7560114.980604369,7560602.923459446
20100421,487.94285507686436,7517920.182548618,7518408.125403695
20100422,487.94285507686436,7380330.420660505,7380818.363515582
20100423,487.94285507686436,7369610.823464317,7370098.766319394
20100426,487.94285507686436,7268496.061352294,7268984.004207371
20100427,487.94285507686436,7147903.18295246,7148391.125807537
20100428,487.94285507686436,7163394.0480651315,7163881.990920208
20100429,487.94285507686436,7076408.010737765,7076895.9535928415
20100430,487.94285507686436,7107708.038223235,7108195.981078312
20100504,150.43243273999542,7013728.814027622,7013879.246460362
20100505,150.43243273999542,7139932.681377897,7140083.113810637
20100506,150.43243273999542,6843672.506387321,6843822.938820061
20100507,150.43243273999542,6739439.321392672,6739589.753825412
20100510,150.43243273999542,6802599.855269733,6802750.287702473
20100511,150.43243273999542,6680749.170209048,6680899.602641788
20100512,150.43243273999542,6742189.485514729,6742339.917947469
20100513,150.43243273999542,6822054.974828792,6822205.407261532
20100514,150.43243273999542,6799753.638202794,6799904.070635534
20100517,150.43243273999542,6430458.837525578,6430609.269958318
20100518,150.43243273999542,6565771.112614677,6565921.545047417
20100519,150.43243273999542,6536205.091870526,6536355.524303266
20100520,150.43243273999542,6473025.143909324,6473175.576342064
20100521,150.43243273999542,6560142.940722069,6560293.373154809
20100524,150.43243273999542,6758891.584427444,6759042.016860184
20100525,150.43243273999542,6558636.895627279,6558787.328060019
20100526,150.43243273999542,6580909.981486326,6581060.413919066
20100527,150.43243273999542,6657446.946299157,6657597.378731897
20100528,150.43243273999542,6641961.512204827,6642111.944637567
20100531,150.43243273999542,6437924.721293735,6438075.153726475
20100601,12.789653458632529,6381442.184146942,6381454.9738004
20100602,12.789653458632529,6385822.029210169,6385834.8188636275
20100603,12.789653458632529,6321634.467210768,6321647.256864226
20100604,12.789653458632529,6295142.137501361,6295154.9271548195
20100607,12.789653458632529,6227491.845269731,6227504.63492319
20100608,12.789653458632529,6199947.564916493,6199960.354569952
20100609,12.789653458632529,6374740.074003447,6374752.8636569055
20100610,12.789653458632529,6279759.874042165,6279772.663695624
20100611,12.789653458632529,6320982.494906809,6320995.284560268
20100617,12.789653458632529,6320363.0127518345,6320375.802405293
20100618,12.789653458632529,6296688.7856532615,6296701.57530672
20100621,12.789653458632529,6415531.260917493,6415544.050570952
20100622,12.789653458632529,6413048.905028987,6413061.694682445
20100623,12.789653458632529,6351208.608342805,6351221.397996264
20100624,12.789653458632529,6350186.617551547,6350199.407205005
20100625,12.789653458632529,6322350.526575841,6322363.3162293
20100628,12.789653458632529,6306658.779734163,6306671.569387621
20100629,12.789653458632529,6127633.88630048,6127646.675953939
20100630,12.789653458632529,6028644.23535651,6028657.025009968
20100701,51.60846244587083,5997494.845179039,5997546.4536414845
20100702,51.60846244587083,6059090.435801322,6059142.044263767
20100705,51.60846244587083,6030459.001426541,6030510.609888987
20100706,51.60846244587083,6123985.294595016,6124036.903057462
20100707,51.60846244587083,6150877.586017249,6150929.194479695
20100708,51.60846244587083,6134438.665164545,6134490.273626991
20100709,51.60846244587083,6287977.958279433,6288029.566741878
20100712,51.60846244587083,6379701.883630193,6379753.492092638
20100713,51.60846244587083,6292352.464868919,6292404.073331364
20100714,51.60846244587083,6346674.668714512,6346726.277176958
20100715,51.60846244587083,6254708.625833785,6254760.234296231
20100716,51.60846244587083,6261407.692332452,6261459.300794898
20100719,51.60846244587083,6373781.186566608,6373832.795029053
20100720,51.60846244587083,6473224.989703414,6473276.5981658595
20100721,51.60846244587083,6524539.023706698,6524590.632169143
20100722,51.60846244587083,6560566.676591413,6560618.2850538585
20100723,51.60846244587083,6565969.265196255,6566020.873658701
20100726,51.60846244587083,6609827.755263492,6609879.363725938
20100727,51.60846244587083,6566671.684547072,6566723.293009518
20100728,51.60846244587083,6717101.377235776,6717152.985698221
20100729,51.60846244587083,6801251.5428893715,6801303.151351817
20100730,51.60846244587083,6775035.81431139,6775087.422773835
20100802,65.67703990614973,6841754.685890829,6841820.362930736
20100803,65.67703990614973,6710103.453127369,6710169.130167276
20100804,65.67703990614973,6688864.645226461,6688930.322266367
20100805,65.67703990614973,6610872.435446911,6610938.112486817
20100806,65.67703990614973,6683101.135476896,6683166.812516802
20100809,65.67703990614973,6657239.6141605945,6657305.291200501
20100810,65.67703990614973,6534353.580565955,6534419.257605861
20100811,65.67703990614973,6538669.261590259,6538734.9386301655
20100812,65.67703990614973,6493804.276614105,6493869.953654012
20100813,65.67703990614973,6535753.607588004,6535819.284627911
20100816,65.67703990614973,6664167.002987927,6664232.680027833
20100817,65.67703990614973,6649656.130178565,6649721.807218472
20100818,65.67703990614973,6634265.653216163,6634331.330256069
20100819,65.67703990614973,6689724.960018024,6689790.63705793
20100820,65.67703990614973,6620241.789675929,6620307.466715835
20100823,65.67703990614973,6572443.310683836,6572508.987723743
20100824,65.67703990614973,6590344.145813474,6590409.822853381
20100825,65.67703990614973,6463262.9576176815,6463328.634657588
20100826,65.67703990614973,6474079.821884076,6474145.4989239825
20100827,65.67703990614973,6495031.2752577495,6495096.952297656
20100830,65.67703990614973,6569019.678080961,6569085.3551208675
20100831,65.67703990614973,6498629.8307259185,6498695.507765825
20100901,21.01896378769743,6522867.896011305,6522888.914975093
20100902,21.01896378769743,6560146.023259208,6560167.042222995
20100903,21.01896378769743,6525751.552588967,6525772.571552754
20100906,21.01896378769743,6703662.321068097,6703683.340031885
20100907,21.01896378769743,6718318.424327541,6718339.443291329
20100908,21.01896378769743,6654859.859671051,6654880.878634838
20100909,21.01896378769743,6538549.022701019,6538570.041664807
20100910,21.01896378769743,6537994.0683509335,6538015.087314721
20100913,21.01896378769743,6557119.122272074,6557140.141235862
20100914,21.01896378769743,6543801.2917672265,6543822.310731014
20100915,21.01896378769743,6471621.796819832,6471642.81578362
20100916,21.01896378769743,6331760.592468883,6331781.611432671
20100917,21.01896378769743,6305744.812070742,6305765.83103453
20100920,21.01896378769743,6302397.692891415,6302418.711855203
20100921,21.01896378769743,6316377.096981077,6316398.115944865
20100927,21.01896378769743,6340145.164208337,6340166.183172124
20100928,21.01896378769743,6294158.1909680925,6294179.20993188
20100929,21.01896378769743,6323261.098157562,6323282.11712135
20100930,21.01896378769743,6421594.299707547,6421615.318671335
20101008,39.69016600213945,6557841.168202775,6557880.858368777
20101011,39.69016600213945,6741914.329992848,6741954.020158851
20101012,39.69016600213945,6735813.203853632,6735852.894019634
20101013,39.69016600213945,6834359.343235686,6834399.033401689
20101014,39.69016600213945,6900009.555037636,6900049.245203638
20101015,39.69016600213945,7225559.080189386,7225598.7703553885
20101018,39.69016600213945,7298150.462994116,7298190.1531601185
20101019,39.69016600213945,7311261.379849516,7311301.070015518
20101020,39.69016600213945,7247104.161170857,7247143.851336859
20101021,39.69016600213945,7084657.828079158,7084697.518245161
20101022,39.69016600213945,6998258.017644427,6998297.707810429
20101025,39.69016600213945,7120804.030624748,7120843.72079075
20101026,39.69016600213945,7040862.265029364,7040901.955195366
20101027,39.69016600213945,6980996.533232995,6981036.223398997
20101028,39.69016600213945,7002523.314512107,7002563.004678109
20101029,39.69016600213945,6932183.570583303,6932223.260749306
20101101,31.108361148955737,7009911.331133878,7009942.439495027
20101102,31.108361148955737,6986401.358416974,6986432.466778123
20101103,31.108361148955737,6955763.5162943145,6955794.624655464
20101104,31.108361148955737,7011708.803125101,7011739.91148625
20101105,31.108361148955737,7092921.606886146,7092952.715247295
20101108,31.108361148955737,7170786.115262966,7170817.223624115
20101109,31.108361148955737,7081595.582471943,7081626.690833093
20101110,31.108361148955737,7014497.352451788,7014528.4608129375
20101111,31.108361148955737,7050424.090704175,7050455.199065324
20101112,31.108361148955737,6686172.375411196,6686203.483772345
20101115,31.108361148955737,6724205.821377864,6724236.929739013
20101116,31.108361148955737,6469118.831002318,6469149.9393634675
20101117,31.108361148955737,6425255.487476557,6425286.595837706
20101118,31.108361148955737,6457949.405295153,6457980.513656302
20101119,31.108361148955737,6457969.385806121,6458000.49416727
20101122,31.108361148955737,6397517.637052189,6397548.745413338
20101123,31.108361148955737,6297459.183555931,6297490.29191708
20101124,31.108361148955737,6363841.7308660345,6363872.839227184
20101125,31.108361148955737,6432209.732857849,6432240.841218999
20101126,31.108361148955737,6393866.783332144,6393897.891693293
20101129,31.108361148955737,6364705.064537733,6364736.172898882
20101130,31.108361148955737,6273307.767195448,6273338.8755565975
20101201,127.29369950504042,6274367.898500814,6274495.192200319
20101202,127.29369950504042,6328239.516527198,6328366.810226703
20101203,127.29369950504042,6311432.652379744,6311559.946079249
20101206,127.29369950504042,6324725.341107683,6324852.634807188
20101207,127.29369950504042,6344388.310247502,6344515.603947007
20101208,127.29369950504042,6275498.35332351,6275625.647023015
20101209,127.29369950504042,6252228.5186974965,6252355.812397001
20101210,127.29369950504042,6290741.351468166,6290868.645167671
20101213,127.29369950504042,6433602.743795605,6433730.03749511
20101214,127.29369950504042,6424813.79058936,6424941.084288864
20101215,127.29369950504042,6414284.5717567075,6414411.865456212
20101216,127.29369950504042,6376928.495221455,6377055.788920959
20101217,127.29369950504042,6379452.217372606,6379579.51107211
20101220,127.29369950504042,6295818.588070119,6295945.881769624
20101221,127.29369950504042,6396371.633119839,6396498.926819344
20101222,127.29369950504042,6348743.296506185,6348870.59020569
20101223,127.29369950504042,6343582.407437921,6343709.701137425
20101224,127.29369950504042,6342221.130411234,6342348.424110739
20101227,127.29369950504042,6243416.303584412,6243543.597283917
20101228,127.29369950504042,6150436.569094558,6150563.862794063
20101229,127.29369950504042,6163549.1474799,6163676.441179405
20101230,127.29369950504042,6162108.657009615,6162235.950709119
20101231,127.29369950504042,6197517.019681529,6197644.313381034
20110104,42.521114233593835,6284999.96734507,6285042.488459304
20110105,42.521114233593835,6243227.765995832,6243270.287110066
20110106,42.521114233593835,6231829.429052672,6231871.950166906
20110107,42.521114233593835,6281099.772856579,6281142.293970813
20110110,42.521114233593835,6252781.569437083,6252824.090551317
20110111,42.521114233593835,6319329.786162069,6319372.307276303
20110112,42.521114233593835,6369965.867381444,6370008.388495678
20110113,42.521114233593835,6374203.383413991,6374245.904528225
20110114,42.521114233593835,6309213.769916033,6309256.291030267
20110117,42.521114233593835,6176170.077728662,6176212.598842896
20110118,42.521114233593835,6178790.516515062,6178833.037629296
20110119,42.521114233593835,6238098.409045111,6238140.930159345
20110120,42.521114233593835,6108369.030896209,6108411.552010443
20110121,42.521114233593835,6233890.181782386,6233932.70289662
20110124,42.521114233593835,6279071.721530344,6279114.242644578
20110125,42.521114233593835,6322657.7801485285,6322700.301262762
20110126,42.521114233593835,6361283.373864733,6361325.894978967
20110127,42.521114233593835,6369893.565616054,6369936.086730288
20110128,42.521114233593835,6346094.64167057,6346137.162784804
20110131,42.521114233593835,6409023.769532237,6409066.290646471
20110201,53.070305795015884,6416109.899883924,6416162.970189719
20110209,53.070305795015884,6348907.007505182,6348960.077810978
20110210,53.070305795015884,6417189.003956584,6417242.07426238
20110211,53.070305795015884,6419272.167598885,6419325.23790468
20110214,53.070305795015884,6617290.459368082,6617343.529673877
20110215,53.070305795015884,6558518.8074595,6558571.877765295
20110216,53.070305795015884,6559475.161831105,6559528.232136901
20110217,53.070305795015884,6566653.40846932,6566706.478775116
20110218,53.070305795015884,6527460.567535748,6527513.637841543
20110221,53.070305795015884,6538153.288383104,6538206.358688899
20110222,53.070305795015884,6414369.844531871,6414422.914837667
20110223,53.070305795015884,6415030.368072007,6415083.438377802
20110224,53.070305795015884,6417155.943281861,6417209.013587656
20110225,53.070305795015884,6439805.006252718,6439858.076558514
20110228,53.070305795015884,6461181.777482756,6461234.847788552
20110301,136.7469436170577,6491325.766064486,6491462.513008103
20110302,136.7469436170577,6513460.77932425,6513597.526267868
20110303,136.7469436170577,6592907.786603081,6593044.533546698
20110304,136.7469436170577,6639116.560588755,6639253.307532372
20110307,136.7469436170577,6695664.89862432,6695801.645567937
20110308,136.7469436170577,6688614.686183188,6688751.433126805
20110309,136.7469436170577,6716155.8892954495,6716292.636239067
20110310,136.7469436170577,6593382.068736377,6593518.815679994
20110311,136.7469436170577,6548675.250895719,6548811.997839336
20110314,136.7469436170577,6538619.929797395,6538756.676741012
20110315,136.7469436170577,6476416.079116772,6476552.826060389
20110316,136.7469436170577,6535432.79583113,6535569.542774747
20110317,136.7469436170577,6465646.837440431,6465783.584384048
20110318,136.7469436170577,6473602.882373015,6473739.629316633
20110321,136.7469436170577,6483818.230782012,6483954.97772563
20110322,136.7469436170577,6536856.59985582,6536993.346799437
20110323,136.7469436170577,6567956.3035037,6568093.050447317
20110324,136.7469436170577,6569496.445439121,6569633.192382738
20110325,136.7469436170577,6662179.207805844,6662315.954749461
20110328,136.7469436170577,6723901.0673369095,6724037.814280527
20110329,136.7469436170577,6769661.796575559,6769798.543519177
20110330,136.7469436170577,6813033.104298315,6813169.851241932
20110331,136.7469436170577,6761665.393988466,6761802.140932083
20110401,17.870911844017428,6878483.679159577,6878501.550071421
20110406,17.870911844017428,7036479.649928613,7036497.520840457
20110407,17.870911844017428,7044230.505785976,7044248.37669782
20110408,17.870911844017428,7035368.196321082,7035386.067232926
20110411,17.870911844017428,7008954.295655028,7008972.166566872
20110412,17.870911844017428,7016582.925636413,7016600.796548257
20110413,17.870911844017428,7131980.029098911,7131997.900010755
20110414,17.870911844017428,7160152.447530738,7160170.318442582
20110415,17.870911844017428,7205836.988890983,7205854.859802827
20110418,17.870911844017428,7285253.177944823,7285271.048856667
20110419,17.870911844017428,7145627.400844205,7145645.271756049
20110420,17.870911844017428,7157464.798361021,7157482.669272865
20110421,17.870911844017428,7222882.114848904,7222899.985760748
20110422,17.870911844017428,7185046.998891098,7185064.8698029425
20110425,17.870911844017428,7165653.006473653,7165670.877385497
20110426,17.870911844017428,7135694.548384744,7135712.419296588
20110427,17.870911844017428,7192248.186464074,7192266.057375918
20110428,17.870911844017428,7182174.235673722,7182192.106585566
20110429,17.870911844017428,7187216.472868105,7187234.3437799495
20110503,92.03836193462485,7244204.804075742,7244296.842437677
20110504,92.03836193462485,7142006.1209795615,7142098.159341496
20110505,92.03836193462485,7139033.897585463,7139125.935947398
20110506,92.03836193462485,7081013.712266738,7081105.750628673
20110509,92.03836193462485,7084467.323304962,7084559.361666897
20110510,92.03836193462485,7126932.4364852,7127024.474847135
20110511,92.03836193462485,7123682.395671913,7123774.434033848
20110512,92.03836193462485,7069097.549318251,7069189.587680186
20110513,92.03836193462485,7119545.213703775,7119637.25206571
20110516,92.03836193462485,7070576.582218671,7070668.620580606
20110517,92.03836193462485,7110721.973264658,7110814.011626593
20110518,92.03836193462485,7159792.948555007,7159884.986916942
20110519,92.03836193462485,7104566.789935282,7104658.828297217
20110520,92.03836193462485,7108142.741312574,7108234.779674509
20110523,92.03836193462485,6916088.349773912,6916180.388135847
20110524,92.03836193462485,6907997.181657557,6908089.220019492
20110525,92.03836193462485,6804461.219045753,6804553.257407688
20110526,92.03836193462485,6821020.196587743,6821112.234949678
20110527,92.03836193462485,6854358.6728493245,6854450.7112112595
20110530,92.03836193462485,6877082.741762713,6877174.780124648
20110531,92.03836193462485,6947583.126671471,6947675.165033406
20110601,194.7467989913057,6916105.398792301,6916300.1455912925
20110602,194.7467989913057,6795075.502437309,6795270.249236301
20110603,194.7467989913057,6860849.311727477,6861044.058526468
20110607,194.7467989913057,6906768.788669869,6906963.5354688605
20110608,194.7467989913057,6935075.590489447,6935270.337288438
20110609,194.7467989913057,6834106.692929958,6834301.439728949
20110610,194.7467989913057,6860518.819207241,6860713.566006232
20110613,194.7467989913057,6831696.201063199,6831890.94786219
20110614,194.7467989913057,6899641.995479841,6899836.742278832
20110615,194.7467989913057,6848145.112519594,6848339.859318585
20110616,194.7467989913057,6752016.422061676,6752211.168860667
20110617,194.7467989913057,6730045.331456613,6730240.078255604
20110620,194.7467989913057,6655088.702518027,6655283.4493170185
20110621,194.7467989913057,6705582.072697911,6705776.819496903
20110622,194.7467989913057,6699953.569955719,6700148.31675471
20110623,194.7467989913057,6792164.886160962,6792359.6329599535
20110624,194.7467989913057,6907616.464918485,6907811.211717476
20110627,194.7467989913057,6888367.03272861,6888561.779527601
20110628,194.7467989913057,6872362.0706393905,6872556.817438382
20110629,194.7467989913057,6770282.356051436,6770477.102850427
20110630,194.7467989913057,6836668.139900779,6836862.886699771
20110701,110.9040762539953,6821289.00956447,6821399.913640724
20110704,110.9040762539953,6940022.674822052,6940133.578898306
20110705,110.9040762539953,6937028.816808856,6937139.72088511
20110706,110.9040762539953,6889403.108754646,6889514.0128309
20110707,110.9040762539953,6862058.837900751,6862169.741977005
20110708,110.9040762539953,6873567.719904663,6873678.623980917
20110711,110.9040762539953,6867097.204441923,6867208.108518177
20110712,110.9040762539953,6751218.75971865,6751329.663794904
20110713,110.9040762539953,6819784.339562181,6819895.243638435
20110714,110.9040762539953,6822020.730482341,6822131.634558595
20110715,110.9040762539953,6829667.407050719,6829778.311126973
20110718,110.9040762539953,6810941.090528677,6811051.994604931
20110719,110.9040762539953,6747938.260433306,6748049.16450956
20110720,110.9040762539953,6729231.159600028,6729342.063676282
20110721,110.9040762539953,6709089.854481576,6709200.75855783
20110722,110.9040762539953,6715017.984043557,6715128.888119811
20110725,110.9040762539953,6534018.937266441,6534129.841342695
20110726,110.9040762539953,6537819.197835492,6537930.101911746
20110727,110.9040762539953,6513205.699481879,6513316.603558133
20110728,110.9040762539953,6462170.470904551,6462281.374980805
20110729,110.9040762539953,6501660.936189484,6501771.840265738
20110801,34.74991122218489,6490629.924866208,6490664.6747774305
20110802,34.74991122218489,6418069.655620222,6418104.405531445
20110803,34.74991122218489,6401849.022147058,6401883.77205828
20110804,34.74991122218489,6404644.84821565,6404679.598126872
20110805,34.74991122218489,6233197.229454595,6233231.979365817
20110808,34.74991122218489,5973504.663260776,5973539.413171998
20110809,34.74991122218489,5987774.549335272,5987809.299246495
20110810,34.74991122218489,6059817.129235501,6059851.879146724
20110811,34.74991122218489,6115486.361276001,6115521.111187223
20110812,34.74991122218489,6158175.781711528,6158210.531622751
20110815,34.74991122218489,6239183.605131478,6239218.355042701
20110816,34.74991122218489,6178050.524030115,6178085.273941338
20110817,34.74991122218489,6169675.753775563,6169710.503686786
20110818,34.74991122218489,6065923.044471814,6065957.794383037
20110819,34.74991122218489,6024875.1330950335,6024909.883006256
20110822,34.74991122218489,5975652.218958847,5975686.96887007
20110823,34.74991122218489,6094592.379457868,6094627.12936909
20110824,34.74991122218489,6095150.047785412,6095184.797696634
20110825,34.74991122218489,6273488.634443203,6273523.384354426
20110826,34.74991122218489,6259051.359174868,6259086.109086091
20110829,34.74991122218489,6144571.325007293,6144606.074918516
20110830,34.74991122218489,6142808.1591845695,6142842.909095792
20110831,34.74991122218489,6125566.033197036,6125600.783108259
20110901,125.06616419437341,6117455.767921029,6117580.834085223
20110902,125.06616419437341,6058349.921755702,6058474.987919897
20110905,125.06616419437341,5969011.262209908,5969136.328374103
20110906,125.06616419437341,5948320.396178579,5948445.462342774
20110907,125.06616419437341,6034693.288512511,6034818.354676706
20110908,125.06616419437341,5990551.636975916,5990676.703140111
20110909,125.06616419437341,6006953.272840451,6007078.339004646
20110913,125.06616419437341,5965998.526964247,5966123.593128442
20110914,125.06616419437341,5991311.947137411,5991437.013301605
20110915,125.06616419437341,5966355.725432474,5966480.791596669
20110916,125.06616419437341,5975283.0182241835,5975408.084388378
20110919,125.06616419437341,5889336.304039149,5889461.370203343
20110920,125.06616419437341,5909395.144183654,5909520.210347849
20110921,125.06616419437341,6026875.138340416,6027000.204504611
20110922,125.06616419437341,5889500.90595449,5889625.972118685
20110923,125.06616419437341,5855508.36844387,5855633.434608065
20110926,125.06616419437341,5786645.939644669,5786771.005808864
20110927,125.06616419437341,5869366.2680161055,5869491.3341803
20110928,125.06616419437341,5826053.9063216755,5826178.97248587
20110929,125.06616419437341,5797758.155644812,5797883.221809006
20110930,125.06616419437341,5773511.72705418,5773636.793218374
20111010,0.4155468655608274,5764195.006785961,5764195.422332826
20111011,0.4155468655608274,5813803.134809368,5813803.5503562335
20111012,0.4155468655608274,5965728.996378049,5965729.411924914
20111013,0.4155468655608274,5989905.442387247,5989905.857934113
20111014,0.4155468655608274,5969158.348844622,5969158.764391487
20111017,0.4155468655608274,5969840.490704792,5969840.906251657
20111018,0.4155468655608274,5824307.027809535,5824307.4433564
20111019,0.4155468655608274,5843142.79575106,5843143.211297926
20111020,0.4155468655608274,5736186.177894434,5736186.593441299
20111021,0.4155468655608274,5735121.655941604,5735122.071488469
20111024,0.4155468655608274,5883262.156933568,5883262.572480434
20111025,0.4155468655608274,5950699.246557664,5950699.662104529
20111026,0.4155468655608274,5993386.597134037,5993387.012680902
20111027,0.4155468655608274,6039164.563973558,6039164.979520423
20111028,0.4155468655608274,6134230.596043692,6134231.011590557
20111031,0.4155468655608274,6074136.599355924,6074137.014902789
20111101,23.143222516868263,6036110.325730997,6036133.4689535145
20111102,23.143222516868263,6179647.191238411,6179670.334460927
20111103,23.143222516868263,6207356.441200849,6207379.584423365
20111104,23.143222516868263,6214982.653038778,6215005.796261296
20111107,23.143222516868263,6165883.605920078,6165906.749142595
20111108,23.143222516868263,6144694.635343679,6144717.778566197
20111109,23.143222516868263,6178391.784914178,6178414.928136695
20111110,23.143222516868263,6104948.341600977,6104971.484823493
20111111,23.143222516868263,6101577.240374215,6101600.383596731
20111114,23.143222516868263,6226272.842485898,6226295.9857084155
20111115,23.143222516868263,6178361.814521806,6178384.957744323
20111116,23.143222516868263,6038691.186498103,6038714.32972062
20111117,23.143222516868263,6015763.983546469,6015787.126768986
20111118,23.143222516868263,5931344.213028063,5931367.35625058
20111121,23.143222516868263,5941637.032216285,5941660.175438803
20111122,23.143222516868263,5924685.927027576,5924709.070250092
20111123,23.143222516868263,5855505.043217693,5855528.186440211
20111124,23.143222516868263,5872494.083769691,5872517.2269922085
20111125,23.143222516868263,5813126.32174914,5813149.464971656
20111128,23.143222516868263,5803766.620456922,5803789.763679439
20111129,23.143222516868263,5870944.582019598,5870967.725242116
20111130,23.143222516868263,5725149.671037192,5725172.81425971
20111201,324.58875696107134,5854040.77512148,5854365.363878441
20111202,324.58875696107134,5840209.031134656,5840533.6198916165
20111205,324.58875696107134,5845985.272022526,5846309.860779487
20111206,324.58875696107134,5849854.437815578,5850179.026572539
20111207,324.58875696107134,5850336.3630770575,5850660.951834018
20111208,324.58875696107134,5865104.129159795,5865428.717916756
20111209,324.58875696107134,5861953.477358741,5862278.066115702
20111212,324.58875696107134,5834598.729516003,5834923.318272964
20111213,324.58875696107134,5799316.718439117,5799641.307196078
20111214,324.58875696107134,5749821.863186493,5750146.451943453
20111215,324.58875696107134,5654314.420817472,5654639.009574433
20111216,324.58875696107134,5741953.943189761,5742278.5319467215
20111219,324.58875696107134,5706447.759756047,5706772.348513008
20111220,324.58875696107134,5680329.358486738,5680653.947243699
20111221,324.58875696107134,5646618.28445824,5646942.8732152
20111222,324.58875696107134,5628383.010331918,5628707.599088878
20111223,324.58875696107134,5659287.50456848,5659612.093325441
20111226,324.58875696107134,5639675.178698029,5639999.76745499
20111227,324.58875696107134,5573546.340662397,5573870.929419358
20111228,324.58875696107134,5560866.711087221,5561191.299844182
20111229,324.58875696107134,5559590.23380608,5559914.822563041
20111230,324.58875696107134,5575236.655682124,5575561.244439085
20120104,48.666600056691095,5510897.972480301,5510946.639080358
20120105,48.666600056691095,5499047.630529969,5499096.297130026
20120106,48.666600056691095,5515207.599461793,5515256.26606185
20120109,48.666600056691095,5661041.908674827,5661090.575274884
20120110,48.666600056691095,5849461.864950214,5849510.5315502705
20120111,48.666600056691095,5811655.7912367545,5811704.457836811
20120112,48.666600056691095,5807943.833493969,5807992.500094026
20120113,48.666600056691095,5755942.401183978,5755991.067784035
20120116,48.666600056691095,5673161.135121176,5673209.801721233
20120117,48.666600056691095,5896351.9867846845,5896400.653384741
20120118,48.666600056691095,5823068.135577942,5823116.802177999
20120119,48.666600056691095,5916148.603493715,5916197.270093772
20120120,48.666600056691095,5997661.256760124,5997709.923360181
20120130,48.666600056691095,5887474.5207529515,5887523.187353008
20120131,48.666600056691095,5882356.821282356,5882405.487882413
20120201,40.606630987538665,5816194.091043224,5816234.697674211
20120202,40.606630987538665,5944431.524170616,5944472.130801603
20120203,40.606630987538665,6012780.144090108,6012820.750721095
20120206,40.606630987538665,6032156.738179852,6032197.34481084
20120207,40.606630987538665,5921249.819835618,5921290.426466606
20120208,40.606630987538665,6030879.318507285,6030919.925138272
20120209,40.606630987538665,6055659.489822119,6055700.096453106
20120210,40.606630987538665,6063639.047889958,6063679.654520946
20120213,40.606630987538665,6036283.1892769225,6036323.79590791
20120214,40.606630987538665,5994371.864218218,5994412.470849206
20120215,40.606630987538665,6066249.08748014,6066289.694111127
20120216,40.606630987538665,6028668.963723348,6028709.570354336
20120217,40.606630987538665,6056597.975720383,6056638.582351371
20120220,40.606630987538665,6059538.59337227,6059579.200003258
20120221,40.606630987538665,6085313.103289704,6085353.709920691
20120222,40.606630987538665,6164976.66414685,6165017.270777837
20120223,40.606630987538665,6199374.897138202,6199415.503769189
20120224,40.606630987538665,6348649.790201014,6348690.396832001
20120227,40.606630987538665,6348955.36563147,6348995.972262458
20120228,40.606630987538665,6381809.362835146,6381849.969466133
20120229,40.606630987538665,6248947.549689126,6248988.156320114
20120301,4.74569629272446,6238451.6696236925,6238456.415319985
20120302,4.74569629272446,6299033.169062812,6299037.914759105
20120305,4.74569629272446,6246505.006308667,6246509.752004961
20120306,4.74569629272446,6145615.911706792,6145620.657403085
20120307,4.74569629272446,6148731.3313714275,6148736.07706772
20120308,4.74569629272446,6169644.660057234,6169649.405753527
20120309,4.74569629272446,6196736.418337393,6196741.164033685
20120312,4.74569629272446,6170556.873542694,6170561.619238988
20120313,4.74569629272446,6220608.397038928,6220613.1427352205
20120314,4.74569629272446,6115295.927495291,6115300.673191585
20120315,4.74569629272446,6047535.518066461,6047540.263762753
20120316,4.74569629272446,6074174.692689551,6074179.438385844
20120319,4.74569629272446,6043503.15493836,6043507.900634652
20120320,4.74569629272446,5981580.38992769,5981585.135623982
20120321,4.74569629272446,5970661.947176627,5970666.692872919
20120322,4.74569629272446,5975677.894052264,5975682.639748557
20120323,4.74569629272446,5911876.892154363,5911881.637850655
20120326,4.74569629272446,5895222.366411414,5895227.112107707
20120327,4.74569629272446,5912780.957134626,5912785.702830918
20120328,4.74569629272446,5797172.320994392,5797177.066690685
20120329,4.74569629272446,5737905.778638434,5737910.524334727
20120330,4.74569629272446,5764237.087859269,5764241.833555562
20120405,26.590376562671736,5811564.08035282,5811590.670729383
20120406,26.590376562671736,5809087.55382362,5809114.1442001825
20120409,26.590376562671736,5790517.4002038725,5790543.990580435
20120410,26.590376562671736,5814091.147151819,5814117.737528382
20120411,26.590376562671736,5808315.599602348,5808342.189978911
20120412,26.590376562671736,5874900.85717653,5874927.447553093
20120413,26.590376562671736,5886196.8107235655,5886223.401100128
20120416,26.590376562671736,5866055.3721901635,5866081.962566726
20120417,26.590376562671736,5864575.697423067,5864602.287799629
20120418,26.590376562671736,5942969.755365728,5942996.345742291
20120419,26.590376562671736,5940171.6037803525,5940198.194156915
20120420,26.590376562671736,5988502.34737532,5988528.937751883
20120423,26.590376562671736,5958614.849153068,5958641.43952963
20120424,26.590376562671736,5979862.702330848,5979889.292707411
20120425,26.590376562671736,5985192.981359886,5985219.571736448
20120426,26.590376562671736,5983302.635107687,5983329.225484249
20120427,26.590376562671736,5980298.950913959,5980325.541290522
20120502,28.41533730365245,6043883.48023268,6043911.895569984
20120503,28.41533730365245,6021605.660788063,6021634.076125367
20120504,28.41533730365245,6025009.146311825,6025037.561649129
20120507,28.41533730365245,6016544.344977169,6016572.760314473
20120508,28.41533730365245,6008055.473092137,6008083.888429441
20120509,28.41533730365245,5951523.594370864,5951552.009708168
20120510,28.41533730365245,5961083.064891538,5961111.480228841
20120511,28.41533730365245,5922509.736117891,5922538.151455195
20120514,28.41533730365245,5902408.942366689,5902437.357703993
20120515,28.41533730365245,5879566.735628866,5879595.150966169
20120516,28.41533730365245,5830459.56256813,5830487.977905434
20120517,28.41533730365245,5900757.187631237,5900785.602968541
20120518,28.41533730365245,5896958.7953459015,5896987.210683205
20120521,28.41533730365245,5895219.504211104,5895247.919548407
20120522,28.41533730365245,5904101.889024089,5904130.304361393
20120523,28.41533730365245,5859174.738928753,5859203.154266057
20120524,28.41533730365245,5856401.306142338,5856429.721479641
20120525,28.41533730365245,5855023.081787039,5855051.497124342
20120528,28.41533730365245,5892158.179994801,5892186.595332105
20120529,28.41533730365245,5960379.561681654,5960407.977018958
20120530,28.41533730365245,5938718.146266832,5938746.561604136
20120531,28.41533730365245,5902275.179015473,5902303.594352777
20120601,39.24970237253001,5898337.294144383,5898376.543846755
20120604,39.24970237253001,5800784.782411604,5800824.032113977
20120605,39.24970237253001,5816990.071286029,5817029.320988402
20120606,39.24970237253001,5860421.363988611,5860460.6136909835
20120607,39.24970237253001,5818313.773188967,5818353.02289134
20120608,39.24970237253001,5769600.195255498,5769639.444957871
20120611,39.24970237253001,5778734.730906911,5778773.980609284
20120612,39.24970237253001,5748256.712312178,5748295.96201455
20120613,39.24970237253001,5763663.704726441,5763702.954428813
20120614,39.24970237253001,5737226.290305649,5737265.5400080215
20120615,39.24970237253001,5809112.82166434,5809152.071366712
20120618,39.24970237253001,5823815.3889359385,5823854.638638311
20120619,39.24970237253001,5833479.568998059,5833518.818700432
20120620,39.24970237253001,5848039.591792365,5848078.841494737
20120621,39.24970237253001,5813745.453653512,5813784.703355884
20120625,39.24970237253001,5785247.473008383,5785286.722710756
20120626,39.24970237253001,5808781.524879122,5808820.774581495
20120627,39.24970237253001,5797071.469190041,5797110.718892413
20120628,39.24970237253001,5764216.84684813,5764256.096550503
20120629,39.24970237253001,5819991.740092637,5820030.98979501
20120702,123.17075606279604,5783233.069049064,5783356.239805127
20120703,123.17075606279604,5804934.811926123,5805057.982682185
20120704,123.17075606279604,5812819.932259737,5812943.103015799
20120705,123.17075606279604,5768957.971342208,5769081.14209827
20120706,123.17075606279604,5764063.485022815,5764186.655778877
20120709,123.17075606279604,5640753.902231157,5640877.072987219
20120710,123.17075606279604,5630530.769616485,5630653.940372547
20120711,123.17075606279604,5624183.249286253,5624306.4200423155
20120712,123.17075606279604,5599866.484982058,5599989.655738121
20120713,123.17075606279604,5602188.986326243,5602312.157082305
20120716,123.17075606279604,5521711.253821013,5521834.424577075
20120717,123.17075606279604,5582596.710916271,5582719.881672334
20120718,123.17075606279604,5564264.072290002,5564387.243046065
20120719,123.17075606279604,5565517.933780627,5565641.10453669
20120720,123.17075606279604,5523107.330028927,5523230.500784989
20120723,123.17075606279604,5428928.126800116,5429051.297556179
20120724,123.17075606279604,5412219.992404451,5412343.163160513
20120725,123.17075606279604,5409815.639354715,5409938.810110778
20120726,123.17075606279604,5413022.4568856405,5413145.627641703
20120727,123.17075606279604,5473496.430354996,5473619.601111058
20120730,123.17075606279604,5476147.266717594,5476270.437473657
20120731,123.17075606279604,5515178.225128739,5515301.395884802
20120801,0.22285536293929908,5534426.419445276,5534426.642300639
20120802,0.22285536293929908,5562814.295018119,5562814.517873482
20120803,0.22285536293929908,5558378.041989841,5558378.264845204
20120806,0.22285536293929908,5557533.991092733,5557534.213948096
20120807,0.22285536293929908,5544619.038712582,5544619.261567945
20120808,0.22285536293929908,5570205.311550658,5570205.534406021
20120809,0.22285536293929908,5599284.810311573,5599285.033166936
20120810,0.22285536293929908,5611796.2556649335,5611796.4785202965
20120813,0.22285536293929908,5574026.380096042,5574026.602951405
20120814,0.22285536293929908,5584770.157663966,5584770.380519329
20120815,0.22285536293929908,5504584.670536404,5504584.893391767
20120816,0.22285536293929908,5500718.373652692,5500718.596508055
20120817,0.22285536293929908,5513471.355515059,5513471.578370422
20120820,0.22285536293929908,5503854.50070035,5503854.723555713
20120821,0.22285536293929908,5490493.940241124,5490494.163096487
20120822,0.22285536293929908,5492531.660870268,5492531.883725631
20120823,0.22285536293929908,5509936.605552952,5509936.828408315
20120824,0.22285536293929908,5481147.318366539,5481147.541221902
20120827,0.22285536293929908,5406508.484686162,5406508.707541525
20120828,0.22285536293929908,5446338.353196861,5446338.576052224
20120829,0.22285536293929908,5425826.22589663,5425826.4487519935
20120830,0.22285536293929908,5438284.517584504,5438284.740439867
20120831,0.22285536293929908,5421833.644024714,5421833.866880077
20120903,68.10549794416875,5389933.374388654,5390001.479886598
20120904,68.10549794416875,5293001.193190391,5293069.298688335
20120905,68.10549794416875,5227620.157950617,5227688.263448562
20120906,68.10549794416875,5264488.8190479595,5264556.924545904
20120907,68.10549794416875,5409098.495784285,5409166.601282229
20120910,68.10549794416875,5385416.67750301,5385484.783000954
20120911,68.10549794416875,5336540.745712583,5336608.851210527
20120912,68.10549794416875,5314728.256526861,5314796.3620248055
20120913,68.10549794416875,5298472.25317731,5298540.3586752545
20120914,68.10549794416875,5330461.137798301,5330529.243296245
20120917,68.10549794416875,5254675.70815904,5254743.813656984
20120918,68.10549794416875,5217258.982899561,5217327.088397505
20120919,68.10549794416875,5219199.962445603,5219268.067943547
20120920,68.10549794416875,5118225.757439718,5118293.862937662
20120921,68.10549794416875,5102357.132417554,5102425.237915498
20120924,68.10549794416875,5082590.85954689,5082658.965044834
20120925,68.10549794416875,5062161.674943303,5062229.780441247
20120926,68.10549794416875,5028529.164923992,5028597.270421936
20120927,68.10549794416875,5151567.451687239,5151635.557185183
20120928,68.10549794416875,5193582.909150977,5193651.014648921
20121008,151.28053997993266,5151759.742941917,5151911.023481897
20121009,151.28053997993266,5258518.085254246,5258669.3657942265
20121010,151.28053997993266,5263340.290742791,5263491.571282771
20121011,151.28053997993266,5233694.437791785,5233845.718331765
20121012,151.28053997993266,5261571.048518372,5261722.329058352
20121015,151.28053997993266,5210459.197183393,5210610.477723373
20121016,151.28053997993266,5263088.695080895,5263239.975620875
20121017,151.28053997993266,5298830.669632212,5298981.950172192
20121018,151.28053997993266,5360438.191123266,5360589.471663246
20121019,151.28053997993266,5350483.574034152,5350634.854574132
20121022,151.28053997993266,5378000.327384138,5378151.607924118
20121023,151.28053997993266,5323543.215294814,5323694.495834794
20121024,151.28053997993266,5338042.933951134,5338194.214491114
20121025,151.28053997993266,5315222.956915297,5315374.237455277
20121026,151.28053997993266,5211379.44626744,5211530.72680742
20121029,151.28053997993266,5222762.792045935,5222914.072585915
20121030,151.28053997993266,5239507.784466649,5239659.06500663
20121031,151.28053997993266,5266831.603061287,5266982.883601267
20121101,13.995209434680874,5350379.552256883,5350393.547466318
20121102,13.995209434680874,5415236.957691241,5415250.952900676
20121105,13.995209434680874,5421388.119459017,5421402.114668452
20121106,13.995209434680874,5389073.694520267,5389087.689729702
20121107,13.995209434680874,5387245.276814402,5387259.272023837
20121108,13.995209434680874,5287803.690915037,5287817.686124472
20121109,13.995209434680874,5288649.087137693,5288663.082347128
20121112,13.995209434680874,5358157.86677071,5358171.861980145
20121113,13.995209434680874,5272235.914774729,5272249.909984164
20121114,13.995209434680874,5284514.80114375,5284528.796353185
20121115,13.995209434680874,5207016.578320606,5207030.573530041
20121116,13.995209434680874,5179163.460733734,5179177.455943169
20121119,13.995209434680874,5193526.726036742,5193540.721246177
20121120,13.995209434680874,5198547.419835807,5198561.415045242
20121121,13.995209434680874,5276089.12192282,5276103.117132255
20121122,13.995209434680874,5239564.539339625,5239578.53454906
20121123,13.995209434680874,5296190.5153104765,5296204.510519912
20121126,13.995209434680874,5261806.701339284,5261820.696548719
20121127,13.995209434680874,5242536.689656129,5242550.684865564
20121128,13.995209434680874,5209749.638614364,5209763.633823799
20121129,13.995209434680874,5171285.079813148,5171299.075022583
20121130,13.995209434680874,5205899.227122738,5205913.222332173
20121203,58.52283755004464,5109658.120250091,5109716.643087641
20121204,58.52283755004464,5152199.724047642,5152258.246885193
20121205,58.52283755004464,5365465.245828191,5365523.768665741
20121206,58.52283755004464,5383656.111881823,5383714.634719374
20121207,58.52283755004464,5554470.219157129,5554528.741994679
20121210,58.52283755004464,5606953.712330886,5607012.235168437
20121211,58.52283755004464,5565113.735536744,5565172.258374294
20121212,58.52283755004464,5614749.202193776,5614807.7250313265
20121213,58.52283755004464,5553047.609769456,5553106.1326070065
20121214,58.52283755004464,5883216.870163221,5883275.393000771
20121217,58.52283755004464,5922324.060954482,5922382.583792033
20121218,58.52283755004464,5930532.744723488,5930591.267561038
20121219,58.52283755004464,5907329.776251708,5907388.299089259
20121220,58.52283755004464,5895102.0880594775,5895160.610897028
20121221,58.52283755004464,5838053.560068365,5838112.082905916
20121224,58.52283755004464,5871509.095278598,5871567.618116149
20121225,58.52283755004464,6047117.025550676,6047175.548388226
20121226,58.52283755004464,6030652.845908506,6030711.368746056
20121227,58.52283755004464,6018122.069996363,6018180.592833913
20121228,58.52283755004464,6081988.348807255,6082046.871644805
20121231,58.52283755004464,6206178.33361768,6206236.85645523
20130104,74.66946271620691,6269473.485515913,6269548.154978629
20130107,74.66946271620691,6283163.99148583,6283238.660948547
20130108,74.66946271620691,6249230.628219927,6249305.297682643
20130109,74.66946271620691,6219665.689516238,6219740.358978954
20130110,74.66946271620691,6250223.592818687,6250298.262281403
20130111,74.66946271620691,6162600.008782409,6162674.678245125
20130114,74.66946271620691,6321819.446979794,6321894.11644251
20130115,74.66946271620691,6349454.98880373,6349529.658266447
20130116,74.66946271620691,6275881.45756379,6275956.127026506
20130117,74.66946271620691,6241734.276836295,6241808.946299011
20130118,74.66946271620691,6307818.941216036,6307893.610678752
20130121,74.66946271620691,6370081.343395666,6370156.012858382
20130122,74.66946271620691,6431210.348280905,6431285.017743621
20130123,74.66946271620691,6444614.9942452,6444689.663707917
20130124,74.66946271620691,6382058.350532148,6382133.019994864
20130125,74.66946271620691,6354194.095291471,6354268.764754187
20130128,74.66946271620691,6485489.10551616,6485563.774978876
20130129,74.66946271620691,6535704.714165096,6535779.383627812
20130130,74.66946271620691,6656656.385861821,6656731.055324537
20130131,74.66946271620691,6646758.625300824,6646833.29476354
20130201,106.69705516797205,6692228.4950700775,6692335.192125245
20130204,106.69705516797205,6760726.564217127,6760833.261272294
20130205,106.69705516797205,6754894.35729061,6755001.054345777
20130206,106.69705516797205,6741468.66427838,6741575.361333547
20130207,106.69705516797205,6707834.567162319,6707941.264217487
20130208,106.69705516797205,6730641.485392875,6730748.182448043
20130218,106.69705516797205,6684955.1328007635,6685061.829855931
20130219,106.69705516797205,6583738.606958617,6583845.304013785
20130220,106.69705516797205,6600046.451378516,6600153.148433683
20130221,106.69705516797205,6444365.67305352,6444472.370108687
20130222,106.69705516797205,6430209.34637934,6430316.043434507
20130225,106.69705516797205,6431142.776671273,6431249.47372644
20130226,106.69705516797205,6368047.6088433955,6368154.305898563
20130227,106.69705516797205,6412702.369545374,6412809.066600542
20130228,106.69705516797205,6494539.941772133,6494646.638827301
20130301,163.87538698804565,6503682.037217997,6503845.912604985
20130304,163.87538698804565,6302499.119117168,6302662.994504156
20130305,163.87538698804565,6391375.2637968585,6391539.139183846
20130306,163.87538698804565,6452962.328481611,6453126.203868599
20130307,163.87538698804565,6379109.554856338,6379273.430243325
20130308,163.87538698804565,6383092.778025235,6383256.653412223
20130311,163.87538698804565,6363958.852288013,6364122.727675001
20130312,163.87538698804565,6280801.148710755,6280965.0240977425
20130313,163.87538698804565,6220235.490490944,6220399.365877932
20130314,163.87538698804565,6222860.845389169,6223024.7207761565
20130315,163.87538698804565,6221608.23331521,6221772.108702198
20130318,163.87538698804565,6165497.261660167,6165661.137047155
20130319,163.87538698804565,6186835.312842051,6186999.188229038
20130320,163.87538698804565,6312431.350703987,6312595.226090975
20130321,163.87538698804565,6313785.687837723,6313949.5632247105
20130322,163.87538698804565,6315062.864936638,6315226.7403236255
20130325,163.87538698804565,6314375.771242091,6314539.646629079
20130326,163.87538698804565,6240179.335047486,6240343.210434474
20130327,163.87538698804565,6255375.091189645,6255538.966576633
20130328,163.87538698804565,6126234.017024319,6126397.8924113065
20130329,163.87538698804565,6157497.667432209,6157661.542819196
20130401,138.12424007290974,6153752.917847147,6153891.04208722
20130402,138.12424007290974,6186421.3553721085,6186559.479612181
20130403,138.12424007290974,6205743.38253602,6205881.506776093
20130408,138.12424007290974,6133803.522794274,6133941.647034347
20130409,138.12424007290974,6174620.356121348,6174758.480361421
20130410,138.12424007290974,6189358.248299507,6189496.37253958
20130411,138.12424007290974,6177416.4826016165,6177554.606841689
20130412,138.12424007290974,6130913.432371829,6131051.556611901
20130415,138.12424007290974,6109140.668656433,6109278.792896505
20130416,138.12424007290974,6114275.480103144,6114413.604343217
20130417,138.12424007290974,6071361.591435837,6071499.715675909
20130418,138.12424007290974,6084632.588858031,6084770.713098103
20130419,138.12424007290974,6186257.456326974,6186395.580567047
20130422,138.12424007290974,6195828.008080361,6195966.132320434
20130423,138.12424007290974,6058819.762933096,6058957.887173168
20130424,138.12424007290974,6121121.447420939,6121259.571661012
20130425,138.12424007290974,6098202.630462606,6098340.75470268
20130426,138.12424007290974,6065219.581571217,6065357.70581129
20130502,48.67449363414198,6072117.933696353,6072166.608189987
20130503,48.67449363414198,6143626.054560571,6143674.729054205
20130506,48.67449363414198,6178845.891057018,6178894.565550652
20130507,48.67449363414198,6172386.506869147,6172435.181362781
20130508,48.67449363414198,6206057.914852419,6206106.589346053
20130509,48.67449363414198,6191935.412785702,6191984.0872793365
20130510,48.67449363414198,6212613.961598901,6212662.636092535
20130513,48.67449363414198,6181436.654714017,6181485.329207651
20130514,48.67449363414198,6125692.971260551,6125741.6457541855
20130515,48.67449363414198,6137592.1526802005,6137640.827173835
20130516,48.67449363414198,6176761.397192819,6176810.071686453
20130517,48.67449363414198,6226606.673397585,6226655.347891219
20130520,48.67449363414198,6281949.786131697,6281998.460625331
20130521,48.67449363414198,6293187.787090344,6293236.4615839785
20130522,48.67449363414198,6284795.278743256,6284843.95323689
20130523,48.67449363414198,6215475.010992818,6215523.685486452
20130524,48.67449363414198,6244644.894112134,6244693.5686057685
20130527,48.67449363414198,6242392.802622745,6242441.477116379
20130528,48.67449363414198,6293493.540360551,6293542.2148541855
20130529,48.67449363414198,6263284.477825161,6263333.152318795
20130530,48.67449363414198,6247887.483424341,6247936.157917975
20130531,48.67449363414198,6221682.327239474,6221731.001733108
20130603,79.28657687129453,6226477.459684651,6226556.746261522
20130604,79.28657687129453,6161716.581485048,6161795.868061919
20130605,79.28657687129453,6156477.727740346,6156557.014317218
20130606,79.28657687129453,6092004.742212366,6092084.028789237
20130607,79.28657687129453,6026868.53098265,6026947.817559522
20130613,79.28657687129453,5868996.646090556,5869075.932667427
20130614,79.28657687129453,5870091.959091685,5870171.245668557
20130617,79.28657687129453,5853990.895786062,5854070.182362933
20130618,79.28657687129453,5831066.489415452,5831145.775992323
20130619,79.28657687129453,5783983.497295316,5784062.783872187
20130620,79.28657687129453,5652595.572814084,5652674.859390955
20130621,79.28657687129453,5617912.435218705,5617991.721795576
20130624,79.28657687129453,5393232.546173608,5393311.832750479
20130625,79.28657687129453,5376616.175777042,5376695.462353913
20130626,79.28657687129453,5308350.514497824,5308429.801074695
20130627,79.28657687129453,5320111.198149618,5320190.484726489
20130628,79.28657687129453,5376262.88091597,5376342.16749284
20130701,30.645693304581073,5356969.972963507,5357000.618656812
20130702,30.645693304581073,5332238.7101514675,5332269.355844772
20130703,30.645693304581073,5254447.239772583,5254477.885465888
20130704,30.645693304581073,5310264.277385499,5310294.923078804
20130705,30.645693304581073,5307948.84184143,5307979.487534735
20130708,30.645693304581073,5175407.098475514,5175437.744168819
20130709,30.645693304581073,5207656.850739725,5207687.49643303
20130710,30.645693304581073,5299963.826953271,5299994.472646576
20130711,30.645693304581073,5529969.299897845,5529999.94559115
20130712,30.645693304581073,5529326.7570521915,5529357.4027454965
20130715,30.645693304581073,5574618.64488292,5574649.290576225
20130716,30.645693304581073,5628140.821859775,5628171.46755308
20130717,30.645693304581073,5567603.417578043,5567634.063271348
20130718,30.645693304581073,5525994.578340253,5526025.224033558
20130719,30.645693304581073,5468346.51386115,5468377.1595544545
20130722,30.645693304581073,5468414.780187892,5468445.425881197
20130723,30.645693304581073,5668659.560714636,5668690.206407941
20130724,30.645693304581073,5689326.856439125,5689357.50213243
20130725,30.645693304581073,5735495.464437831,5735526.110131136
20130726,30.645693304581073,5739917.254674722,5739947.900368027
20130729,30.645693304581073,5627037.657002753,5627068.302696058
20130730,30.645693304581073,5676995.766760925,5677026.41245423
20130731,30.645693304581073,5676285.262002952,5676315.907696257
20130801,102.87470763502643,5765347.700378076,5765450.575085711
20130802,102.87470763502643,5769049.777250372,5769152.651958007
20130805,102.87470763502643,5792265.12697209,5792368.001679726
20130806,102.87470763502643,5804643.0224517565,5804745.897159392
20130807,102.87470763502643,5779665.23472508,5779768.109432716
20130808,102.87470763502643,5775529.624105633,5775632.498813268
20130809,102.87470763502643,5797900.01507915,5798002.8897867855
20130812,102.87470763502643,5924886.7384383455,5924989.613145981
20130813,102.87470763502643,5970063.402242612,5970166.276950248
20130814,102.87470763502643,5931917.654265477,5932020.528973112
20130815,102.87470763502643,5930563.92874394,5930666.803451575
20130816,102.87470763502643,5922537.9504102515,5922640.825117886
20130819,102.87470763502643,5945787.0060573695,5945889.880765004
20130820,102.87470763502643,5914405.742950148,5914508.6176577825
20130821,102.87470763502643,5891888.922517687,5891991.797225323
20130822,102.87470763502643,5866844.935149929,5866947.809857564
20130823,102.87470763502643,5836161.932756292,5836264.807463927
20130826,102.87470763502643,5927971.728651536,5928074.60335917
20130827,102.87470763502643,5989330.832914306,5989433.707621941
20130828,102.87470763502643,5994537.311340772,5994640.186048407
20130829,102.87470763502643,6039254.772766616,6039357.647474252
20130830,102.87470763502643,6150643.613389067,6150746.488096703
20130902,92.77375204442069,6111047.130960216,6111139.90471226
20130903,92.77375204442069,6161386.137312415,6161478.911064459
20130904,92.77375204442069,6155246.554007544,6155339.327759588
20130905,92.77375204442069,6117965.22480197,6118057.998554014
20130906,92.77375204442069,6172292.589830489,6172385.363582533
20130909,92.77375204442069,6474669.788012717,6474762.561764762
20130910,92.77375204442069,6543877.747651784,6543970.521403829
20130911,92.77375204442069,6572531.448890329,6572624.222642373
20130912,92.77375204442069,6720172.089327348,6720264.863079393
20130913,92.77375204442069,6672018.1648480855,6672110.93860013
20130916,92.77375204442069,6588141.625306291,6588234.3990583345
20130917,92.77375204442069,6438985.963664352,6439078.737416396
20130918,92.77375204442069,6448588.518131353,6448681.291883398
20130923,92.77375204442069,6499864.50432996,6499957.278082004
20130924,92.77375204442069,6435866.5956848,6435959.369436845
20130925,92.77375204442069,6390043.667603209,6390136.441355253
20130926,92.77375204442069,6265492.619029168,6265585.392781213
20130927,92.77375204442069,6288988.385042239,6289081.158794284
20130930,92.77375204442069,6332315.282850336,6332408.056602381
20131008,299.2259625497827,6392770.200571277,6393069.426533827
20131009,299.2259625497827,6448438.12757938,6448737.353541929
20131010,299.2259625497827,6345772.265266701,6346071.49122925
20131011,299.2259625497827,6442409.268346443,6442708.494308992
20131014,299.2259625497827,6618328.012343653,6618627.238306202
20131015,299.2259625497827,6503376.766150888,6503675.9921134375
20131016,299.2259625497827,6393117.38196771,6393416.60793026
20131017,299.2259625497827,6413238.617910424,6413537.843872974
20131018,299.2259625497827,6397763.156837311,6398062.38279986
20131021,299.2259625497827,6485085.288061902,6485384.514024451
20131022,299.2259625497827,6471440.679539495,6471739.905502045
20131023,299.2259625497827,6444398.5833534505,6444697.809316
20131024,299.2259625497827,6388019.902302137,6388319.128264686
20131025,299.2259625497827,6339379.848241058,6339679.074203608
20131028,299.2259625497827,6336240.351888528,6336539.577851078
20131029,299.2259625497827,6310334.88476521,6310634.110727759
20131030,299.2259625497827,6418614.723774535,6418913.949737084
20131031,299.2259625497827,6395266.38208109,6395565.608043639
20131101,177.82482684942534,6421099.433926616,6421277.2587534655
20131104,177.82482684942534,6400630.173143713,6400807.997970562
20131105,177.82482684942534,6404935.095240891,6405112.920067741
20131106,177.82482684942534,6319942.660726015,6320120.485552865
20131107,177.82482684942534,6351945.826079666,6352123.650906515
20131108,177.82482684942534,6305321.271232796,6305499.0960596455
20131111,177.82482684942534,6300388.048143985,6300565.872970834
20131112,177.82482684942534,6332514.207952117,6332692.032778966
20131113,177.82482684942534,6238731.788779202,6238909.613606052
20131114,177.82482684942534,6238547.573670949,6238725.3984977985
20131115,177.82482684942534,6336095.042710184,6336272.867537034
20131118,177.82482684942534,6445302.715274112,6445480.540100962
20131119,177.82482684942534,6427984.901624411,6428162.726451261
20131120,177.82482684942534,6451082.203764162,6451260.028591012
20131121,177.82482684942534,6426127.064028049,6426304.8888548985
20131122,177.82482684942534,6405225.111120816,6405402.935947666
20131125,177.82482684942534,6407249.0183389895,6407426.843165839
20131126,177.82482684942534,6399893.783158718,6400071.607985567
20131127,177.82482684942534,6420430.564101661,6420608.38892851
20131128,177.82482684942534,6468764.280491316,6468942.105318165
20131129,177.82482684942534,6464408.258441357,6464586.083268207
20131202,98.35297023723615,6489783.202917928,6489881.555888165
20131203,98.35297023723615,6514730.617254112,6514828.970224349
20131204,98.35297023723615,6638329.122744634,6638427.475714871
20131205,98.35297023723615,6597595.050131566,6597693.403101803
20131206,98.35297023723615,6581785.650169954,6581884.003140191
20131209,98.35297023723615,6611906.209215342,6612004.562185579
20131210,98.35297023723615,6597262.01738395,6597360.370354187
20131211,98.35297023723615,6519473.585064525,6519571.938034762
20131212,98.35297023723615,6504527.651002513,6504626.00397275
20131213,98.35297023723615,6504971.819239531,6505070.172209768
20131216,98.35297023723615,6381224.571031678,6381322.924001914
20131217,98.35297023723615,6347527.747710977,6347626.100681214
20131218,98.35297023723615,6349673.241439767,6349771.594410004
20131219,98.35297023723615,6311773.676198702,6311872.029168939
20131220,98.35297023723615,6173441.669851075,6173540.022821312
20131223,98.35297023723615,6184076.308406347,6184174.661376584
20131224,98.35297023723615,6182494.971982105,6182593.324952342
20131225,98.35297023723615,6202850.370336896,6202948.723307133
20131226,98.35297023723615,6092239.132077074,6092337.485047311
20131227,98.35297023723615,6165130.555610486,6165228.908580723
20131230,98.35297023723615,6136613.74691856,6136712.099888797
20131231,98.35297023723615,6201177.47073942,6201275.8237096565
20140102,132.73584654028673,6163703.097410677,6163835.833257217
20140103,132.73584654028673,6085248.254527988,6085380.990374528
20140106,132.73584654028673,5987625.449275164,5987758.185121704
20140107,132.73584654028673,6002780.493171196,6002913.229017736
20140108,132.73584654028673,5997392.550868051,5997525.286714591
20140109,132.73584654028673,5962418.049508799,5962550.785355339
20140110,132.73584654028673,5938848.901035151,5938981.636881691
20140113,132.73584654028673,5976157.669968244,5976290.405814784
20140114,132.73584654028673,5976763.174604675,5976895.910451215
20140115,132.73584654028673,5948530.897662245,5948663.633508785
20140116,132.73584654028673,5937245.178263481,5937377.914110021
20140117,132.73584654028673,5874684.488375991,5874817.224222531
20140120,132.73584654028673,5847444.698600996,5847577.434447536
20140121,132.73584654028673,5870390.434052042,5870523.169898582
20140122,132.73584654028673,5964743.367340205,5964876.103186745
20140123,132.73584654028673,5910172.05220365,5910304.78805019
20140124,132.73584654028673,5931117.417126828,5931250.152973368
20140127,132.73584654028673,5896490.923908137,5896623.659754677
20140128,132.73584654028673,5934477.800736177,5934610.536582717
20140129,132.73584654028673,5981588.1997832,5981720.93562974
20140130,132.73584654028673,5938213.380652013,5938346.116498553
20140207,24.69492369372165,5924030.417820316,5924055.112744009
20140210,24.69492369372165,5998978.719790763,5999003.414714457
20140211,24.69492369372165,6079458.146805232,6079482.841728926
20140212,24.69492369372165,6081880.101663553,6081904.7965872465
20140213,24.69492369372165,6077359.555902803,6077384.250826497
20140214,24.69492369372165,6081924.799536634,6081949.494460328
20140217,24.69492369372165,6094513.011425788,6094537.706349481
20140218,24.69492369372165,6023119.217205245,6023143.912128938
20140219,24.69492369372165,6148168.688742989,6148193.383666682
20140220,24.69492369372165,6119235.224033209,6119259.918956902
20140221,24.69492369372165,6065195.223898102,6065219.918821795
20140224,24.69492369372165,5955639.553396197,5955664.24831989
20140225,24.69492369372165,5896722.877234027,5896747.57215772
20140226,24.69492369372165,5886735.657686552,5886760.352610245
20140227,24.69492369372165,5891691.401476272,5891716.096399966
20140228,24.69492369372165,5882765.949624445,5882790.644548139
20140303,56.020859836846284,5881667.58350915,5881723.604368987
20140304,56.020859836846284,5877464.513061779,5877520.533921615
20140305,56.020859836846284,5831282.467854531,5831338.488714367
20140306,56.020859836846284,5846933.9881196115,5846990.008979448
20140307,56.020859836846284,5818121.725564806,5818177.746424642
20140310,56.020859836846284,5698284.711423583,5698340.73228342
20140311,56.020859836846284,5700895.703872376,5700951.724732213
20140312,56.020859836846284,5704149.499329402,5704205.520189239
20140313,56.020859836846284,5769627.664882341,5769683.685742178
20140314,56.020859836846284,5721393.282789521,5721449.3036493575
20140317,56.020859836846284,5742839.951500551,5742895.972360387
20140318,56.020859836846284,5742868.708716908,5742924.729576744
20140319,56.020859836846284,5724423.466685333,5724479.48754517
20140320,56.020859836846284,5691281.764097909,5691337.784957746
20140321,56.020859836846284,5866068.826551887,5866124.847411724
20140324,56.020859836846284,5969283.412836938,5969339.433696775
20140325,56.020859836846284,5944526.403739972,5944582.424599809
20140326,56.020859836846284,5915609.589397127,5915665.610256963
20140327,56.020859836846284,5915448.677876636,5915504.698736473
20140328,56.020859836846284,5964263.533329887,5964319.554189724
20140331,56.020859836846284,5952213.347943924,5952269.368803761
20140401,76.87431277729775,5929878.9158979645,5929955.790210742
20140402,76.87431277729775,5976235.398950864,5976312.273263641
20140403,76.87431277729775,5903107.30293598,5903184.177248757
20140404,76.87431277729775,5944611.873980909,5944688.748293686
20140408,76.87431277729775,6054865.700741013,6054942.57505379
20140409,76.87431277729775,6051388.629516392,6051465.503829169
20140410,76.87431277729775,6155055.917642644,6155132.791955421
20140411,76.87431277729775,6169425.39134473,6169502.265657507
20140414,76.87431277729775,6140949.891002041,6141026.765314818
20140415,76.87431277729775,6030899.800328133,6030976.67464091
20140416,76.87431277729775,6042898.147408527,6042975.021721304
20140417,76.87431277729775,6013330.44334265,6013407.317655427
20140418,76.87431277729775,6010184.240733182,6010261.115045959
20140421,76.87431277729775,5922426.956839358,5922503.8311521355
20140422,76.87431277729775,5961195.09486394,5961271.969176717
20140423,76.87431277729775,5932407.968796522,5932484.843109299
20140424,76.87431277729775,5923555.824325596,5923632.698638373
20140425,76.87431277729775,5916073.071519081,5916149.945831858
20140428,76.87431277729775,5867124.357777413,5867201.23209019
20140429,76.87431277729775,5867799.34355407,5867876.217866847
20140430,76.87431277729775,5882816.760714974,5882893.635027751
20140505,83.84092260920443,5866055.69270089,5866139.533623499
20140506,83.84092260920443,5861774.484622322,5861858.325544931
20140507,83.84092260920443,5859951.590465,5860035.431387609
20140508,83.84092260920443,5867260.022892628,5867343.863815237
20140509,83.84092260920443,5870287.247241689,5870371.088164298
20140512,83.84092260920443,5948175.259273509,5948259.100196118
20140513,83.84092260920443,5940485.860529282,5940569.701451891
20140514,83.84092260920443,5940723.458178269,5940807.299100878
20140515,83.84092260920443,5942025.1786152655,5942109.0195378745
20140516,83.84092260920443,5944989.754927253,5945073.595849862
20140519,83.84092260920443,5914905.694054264,5914989.534976873
20140520,83.84092260920443,5929240.71348484,5929324.5544074485
20140521,83.84092260920443,5962191.960424561,5962275.80134717
20140522,83.84092260920443,5969675.342464103,5969759.183386712
20140523,83.84092260920443,5997772.795782026,5997856.636704635
20140526,83.84092260920443,5992810.375700802,5992894.216623411
20140527,83.84092260920443,5978872.9922015425,5978956.833124151
20140528,83.84092260920443,6012724.648531528,6012808.489454137
20140529,83.84092260920443,5990759.203278383,5990843.044200992
20140530,83.84092260920443,5972590.265238324,5972674.106160933
20140603,54.23051574946021,6006426.4742918145,6006480.704807564
20140604,54.23051574946021,5969442.661100359,5969496.891616108
20140605,54.23051574946021,6019979.561687475,6020033.792203224
20140606,54.23051574946021,5979111.461307401,5979165.69182315
20140609,54.23051574946021,6015093.27209465,6015147.502610399
20140610,54.23051574946021,6062198.86802684,6062253.098542589
20140611,54.23051574946021,6058288.360256985,6058342.590772734
20140612,54.23051574946021,6072082.478183593,6072136.708699342
20140613,54.23051574946021,6142962.144910989,6143016.3754267385
20140616,54.23051574946021,6188196.480340634,6188250.710856383
20140617,54.23051574946021,6131785.741714035,6131839.972229784
20140618,54.23051574946021,6070072.501618565,6070126.732134314
20140619,54.23051574946021,6007919.510123234,6007973.740638983
20140620,54.23051574946021,6054310.780477566,6054365.010993315
20140623,54.23051574946021,6050546.311836007,6050600.542351756
20140624,54.23051574946021,6084488.811667347,6084543.0421830965
20140625,54.23051574946021,6072373.205130989,6072427.435646738
20140626,54.23051574946021,6087357.801629332,6087412.032145081
20140627,54.23051574946021,6083751.739488598,6083805.970004347
20140630,54.23051574946021,6106528.366904956,6106582.5974207055
20140701,13.214301446219906,6102766.811821799,6102780.026123245
20140702,13.214301446219906,6111651.327299996,6111664.541601443
20140703,13.214301446219906,6134305.2203928325,6134318.434694279
20140704,13.214301446219906,6154948.524903007,6154961.739204453
20140707,13.214301446219906,6162528.677620846,6162541.891922292
20140708,13.214301446219906,6178275.733759061,6178288.948060508
20140709,13.214301446219906,6116635.531955512,6116648.746256959
20140710,13.214301446219906,6113329.057427153,6113342.271728599
20140711,13.214301446219906,6135163.456878697,6135176.671180143
20140714,13.214301446219906,6167903.456095103,6167916.67039655
20140715,13.214301446219906,6198911.816055655,6198925.030357101
20140716,13.214301446219906,6229631.592382556,6229644.806684002
20140717,13.214301446219906,6201484.923366947,6201498.137668394
20140718,13.214301446219906,6218024.832508728,6218038.046810174
20140721,13.214301446219906,6219218.253594874,6219231.467896321
20140722,13.214301446219906,6240445.400300922,6240458.614602368
20140723,13.214301446219906,6275590.233977498,6275603.448278944
20140724,13.214301446219906,6399992.973914102,6400006.188215548
20140725,13.214301446219906,6446637.356502511,6446650.570803957
20140728,13.214301446219906,6776372.479503413,6776385.693804859
20140729,13.214301446219906,6909494.569173747,6909507.783475193
20140730,13.214301446219906,6821819.415885681,6821832.630187128
20140731,13.214301446219906,6952967.730296305,6952980.944597752
20140801,117.36742845732806,6908211.705690838,6908329.073119296
20140804,117.36742845732806,7082245.258236784,7082362.625665241
20140805,117.36742845732806,7100739.0547932945,7100856.422221752
20140806,117.36742845732806,7085827.689847361,7085945.057275819
20140807,117.36742845732806,6975662.1390237855,6975779.506452243
20140808,117.36742845732806,7049596.221946373,7049713.58937483
20140811,117.36742845732806,7139469.355966015,7139586.723394472
20140812,117.36742845732806,7111315.979333203,7111433.346761661
20140813,117.36742845732806,7152976.686634373,7153094.05406283
20140814,117.36742845732806,7143800.345569562,7143917.7129980195
20140815,117.36742845732806,7171414.883275349,7171532.250703806
20140818,117.36742845732806,7190063.359241124,7190180.726669582
20140819,117.36742845732806,7179349.119080931,7179466.486509388
20140820,117.36742845732806,7212100.974573022,7212218.342001479
20140821,117.36742845732806,7156586.9988952745,7156704.366323732
20140822,117.36742845732806,7177825.8564500455,7177943.223878503
20140825,117.36742845732806,7122086.964983001,7122204.332411459
20140826,117.36742845732806,7040132.751918746,7040250.1193472035
20140827,117.36742845732806,7026272.546811066,7026389.914239523
20140828,117.36742845732806,6946849.155394824,6946966.522823282
20140829,117.36742845732806,7042891.5177518,7043008.885180257
20140901,43.56123060663231,7049289.700204136,7049333.261434742
20140902,43.56123060663231,7123796.903596822,7123840.464827429
20140903,43.56123060663231,7185564.081183365,7185607.642413971
20140904,43.56123060663231,7230212.107214199,7230255.668444806
20140905,43.56123060663231,7287589.603677272,7287633.164907878
20140909,43.56123060663231,7302354.569034183,7302398.13026479
20140910,43.56123060663231,7250537.777954124,7250581.33918473
20140911,43.56123060663231,7241317.507778119,7241361.069008726
20140912,43.56123060663231,7309172.235721085,7309215.796951692
20140915,43.56123060663231,7328452.649989996,7328496.2112206025
20140916,43.56123060663231,7476723.016901217,7476766.578131824
20140917,43.56123060663231,7519612.276566714,7519655.83779732
20140918,43.56123060663231,7454536.930352259,7454580.491582866
20140919,43.56123060663231,7535306.267984329,7535349.829214935
20140922,43.56123060663231,7364696.333679666,7364739.894910272
20140923,43.56123060663231,7395347.372600468,7395390.933831074
20140924,43.56123060663231,7586884.816185832,7586928.377416438
20140925,43.56123060663231,7577048.340761645,7577091.901992251
20140926,43.56123060663231,7554749.426259246,7554792.987489852
20140929,43.56123060663231,7589424.2487710975,7589467.810001704
20140930,43.56123060663231,7606845.212529175,7606888.773759781
20141008,93.04131377013982,7635977.163050145,7636070.204363915
20141009,93.04131377013982,7665494.090284557,7665587.131598327
20141010,93.04131377013982,7650688.6352154,7650781.67652917
20141013,93.04131377013982,7576369.188411295,7576462.229725066
20141014,93.04131377013982,7569127.699907973,7569220.741221744
20141015,93.04131377013982,7591626.85837417,7591719.89968794
20141016,93.04131377013982,7626428.269919104,7626521.311232874
20141017,93.04131377013982,7581351.235196681,7581444.276510451
20141020,93.04131377013982,7600961.037310234,7601054.0786240045
20141021,93.04131377013982,7543943.586466602,7544036.627780372
20141022,93.04131377013982,7542564.968821776,7542658.010135546
20141023,93.04131377013982,7515293.662550906,7515386.703864676
20141024,93.04131377013982,7485383.919855165,7485476.9611689355
20141027,93.04131377013982,7367978.812858763,7368071.854172533
20141028,93.04131377013982,7477691.437194048,7477784.478507819
20141029,93.04131377013982,7585710.847657025,7585803.888970795
20141030,93.04131377013982,7687946.827231272,7688039.868545042
20141031,93.04131377013982,7871333.173315207,7871426.214628977
20141103,135.89752486464567,7814629.406354675,7814765.3038795395
20141104,135.89752486464567,7790878.256182727,7791014.153707592
20141105,135.89752486464567,7706167.019139884,7706302.916664748
20141106,135.89752486464567,7706697.86291427,7706833.760439134
20141107,135.89752486464567,7743888.316664,7744024.214188864
20141110,135.89752486464567,7951843.302367375,7951979.19989224
20141111,135.89752486464567,8351781.9388634,8351917.836388265
20141112,135.89752486464567,8303487.574745687,8303623.472270551
20141113,135.89752486464567,8275445.126939476,8275581.02446434
20141114,135.89752486464567,8292621.457958402,8292757.3554832665
20141117,135.89752486464567,8143483.260643286,8143619.15816815
20141118,135.89752486464567,7937680.409518471,7937816.307043335
20141119,135.89752486464567,7922504.872120456,7922640.76964532
20141120,135.89752486464567,7939221.1190987015,7939357.016623566
20141121,135.89752486464567,8046790.354312308,8046926.251837173
20141124,135.89752486464567,8058590.547162354,8058726.444687218
20141125,135.89752486464567,8171228.352536807,8171364.250061671
20141126,135.89752486464567,8351153.740600539,8351289.638125404
20141127,135.89752486464567,8452831.739952933,8452967.637477798
20141128,135.89752486464567,9115360.496912945,9115496.39443781
20141201,18.635430538881337,9130093.763611425,9130112.399041964
20141202,18.635430538881337,9568131.977424325,9568150.612854864
20141203,18.635430538881337,9465514.858999886,9465533.494430425
20141204,18.635430538881337,10060435.299339129,10060453.934769668
20141205,18.635430538881337,10724117.69775548,10724136.33318602
20141208,18.635430538881337,10889029.093794538,10889047.729225077
20141209,18.635430538881337,9949888.425909067,9949907.061339606
20141210,18.635430538881337,10229649.402531909,10229668.037962448
20141211,18.635430538881337,10060496.779825892,10060515.415256431
20141212,18.635430538881337,10001231.84015605,10001250.47558659
20141215,18.635430538881337,9838321.490750995,9838340.126181534
20141216,18.635430538881337,10225647.255298482,10225665.890729021
20141217,18.635430538881337,10703715.68076501,10703734.31619555
20141218,18.635430538881337,10462719.685320983,10462738.320751522
20141219,18.635430538881337,10777612.626021594,10777631.261452133
20141222,18.635430538881337,11423300.525284853,11423319.160715392
20141223,18.635430538881337,10904079.018112527,10904097.653543066
20141224,18.635430538881337,10441571.795276819,10441590.430707358
20141225,18.635430538881337,10854231.184452811,10854249.81988335
20141226,18.635430538881337,11210504.596629314,11210523.232059853
20141229,18.635430538881337,11189628.387641141,11189647.02307168
20141230,18.635430538881337,11419107.972132843,11419126.607563382
20141231,18.635430538881337,11877526.776712835,11877545.412143374
20150105,242.32366687056492,12397120.270326465,12397362.593993336
20150106,242.32366687056492,12538423.7947482,12538666.11841507
20150107,242.32366687056492,12440205.445988324,12440447.769655194
20150108,242.32366687056492,12098556.039740302,12098798.363407172
20150109,242.32366687056492,12081318.120466465,12081560.444133336
20150112,242.32366687056492,11916164.132780427,11916406.456447298
20150113,242.32366687056492,12118577.293277178,12118819.616944049
20150114,242.32366687056492,12243446.269033564,12243688.592700435
20150115,242.32366687056492,12464313.996829364,12464556.320496235
20150116,242.32366687056492,12571910.40700373,12572152.730670601
20150119,242.32366687056492,11687129.077070713,11687371.400737584
20150120,242.32366687056492,12037146.59114349,12037388.914810361
20150121,242.32366687056492,12416182.597647436,12416424.921314307
20150122,242.32366687056492,12386876.552007917,12387118.875674788
20150123,242.32366687056492,12310957.958242975,12311200.281909846
20150126,242.32366687056492,12529385.807048375,12529628.130715245
20150127,242.32366687056492,12668001.927160641,12668244.250827512
20150128,242.32366687056492,12518674.406479253,12518916.730146123
20150129,242.32366687056492,12297075.93432881,12297318.25799568
20150130,242.32366687056492,12487955.050872006,12488197.374538876
20150202,107.77823290822562,12095388.686110023,12095496.464342931
20150203,107.77823290822562,12339997.81115691,12340105.589389818
20150204,107.77823290822562,12177905.138187889,12178012.916420797
20150205,107.77823290822562,12110247.062091893,12110354.8403248
20150206,107.77823290822562,11929717.128045354,11929824.906278262
20150209,107.77823290822562,11933011.52708824,11933119.305321148
20150210,107.77823290822562,12154356.698185503,12154464.476418411
20150211,107.77823290822562,12161497.317049779,12161605.095282687
20150212,107.77823290822562,12130465.866506632,12130573.64473954
20150213,107.77823290822562,12287621.371851008,12287729.150083916
20150216,107.77823290822562,12291444.886234803,12291552.664467711
20150217,107.77823290822562,12393588.790427431,12393696.56866034
20150225,107.77823290822562,12297176.046508618,12297283.824741526
20150226,107.77823290822562,12546946.566339662,12547054.34457257
20150227,107.77823290822562,12517958.034704294,12518065.812937202
20150302,86.62427913956344,12683243.042694189,12683329.666973328
20150303,86.62427913956344,12854380.10100643,12854466.72528557
20150304,86.62427913956344,13150243.515833765,13150330.140112905
20150305,86.62427913956344,13206573.73665726,13206660.3609364
20150306,86.62427913956344,13434193.92745432,13434280.55173346
20150309,86.62427913956344,13800434.072027931,13800520.69630707
20150310,86.62427913956344,13835001.18725105,13835087.81153019
20150311,86.62427913956344,13758988.860493686,13759075.484772826
20150312,86.62427913956344,13938536.48499514,13938623.10927428
20150313,86.62427913956344,14261723.055511484,14261809.679790623
20150316,86.62427913956344,14521099.487578694,14521186.111857833
20150317,86.62427913956344,14437681.793570302,14437768.417849442
20150318,86.62427913956344,14708725.258545712,14708811.882824851
20150319,86.62427913956344,14677528.105920646,14677614.730199786
20150320,86.62427913956344,14767681.46705915,14767768.09133829
20150323,86.62427913956344,14882878.46925822,14882965.09353736
20150324,86.62427913956344,14909324.120074473,14909410.744353613
20150325,86.62427913956344,15022361.118319426,15022447.742598565
20150326,86.62427913956344,14962958.376085203,14963045.000364343
20150327,86.62427913956344,15614151.28693945,15614237.91121859
20150330,86.62427913956344,16242577.631423254,16242664.255702393
20150331,86.62427913956344,15929555.078647105,15929641.702926245
20150401,86.9261311404407,16025589.312329935,16025676.238461075
20150402,86.9261311404407,15985539.464327484,15985626.390458625
20150403,86.9261311404407,16017872.223900814,16017959.150031954
20150407,86.9261311404407,16363485.830823576,16363572.756954717
20150408,86.9261311404407,16558120.464819169,16558207.39095031
20150409,86.9261311404407,16506920.585981434,16507007.512112575
20150410,86.9261311404407,16817146.169180337,16817233.095311478
20150413,86.9261311404407,17696497.477264527,17696584.403395668
20150414,86.9261311404407,17614473.147012576,17614560.073143717
20150415,86.9261311404407,17967278.927455306,17967365.853586446
20150416,86.9261311404407,18585831.670124393,18585918.596255533
20150417,86.9261311404407,18518382.413871866,18518469.340003006
20150420,86.9261311404407,17783183.779952563,17783270.706083704
20150421,86.9261311404407,17998170.606593393,17998257.532724533
20150422,86.9261311404407,18279500.885561015,18279587.811692156
20150423,86.9261311404407,18041397.676229768,18041484.602360908
20150424,86.9261311404407,17545074.60562718,17545161.53175832
20150427,86.9261311404407,18151107.013835136,18151193.939966276
20150428,86.9261311404407,18395741.119330585,18395828.045461725
20150429,86.9261311404407,18261353.274021406,18261440.200152546
20150430,86.9261311404407,17909654.784425877,17909741.710557017
20150504,108.47516187128895,18060129.39877049,18060237.87393236
20150505,108.47516187128895,17303468.0808455,17303576.556007374
20150506,108.47516187128895,17181504.472196132,17181612.947358005
20150507,108.47516187128895,16903338.16334786,16903446.63850973
20150508,108.47516187128895,17078651.540064648,17078760.01522652
20150511,108.47516187128895,17294492.73769528,17294601.212857153
20150512,108.47516187128895,17381454.538667515,17381563.013829388
20150513,108.47516187128895,17280976.895476602,17281085.370638475
20150514,108.47516187128895,17247217.593911737,17247326.06907361
20150515,108.47516187128895,16884742.677587908,16884851.15274978
20150518,108.47516187128895,16637229.063002734,16637337.538164604
20150519,108.47516187128895,17126173.073190093,17126281.548351966
20150520,108.47516187128895,17163315.01852879,17163423.493690662
20150521,108.47516187128895,17294666.291924015,17294774.767085887
20150522,108.47516187128895,17915742.63150085,17915851.106662724
20150525,108.47516187128895,18371369.377160065,18371477.852321938
20150526,108.47516187128895,18429082.126030464,18429190.601192337
20150527,108.47516187128895,18564608.67329608,18564717.14845795
20150528,108.47516187128895,17437866.546160612,17437975.021322485
20150529,108.47516187128895,17724333.915664103,17724442.390825976
20150601,32.22664368964615,18696777.715875097,18696809.942518786
20150602,32.22664368964615,18665176.84512605,18665209.07176974
20150603,32.22664368964615,18734795.089858472,18734827.31650216
20150604,32.22664368964615,19554029.986600094,19554062.213243783
20150605,32.22664368964615,19482731.621080335,19482763.847724024
20150608,32.22664368964615,20603574.39888933,20603606.62553302
20150609,32.22664368964615,20612003.04288923,20612035.26953292
20150610,32.22664368964615,20427812.350527078,20427844.577170767
20150611,32.22664368964615,20185090.262251683,20185122.48889537
20150612,32.22664368964615,20256312.652385376,20256344.879029065
20150615,32.22664368964615,19817312.728804693,19817344.95544838
20150616,32.22664368964615,19690901.37193386,19690933.598577548
20150617,32.22664368964615,19769845.536539365,19769877.763183054
20150618,32.22664368964615,18770216.220651582,18770248.44729527
20150619,32.22664368964615,17883402.839182127,17883435.065825816
20150623,32.22664368964615,18569436.007636204,18569468.234279893
20150624,32.22664368964615,18951173.081454597,18951205.308098286
20150625,32.22664368964615,18450752.908591904,18450785.135235593
20150626,32.22664368964615,17630165.917344607,17630198.143988296
20150629,32.22664368964615,17887220.169787914,17887252.396431603
20150630,32.22664368964615,19023866.134041905,19023898.360685594
20150701,3705467.075415064,14738646.479416426,18444113.55483149
20150702,3705467.075415064,15009185.77604558,18714652.851460643
20150703,3705467.075415064,14568365.688713953,18273832.764129017
20150706,3705467.075415064,15805505.773853214,19510972.84926828
20150707,3705467.075415064,16692121.510111313,20397588.585526377
20150708,3705467.075415064,15720093.87998976,19425560.955404826
20150709,3705467.075415064,16388164.335108653,20093631.410523716
20150710,3705467.075415064,16350908.235850634,20056375.3112657
20150713,3705467.075415064,15768357.918138698,19473824.99355376
20150714,3705467.075415064,15416942.797399182,19122409.872814246
20150715,3705467.075415064,15808242.022342388,19513709.09775745
20150716,3705467.075415064,15605876.24387319,19311343.319288254
20150717,3705467.075415064,15623242.87367317,19328709.949088234
20150720,3705467.075415064,15445866.407408485,19151333.48282355
20150721,3705467.075415064,15288784.717989285,18994251.79340435
20150722,3705467.075415064,15157396.242427163,18862863.317842226
20150723,3705467.075415064,15311531.950800594,19016999.026215658
20150724,3705467.075415064,15073626.050143866,18779093.12555893
20150727,3705467.075415064,14060189.192858547,17765656.26827361
20150728,3705467.075415064,14323694.906470563,18029161.981885627
20150729,3705467.075415064,14349190.098755062,18054657.174170125
20150730,3705467.075415064,14150963.666498179,17856430.741913244
20150731,3705467.075415064,14267218.031620309,17972685.107035372
20150803,325.5794365800539,18418889.6039002,18419215.183336783
20150804,325.5794365800539,18525576.465026498,18525902.04446308
20150805,325.5794365800539,18203722.368163418,18204047.9476
20150806,325.5794365800539,18180474.587376505,18180800.166813087
20150807,325.5794365800539,18286846.446483012,18287172.025919594
20150810,325.5794365800539,18640023.937695984,18640349.517132565
20150811,325.5794365800539,18391710.405576136,18392035.985012718
20150812,325.5794365800539,18148430.325474493,18148755.904911075
20150813,325.5794365800539,18148896.76551665,18149222.34495323
20150814,325.5794365800539,18082297.31997573,18082622.89941231
20150817,325.5794365800539,17883243.99879742,17883569.578234002
20150818,325.5794365800539,17376309.291732647,17376634.871169228
20150819,325.5794365800539,17509766.402906988,17510091.98234357
20150820,325.5794365800539,17261090.437184215,17261416.016620796
20150821,325.5794365800539,16972907.76961165,16973233.34904823
20150824,325.5794365800539,15456181.207734222,15456506.787170801
20150825,325.5794365800539,14556997.279049736,14557322.858486315
20150826,325.5794365800539,15205990.90878109,15206316.48821767
20150827,325.5794365800539,16173482.291929286,16173807.871365866
20150828,325.5794365800539,16246188.64724565,16246514.226682229
20150831,325.5794365800539,16673953.707692618,16674279.287129197
20150901,156.32434616191313,17539398.40951264,17539554.7338588
20150902,156.32434616191313,18443739.15380455,18443895.478150714
20150907,156.32434616191313,16969417.318419777,16969573.64276594
20150908,156.32434616191313,17206323.842306927,17206480.16665309
20150909,156.32434616191313,17265316.654045146,17265472.97839131
20150910,156.32434616191313,17317364.52639508,17317520.85074124
20150911,156.32434616191313,17162773.332829792,17162929.657175954
20150914,156.32434616191313,17374737.298692606,17374893.62303877
20150915,156.32434616191313,17351656.094948232,17351812.419294395
20150916,156.32434616191313,17399740.466905523,17399896.791251685
20150917,156.32434616191313,17231906.890914623,17232063.215260785
20150918,156.32434616191313,17117667.559840146,17117823.88418631
20150921,156.32434616191313,17030529.116024308,17030685.44037047
20150922,156.32434616191313,17122817.684161056,17122974.00850722
20150923,156.32434616191313,16860318.696369607,16860475.02071577
20150924,156.32434616191313,16846226.8917035,16846383.216049664
20150925,156.32434616191313,16998740.24286695,16998896.56721311
20150928,156.32434616191313,16735907.172282405,16736063.496628568
20150929,156.32434616191313,16427051.544765111,16427207.869111273
20150930,156.32434616191313,16451092.656642936,16451248.980989099
20151008,117.58178286734619,16707888.77065203,16708006.352434898
20151009,117.58178286734619,16816093.12595805,16816210.707740918
20151012,117.58178286734619,17162977.967811435,17163095.5495943
20151013,117.58178286734619,17009637.669845216,17009755.251628082
20151014,117.58178286734619,16838065.629447777,16838183.211230643
20151015,117.58178286734619,17072364.593035627,17072482.174818493
20151016,117.58178286734619,17173155.144307584,17173272.72609045
20151019,117.58178286734619,17173169.296416353,17173286.87819922
20151020,117.58178286734619,17203606.222802937,17203723.804585803
20151021,117.58178286734619,17904784.01747932,17904901.599262185
20151022,117.58178286734619,17512701.736608427,17512819.318391293
20151023,117.58178286734619,17455900.665916905,17456018.24769977
20151026,117.58178286734619,17478794.92340684,17478912.505189706
20151027,117.58178286734619,17420819.906039327,17420937.487822194
20151028,117.58178286734619,17325812.369378418,17325929.951161284
20151029,117.58178286734619,17243553.507272664,17243671.08905553
20151030,117.58178286734619,17251189.507202014,17251307.08898488
20151102,50.346690328326076,17040686.31045543,17040736.657145757
20151103,50.346690328326076,16842781.983015057,16842832.329705384
20151104,50.346690328326076,17379656.9755009,17379707.322191227
20151105,50.346690328326076,17773736.51666315,17773786.863353476
20151106,50.346690328326076,17929164.33146973,17929214.678160056
20151109,50.346690328326076,18674251.240986113,18674301.58767644
20151110,50.346690328326076,18523292.2056337,18523342.552324027
20151111,50.346690328326076,18359402.039578516,18359452.386268843
20151112,50.346690328326076,18062598.26378831,18062648.610478636
20151113,50.346690328326076,17895864.12874664,17895914.475436967
20151116,50.346690328326076,17977864.59075706,17977914.937447388
20151117,50.346690328326076,18033029.953630336,18033080.300320663
20151118,50.346690328326076,18084437.720200602,18084488.06689093
20151119,50.346690328326076,18139461.691832595,18139512.03852292
20151120,50.346690328326076,18065998.317015316,18066048.663705643
20151123,50.346690328326076,17923830.782710962,17923881.12940129
20151124,50.346690328326076,17856303.469730407,17856353.816420734
20151125,50.346690328326076,17977584.57411726,17977634.920807585
20151126,50.346690328326076,17948745.28382771,17948795.630518038
20151127,50.346690328326076,17422930.330222216,17422980.676912542
20151130,50.346690328326076,17810647.398576558,17810697.745266885
20151201,68.46317302661191,17702574.157647952,17702642.62082098
20151202,68.46317302661191,18603650.725790128,18603719.188963156
20151203,68.46317302661191,18717244.98865211,18717313.45182514
20151204,68.46317302661191,18166183.908282124,18166252.37145515
20151207,68.46317302661191,18148482.630795624,18148551.093968652
20151208,68.46317302661191,17994599.266098693,17994667.72927172
20151209,68.46317302661191,18089675.916398536,18089744.379571564
20151210,68.46317302661191,17961702.898071397,17961771.361244425
20151211,68.46317302661191,17824630.714269366,17824699.177442394
20151214,68.46317302661191,18117954.49157591,18118022.95474894
20151215,68.46317302661191,17926617.868587077,17926686.331760105
20151216,68.46317302661191,17907227.52299513,17907295.986168157
20151217,68.46317302661191,18046271.660040107,18046340.123213135
20151218,68.46317302661191,18264242.683656845,18264311.146829873
20151221,68.46317302661191,18745719.231083803,18745787.69425683
20151222,68.46317302661191,18759163.390397504,18759231.853570532
20151223,68.46317302661191,18775830.449235033,18775898.91240806
20151224,68.46317302661191,18734643.811610073,18734712.2747831
20151225,68.46317302661191,18797680.050992258,18797748.514165286
20151228,68.46317302661191,18303824.977252323,18303893.44042535
20151229,68.46317302661191,18577727.735210963,18577796.19838399
20151230,68.46317302661191,18650278.41896476,18650346.882137787
20151231,68.46317302661191,18609513.88082094,18609582.34399397
20160104,47.6216932827374,17842549.84061799,17842597.46231127
20160105,47.6216932827374,17934592.346542943,17934639.968236227
20160106,47.6216932827374,18084902.6751074,18084950.296800684
20160107,47.6216932827374,17595751.443879377,17595799.06557266
20160108,47.6216932827374,17770678.108110007,17770725.72980329
20160111,47.6216932827374,17152251.508768253,17152299.130461536
20160112,47.6216932827374,17166325.349455465,17166372.971148748
20160113,47.6216932827374,17013144.43782328,17013192.059516564
20160114,47.6216932827374,17042628.61749626,17042676.239189543
20160115,47.6216932827374,16626874.83933703,16626922.461030314
20160118,47.6216932827374,16520910.0207235,16520957.642416783
20160119,47.6216932827374,16813862.160034414,16813909.781727698
20160120,47.6216932827374,16649743.44024521,16649791.061938493
20160121,47.6216932827374,16478703.374758445,16478750.996451728
20160122,47.6216932827374,16588391.961491153,16588439.583184436
20160125,47.6216932827374,16588651.669951946,16588699.291645229
20160126,47.6216932827374,15815326.030573513,15815373.652266797
20160127,47.6216932827374,15807137.853073338,15807185.474766621
20160128,47.6216932827374,15588769.363693234,15588816.985386517
20160129,47.6216932827374,15889819.333526833,15889866.955220116
20160201,103.25738819080289,15570265.144243892,15570368.401632084
20160202,103.25738819080289,15686123.568360904,15686226.825749096
20160203,103.25738819080289,15502474.114224676,15502577.371612867
20160204,103.25738819080289,15584158.82446683,15584262.081855021
20160205,103.25738819080289,15536757.154405165,15536860.411793357
20160215,103.25738819080289,15348581.352346288,15348684.60973448
20160216,103.25738819080289,15712286.324471548,15712389.58185974
20160217,103.25738819080289,15746223.29587685,15746326.55326504
20160218,103.25738819080289,15739340.163847342,15739443.421235533
20160219,103.25738819080289,15663292.46154119,15663395.718929382
20160222,103.25738819080289,15956788.659111941,15956891.916500133
20160223,103.25738819080289,15788345.465027645,15788448.722415837
20160224,103.25738819080289,15788345.465027645,15788448.722415837
20160225,103.25738819080289,15326992.56212483,15327095.819513021
20160226,103.25738819080289,15487350.912716096,15487454.170104288
20160229,103.25738819080289,15493086.03994348,15493189.297331672
20160301,237.56953984421853,15574616.796714885,15574854.36625473
20160302,237.56953984421853,15943644.859953314,15943882.429493159
20160303,237.56953984421853,16033934.917723125,16034172.48726297
20160304,237.56953984421853,16662790.812032769,16663028.381572613
20160307,237.56953984421853,16571763.693382908,16572001.262922753
20160308,237.56953984421853,16628992.273225367,16629229.842765212
20160309,237.56953984421853,16721333.036156649,16721570.605696494
20160310,237.56953984421853,16406754.605615685,16406992.17515553
20160311,237.56953984421853,16561653.640589869,16561891.210129714
20160314,237.56953984421853,16558106.877968613,16558344.447508458
20160315,237.56953984421853,16598939.20332127,16599176.772861116
20160316,237.56953984421853,16885897.97356223,16886135.543102074
20160317,237.56953984421853,16820629.996085647,16820867.565625492
20160318,237.56953984421853,16785388.090114348,16785625.659654193
20160321,237.56953984421853,16823412.02022753,16823649.589767374
20160322,237.56953984421853,16757015.80028562,16757253.369825466
20160323,237.56953984421853,16717828.858601771,16718066.428141616
20160324,237.56953984421853,16511027.154702408,16511264.724242253
20160325,237.56953984421853,16561243.580133056,16561481.149672901
20160328,237.56953984421853,16528964.761875626,16529202.33141547
20160329,237.56953984421853,16440728.46609543,16440966.035635276
20160330,237.56953984421853,16759689.733678471,16759927.303218316
20160331,237.56953984421853,16696575.489413261,16696813.058953106
20160401,69.7044738109862,16697138.542282248,16697208.246756058
20160405,69.7044738109862,16760307.650813172,16760377.355286982
20160406,69.7044738109862,16658544.466072172,16658614.170545982
20160407,69.7044738109862,16517205.143495392,16517274.847969202
20160408,69.7044738109862,16475369.125264434,16475438.829738244
20160411,69.7044738109862,16610792.657019395,16610862.361493206
20160412,69.7044738109862,16576579.578304742,16576649.282778552
20160413,69.7044738109862,16708921.196831778,16708990.901305588
20160414,69.7044738109862,16710113.997098753,16710183.701572563
20160415,69.7044738109862,16727889.33143638,16727959.035910191
20160418,69.7044738109862,16641682.209468469,16641751.91394228
20160419,69.7044738109862,16631910.587177448,16631980.291651258
20160420,69.7044738109862,16538352.86488539,16538422.5693592
20160421,69.7044738109862,16524443.367113033,16524513.071586844
20160422,69.7044738109862,16563325.513733914,16563395.218207724
20160425,69.7044738109862,16542225.540351978,16542295.244825788
20160426,69.7044738109862,16579460.487325657,16579530.191799467
20160427,69.7044738109862,16543308.255777221,16543377.960251031
20160428,69.7044738109862,16593474.34381716,16593544.04829097
20160429,69.7044738109862,16528184.118185997,16528253.822659807
20160503,158.6569670505487,16642952.041057618,16643110.69802467
20160504,158.6569670505487,16604345.47314706,16604504.130114112
20160505,158.6569670505487,16620170.112902587,16620328.769869639
20160506,158.6569670505487,16439882.539820705,16440041.196787756
20160509,158.6569670505487,16233408.53438038,16233567.191347431
20160510,158.6569670505487,16225734.034335868,16225892.69130292
20160511,158.6569670505487,16268346.37471085,16268505.031677902
20160512,158.6569670505487,16200397.653086973,16200556.310054025
20160513,158.6569670505487,16225505.10733551,16225663.764302561
20160516,158.6569670505487,16278734.34444672,16278893.001413772
20160517,158.6569670505487,16255748.210871885,16255906.867838936
20160518,158.6569670505487,16266198.265510611,16266356.922477663
20160519,158.6569670505487,16243608.628809826,16243767.285776878
20160520,158.6569670505487,16297174.183029179,16297332.83999623
20160523,158.6569670505487,16356450.639473472,16356609.296440523
20160524,158.6569670505487,16331642.86678697,16331801.523754021
20160525,158.6569670505487,16351630.840052014,16351789.497019066
20160526,158.6569670505487,16380363.17222811,16380521.82919516
20160527,158.6569670505487,16417229.314001832,16417387.970968883
20160530,158.6569670505487,16555276.16019319,16555434.817160241
20160531,158.6569670505487,16902077.960489657,16902236.617456708
20160601,37.76359903225966,16826633.54173417,16826671.3053332
20160602,37.76359903225966,16798431.129149288,16798468.89274832
20160603,37.76359903225966,16920787.64959609,16920825.413195122
20160606,37.76359903225966,16920716.35952313,16920754.12312216
20160607,37.76359903225966,16949628.11297783,16949665.87657686
20160608,37.76359903225966,16934603.83454547,16934641.5981445
20160613,37.76359903225966,16735578.388083633,16735616.151682666
20160614,37.76359903225966,16835597.635318786,16835635.398917817
20160615,37.76359903225966,16829944.26415265,16829982.02775168
20160616,37.76359903225966,16760128.887764676,16760166.651363708
20160617,37.76359903225966,16796824.892926082,16796862.656525113
20160620,37.76359903225966,16828770.73331524,16828808.49691427
20160621,37.76359903225966,16885884.899354823,16885922.662953854
20160622,37.76359903225966,16977410.554013453,16977448.317612484
20160623,37.76359903225966,17025955.848507505,17025993.612106536
20160624,37.76359903225966,16881931.14569471,16881968.90929374
20160627,37.76359903225966,16984940.0886137,16984977.85221273
20160628,37.76359903225966,16999495.78095803,16999533.54455706
20160629,37.76359903225966,17065473.951026294,17065511.714625325
20160630,37.76359903225966,17149867.420910522,17149905.184509553
20160701,151.48810695129578,17211767.245817654,17211918.733924605
20160704,151.48810695129578,17428785.920723952,17428937.408830903
20160705,151.48810695129578,17436831.231616512,17436982.719723463
20160706,151.48810695129578,17458721.1395526,17458872.62765955
20160707,151.48810695129578,17476178.652082477,17476330.140189428
20160708,151.48810695129578,17303137.20620352,17303288.69431047
20160711,151.48810695129578,17362889.553323593,17363041.041430544
20160712,151.48810695129578,17670561.036673,17670712.52477995
20160713,151.48810695129578,17870276.87982145,17870428.3679284
20160714,151.48810695129578,17728367.995784234,17728519.483891185
20160715,151.48810695129578,17823039.660264663,17823191.148371615
20160718,151.48810695129578,17951032.19787964,17951183.68598659
20160719,151.48810695129578,17802470.133918285,17802621.622025236
20160720,151.48810695129578,17681287.56466069,17681439.05276764
20160721,151.48810695129578,17717830.99311877,17717982.48122572
20160722,151.48810695129578,17670337.25874047,17670488.74684742
20160725,151.48810695129578,17757739.85878094,17757891.34688789
20160726,151.48810695129578,17882760.457952034,17882911.946058985
20160727,151.48810695129578,17821747.839629,17821899.32773595
20160728,151.48810695129578,17729022.735232614,17729174.223339565
20160729,151.48810695129578,17798790.709921867,17798942.198028818
20160801,118.93724392561126,17892220.323274437,17892339.260518365
20160802,118.93724392561126,17896802.00013487,17896920.937378798
20160803,118.93724392561126,17808924.467563823,17809043.40480775
20160804,118.93724392561126,17787304.286865354,17787423.22410928
20160805,118.93724392561126,17867148.916166194,17867267.85341012
20160808,118.93724392561126,17885220.274629258,17885339.211873185
20160809,118.93724392561126,17956327.63697713,17956446.574221056
20160810,118.93724392561126,17967270.095446583,17967389.03269051
20160811,118.93724392561126,18187158.272516076,18187277.209760003
20160812,118.93724392561126,18652915.149824705,18653034.087068632
20160815,118.93724392561126,19007949.757286258,19008068.694530185
20160816,118.93724392561126,18581691.920764606,18581810.858008534
20160817,118.93724392561126,18537277.599390134,18537396.53663406
20160818,118.93724392561126,18420420.264475975,18420539.201719902
20160819,118.93724392561126,18431176.241453387,18431295.178697314
20160822,118.93724392561126,18494970.981382217,18495089.918626145
20160823,118.93724392561126,18567479.265034106,18567598.202278033
20160824,118.93724392561126,18528011.819328446,18528130.756572373
20160825,118.93724392561126,18540363.178629015,18540482.115872942
20160826,118.93724392561126,18489327.613882057,18489446.551125985
20160829,118.93724392561126,18401586.804510847,18401705.741754774
20160830,118.93724392561126,18516254.2432488,18516373.18049273
20160831,118.93724392561126,18566609.27634691,18566728.213590838
20160901,129.6633526944861,18502933.848219827,18503063.51157252
20160902,129.6633526944861,18501682.09592745,18501811.759280145
20160905,129.6633526944861,18507885.709919505,18508015.3732722
20160906,129.6633526944861,18398543.418596804,18398673.0819495
20160907,129.6633526944861,18424493.61999883,18424623.283351526
20160908,129.6633526944861,18430911.14740946,18431040.810762156
20160909,129.6633526944861,18372039.547738407,18372169.2110911
20160912,129.6633526944861,18121729.92913106,18121859.592483755
20160913,129.6633526944861,18104764.64128376,18104894.304636456
20160914,129.6633526944861,17905545.908443402,17905675.571796097
20160919,129.6633526944861,17982387.53521224,17982517.198564935
20160920,129.6633526944861,17974573.375366837,17974703.03871953
20160921,129.6633526944861,18046950.085245065,18047079.74859776
20160922,129.6633526944861,18138864.053619467,18138993.71697216
20160923,129.6633526944861,18169334.251685612,18169463.915038306
20160926,129.6633526944861,18017007.17106298,18017136.834415674
20160927,129.6633526944861,18123033.964899614,18123163.62825231
20160928,129.6633526944861,18050541.069080174,18050670.73243287
20160929,129.6633526944861,18111189.22906341,18111318.892416105
20160930,129.6633526944861,18078035.258923624,18078164.922276318
20161010,151.81456525985777,18216990.184584174,18217141.999149434
20161011,151.81456525985777,18179890.380536728,18180042.195101988
20161012,151.81456525985777,18128473.53526005,18128625.34982531
20161013,151.81456525985777,18101039.116827816,18101190.931393076
20161014,151.81456525985777,18125623.427286692,18125775.241851952
20161017,151.81456525985777,18028519.47917601,18028671.29374127
20161018,151.81456525985777,18143220.328079212,18143372.142644472
20161019,151.81456525985777,18130250.51318465,18130402.32774991
20161020,151.81456525985777,18151195.60810323,18151347.42266849
20161021,151.81456525985777,18224939.592907075,18225091.407472335
20161024,151.81456525985777,18361172.985775325,18361324.800340585
20161025,151.81456525985777,18384043.80950225,18384195.62406751
20161026,151.81456525985777,18262263.38682132,18262415.20138658
20161027,151.81456525985777,18231501.35418617,18231653.16875143
20161028,151.81456525985777,18321333.016571444,18321484.831136703
20161031,151.81456525985777,18269579.437393438,18269731.251958698
20161101,1.5431713697089435,18359872.820084598,18359874.363255966
20161102,1.5431713697089435,18277330.553185586,18277332.096356954
20161103,1.5431713697089435,18309600.60873806,18309602.15190943
20161104,1.5431713697089435,18257265.684808932,18257267.2279803
20161107,1.5431713697089435,18227233.166977625,18227234.710148994
20161108,1.5431713697089435,18347310.483706847,18347312.026878215
20161109,1.5431713697089435,18154762.568124607,18154764.111295976
20161110,1.5431713697089435,18314245.695434675,18314247.238606043
20161111,1.5431713697089435,18295088.04719087,18295089.59036224
20161114,1.5431713697089435,18308353.374783244,18308354.917954613
20161115,1.5431713697089435,18288015.877883285,18288017.421054654
20161116,1.5431713697089435,18292486.139441323,18292487.68261269
20161117,1.5431713697089435,18271027.367755562,18271028.91092693
20161118,1.5431713697089435,18265168.016772717,18265169.559944086
20161121,1.5431713697089435,18397396.805101093,18397398.34827246
20161122,1.5431713697089435,18489152.223639492,18489153.76681086
20161123,1.5431713697089435,18645264.261356324,18645265.804527692
20161124,1.5431713697089435,18607092.212974425,18607093.756145794
20161125,1.5431713697089435,18818586.327055797,18818587.870227166
20161128,1.5431713697089435,18874253.506996043,18874255.05016741
20161129,1.5431713697089435,18965942.932871502,18965944.47604287
20161130,1.5431713697089435,18805603.696096975,18805605.239268344
20161201,187.3072798232024,18809469.117898017,18809656.42517784
20161202,187.3072798232024,18785910.482629564,18786097.789909385
20161205,187.3072798232024,18868432.546416104,18868619.853695925
20161206,187.3072798232024,18836046.12538932,18836233.43266914
20161207,187.3072798232024,18781932.163078345,18782119.470358167
20161208,187.3072798232024,18966006.829334863,18966194.136614684
20161209,187.3072798232024,19302096.10665507,19302283.41393489
20161212,187.3072798232024,19404419.090953745,19404606.398233566
20161213,187.3072798232024,19131124.378694896,19131311.685974717
20161214,187.3072798232024,19227561.114853602,19227748.422133423
20161215,187.3072798232024,18669999.433620255,18670186.740900077
20161216,187.3072798232024,18509797.809404127,18509985.11668395
20161219,187.3072798232024,18472342.870525967,18472530.17780579
20161220,187.3072798232024,18344872.77861675,18345060.08589657
20161221,187.3072798232024,18448853.872190237,18449041.17947006
20161222,187.3072798232024,18397810.345249683,18397997.652529504
20161223,187.3072798232024,18337448.90291866,18337636.21019848
20161226,187.3072798232024,18366811.71368318,18366999.020963002
20161227,187.3072798232024,18261874.457635555,18262061.764915377
20161228,187.3072798232024,18221988.356105093,18222175.663384914
20161229,187.3072798232024,18209658.23636464,18209845.54364446
20161230,187.3072798232024,18295008.213844873,18295195.521124694
20170103,132.70447219096968,18381510.798809767,18381643.50328196
20170104,132.70447219096968,18399505.935244095,18399638.639716286
20170105,132.70447219096968,18415334.67884988,18415467.38332207
20170106,132.70447219096968,18342127.961769436,18342260.666241627
20170109,132.70447219096968,18382531.01679356,18382663.721265752
20170110,132.70447219096968,18367438.52370665,18367571.22817884
20170111,132.70447219096968,18344162.516313314,18344295.220785506
20170112,132.70447219096968,18341421.596714225,18341554.301186416
20170113,132.70447219096968,18425344.26648959,18425476.970961783
20170116,132.70447219096968,18622242.97223045,18622375.67670264
20170117,132.70447219096968,18568520.92936415,18568653.63383634
20170118,132.70447219096968,18638865.168718733,18638997.873190925
20170119,132.70447219096968,18663061.147414334,18663193.851886526
20170120,132.70447219096968,18702260.263671275,18702392.968143467
20170123,132.70447219096968,18700585.39838753,18700718.10285972
20170124,132.70447219096968,18823628.459897257,18823761.16436945
20170125,132.70447219096968,18842036.399353802,18842169.103825994
20170126,132.70447219096968,19000927.92542227,19001060.62989446
20170203,146.85278169137746,18825483.37683108,18825630.22961277
20170206,146.85278169137746,18852563.331028003,18852710.183809694
20170207,146.85278169137746,18819930.87655505,18820077.729336742
20170208,146.85278169137746,18850729.601001587,18850876.453783277
20170209,146.85278169137746,18895470.398841627,18895617.251623318
20170210,146.85278169137746,18989234.252719253,18989381.105500944
20170213,146.85278169137746,19117971.185843352,19118118.038625043
20170214,146.85278169137746,19080921.7718609,19081068.624642592
20170215,146.85278169137746,19307552.685467232,19307699.538248923
20170216,146.85278169137746,19319367.13218687,19319513.98496856
20170217,146.85278169137746,19127056.444860265,19127203.297641955
20170220,146.85278169137746,19345162.796960942,19345309.649742633
20170221,146.85278169137746,19383905.06628456,19384051.91906625
20170222,146.85278169137746,19381983.454108544,19382130.306890234
20170223,146.85278169137746,19374912.842299327,19375059.695081018
20170224,146.85278169137746,19344519.300834477,19344666.153616168
20170227,146.85278169137746,19225257.061766855,19225403.914548546
20170228,146.85278169137746,19235032.63607259,19235179.48885428
20170301,600.0478472307295,19225003.91606103,19225603.96390826
20170302,600.0478472307295,19157811.284252755,19158411.332099985
20170303,600.0478472307295,19070715.68602268,19071315.73386991
20170306,600.0478472307295,19075844.851763066,19076444.899610296
20170307,600.0478472307295,19123831.316878222,19124431.364725452
20170308,600.0478472307295,19122582.54523769,19123182.59308492
20170309,600.0478472307295,19051587.731145527,19052187.778992757
20170310,600.0478472307295,19071794.809146702,19072394.856993932
20170313,600.0478472307295,19195238.8442436,19195838.89209083
20170314,600.0478472307295,19191169.89741377,19191769.945261
20170315,600.0478472307295,19194565.591253757,19195165.639100987
20170316,600.0478472307295,19225677.1939372,19226277.24178443
20170317,600.0478472307295,19056396.46945717,19056996.5173044
20170320,600.0478472307295,19055453.007815346,19056053.055662576
20170321,600.0478472307295,18986457.1379204,18987057.18576763
20170322,600.0478472307295,18798193.29297809,18798793.34082532
20170323,600.0478472307295,18845738.049586497,18846338.097433727
20170324,600.0478472307295,18919661.734391596,18920261.782238826
20170327,600.0478472307295,19023764.594232094,19024364.642079324
20170328,600.0478472307295,18998343.295535527,18998943.343382757
20170329,600.0478472307295,19009058.53046199,19009658.57830922
20170330,600.0478472307295,19018172.049470697,19018772.097317927
20170331,600.0478472307295,19226647.32488476,19227247.37273199
20170405,41.74905435019173,19256921.917523496,19256963.666577846
20170406,41.74905435019173,19195427.959719628,19195469.708773978
20170407,41.74905435019173,19226023.744151983,19226065.493206333
20170410,41.74905435019173,19128662.77187888,19128704.52093323
20170411,41.74905435019173,19072817.555655465,19072859.304709814
20170412,41.74905435019173,19058783.13552276,19058824.88457711
20170413,41.74905435019173,19019346.898034073,19019388.647088423
20170414,41.74905435019173,18911423.257151116,18911465.006205466
20170417,41.74905435019173,18927284.0215065,18927325.77056085
20170418,41.74905435019173,18731813.77763558,18731855.52668993
20170419,41.74905435019173,18514466.211155802,18514507.960210152
20170420,41.74905435019173,18456189.496786546,18456231.245840896
20170421,41.74905435019173,18633670.35802085,18633712.1070752
20170424,41.74905435019173,18659091.504870173,18659133.253924523
20170425,41.74905435019173,18696521.455137033,18696563.204191383
20170426,41.74905435019173,18714687.08172082,18714728.83077517
20170427,41.74905435019173,18831671.535731435,18831713.284785785
20170428,41.74905435019173,18840044.117627326,18840085.866681676
20170502,313.71490200944027,18679706.225209165,18680019.940111175
20170503,313.71490200944027,18567372.02011511,18567685.73501712
20170504,313.71490200944027,18473772.037708364,18474085.752610374
20170505,313.71490200944027,18487898.074024905,18488211.788926914
20170508,313.71490200944027,18588858.25262571,18589171.96752772
20170509,313.71490200944027,18583885.581892442,18584199.29679445
20170510,313.71490200944027,18652448.425009944,18652762.139911953
20170511,313.71490200944027,18782753.74877038,18783067.46367239
20170512,313.71490200944027,19170886.49922603,19171200.21412804
20170515,313.71490200944027,19133062.717871152,19133376.43277316
20170516,313.71490200944027,18977722.702329323,18978036.417231333
20170517,313.71490200944027,18878305.61635968,18878619.33126169
20170518,313.71490200944027,18864413.39165539,18864727.1065574
20170519,313.71490200944027,18838576.127725404,18838889.842627414
20170522,313.71490200944027,18897169.45721797,18897483.17211998
20170523,313.71490200944027,19162976.045773543,19163289.760675553
20170524,313.71490200944027,19124651.26569904,19124964.98060105
20170525,313.71490200944027,19443143.45143441,19443457.16633642
20170526,313.71490200944027,19482885.265691023,19483198.980593033
20170531,313.71490200944027,19614780.29742211,19615094.01232412
20170601,4.559206293430179,19714088.41130531,19714092.9705116
20170602,4.559206293430179,19674132.3949229,19674136.954129193
20170605,4.559206293430179,19269240.65732919,19269245.216535483
20170606,4.559206293430179,19291594.798384476,19291599.35759077
20170607,4.559206293430179,19421933.063362304,19421937.622568596
20170608,4.559206293430179,19409283.184260406,19409287.743466698
20170609,4.559206293430179,19422158.058803797,19422162.61801009
20170612,4.559206293430179,19304280.18975623,19304284.74896252
20170613,4.559206293430179,19316081.88499108,19316086.44419737
20170614,4.559206293430179,19267628.425669365,19267632.984875657
20170615,4.559206293430179,19152895.904267363,19152900.463473655
20170616,4.559206293430179,19166036.211916134,19166040.771122426
20170619,4.559206293430179,19212360.866259873,19212365.425466165
20170620,4.559206293430179,19275627.340573277,19275631.89977957
20170621,4.559206293430179,19317181.2957229,19317185.854929194
20170622,4.559206293430179,19473027.148890115,19473031.708096407
20170623,4.559206293430179,19527704.246232603,19527708.805438895
20170626,4.559206293430179,19466853.316031802,19466857.875238094
20170627,4.559206293430179,19523429.38416874,19523433.943375032
20170628,4.559206293430179,19580205.182802737,19580209.74200903
20170629,4.559206293430179,19640159.305332072,19640163.864538364
20170630,4.559206293430179,19672764.860180557,19672769.41938685
20170703,31.70940569107188,19675497.30897923,19675529.01838492
20170704,31.70940569107188,19630090.38040042,19630122.08980611
20170705,31.70940569107188,19667710.112909347,19667741.822315037
20170706,31.70940569107188,19694335.630039573,19694367.339445263
20170707,31.70940569107188,19722929.999152914,19722961.708558604
20170710,31.70940569107188,19778416.57563622,19778448.28504191
20170711,31.70940569107188,20254629.973721165,20254661.683126856
20170712,31.70940569107188,20418641.412715342,20418673.122121032
20170713,31.70940569107188,20883334.35844975,20883366.06785544
20170714,31.70940569107188,21050878.81954667,21050910.52895236
20170717,31.70940569107188,21535237.213069018,21535268.92247471
20170718,31.70940569107188,21529900.6958031,21529932.40520879
20170719,31.70940569107188,21554862.430014253,21554894.139419943
20170720,31.70940569107188,21580167.58808892,21580199.29749461
20170721,31.70940569107188,21534578.61641324,21534610.32581893
20170724,31.70940569107188,21617334.26031121,21617365.9697169
20170725,31.70940569107188,21848174.734932426,21848206.444338117
20170726,31.70940569107188,21899378.143302817,21899409.852708507
20170727,31.70940569107188,21702350.246126074,21702381.955531765
20170728,31.70940569107188,21753573.646602184,21753605.356007874
20170731,31.70940569107188,21736843.663886562,21736875.373292252
20170801,226.9235387508379,21889020.224621445,21889247.148160197
20170802,226.9235387508379,22171857.299550205,22172084.223088957
20170803,226.9235387508379,21998827.609376475,21999054.532915227
20170804,226.9235387508379,21866606.707686078,21866833.63122483
20170807,226.9235387508379,21804069.76199235,21804296.685531102
20170808,226.9235387508379,21826893.821689066,21827120.745227817
20170809,226.9235387508379,21418662.753932722,21418889.677471474
20170810,226.9235387508379,21349222.844421662,21349449.767960414
20170811,226.9235387508379,21243816.133299913,21244043.056838665
20170814,226.9235387508379,21081041.669007067,21081268.59254582
20170815,226.9235387508379,21351858.42484521,21352085.348383963
20170816,226.9235387508379,21222487.03157368,21222713.95511243
20170817,226.9235387508379,21321308.248017527,21321535.17155628
20170818,226.9235387508379,21268797.376129795,21269024.299668547
20170821,226.9235387508379,21231980.999791488,21232207.92333024
20170822,226.9235387508379,21311908.303638168,21312135.22717692
20170823,226.9235387508379,21530059.575741917,21530286.49928067
20170824,226.9235387508379,21490211.124630522,21490438.048169274
20170825,226.9235387508379,22274043.27201705,22274270.195555802
20170828,226.9235387508379,22358152.473799437,22358379.39733819
20170829,226.9235387508379,22508829.14824391,22509056.071782663
20170830,226.9235387508379,22341675.45177858,22341902.37531733
20170831,226.9235387508379,22105319.973135397,22105546.89667415
20170901,14.599562055329443,21855950.947618414,21855965.54718047
20170904,14.599562055329443,22055479.368741497,22055493.968303554
20170905,14.599562055329443,22229972.232230633,22229986.83179269
20170906,14.599562055329443,22117325.27516964,22117339.874731697
20170907,14.599562055329443,21982809.253641404,21982823.85320346
20170908,14.599562055329443,21898176.121105187,21898190.720667243
20170911,14.599562055329443,21952157.881756924,21952172.48131898
20170912,14.599562055329443,21999464.76711823,21999479.366680287
20170913,14.599562055329443,21869832.782371134,21869847.38193319
20170914,14.599562055329443,21746711.688627537,21746726.288189594
20170915,14.599562055329443,21674381.742920544,21674396.3424826
20170918,14.599562055329443,21583668.79472599,21583683.39428805
20170919,14.599562055329443,21621781.47263892,21621796.072200976
20170920,14.599562055329443,21552784.100158993,21552798.69972105
20170921,14.599562055329443,21684920.9015716,21684935.501133658
20170922,14.599562055329443,21703518.893740717,21703533.493302774
20170925,14.599562055329443,21838975.004394118,21838989.603956174
20170926,14.599562055329443,21806541.325006116,21806555.924568173
20170927,14.599562055329443,21652982.437650703,21652997.03721276
20170928,14.599562055329443,21638375.49998665,21638390.099548705
20170929,14.599562055329443,21590835.811276395,21590850.41083845
20171009,59.016828900697874,21752255.311910972,21752314.328739874
20171010,59.016828900697874,21916746.810877945,21916805.827706847
20171011,59.016828900697874,21913075.530767463,21913134.547596365
20171012,59.016828900697874,21842966.385762997,21843025.4025919
20171013,59.016828900697874,21857310.721468393,21857369.738297295
20171016,59.016828900697874,21953578.489148565,21953637.505977467
20171017,59.016828900697874,21858248.892249763,21858307.909078665
20171018,59.016828900697874,21910053.052285735,21910112.069114637
20171019,59.016828900697874,21876770.652022462,21876829.668851364
20171020,59.016828900697874,21810026.4290018,21810085.445830703
20171023,59.016828900697874,21649868.62233802,21649927.63916692
20171024,59.016828900697874,21738018.88989351,21738077.90672241
20171025,59.016828900697874,21714163.462525055,21714222.479353957
20171026,59.016828900697874,21602966.472293682,21603025.489122584
20171027,59.016828900697874,21727974.164405577,21728033.18123448
20171030,59.016828900697874,21671899.831728972,21671958.848557875
20171031,59.016828900697874,21610027.651425604,21610086.668254506
20171101,30.156492184920808,21507856.126583487,21507886.28307567
20171102,30.156492184920808,21485562.255496055,21485592.41198824
20171103,30.156492184920808,21539620.21239551,21539650.368887696
20171106,30.156492184920808,21390459.59905624,21390489.755548425
20171107,30.156492184920808,21564085.08422381,21564115.240715995
20171108,30.156492184920808,21635361.20121277,21635391.357704956
20171109,30.156492184920808,21550251.43837478,21550281.594866965
20171110,30.156492184920808,21526389.162110064,21526419.31860225
20171113,30.156492184920808,21748421.480063483,21748451.636555668
20171114,30.156492184920808,21617037.518585052,21617067.675077237
20171115,30.156492184920808,21553662.95782786,21553693.114320043
20171116,30.156492184920808,21356151.01152599,21356181.168018173
20171117,30.156492184920808,21917647.25448008,21917677.410972264
20171120,30.156492184920808,21972643.285580367,21972673.44207255
20171121,30.156492184920808,22121800.663634207,22121830.820126392
20171122,30.156492184920808,22703614.462478384,22703644.61897057
20171123,30.156492184920808,22537911.689296573,22537941.84578876
20171124,30.156492184920808,22603009.731954567,22603039.888446752
20171127,30.156492184920808,22617551.462417226,22617581.61890941
20171128,30.156492184920808,22289751.14249915,22289781.298991334
20171129,30.156492184920808,22212509.28604799,22212539.442540176
20171130,30.156492184920808,22269846.419549502,22269876.576041687
20171201,122.0691340919584,22199283.295017168,22199405.36415126
20171204,122.0691340919584,22221928.283939272,22222050.353073366
20171205,122.0691340919584,22602989.987804968,22603112.056939058
20171206,122.0691340919584,22425692.730054565,22425814.79918866
20171207,122.0691340919584,22357877.960766412,22358000.029900506
20171208,122.0691340919584,22201167.43040067,22201289.499534763
20171211,122.0691340919584,22168533.699493345,22168655.768627435
20171212,122.0691340919584,21994765.37564794,21994887.444782034
20171213,122.0691340919584,22039506.457573105,22039628.526707195
20171214,122.0691340919584,21913887.12510252,21914009.194236614
20171215,122.0691340919584,21658300.52386769,21658422.593001783
20171218,122.0691340919584,21653874.07699287,21653996.146126963
20171219,122.0691340919584,21810728.010221153,21810850.079355247
20171220,122.0691340919584,21819483.86556078,21819605.93469487
20171221,122.0691340919584,21849645.363364216,21849767.432498306
20171222,122.0691340919584,21764992.74165906,21765114.810793154
20171225,122.0691340919584,21717986.104648754,21718108.173782848
20171226,122.0691340919584,21867218.88536915,21867340.954503246
20171227,122.0691340919584,21685480.4538695,21685602.523003593
20171228,122.0691340919584,21597100.102890514,21597222.172024608
20171229,122.0691340919584,21756217.618822925,21756339.68795702
20180102,368.70412435067556,21919998.757050455,21920367.461174805
20180103,368.70412435067556,22046527.940655224,22046896.644779574
20180104,368.70412435067556,22062758.522178527,22063127.226302877
20180105,368.70412435067556,22054194.66185709,22054563.36598144
20180108,368.70412435067556,22096737.72688488,22097106.43100923
20180109,368.70412435067556,21994913.85087028,21995282.55499463
20180110,368.70412435067556,22245548.465865612,22245917.169989962
20180111,368.70412435067556,22324594.592919193,22324963.297043543
20180112,368.70412435067556,22377163.16758826,22377531.87171261
20180115,368.70412435067556,22662292.24577112,22662660.94989547
20180116,368.70412435067556,22743692.08449372,22744060.78861807
20180117,368.70412435067556,22942131.541325007,22942500.245449357
20180118,368.70412435067556,23299283.68691096,23299652.39103531
20180119,368.70412435067556,23711781.05514921,23712149.75927356
20180122,368.70412435067556,23554335.506248504,23554704.210372854
20180123,368.70412435067556,24661939.879482448,24662308.5836068
20180124,368.70412435067556,24796279.99115846,24796648.69528281
20180125,368.70412435067556,24569790.597941577,24570159.302065928
20180126,368.70412435067556,24732352.29051056,24732720.99463491
20180129,368.70412435067556,24430177.01363845,24430545.7177628
20180130,368.70412435067556,23834283.420119364,23834652.124243714
20180131,368.70412435067556,24075885.729953397,24076254.434077747
20180201,237.22052700132554,24033876.64150942,24034113.862036422
20180202,237.22052700132554,24033560.840618428,24033798.06114543
20180205,237.22052700132554,24921377.158663657,24921614.379190657
20180206,237.22052700132554,24421210.140240163,24421447.360767163
20180207,237.22052700132554,24322978.792759713,24323216.013286714
20180208,237.22052700132554,23625603.437387243,23625840.657914244
20180209,237.22052700132554,22785514.151909046,22785751.372436047
20180212,237.22052700132554,22699261.566542193,22699498.787069194
20180213,237.22052700132554,22860378.171511102,22860615.392038103
20180214,237.22052700132554,22781688.601588022,22781925.822115023
20180222,237.22052700132554,23113168.39197835,23113405.61250535
20180223,237.22052700132554,23260127.439882737,23260364.660409737
20180226,237.22052700132554,23341692.423377767,23341929.643904768
20180227,237.22052700132554,23008000.625047725,23008237.845574725
20180228,237.22052700132554,22841114.598584853,22841351.819111854
20180301,239.85342095921806,22870943.516188968,22871183.369609926
20180302,239.85342095921806,22781617.686193924,22781857.539614882
20180305,239.85342095921806,22767096.363960754,22767336.217381712
20180306,239.85342095921806,22916191.946919337,22916431.800340295
20180307,239.85342095921806,22861077.58363735,22861317.437058307
20180308,239.85342095921806,22919769.576578375,22920009.429999333
20180309,239.85342095921806,22923426.16337441,22923666.016795367
20180312,239.85342095921806,22930717.76306361,22930957.616484568
20180313,239.85342095921806,22845795.534665182,22846035.38808614
20180314,239.85342095921806,22714650.630494393,22714890.48391535
20180315,239.85342095921806,22694482.49319821,22694722.346619166
20180316,239.85342095921806,22550796.875361577,22551036.728782535
20180319,239.85342095921806,22537706.71910389,22537946.57252485
20180320,239.85342095921806,22579879.199232593,22580119.05265355
20180321,239.85342095921806,22576357.273950264,22576597.12737122
20180322,239.85342095921806,22521373.078270882,22521612.93169184
20180323,239.85342095921806,21823652.760749932,21823892.61417089
20180326,239.85342095921806,21692581.7882753,21692821.64169626
20180327,239.85342095921806,21707391.694405127,21707631.547826085
20180328,239.85342095921806,21625504.611345947,21625744.464766905
20180329,239.85342095921806,21811130.985158764,21811370.83857972
20180330,239.85342095921806,21691638.657958053,21691878.51137901
20180402,104.22573025829843,21619301.189201593,21619405.414931852
20180403,104.22573025829843,21476377.14373379,21476481.369464047
20180404,104.22573025829843,21439244.305419005,21439348.531149264
20180409,104.22573025829843,21417909.209437534,21418013.435167793
20180410,104.22573025829843,21764904.95338797,21765009.179118227
20180411,104.22573025829843,21897768.324856155,21897872.550586414
20180412,104.22573025829843,21744319.816562712,21744424.04229297
20180413,104.22573025829843,21624434.02486819,21624538.25059845
20180416,104.22573025829843,21302295.909393415,21302400.135123674
20180417,104.22573025829843,21222883.670331262,21222987.89606152
20180418,104.22573025829843,21337065.04522891,21337169.27095917
20180419,104.22573025829843,21397373.59239615,21397477.81812641
20180420,104.22573025829843,21080221.500664376,21080325.726394635
20180423,104.22573025829843,21120970.838997826,21121075.064728085
20180424,104.22573025829843,21425049.08707811,21425153.31280837
20180425,104.22573025829843,21225351.091395624,21225455.317125883
20180426,104.22573025829843,21082195.440189984,21082299.665920243
20180427,104.22573025829843,21182347.44849938,21182451.67422964
20180502,416.3233628887683,20953757.66717661,20954173.9905395
20180503,416.3233628887683,20899970.007446624,20900386.33080951
20180504,416.3233628887683,20802718.055899695,20803134.37926258
20180507,416.3233628887683,20881663.323518824,20882079.646881714
20180508,416.3233628887683,21072827.518705,21073243.84206789
20180509,416.3233628887683,21053171.515171707,21053587.838534594
20180510,416.3233628887683,21087384.8500546,21087801.173417486
20180511,416.3233628887683,21123388.26290151,21123804.5862644
20180514,416.3233628887683,21223698.733491745,21224115.056854635
20180515,416.3233628887683,21160485.087532453,21160901.41089534
20180516,416.3233628887683,20949363.33345979,20949779.65682268
20180517,416.3233628887683,20922632.70696266,20923049.030325547
20180518,416.3233628887683,21098267.81221656,21098684.135579452
20180521,416.3233628887683,21170121.60387464,21170537.927237526
20180522,416.3233628887683,21040478.874259647,21040895.197622538
20180523,416.3233628887683,20821880.084817797,20822296.408180684
20180524,416.3233628887683,20810052.540615737,20810468.863978624
20180525,416.3233628887683,20759356.603619922,20759772.926982813
20180528,416.3233628887683,20772469.60795098,20772885.931313872
20180529,416.3233628887683,20706336.805582233,20706753.12894512
20180530,416.3233628887683,20317770.392277967,20318186.715640858
20180531,416.3233628887683,20503641.31944766,20504057.642810546
20180601,19.65313294250518,20520992.685500294,20521012.338633236
20180604,19.65313294250518,20637606.32984069,20637625.98297363
20180605,19.65313294250518,20589413.012846522,20589432.665979464
20180606,19.65313294250518,20488472.87358059,20488492.52671353
20180607,19.65313294250518,20498507.24550031,20498526.898633253
20180608,19.65313294250518,20205387.297493048,20205406.95062599
20180611,19.65313294250518,20156196.490578935,20156216.143711876
20180612,19.65313294250518,20118309.222709667,20118328.87584261
20180613,19.65313294250518,20033856.85572226,20033876.5088552
20180614,19.65313294250518,20066597.15907859,20066616.812211532
20180615,19.65313294250518,20177447.935425043,20177467.588557985
20180619,19.65313294250518,19989485.970830794,19989505.623963736
20180620,19.65313294250518,19869958.32327792,19869977.976410862
20180621,19.65313294250518,19785313.795960877,19785333.44909382
20180622,19.65313294250518,19767963.651081175,19767983.304214116
20180625,19.65313294250518,19470383.830642235,19470403.483775176
20180626,19.65313294250518,19138656.659547497,19138676.31268044
20180627,19.65313294250518,18868487.52476497,18868507.17789791
20180628,19.65313294250518,18844329.766766377,18844349.41989932
20180629,19.65313294250518,19055518.695446644,19055538.348579586
20180702,156.25853902202653,18467136.796913352,18467293.055452373
20180703,156.25853902202653,18596286.278245788,18596442.53678481
20180704,156.25853902202653,18520848.908863883,18521005.167402904
20180705,156.25853902202653,18652304.85345731,18652461.11199633
20180706,156.25853902202653,18761210.802832585,18761367.061371606
20180709,156.25853902202653,19264093.643160604,19264249.901699625
20180710,156.25853902202653,19199219.165785972,19199375.424324993
20180711,156.25853902202653,18906543.3191812,18906699.57772022
20180712,156.25853902202653,19280610.48178534,19280766.74032436
20180713,156.25853902202653,19222973.577149913,19223129.835688934
20180716,156.25853902202653,18959510.695145175,18959666.953684196
20180717,156.25853902202653,18895453.343524378,18895609.6020634
20180718,156.25853902202653,18884141.656798813,18884297.915337835
20180719,156.25853902202653,18837332.44301556,18837488.70155458
20180720,156.25853902202653,19446317.482227035,19446473.740766056
20180723,156.25853902202653,19770391.869399223,19770548.127938244
20180724,156.25853902202653,19916376.28330541,19916532.54184443
20180725,156.25853902202653,19880464.7133369,19880620.97187592
20180726,156.25853902202653,19745324.366027687,19745480.624566708
20180727,156.25853902202653,19750099.504646134,19750255.763185155
20180730,156.25853902202653,19962552.69322606,19962708.951765083
20180731,156.25853902202653,20031578.625305075,20031734.883844096
20180801,490.04611774446676,19624707.373119906,19625197.41923765
20180802,490.04611774446676,19262227.972734615,19262718.01885236
20180803,490.04611774446676,19303985.157280754,19304475.2033985
20180806,490.04611774446676,19367625.191029437,19368115.237147182
20180807,490.04611774446676,19701832.744577345,19702322.79069509
20180808,490.04611774446676,19530235.832972895,19530725.87909064
20180809,490.04611774446676,19739965.661389068,19740455.707506813
20180810,490.04611774446676,19663263.2170845,19663753.263202246
20180813,490.04611774446676,19459731.20315958,19460221.249277323
20180814,490.04611774446676,19454940.049585443,19455430.09570319
20180815,490.04611774446676,19151001.48038253,19151491.526500273
20180816,490.04611774446676,19241704.30314335,19242194.349261094
20180817,490.04611774446676,19109813.073842287,19110303.119960032
20180820,490.04611774446676,19394921.517426867,19395411.563544612
20180821,490.04611774446676,19448040.562990025,19448530.60910777
20180822,490.04611774446676,19377859.88475491,19378349.930872656
20180823,490.04611774446676,19421764.752866723,19422254.798984468
20180824,490.04611774446676,19898388.632473007,19898878.678590752
20180827,490.04611774446676,20090649.32343545,20091139.369553197
20180828,490.04611774446676,19991631.923697826,19992121.96981557
20180829,490.04611774446676,19960836.422358535,19961326.46847628
20180830,490.04611774446676,19722317.725044314,19722807.77116206
20180831,490.04611774446676,20063087.84180555,20063577.887923297
20180903,88.07877340959385,19986634.26204864,19986722.34082205
20180904,88.07877340959385,20216182.329059176,20216270.407832585
20180905,88.07877340959385,19912744.722054288,19912832.800827697
20180906,88.07877340959385,19849764.625071567,19849852.703844976
20180907,88.07877340959385,19830771.52763638,19830859.606409788
20180910,88.07877340959385,19761721.388871394,19761809.467644803
20180911,88.07877340959385,19622763.90171868,19622851.98049209
20180912,88.07877340959385,19671738.964967147,19671827.043740556
20180913,88.07877340959385,19885760.9945717,19885849.07334511
20180914,88.07877340959385,19849256.71961247,19849344.79838588
20180917,88.07877340959385,19717632.1686888,19717720.24746221
20180918,88.07877340959385,20017824.026446518,20017912.105219927
20180919,88.07877340959385,20092272.92709463,20092361.00586804
20180920,88.07877340959385,20108569.207689997,20108657.286463406
20180921,88.07877340959385,20702786.350743107,20702874.429516517
20180925,88.07877340959385,20514064.10030327,20514152.17907668
20180926,88.07877340959385,20725644.834955618,20725732.913729027
20180927,88.07877340959385,20740278.836842544,20740366.915615954
20180928,88.07877340959385,20928992.688805178,20929080.767578587
20181008,156.93777484190832,20267384.546242785,20267541.484017625
20181009,156.93777484190832,20278930.03858542,20279086.97636026
20181010,156.93777484190832,20361140.012838632,20361296.950613473
20181011,156.93777484190832,19289721.283424407,19289878.221199248
20181012,156.93777484190832,19354309.609583598,19354466.54735844
20181015,156.93777484190832,19142327.63893977,19142484.576714613
20181016,156.93777484190832,19056111.650282044,19056268.588056885
20181017,156.93777484190832,19281326.31476332,19281483.25253816
20181018,156.93777484190832,19016565.228525583,19016722.166300423
20181019,156.93777484190832,19398870.96097668,19399027.89875152
20181022,156.93777484190832,20153385.17535951,20153542.11313435
20181023,156.93777484190832,19715492.366614133,19715649.304388974
20181024,156.93777484190832,19997622.476859283,19997779.414634123
20181025,156.93777484190832,20195403.743374195,20195560.681149036
20181026,156.93777484190832,20143708.770838317,20143865.708613157
20181029,156.93777484190832,20018152.780243833,20018309.718018673
20181030,156.93777484190832,20361931.15493916,20362088.092714
20181031,156.93777484190832,20457088.35608644,20457245.29386128
20181101,62.17419934878126,20234442.012463715,20234504.186663065
20181102,62.17419934878126,20538041.39175973,20538103.56595908
20181105,62.17419934878126,20411826.39457688,20411888.56877623
20181106,62.17419934878126,20386496.39747799,20386558.57167734
20181107,62.17419934878126,20336430.84305971,20336493.01725906
20181108,62.17419934878126,20360527.477309205,20360589.651508555
20181109,62.17419934878126,20041182.137036804,20041244.311236154
20181112,62.17419934878126,20378422.573032584,20378484.747231934
20181113,62.17419934878126,20587988.94823575,20588051.1224351
20181114,62.17419934878126,20344636.94997891,20344699.12417826
20181115,62.17419934878126,20495252.93309564,20495315.10729499
20181116,62.17419934878126,20514802.54177297,20514864.71597232
20181119,62.17419934878126,20725371.514881488,20725433.689080838
20181120,62.17419934878126,20411196.660139773,20411258.834339123
20181121,62.17419934878126,20526274.586564604,20526336.760763954
20181122,62.17419934878126,20478943.401977677,20479005.576177027
20181123,62.17419934878126,20070689.457682516,20070751.631881867
20181126,62.17419934878126,20119564.05170748,20119626.22590683
20181127,62.17419934878126,20076283.00093843,20076345.17513778
20181128,62.17419934878126,20209206.0745414,20209268.24874075
20181129,62.17419934878126,20040213.690702733,20040275.864902083
20181130,62.17419934878126,20191562.281829942,20191624.456029292
20181203,81.45713656605221,20636094.152789235,20636175.609925803
20181204,81.45713656605221,20695147.318232,20695228.775368568
20181205,81.45713656605221,20534166.70066288,20534248.15779945
20181206,81.45713656605221,20275374.100208554,20275455.557345122
20181207,81.45713656605221,20283793.03636457,20283874.493501138
20181210,81.45713656605221,20079830.964066777,20079912.421203345
20181211,81.45713656605221,20064076.064489387,20064157.521625955
20181212,81.45713656605221,20071975.584906183,20072057.04204275
20181213,81.45713656605221,20169550.87759933,20169632.334735896
20181214,81.45713656605221,19941038.701562423,19941120.15869899
20181217,81.45713656605221,19927259.641381703,19927341.09851827
20181218,81.45713656605221,19778691.654235862,19778773.11137243
20181219,81.45713656605221,19735122.577022277,19735204.034158845
20181220,81.45713656605221,19579307.608854406,19579389.065990973
20181221,81.45713656605221,19507699.04806084,19507780.50519741
20181224,81.45713656605221,19463616.265015483,19463697.72215205
20181225,81.45713656605221,19412147.520240426,19412228.977376994
20181226,81.45713656605221,19432896.89304284,19432978.350179408
20181227,81.45713656605221,19466039.382041164,19466120.83917773
20181228,81.45713656605221,19642525.113359716,19642606.570496283
20190102,174.05380862481252,19367417.45190031,19367591.505708937
20190103,174.05380862481252,19507680.403423462,19507854.457232088
20190104,174.05380862481252,19823517.20998276,19823691.263791386
20190107,174.05380862481252,19744138.296625424,19744312.35043405
20190108,174.05380862481252,19690491.564929694,19690665.61873832
20190109,174.05380862481252,19749853.80812692,19750027.861935545
20190110,174.05380862481252,19640988.17471259,19641162.228521217
20190111,174.05380862481252,19760998.562529203,19761172.61633783
20190114,174.05380862481252,19606462.918938164,19606636.97274679
20190115,174.05380862481252,19779048.179883078,19779222.233691704
20190116,174.05380862481252,19775225.55810634,19775399.611914966
20190117,174.05380862481252,19715450.6992622,19715624.753070828
20190118,174.05380862481252,19949406.777101316,19949580.83090994
20190121,174.05380862481252,19957027.7209652,19957201.774773825
20190122,174.05380862481252,19880979.996629182,19881154.050437808
20190123,174.05380862481252,19897014.577348582,19897188.63115721
20190124,174.05380862481252,19949096.208811015,19949270.26261964
20190125,174.05380862481252,20113758.81176527,20113932.865573894
20190128,174.05380862481252,20071680.183845907,20071854.237654533
20190129,174.05380862481252,20254855.33708338,20255029.390892006
20190130,174.05380862481252,20187094.902556688,20187268.956365313
20190131,174.05380862481252,20435450.440165084,20435624.49397371
20190201,346.1813918338157,20442799.68343921,20443145.864831045
20190211,346.1813918338157,20496051.132683277,20496397.314075112
20190212,346.1813918338157,20516326.98188632,20516673.163278155
20190213,346.1813918338157,20813371.18672553,20813717.368117366
20190214,346.1813918338157,20727784.635459676,20728130.81685151
20190215,346.1813918338157,20423192.280600876,20423538.46199271
20190218,346.1813918338157,20765331.947249267,20765678.128641102
20190219,346.1813918338157,20766141.774450727,20766487.955842562
20190220,346.1813918338157,20729632.508297957,20729978.689689793
20190221,346.1813918338157,20631819.288763307,20632165.470155142
20190222,346.1813918338157,20972761.47235649,20973107.653748326
20190225,346.1813918338157,22499219.809728708,22499565.991120543
20190226,346.1813918338157,22139693.235320803,22140039.416712638
20190227,346.1813918338157,22599851.39081853,22600197.572210364
20190228,346.1813918338157,22590290.157816388,22590636.339208223
20190301,34.93978516961215,23042945.226208963,23042980.165994134
20190304,34.93978516961215,23241099.933693483,23241134.873478655
20190305,34.93978516961215,23252913.530399695,23252948.470184866
20190306,34.93978516961215,23401192.88255523,23401227.822340403
20190307,34.93978516961215,23155252.6652153,23155287.60500047
20190308,34.93978516961215,22152496.565503284,22152531.505288456
20190311,34.93978516961215,22394847.418360867,22394882.358146038
20190312,34.93978516961215,22541605.461728077,22541640.40151325
20190313,34.93978516961215,22457379.894582234,22457414.834367406
20190314,34.93978516961215,22462595.61903945,22462630.55882462
20190315,34.93978516961215,22526548.297471642,22526583.237256814
20190318,34.93978516961215,22935287.853910916,22935322.793696087
20190319,34.93978516961215,22749650.801263794,22749685.741048966
20190320,34.93978516961215,22724614.258738033,22724649.198523205
20190321,34.93978516961215,22615832.633561082,22615867.573346253
20190322,34.93978516961215,22570258.87479917,22570293.81458434
20190325,34.93978516961215,22059631.32362049,22059666.263405662
20190326,34.93978516961215,21897546.63133733,21897581.5711225
20190327,34.93978516961215,21946212.48694699,21946247.42673216
20190328,34.93978516961215,21711491.32279513,21711526.2625803
20190329,34.93978516961215,22191578.420670755,22191613.360455927
20190401,45.4401586279273,22563380.46596036,22563425.90611899
20190402,45.4401586279273,22486004.316692486,22486049.756851114
20190403,45.4401586279273,22574506.810134076,22574552.250292704
20190404,45.4401586279273,22837124.98796068,22837170.42811931
20190408,45.4401586279273,22948217.92872186,22948263.368880488
20190409,45.4401586279273,22822882.102667544,22822927.542826172
20190410,45.4401586279273,22745997.98770733,22746043.42786596
20190411,45.4401586279273,22582718.343090475,22582763.783249103
20190412,45.4401586279273,22640098.08328461,22640143.523443237
20190415,45.4401586279273,22688430.32767296,22688475.767831586
20190416,45.4401586279273,23370329.07945177,23370374.519610398
20190417,45.4401586279273,23333828.18854168,23333873.62870031
20190418,45.4401586279273,23206598.25802085,23206643.69817948
20190419,45.4401586279273,23223205.548058923,23223250.98821755
20190422,45.4401586279273,22762539.954951953,22762585.39511058
20190423,45.4401586279273,22729981.956275113,22730027.39643374
20190424,45.4401586279273,22677873.31728948,22677918.757448107
20190425,45.4401586279273,22503001.368284322,22503046.80844295
20190426,45.4401586279273,22268209.264975354,22268254.705133982
20190429,45.4401586279273,22463533.351750337,22463578.791908965
20190430,45.4401586279273,22413471.907409865,22413517.347568493
20190506,337.8765625935048,21764238.07658594,21764575.953148536
20190507,337.8765625935048,21672073.48102772,21672411.35759031
20190508,337.8765625935048,21425133.676043957,21425471.552606553
20190509,337.8765625935048,21276543.889504615,21276881.766067207
20190510,337.8765625935048,21551937.774639085,21552275.65120168
20190513,337.8765625935048,21307260.00498975,21307597.881552346
20190514,337.8765625935048,21196898.22954963,21197236.106112227
20190515,337.8765625935048,21418398.73919076,21418736.615753353
20190516,337.8765625935048,21469000.955498267,21469338.83206086
20190517,337.8765625935048,21267643.319753453,21267981.19631605
20190520,337.8765625935048,21452674.21988914,21453012.096451737
20190521,337.8765625935048,21513720.436220217,21514058.31278281
20190522,337.8765625935048,21501494.922450352,21501832.799012944
20190523,337.8765625935048,21420120.870121993,21420458.74668459
20190524,337.8765625935048,21467381.59046452,21467719.467027113
20190527,337.8765625935048,21558268.608860575,21558606.48542317
20190528,337.8765625935048,21668538.09433833,21668875.970900923
20190529,337.8765625935048,21531045.847548835,21531383.72411143
20190530,337.8765625935048,21637049.628075738,21637387.50463833
20190531,337.8765625935048,21555982.00466015,21556319.88122274
20190603,126.47969314342481,21718840.65416783,21718967.133860976
20190604,126.47969314342481,21770806.40743792,21770932.887131065
20190605,126.47969314342481,21843367.109129366,21843493.58882251
20190606,126.47969314342481,21833271.239937346,21833397.71963049
20190610,126.47969314342481,21970986.09480928,21971112.574502423
20190611,126.47969314342481,22147528.210342173,22147654.690035317
20190612,126.47969314342481,22100551.111832097,22100677.59152524
20190613,126.47969314342481,22037369.205094844,22037495.68478799
20190614,126.47969314342481,21981440.554164294,21981567.03385744
20190617,126.47969314342481,22054595.34130787,22054721.821001016
20190618,126.47969314342481,22119835.055976115,22119961.53566926
20190619,126.47969314342481,22223601.780303314,22223728.25999646
20190620,126.47969314342481,22468228.81898617,22468355.298679315
20190621,126.47969314342481,22404263.781939827,22404390.26163297
20190624,126.47969314342481,22455484.90756254,22455611.387255684
20190625,126.47969314342481,22140215.232629105,22140341.71232225
20190626,126.47969314342481,22108732.57899527,22108859.058688413
20190627,126.47969314342481,22166554.526598897,22166681.00629204
20190628,126.47969314342481,22142641.515871637,22142767.99556478
20190701,165.43128712195903,22301693.519799255,22301858.951086376
20190702,165.43128712195903,22340696.75649873,22340862.187785853
20190703,165.43128712195903,22408606.54725708,22408771.9785442
20190704,165.43128712195903,22416561.61614,22416727.04742712
20190705,165.43128712195903,22350753.518574364,22350918.949861486
20190708,165.43128712195903,22078177.701579355,22078343.132866476
20190709,165.43128712195903,22003365.39341726,22003530.824704383
20190710,165.43128712195903,21930852.041929256,21931017.473216377
20190711,165.43128712195903,21954458.159952722,21954623.591239844
20190712,165.43128712195903,22088828.577826574,22088994.009113695
20190715,165.43128712195903,22042615.34193044,22042780.773217563
20190716,165.43128712195903,22045039.452997893,22045204.884285014
20190717,165.43128712195903,21937981.542602487,21938146.973889608
20190718,165.43128712195903,21859766.545498855,21859931.976785976
20190719,165.43128712195903,22004156.402714085,22004321.834001206
20190722,165.43128712195903,21901935.556585062,21902100.987872183
20190723,165.43128712195903,21946611.89229668,21946777.3235838
20190724,165.43128712195903,22007958.4455602,22008123.87684732
20190725,165.43128712195903,22117507.133198198,22117672.56448532
20190726,165.43128712195903,22102491.661184583,22102657.092471704
20190729,165.43128712195903,22104497.10704576,22104662.53833288
20190730,165.43128712195903,22231615.107004076,22231780.538291197
20190731,165.43128712195903,22145582.511834636,22145747.943121757
20190801,115.03714272938669,21925541.65344009,21925656.69058282
20190802,115.03714272938669,21570588.378927786,21570703.416070513
20190805,115.03714272938669,21113964.775697395,21114079.812840126
20190806,115.03714272938669,20760516.76160492,20760631.79874765
20190807,115.03714272938669,20750911.061175726,20751026.098318458
20190808,115.03714272938669,20850578.883998875,20850693.921141602
20190809,115.03714272938669,20761279.66473526,20761394.70187799
20190812,115.03714272938669,20928656.957950607,20928771.99509334
20190813,115.03714272938669,20740484.426226392,20740599.463369124
20190814,115.03714272938669,20771461.369750857,20771576.40689359
20190815,115.03714272938669,20738661.551891487,20738776.589034215
20190816,115.03714272938669,20675805.971684407,20675921.008827135
20190819,115.03714272938669,21028183.164926764,21028298.20206949
20190820,115.03714272938669,20928121.925946776,20928236.963089503
20190821,115.03714272938669,20924728.293499168,20924843.330641896
20190822,115.03714272938669,20914387.17191946,20914502.20906219
20190823,115.03714272938669,20878504.11937395,20878619.15651668
20190826,115.03714272938669,20629036.24675473,20629151.28389746
20190827,115.03714272938669,20799611.716196135,20799726.753338866
20190828,115.03714272938669,20826190.034960676,20826305.072103404
20190829,115.03714272938669,20839800.613148034,20839915.650290765
20190830,115.03714272938669,20741268.82885326,20741383.86599599
20190902,157.56364288646728,20877611.551882345,20877769.11552523
20190903,157.56364288646728,20919368.973952413,20919526.5375953
20190904,157.56364288646728,21230659.232395723,21230816.79603861
20190905,157.56364288646728,21386699.394938163,21386856.95858105
20190906,157.56364288646728,21460802.303384494,21460959.86702738
20190909,157.56364288646728,21471791.02694968,21471948.590592567
20190910,157.56364288646728,21455714.99423264,21455872.557875525
20190911,157.56364288646728,21691364.054843817,21691521.618486702
20190912,157.56364288646728,21717379.462354258,21717537.025997143
20190916,157.56364288646728,21640474.171773165,21640631.73541605
20190917,157.56364288646728,21338342.07499163,21338499.638634514
20190918,157.56364288646728,21302042.488375798,21302200.052018683
20190919,157.56364288646728,21366065.154210128,21366222.717853013
20190920,157.56364288646728,21426849.05041927,21427006.614062157
20190923,157.56364288646728,21250898.831273116,21251056.394916
20190924,157.56364288646728,21249516.324212532,21249673.887855418
20190925,157.56364288646728,21213411.820580155,21213569.38422304
20190926,157.56364288646728,21351140.037425246,21351297.60106813
20190927,157.56364288646728,21284926.820265524,21285084.38390841
20190930,157.56364288646728,21135401.835590433,21135559.39923332
20191008,69.89732857946728,21289990.845901713,21290060.74323029
20191009,69.89732857946728,21487696.49165714,21487766.38898572
20191010,69.89732857946728,21456729.22260145,21456799.11993003
20191011,69.89732857946728,21693617.801953167,21693687.699281745
20191014,69.89732857946728,22055161.530578114,22055231.427906692
20191015,69.89732857946728,22099018.20685728,22099088.104185857
20191016,69.89732857946728,22002401.82609628,22002471.72342486
20191017,69.89732857946728,21921517.57300484,21921587.47033342
20191018,69.89732857946728,21639765.13260427,21639835.02993285
20191021,69.89732857946728,21881831.56397261,21881901.46130119
20191022,69.89732857946728,21859645.28989126,21859715.18721984
20191023,69.89732857946728,21855380.548548054,21855450.445876632
20191024,69.89732857946728,22060147.9204582,22060217.81778678
20191025,69.89732857946728,21927533.265215352,21927603.16254393
20191028,69.89732857946728,21854577.869943656,21854647.767272234
20191029,69.89732857946728,21743400.990210794,21743470.88753937
20191030,69.89732857946728,21765004.329737287,21765074.227065865
20191031,69.89732857946728,21696896.771754123,21696966.6690827
20191101,412.548416163354,21867434.912550706,21867847.46096687
20191104,412.548416163354,21932782.1940398,21933194.742455963
20191105,412.548416163354,22168861.83064312,22169274.379059285
20191106,412.548416163354,22211560.505500514,22211973.053916678
20191107,412.548416163354,22157097.923295125,22157510.47171129
20191108,412.548416163354,21912497.6446053,21912910.193021465
20191111,412.548416163354,21643396.09140175,21643808.639817912
20191112,412.548416163354,21692750.44403051,21693162.992446672
20191113,412.548416163354,21599687.971757725,21600100.52017389
20191114,412.548416163354,21531210.865108747,21531623.41352491
20191115,412.548416163354,21486645.04823657,21487057.596652735
20191118,412.548416163354,21596545.449438725,21596957.99785489
20191119,412.548416163354,21626283.432065655,21626695.98048182
20191120,412.548416163354,21433545.656160172,21433958.204576336
20191121,412.548416163354,21420145.369291507,21420557.91770767
20191122,412.548416163354,21418076.413048126,21418488.96146429
20191125,412.548416163354,21677341.83945136,21677754.387867525
20191126,412.548416163354,21707628.161390584,21708040.709806748
20191127,412.548416163354,21603611.37285677,21604023.921272933
20191128,412.548416163354,21583469.77609161,21583882.324507773
20191129,412.548416163354,21532378.93768429,21532791.486100454
20191202,162.26010274024156,21496944.839510202,21497107.099612944
20191203,162.26010274024156,21482471.563877337,21482633.823980078
20191204,162.26010274024156,21388710.890988268,21388873.15109101
20191205,162.26010274024156,21474798.846647963,21474961.106750704
20191206,162.26010274024156,21495342.06129915,21495504.32140189
20191209,162.26010274024156,21554052.70802996,21554214.9681327
20191210,162.26010274024156,21510663.59497004,21510825.85507278
20191211,162.26010274024156,21546826.548716508,21546988.80881925
20191212,162.26010274024156,21504938.730308615,21505100.990411356
20191213,162.26010274024156,21763457.510005184,21763619.770107925
20191216,162.26010274024156,21726171.99358415,21726334.25368689
20191217,162.26010274024156,22002610.13060531,22002772.39070805
20191218,162.26010274024156,21952420.58088825,21952582.84099099
20191219,162.26010274024156,22019922.809551064,22020085.069653805
20191220,162.26010274024156,22037603.652744718,22037765.91284746
20191223,162.26010274024156,21804209.432680227,21804371.69278297
20191224,162.26010274024156,21844173.299308028,21844335.55941077
20191225,162.26010274024156,21764829.276286617,21764991.53638936
20191226,162.26010274024156,21872342.362256084,21872504.622358825
20191227,162.26010274024156,21929299.74539928,21929462.005502023
20191230,162.26010274024156,22031409.140276372,22031571.400379114
20191231,162.26010274024156,22027011.816546243,22027174.076648984
20200102,37.45438460232981,22194302.38932545,22194339.843710054
20200103,37.45438460232981,22178209.56944531,22178247.02382991
20200106,37.45438460232981,22054695.779180694,22054733.233565297
20200107,37.45438460232981,22194668.16305056,22194705.61743516
20200108,37.45438460232981,21956914.88910296,21956952.34348756
20200109,37.45438460232981,22019154.84444263,22019192.29882723
20200110,37.45438460232981,22021317.095486283,22021354.549870886
20200113,37.45438460232981,22068550.24084814,22068587.69523274
20200114,37.45438460232981,22102947.0917233,22102984.546107903
20200115,37.45438460232981,21951767.919999644,21951805.374384247
20200116,37.45438460232981,21852154.900615342,21852192.354999945
20200117,37.45438460232981,21852901.020019576,21852938.47440418
20200120,37.45438460232981,21912865.38277725,21912902.837161854
20200121,37.45438460232981,21695045.646457568,21695083.10084217
20200122,37.45438460232981,21653537.154473364,21653574.608857967
20200123,37.45438460232981,21290633.543182313,21290670.997566916
20200203,477.3158569749867,20064832.80859301,20065310.124449983
20200204,477.3158569749867,20412722.51785771,20413199.833714686
20200205,477.3158569749867,20427667.373938303,20428144.689795278
20200206,477.3158569749867,20549431.340685003,20549908.656541977
20200207,477.3158569749867,20576186.894945882,20576664.210802857
20200210,477.3158569749867,20502524.733835742,20503002.049692716
20200211,477.3158569749867,20619940.536893472,20620417.852750447
20200212,477.3158569749867,20649168.312902067,20649645.62875904
20200213,477.3158569749867,20511820.017508022,20512297.333364997
20200214,477.3158569749867,20634098.931107555,20634576.24696453
20200217,477.3158569749867,20891747.872936476,20892225.18879345
20200218,477.3158569749867,20753905.622959364,20754382.93881634
20200219,477.3158569749867,20756178.845771167,20756656.161628142
20200220,477.3158569749867,20929507.16246085,20929984.478317823
20200221,477.3158569749867,20882982.949629225,20883460.2654862
20200224,477.3158569749867,20719310.5286051,20719787.844462074
20200225,477.3158569749867,20535994.237819463,20536471.553676438
20200226,477.3158569749867,20654186.249522902,20654663.565379877
20200227,477.3158569749867,20690122.814962942,20690600.130819917
20200228,477.3158569749867,20254213.32331394,20254690.639170915
20200302,203.76370590278384,20600222.38304744,20600426.14675334
20200303,203.76370590278384,20714756.454863016,20714960.218568917
20200304,203.76370590278384,20781344.55596199,20781548.31966789
20200305,203.76370590278384,21047977.32628149,21048181.089987393
20200306,203.76370590278384,20831395.58201725,20831599.345723152
20200309,203.76370590278384,20502874.563141447,20503078.32684735
20200310,203.76370590278384,20666562.742009107,20666766.50571501
20200311,203.76370590278384,20527651.39230203,20527855.15600793
20200312,203.76370590278384,20483767.6888113,20483971.4525172
20200313,203.76370590278384,20331281.03493865,20331484.79864455
20200316,203.76370590278384,20062760.215442248,20062963.97914815
20200317,203.76370590278384,20052394.428643405,20052598.192349307
20200318,203.76370590278384,19721622.37069431,19721826.13440021
20200319,203.76370590278384,19323305.833671052,19323509.597376954
20200320,203.76370590278384,19530144.16526187,19530347.92896777
20200323,203.76370590278384,19182128.316687196,19182332.0803931
20200324,203.76370590278384,19463619.51126394,19463823.274969842
20200325,203.76370590278384,19656244.55679172,19656448.32049762
20200326,203.76370590278384,19671262.36115553,19671466.12486143
20200327,203.76370590278384,19760153.475676827,19760357.23938273
20200330,203.76370590278384,19774470.330610696,19774674.094316598
20200331,203.76370590278384,19634231.746561855,19634435.510267757
20200401,29.297334434770164,19619529.334137198,19619558.631471634
20200402,29.297334434770164,19755544.28258869,19755573.579923127
20200403,29.297334434770164,19660274.424991008,19660303.722325444
20200407,29.297334434770164,19834478.87229813,19834508.169632565
20200408,29.297334434770164,19788688.1561902,19788717.453524638
20200409,29.297334434770164,19753142.6610383,19753171.958372734
20200410,29.297334434770164,19704146.67918548,19704175.976519916
20200413,29.297334434770164,19599584.47065588,19599613.767990317
20200414,29.297334434770164,19750212.481317766,19750241.778652202
20200415,29.297334434770164,19703426.46029047,19703455.757624906
20200416,29.297334434770164,19755813.265026662,19755842.5623611
20200417,29.297334434770164,19788703.302790128,19788732.600124564
20200420,29.297334434770164,19649751.34175444,19649780.639088877
20200421,29.297334434770164,19561056.173491254,19561085.47082569
20200422,29.297334434770164,19541138.81289009,19541168.110224526
20200423,29.297334434770164,19466008.955936253,19466038.25327069
20200424,29.297334434770164,19418969.248178363,19418998.5455128
20200427,29.297334434770164,19536034.27437564,19536063.571710076
20200428,29.297334434770164,19574940.515688624,19574969.81302306
20200429,29.297334434770164,19903051.74818876,19903081.045523196
20200430,29.297334434770164,19949444.89494533,19949474.192279767
20200506,220.6673838221177,19779498.202001195,19779718.86938502
20200507,220.6673838221177,19708849.894714713,19709070.562098537
20200508,220.6673838221177,19836727.281989604,19836947.949373428
20200511,220.6673838221177,19794677.7957064,19794898.463090222
20200512,220.6673838221177,19679674.51986152,19679895.187245343
20200513,220.6673838221177,19698430.703574646,19698651.37095847
20200514,220.6673838221177,19617383.466600653,19617604.133984476
20200515,220.6673838221177,19610282.39645087,19610503.063834693
20200518,220.6673838221177,19643733.72646556,19643954.393849384
20200519,220.6673838221177,19690862.226471074,19691082.893854897
20200520,220.6673838221177,19703942.697052665,19704163.36443649
20200521,220.6673838221177,19618283.85331015,19618504.520693973
20200522,220.6673838221177,19398860.09652074,19399080.763904564
20200525,220.6673838221177,19446627.93543354,19446848.602817364
20200526,220.6673838221177,19433547.46485195,19433768.132235773
20200527,220.6673838221177,19514502.711272903,19514723.378656726
20200528,220.6673838221177,19666220.749472126,19666441.41685595
20200529,220.6673838221177,19529042.966070823,19529263.633454647
20200601,7.230718852952123,19697018.218670063,19697025.449388914
20200602,7.230718852952123,19776901.17193584,19776908.402654693
20200603,7.230718852952123,19770000.847413804,19770008.07813266
20200604,7.230718852952123,19662707.072058514,19662714.302777365
20200605,7.230718852952123,19709147.041829847,19709154.272548698
20200608,7.230718852952123,19645349.25348313,19645356.484201983
20200609,7.230718852952123,19733014.627392106,19733021.858110957
20200610,7.230718852952123,19626547.386354923,19626554.617073774
20200611,7.230718852952123,19489846.109848984,19489853.340567835
20200612,7.230718852952123,19484858.8247689,19484866.055487752
20200615,7.230718852952123,19337338.395122483,19337345.625841334
20200616,7.230718852952123,19466781.803677402,19466789.034396254
20200617,7.230718852952123,19465203.052737,19465210.283455856
20200618,7.230718852952123,19487357.508825332,19487364.739544183
20200619,7.230718852952123,19572451.366737686,19572458.597456537
20200622,7.230718852952123,19549117.65579097,19549124.88650982
20200623,7.230718852952123,19446328.05452995,19446335.2852488
20200624,7.230718852952123,19564845.277281057,19564852.507999912
20200629,7.230718852952123,19660559.52010341,19660566.75082226
20200630,7.230718852952123,19627926.175985627,19627933.406704478
20200701,36.35623674187809,19835761.828957465,19835798.185194205
20200702,36.35623674187809,20275391.23501904,20275427.59125578
20200703,36.35623674187809,20586301.293992624,20586337.650229365
20200706,36.35623674187809,22228372.841979533,22228409.198216274
20200707,36.35623674187809,21979368.884341735,21979405.240578476
20200708,36.35623674187809,22086611.80897648,22086648.16521322
20200709,36.35623674187809,21859252.61516748,21859288.97140422
20200710,36.35623674187809,21282043.782831393,21282080.139068134
20200713,36.35623674187809,21308672.681822855,21308709.038059596
20200714,36.35623674187809,20998650.110046133,20998686.466282874
20200715,36.35623674187809,20662879.394385383,20662915.750622123
20200716,36.35623674187809,20469059.11391779,20469095.47015453
20200717,36.35623674187809,20392268.27336452,20392304.629601263
20200720,36.35623674187809,20799436.511022445,20799472.867259186
20200721,36.35623674187809,20639996.732658297,20640033.088895038
20200722,36.35623674187809,20600551.499111198,20600587.85534794
20200723,36.35623674187809,20402990.01921833,20403026.37545507
20200724,36.35623674187809,20032709.418278266,20032745.774515007
20200727,36.35623674187809,19971096.464101523,19971132.820338264
20200728,36.35623674187809,20021159.752221763,20021196.108458504
20200729,36.35623674187809,20249480.173819922,20249516.530056663
20200730,36.35623674187809,20103740.91660604,20103777.27284278
20200731,36.35623674187809,20068864.288927875,20068900.645164616
20200803,204.29650365140697,20168101.84727886,20168306.14378251
20200804,204.29650365140697,20417682.956159733,20417887.252663385
20200805,204.29650365140697,20216644.80925579,20216849.10575944
20200806,204.29650365140697,20256815.87922554,20257020.175729193
20200807,204.29650365140697,20103285.310288683,20103489.606792334
20200810,204.29650365140697,20223885.31295917,20224089.609462824
20200811,204.29650365140697,20165463.797367305,20165668.093870956
20200812,204.29650365140697,20196958.072109338,20197162.36861299
20200813,204.29650365140697,20148415.110132407,20148619.40663606
20200814,204.29650365140697,20291555.666813705,20291759.963317357
20200817,204.29650365140697,20695402.84996675,20695607.1464704
20200818,204.29650365140697,20509105.408101395,20509309.704605047
20200819,204.29650365140697,20377592.041962497,20377796.33846615
20200820,204.29650365140697,20215239.98168187,20215444.27818552
20200821,204.29650365140697,20222480.48538525,20222684.781888902
20200824,204.29650365140697,20172880.461137157,20173084.75764081
20200825,204.29650365140697,20175174.701695167,20175378.99819882
20200826,204.29650365140697,20050284.590635985,20050488.887139637
20200827,204.29650365140697,20023643.255784873,20023847.552288525
20200828,204.29650365140697,20162481.23734887,20162685.53385252
20200831,204.29650365140697,20067201.853677303,20067406.150180954
20200901,184.84524898858217,19989799.53228626,19989984.37753525
20200902,184.84524898858217,19849981.328241933,19850166.173490923
20200903,184.84524898858217,19806058.04449388,19806242.88974287
20200904,184.84524898858217,19705370.60889983,19705555.45414882
20200907,184.84524898858217,19630775.170907438,19630960.016156428
20200908,184.84524898858217,19764315.314399213,19764500.159648202
20200909,184.84524898858217,19676002.867497932,19676187.712746922
20200910,184.84524898858217,19583933.484531198,19584118.329780187
20200911,184.84524898858217,19580716.962810304,19580901.808059294
20200914,184.84524898858217,19625089.82374563,19625274.66899462
20200915,184.84524898858217,19610630.04220936,19610814.88745835
20200916,184.84524898858217,19685722.04394742,19685906.88919641
20200917,184.84524898858217,19647312.822254036,19647497.667503025
20200918,184.84524898858217,19866963.633123204,19867148.478372194
20200921,184.84524898858217,19743678.156772885,19743863.002021875
20200922,184.84524898858217,19580674.51106932,19580859.35631831
20200923,184.84524898858217,19544268.62424686,19544453.46949585
20200924,184.84524898858217,19423793.94302906,19423978.78827805
20200925,184.84524898858217,19359885.048289582,19360069.893538572
20200928,184.84524898858217,19446091.865312047,19446276.710561037
20200929,184.84524898858217,19331415.062404312,19331599.907653302
20200930,184.84524898858217,19283579.859701555,19283764.704950545
20201009,140.7954485680748,19339375.850853916,19339516.646302484
20201012,140.7954485680748,19564897.09572608,19565037.891174648
20201013,140.7954485680748,19472884.70312097,19473025.498569537
20201014,140.7954485680748,19415732.42404598,19415873.219494548
20201015,140.7954485680748,19500957.08246471,19501097.877913278
20201016,140.7954485680748,19631493.221003953,19631634.01645252
20201019,140.7954485680748,19677560.930065945,19677701.725514513
20201020,140.7954485680748,19517053.280932017,19517194.076380584
20201021,140.7954485680748,19719085.87144264,19719226.666891206
20201022,140.7954485680748,19650725.996835783,19650866.79228435
20201023,140.7954485680748,19788876.768355515,19789017.563804083
20201026,140.7954485680748,19594293.597168636,19594434.392617203
20201027,140.7954485680748,19478792.550201982,19478933.34565055
20201028,140.7954485680748,19393913.7270334,19394054.522481967
20201029,140.7954485680748,19309211.243083682,19309352.03853225
20201030,140.7954485680748,19184208.788288694,19184349.58373726
20201102,216.59804493882257,19070862.03839705,19071078.63644199
20201103,216.59804493882257,19219704.649429787,19219921.247474726
20201104,216.59804493882257,19260407.590420663,19260624.188465603
20201105,216.59804493882257,19314738.094274342,19314954.69231928
20201106,216.59804493882257,19349696.646790307,19349913.244835246
20201109,216.59804493882257,19479663.439896274,19479880.037941214
20201110,216.59804493882257,19467409.143712573,19467625.741757512
20201111,216.59804493882257,19551313.735677898,19551530.333722837
20201112,216.59804493882257,19446985.106711723,19447201.704756662
20201113,216.59804493882257,19261545.635852404,19261762.233897343
20201116,216.59804493882257,19350078.583320312,19350295.18136525
20201117,216.59804493882257,19418087.995218694,19418304.593263634
20201118,216.59804493882257,19588757.72931554,19588974.32736048
20201119,216.59804493882257,19573987.99255307,19574204.59059801
20201120,216.59804493882257,19517984.566802073,19518201.164847013
20201123,216.59804493882257,19702876.559068546,19703093.157113485
20201124,216.59804493882257,19649871.655168872,19650088.25321381
20201125,216.59804493882257,19568482.503782324,19568699.101827264
20201126,216.59804493882257,19667370.52795973,19667587.12600467
20201127,216.59804493882257,20102821.520095207,20103038.118140146
20201130,216.59804493882257,19963273.42644948,19963490.02449442
20201201,992.3669688864211,20374747.794259258,20375740.161228143
20201202,992.3669688864211,20233659.40852497,20234651.775493857
20201203,992.3669688864211,20315932.175003752,20316924.541972637
20201204,992.3669688864211,20101091.491194736,20102083.85816362
20201207,992.3669688864211,19845860.743337303,19846853.11030619
20201208,992.3669688864211,19832866.771463748,19833859.138432633
20201209,992.3669688864211,19838044.365022488,19839036.731991373
20201210,992.3669688864211,19677453.280817147,19678445.647786032
20201211,992.3669688864211,19426334.048797887,19427326.415766772
20201214,992.3669688864211,19462810.877635755,19463803.24460464
20201215,992.3669688864211,19326214.977941036,19327207.34490992
20201216,992.3669688864211,19301109.753116794,19302102.12008568
20201217,992.3669688864211,19405459.5539664,19406451.920935284
20201218,992.3669688864211,19339185.062232647,19340177.429201532
20201221,992.3669688864211,19351520.15479735,19352512.521766234
20201222,992.3669688864211,19132718.91558173,19133711.282550614
20201223,992.3669688864211,19124214.61719493,19125206.984163813
20201224,992.3669688864211,19128552.313275486,19129544.68024437
20201225,992.3669688864211,19195573.71654315,19196566.083512034
20201228,992.3669688864211,19141932.863499455,19142925.23046834
20201229,992.3669688864211,19164725.00479558,19165717.371764466
20201230,992.3669688864211,19204864.984063063,19205857.351031948
20201231,992.3669688864211,19342247.85289089,19343240.219859775
20210104,173.77538476713016,19184554.81755103,19184728.5929358
20210105,173.77538476713016,19173430.90566932,19173604.68105409
20210106,173.77538476713016,19204835.688636355,19205009.464021124
20210107,173.77538476713016,19072883.060936067,19073056.836320836
20210108,173.77538476713016,19153259.61645817,19153433.39184294
20210111,173.77538476713016,18979310.336225588,18979484.111610357
20210112,173.77538476713016,19014010.863754455,19014184.639139224
20210113,173.77538476713016,19027840.46640842,19028014.24179319
20210114,173.77538476713016,19140636.134233087,19140809.909617856
20210115,173.77538476713016,19293839.677581605,19294013.452966373
20210118,173.77538476713016,19272900.81592176,19273074.59130653
20210119,173.77538476713016,19548606.01676496,19548779.79214973
20210120,173.77538476713016,19314688.989122104,19314862.764506873
20210121,173.77538476713016,19242142.72858543,19242316.5039702
20210122,173.77538476713016,18980471.944025643,18980645.719410412
20210125,173.77538476713016,18863736.240083672,18863910.01546844
20210126,173.77538476713016,18848872.096834026,18849045.872218795
20210127,173.77538476713016,18893539.937324632,18893713.7127094
20210128,173.77538476713016,18848082.599207837,18848256.374592606
20210129,173.77538476713016,18869740.092772,18869913.86815677
20210201,303.89510035607964,19094031.041558873,19094334.936659228
20210202,303.89510035607964,18998371.128392104,18998675.02349246
20210203,303.89510035607964,19013090.96212409,19013394.857224446
20210204,303.89510035607964,18957174.585118786,18957478.48021914
20210205,303.89510035607964,19289099.119979944,19289403.0150803
20210208,303.89510035607964,19179114.538641024,19179418.43374138
20210209,303.89510035607964,19132953.382761445,19133257.2778618
20210210,303.89510035607964,19113503.641883522,19113807.536983877
20210218,303.89510035607964,19313834.050224543,19314137.945324898
20210219,303.89510035607964,19485807.632231906,19486111.52733226
20210222,303.89510035607964,19537104.392685913,19537408.287786268
20210223,303.89510035607964,19422136.097551044,19422439.9926514
20210224,303.89510035607964,19294026.98571357,19294330.880813926
20210225,303.89510035607964,19676703.37029917,19677007.265399527
20210226,303.89510035607964,19327578.661905974,19327882.55700633
20210301,36.96555719571188,19309763.06500949,19309800.030566685
20210302,36.96555719571188,19189494.51751639,19189531.483073585
20210303,36.96555719571188,19552318.899096876,19552355.86465407
20210304,36.96555719571188,19515267.666517075,19515304.63207427
20210305,36.96555719571188,19612469.819347113,19612506.78490431
20210308,36.96555719571188,19580211.062979944,19580248.02853714
20210309,36.96555719571188,19523317.92643194,19523354.891989134
20210310,36.96555719571188,19533064.505006224,19533101.47056342
20210311,36.96555719571188,19729453.885271993,19729490.850829188
20210312,36.96555719571188,19824952.831032924,19824989.79659012
20210315,36.96555719571188,19947059.807146467,19947096.772703663
20210316,36.96555719571188,19954510.018285494,19954546.98384269
20210317,36.96555719571188,19781889.87998895,19781926.845546145
20210318,36.96555719571188,19820379.23375548,19820416.199312676
20210319,36.96555719571188,19538056.72256098,19538093.688118175
20210322,36.96555719571188,19686771.732580535,19686808.69813773
20210323,36.96555719571188,19675967.537903734,19676004.50346093
20210324,36.96555719571188,19598872.374924272,19598909.340481468
20210325,36.96555719571188,19498200.447866503,19498237.4134237
20210326,36.96555719571188,19541275.64454046,19541312.610097654
20210329,36.96555719571188,19817341.603445865,19817378.56900306
20210330,36.96555719571188,19918710.23237636,19918747.197933555
20210331,36.96555719571188,19823929.61529538,19823966.580852576
20210401,130.01197213651903,19722695.878165785,19722825.890137922
20210402,130.01197213651903,19602658.37586118,19602788.387833316
20210406,130.01197213651903,19562285.05007234,19562415.062044475
20210407,130.01197213651903,19605183.636572853,19605313.64854499
20210408,130.01197213651903,19568303.239902113,19568433.25187425
20210409,130.01197213651903,19564145.822964165,19564275.834936302
20210412,130.01197213651903,19640276.682436965,19640406.694409102
20210413,130.01197213651903,19544656.44166908,19544786.453641217
20210414,130.01197213651903,19476374.22100373,19476504.232975867
20210415,130.01197213651903,19416406.834214274,19416536.84618641
20210416,130.01197213651903,19506539.26793666,19506669.2799088
20210419,130.01197213651903,19549115.639350463,19549245.6513226
20210420,130.01197213651903,19518700.5036377,19518830.515609838
20210421,130.01197213651903,19510852.52003177,19510982.532003906
20210422,130.01197213651903,19397591.948999457,19397721.960971594
20210423,130.01197213651903,19383641.411511958,19383771.423484094
20210426,130.01197213651903,19241494.373001114,19241624.38497325
20210427,130.01197213651903,19164553.09474691,19164683.106719047
20210428,130.01197213651903,19103567.762055278,19103697.774027415
20210429,130.01197213651903,19316097.338130735,19316227.35010287
20210430,130.01197213651903,19163118.79882489,19163248.81079703
20210506,198.50591230159625,19272402.789656818,19272601.295569118
20210507,198.50591230159625,19412326.659017194,19412525.164929494
20210510,198.50591230159625,19403654.07805559,19403852.58396789
20210511,198.50591230159625,19464139.800230056,19464338.306142356
20210512,198.50591230159625,19588960.67920713,19589159.18511943
20210513,198.50591230159625,19562908.607957415,19563107.113869715
20210514,198.50591230159625,19688545.90481428,19688744.41072658
20210517,198.50591230159625,19639589.754872795,19639788.260785095
20210518,198.50591230159625,19583090.36901289,19583288.87492519
20210519,198.50591230159625,19495974.51573169,19496173.02164399
20210520,198.50591230159625,19570760.828323107,19570959.334235407
20210521,198.50591230159625,19521581.463563535,19521779.969475836
20210524,198.50591230159625,19528355.26748506,19528553.77339736
20210525,198.50591230159625,19699235.056050435,19699433.561962735
20210526,198.50591230159625,19715165.710673146,19715364.216585446
20210527,198.50591230159625,19678306.332377385,19678504.838289686
20210528,198.50591230159625,19713460.533824272,19713659.039736573
20210531,198.50591230159625,19651262.92053099,19651461.42644329
20210601,130.41823790355738,19600351.371067345,19600481.789305247
20210602,130.41823790355738,19646143.860849593,19646274.279087495
20210603,130.41823790355738,19615912.93410796,19616043.35234586
20210604,130.41823790355738,19659440.193076555,19659570.611314457
20210607,130.41823790355738,19613987.603717797,19614118.0219557
20210608,130.41823790355738,19630968.69703448,19631099.11527238
20210609,130.41823790355738,19626083.490495164,19626213.908733066
20210610,130.41823790355738,19582832.719660375,19582963.137898277
20210611,130.41823790355738,19583685.910634547,19583816.32887245
20210615,130.41823790355738,19410503.26956966,19410633.687807564
20210616,130.41823790355738,19448572.311121546,19448702.729359448
20210617,130.41823790355738,19419974.665470622,19420105.083708525
20210618,130.41823790355738,19331502.127433617,19331632.54567152
20210621,130.41823790355738,19354512.25621485,19354642.674452752
20210622,130.41823790355738,19401931.78260285,19402062.200840753
20210623,130.41823790355738,19387690.7393922,19387821.1576301
20210624,130.41823790355738,19444334.601007473,19444465.019245375
20210625,130.41823790355738,19557496.17462917,19557626.592867073
20210628,130.41823790355738,19485250.46307449,19485380.881312393
20210629,130.41823790355738,19388995.090028245,19389125.508266147
20210630,130.41823790355738,19377321.49171578,19377451.909953684
20210701,186.34175178041005,19383432.89896544,19383619.24071722
20210702,186.34175178041005,19349790.600456484,19349976.942208264
20210705,186.34175178041005,19311747.256375853,19311933.598127633
20210706,186.34175178041005,19424432.165758647,19424618.507510427
20210707,186.34175178041005,19356136.65847429,19356323.00022607
20210708,186.34175178041005,19257747.69608614,19257934.03783792
20210709,186.34175178041005,19206669.202445026,19206855.544196807
20210712,186.34175178041005,19128089.11069352,19128275.452445302
20210713,186.34175178041005,19113986.061487187,19114172.403238967
20210714,186.34175178041005,18952119.43943691,18952305.78118869
20210715,186.34175178041005,19075287.48774438,19075473.82949616
20210716,186.34175178041005,19089917.70022965,19090104.04198143
20210719,186.34175178041005,19069429.147458017,19069615.489209797
20210720,186.34175178041005,18963152.353872795,18963338.695624575
20210721,186.34175178041005,18953447.50302052,18953633.8447723
20210722,186.34175178041005,18998666.26513137,18998852.60688315
20210723,186.34175178041005,18952804.847579937,18952991.189331718
20210726,186.34175178041005,18726364.905990172,18726551.247741953
20210727,186.34175178041005,18540494.443103157,18540680.784854937
20210728,186.34175178041005,18501852.81885841,18502039.16061019
20210729,186.34175178041005,18398237.290767588,18398423.632519368
20210730,186.34175178041005,18306603.640045002,18306789.981796782
20210802,144.23259269231494,18493450.613815915,18493594.846408606
20210803,144.23259269231494,18371595.420064144,18371739.652656835
20210804,144.23259269231494,18328890.13804255,18329034.37063524
20210805,144.23259269231494,18348534.612592492,18348678.845185183
20210806,144.23259269231494,18338850.101225175,18338994.333817866
20210809,144.23259269231494,18478930.467454027,18479074.700046718
20210810,144.23259269231494,18539165.66611656,18539309.898709252
20210811,144.23259269231494,18620884.44542272,18621028.67801541
20210812,144.23259269231494,18547716.87656745,18547861.10916014
20210813,144.23259269231494,18552538.93901238,18552683.17160507
20210816,144.23259269231494,18637254.24721942,18637398.47981211
20210817,144.23259269231494,18524685.90623213,18524830.13882482
20210818,144.23259269231494,18778494.893878255,18778639.126470946
20210819,144.23259269231494,18597134.262946237,18597278.495538928
20210820,144.23259269231494,18565522.245023698,18565666.47761639
20210823,144.23259269231494,18586690.152960297,18586834.385552987
20210824,144.23259269231494,18568895.333845172,18569039.566437863
20210825,144.23259269231494,18553669.382306024,18553813.614898715
20210826,144.23259269231494,18495711.334817473,18495855.567410164
20210827,144.23259269231494,18570399.47943662,18570543.71202931
20210830,144.23259269231494,18509495.83886577,18509640.07145846
20210831,144.23259269231494,18704621.354259986,18704765.586852677
20210901,117.77229089522734,18955447.293529827,18955565.065820724
20210902,117.77229089522734,18945526.710956085,18945644.483246982
20210903,117.77229089522734,19073972.645098157,19074090.417389054
20210906,117.77229089522734,19094641.132907998,19094758.905198894
20210907,117.77229089522734,19249555.863087017,19249673.635377914
20210908,117.77229089522734,19332270.33937083,19332388.11166173
20210909,117.77229089522734,19304620.97960991,19304738.751900807
20210910,117.77229089522734,19402303.527575206,19402421.299866103
20210913,117.77229089522734,19446399.733906314,19446517.50619721
20210914,117.77229089522734,19104268.273489326,19104386.045780223
20210915,117.77229089522734,19047803.45517166,19047921.227462556
20210916,117.77229089522734,18991911.135759234,18992028.90805013
20210917,117.77229089522734,18946900.272786,18947018.045076896
20210922,117.77229089522734,18751609.480777025,18751727.25306792
20210923,117.77229089522734,18871274.71132777,18871392.483618665
20210924,117.77229089522734,18802335.184882488,18802452.957173385
20210927,117.77229089522734,18703618.81415157,18703736.586442467
20210928,117.77229089522734,18813155.447306763,18813273.21959766
20210929,117.77229089522734,18806468.0173481,18806585.789638996
20210930,117.77229089522734,18770051.023978285,18770168.796269182
20211008,203.12458798428997,18996193.411387067,18996396.53597505
20211011,203.12458798428997,19121014.533778995,19121217.65836698
20211012,203.12458798428997,19077596.8095076,19077799.934095584
20211013,203.12458798428997,19000780.60291929,19000983.727507275
20211014,203.12458798428997,18913031.984161165,18913235.108749148
20211015,203.12458798428997,18902277.966462635,18902481.091050617
20211018,203.12458798428997,18909117.767988045,18909320.892576028
20211019,203.12458798428997,18930523.74339802,18930726.867986
20211020,203.12458798428997,18900120.90551616,18900324.03010414
20211021,203.12458798428997,19078618.31511147,19078821.439699452
20211022,203.12458798428997,19039615.66330246,19039818.78789044
20211025,203.12458798428997,19048675.20003801,19048878.32462599
20211026,203.12458798428997,18985614.057106003,18985817.181693986
20211027,203.12458798428997,18895992.5629136,18896195.687501583
20211028,203.12458798428997,18796357.228289444,18796560.352877427
20211029,203.12458798428997,18875046.310312018,18875249.4349
20211101,96.80431877542651,19103564.16233717,19103660.966655944
20211102,96.80431877542651,18805474.6339735,18805571.438292276
20211103,96.80431877542651,18839354.390440367,18839451.19475914
20211104,96.80431877542651,18833702.053092383,18833798.857411157
20211105,96.80431877542651,18815274.037294284,18815370.841613058
20211108,96.80431877542651,18807596.82356315,18807693.627881926
20211109,96.80431877542651,18826702.176352076,18826798.98067085
20211110,96.80431877542651,18793514.51016312,18793611.314481895
20211111,96.80431877542651,19009495.769135423,19009592.573454197
20211112,96.80431877542651,18910246.027247284,18910342.831566058
20211115,96.80431877542651,18973771.33345933,18973868.137778103
20211116,96.80431877542651,18943458.943228934,18943555.74754771
20211117,96.80431877542651,18915427.375933684,18915524.18025246
20211118,96.80431877542651,18922456.939465556,18922553.74378433
20211119,96.80431877542651,19015813.1507408,19015909.955059573
20211122,96.80431877542651,18952057.14776945,18952153.952088226
20211123,96.80431877542651,19011350.04348764,19011446.847806413
20211124,96.80431877542651,19023942.16284756,19024038.967166334
20211125,96.80431877542651,19024218.201048147,19024315.00536692
20211126,96.80431877542651,18990142.592757653,18990239.397076428
20211129,96.80431877542651,18937593.627227776,18937690.43154655
20211130,96.80431877542651,18872904.340713605,18873001.14503238
20211201,151.49345673434436,18966126.730295785,18966278.22375252
20211202,151.49345673434436,18955592.132820297,18955743.62627703
20211203,151.49345673434436,18996466.494670123,18996617.98812686
20211206,151.49345673434436,18981424.878301367,18981576.371758103
20211207,151.49345673434436,19062675.413810153,19062826.907266885
20211208,151.49345673434436,19016936.693322346,19017088.18677908
20211209,151.49345673434436,19111135.117184978,19111286.61064171
20211210,151.49345673434436,19042314.217125103,19042465.71058184
20211213,151.49345673434436,18973450.350552686,18973601.84400942
20211214,151.49345673434436,18902236.224328525,18902387.71778526
20211215,151.49345673434436,18902236.224328525,18902387.71778526
20211216,151.49345673434436,18952225.43207278,18952376.925529517
20211217,151.49345673434436,18914409.328140616,18914560.821597353
20211220,151.49345673434436,18899885.964676786,18900037.45813352
20211221,151.49345673434436,19014951.967274606,19015103.460731342
20211222,151.49345673434436,18959335.487205397,18959486.98066213
20211223,151.49345673434436,19024417.471690238,19024568.965146974
20211224,151.49345673434436,18988349.62688306,18988501.120339796
20211227,151.49345673434436,18984099.139626615,18984250.63308335
20211228,151.49345673434436,19066988.18147201,19067139.674928747
20211229,151.49345673434436,19046117.67656252,19046269.170019254
20211230,151.49345673434436,19014139.40585158,19014290.899308316
20211231,151.49345673434436,19020584.429230828,19020735.92268756
20220104,1.3720090372562481,19091265.789942414,19091267.161951452
20220105,1.3720090372562481,19232609.328041695,19232610.700050734
20220106,1.3720090372562481,19157419.545993622,19157420.91800266
20220107,1.3720090372562481,19408365.365693323,19408366.737702362
20220110,1.3720090372562481,19423473.57713109,19423474.949140128
20220111,1.3720090372562481,19531478.10574332,19531479.477752358
20220112,1.3720090372562481,19477147.863193396,19477149.235202435
20220113,1.3720090372562481,19573049.399266116,19573050.771275155
20220114,1.3720090372562481,19255142.909852184,19255144.281861223
20220117,1.3720090372562481,19246075.082597073,19246076.454606112
20220118,1.3720090372562481,19501522.325262018,19501523.697271056
20220119,1.3720090372562481,19491166.44824969,19491167.82025873
20220120,1.3720090372562481,19593170.33197776,19593171.703986797
20220121,1.3720090372562481,19515888.758211363,19515890.130220402
20220124,1.3720090372562481,19454301.40645002,19454302.778459057
20220125,1.3720090372562481,19170947.2640217,19170948.636030737
20220126,1.3720090372562481,19268670.627880253,19268671.99988929
20220127,1.3720090372562481,19234977.427096333,19234978.799105372
20220128,1.3720090372562481,19184236.81937553,19184238.19138457
20220207,227.83329780772328,19514036.438317355,19514264.271615162
20220208,227.83329780772328,19847021.83697154,19847249.670269348
20220209,227.83329780772328,19790917.562840704,19791145.39613851
20220210,227.83329780772328,19942972.99615701,19943200.829454817
20220211,227.83329780772328,19979941.742335513,19980169.57563332
20220214,227.83329780772328,19740908.18853396,19741136.02183177
20220215,227.83329780772328,19634419.91152868,19634647.74482649
20220216,227.83329780772328,19724133.723124325,19724361.556422133
20220217,227.83329780772328,19703019.13208834,19703246.96538615
20220218,227.83329780772328,19840365.515320614,19840593.34861842
20220221,227.83329780772328,19743522.66635328,19743750.49965109
20220222,227.83329780772328,19661414.613066386,19661642.446364194
20220223,227.83329780772328,19603473.723617624,19603701.556915432
20220224,227.83329780772328,19322019.162338484,19322246.99563629
20220225,227.83329780772328,19308953.918941297,19309181.752239104
20220228,227.83329780772328,19294092.415622547,19294320.248920355
20220301,368.4643392688595,19352330.315643203,19352698.77998247
20220302,368.4643392688595,19343849.627608765,19344218.091948032
20220303,368.4643392688595,19451168.1660299,19451536.630369168
20220304,368.4643392688595,19390960.572829552,19391329.03716882
20220307,368.4643392688595,19228757.324256785,19229125.788596053
20220308,368.4643392688595,18974439.039969344,18974807.50430861
20220309,368.4643392688595,18659063.957473345,18659432.421812613
20220310,368.4643392688595,18698180.94837015,18698549.41270942
20220311,368.4643392688595,18797269.053661793,18797637.51800106
20220314,368.4643392688595,18620540.11381811,18620908.578157376
20220315,368.4643392688595,18031432.949176215,18031801.413515482
20220316,368.4643392688595,18306058.36410769,18306426.82844696
20220317,368.4643392688595,18321543.121512882,18321911.58585215
20220318,368.4643392688595,18569533.907855213,18569902.37219448
20220321,368.4643392688595,18421700.154064864,18422068.61840413
20220322,368.4643392688595,18676128.76661937,18676497.230958637
20220323,368.4643392688595,18636179.794408735,18636548.258748002
20220324,368.4643392688595,18622642.280940145,18623010.745279413
20220325,368.4643392688595,18720191.948955353,18720560.41329462
20220328,368.4643392688595,18842101.9119961,18842470.376335368
20220329,368.4643392688595,18860629.744681235,18860998.209020503
20220330,368.4643392688595,18967949.523112275,18968317.987451542
20220331,368.4643392688595,19206580.837602913,19206949.30194218
20220401,170.19852642389014,19371415.69017835,19371585.888704773
20220406,170.19852642389014,19640369.69574437,19640539.894270793
20220407,170.19852642389014,19427866.564481918,19428036.76300834
20220408,170.19852642389014,19508039.585773762,19508209.784300186
20220411,170.19852642389014,19319754.51465596,19319924.713182382
20220412,170.19852642389014,19430537.68236521,19430707.880891632
20220413,170.19852642389014,19363060.748079617,19363230.94660604
20220414,170.19852642389014,19352423.61567993,19352593.814206354
20220415,170.19852642389014,19398902.314499326,19399072.51302575
20220418,170.19852642389014,19118621.61070965,19118791.809236072
20220419,170.19852642389014,19284185.62569824,19284355.824224662
20220420,170.19852642389014,19203199.73185887,19203369.93038529
20220421,170.19852642389014,19142282.950817816,19142453.14934424
20220422,170.19852642389014,19347420.865728088,19347591.06425451
20220425,170.19852642389014,18911628.578384127,18911798.77691055
20220426,170.19852642389014,18827566.317929614,18827736.516456038
20220427,170.19852642389014,18741626.342920072,18741796.541446496
20220428,170.19852642389014,18872037.87899387,18872208.077520292
20220429,170.19852642389014,18958106.798884466,18958276.99741089
20220505,214.06073369272053,18866514.52462385,18866728.58535754
20220506,214.06073369272053,18577762.964543834,18577977.025277525
20220509,214.06073369272053,18609468.197911628,18609682.25864532
20220510,214.06073369272053,18657782.386741508,18657996.447475202
20220511,214.06073369272053,18600001.30679626,18600215.36752995
20220512,214.06073369272053,18548114.22151465,18548328.28224834
20220513,214.06073369272053,18679979.71051942,18680193.771253116
20220516,214.06073369272053,18596837.90072141,18597051.9614551
20220517,214.06073369272053,18594344.86433998,18594558.925073676
20220518,214.06073369272053,18555469.876732465,18555683.93746616
20220519,214.06073369272053,18516594.88912495,18516808.949858643
20220520,214.06073369272053,18596573.29284811,18596787.3535818
20220523,214.06073369272053,18592498.236315727,18592712.297049418
20220524,214.06073369272053,18535022.782718286,18535236.843451977
20220525,214.06073369272053,18557288.814863715,18557502.87559741
20220526,214.06073369272053,18637769.378667526,18637983.439401217
20220527,214.06073369272053,18657806.982304823,18658021.043038517
20220530,214.06073369272053,18553981.160512336,18554195.221246026
20220531,214.06073369272053,18573464.95283973,18573679.013573423
20220601,213.64039024765225,18561293.826203782,18561507.46659403
20220602,213.64039024765225,18573194.064867266,18573407.705257513
20220606,213.64039024765225,18557895.94648726,18558109.586877506
20220607,213.64039024765225,18591897.69693094,18592111.33732119
20220608,213.64039024765225,18597311.13758196,18597524.777972206
20220609,213.64039024765225,18696787.49799541,18697001.138385657
20220610,213.64039024765225,18780797.8289254,18781011.469315648
20220613,213.64039024765225,18669046.966995988,18669260.607386235
20220614,213.64039024765225,18873022.660227854,18873236.3006181
20220615,213.64039024765225,19017605.557279326,19017819.197669573
20220616,213.64039024765225,18837616.4718456,18837830.112235848
20220617,213.64039024765225,18878597.171147417,18878810.811537664
20220620,213.64039024765225,18793676.719761994,18793890.36015224
20220621,213.64039024765225,18924149.540282413,18924363.18067266
20220622,213.64039024765225,18834938.961285334,18835152.60167558
20220623,213.64039024765225,18961190.185911775,18961403.82630202
20220624,213.64039024765225,18933075.392059874,18933289.03245012
20220627,213.64039024765225,18933075.392059874,18933289.03245012
20220628,213.64039024765225,18931586.853057165,18931800.49344741
20220629,213.64039024765225,19016980.951884765,19017194.592275012
20220630,213.64039024765225,19019159.023734983,19019372.66412523
20220701,160.37984653053718,18991834.692080893,18991995.071927425
20220704,160.37984653053718,19004077.00205075,19004237.38189728
20220705,160.37984653053718,19028430.78934063,19028591.169187162
20220706,160.37984653053718,18921526.043248035,18921686.423094567
20220707,160.37984653053718,18893291.140141327,18893451.51998786
20220708,160.37984653053718,18924936.5418922,18925096.921738733
20220711,160.37984653053718,19018544.53077805,19018704.910624582
20220712,160.37984653053718,19104390.391291976,19104550.771138508
20220713,160.37984653053718,18898313.40715195,18898473.78699848
20220714,160.37984653053718,18613214.047089454,18613374.426935986
20220715,160.37984653053718,18548415.004606113,18548575.384452645
20220718,160.37984653053718,18732791.696346678,18732952.07619321
20220719,160.37984653053718,18895621.623422123,18895782.003268655
20220720,160.37984653053718,18984726.232724853,18984886.612571385
20220721,160.37984653053718,18812284.90755886,18812445.28740539
20220722,160.37984653053718,18916397.157455407,18916557.53730194
20220725,160.37984653053718,18967811.757625002,18967972.137471534
20220726,160.37984653053718,19021776.809506536,19021937.189353067
20220727,160.37984653053718,18924316.741719536,18924477.12156607
20220728,160.37984653053718,18933000.27892167,18933160.658768203
20220729,160.37984653053718,18846168.525373776,18846328.905220307
20220801,226.9608376230026,18731222.91561632,18731449.87645394
20220802,226.9608376230026,18525027.441971164,18525254.402808785
20220803,226.9608376230026,18433347.558218963,18433574.519056585
20220804,226.9608376230026,18497080.319111742,18497307.279949363
20220805,226.9608376230026,18599644.470498107,18599871.43133573
20220808,226.9608376230026,18547058.669465307,18547285.63030293
20220809,226.9608376230026,18552557.684866477,18552784.645704098
20220810,226.9608376230026,18552546.260976415,18552773.221814036
20220811,226.9608376230026,18730137.887352336,18730364.848189957
20220812,226.9608376230026,18728046.091490004,18728273.052327625
20220815,226.9608376230026,18600685.643912684,18600912.604750305
20220816,226.9608376230026,18580358.61359838,18580585.574436
20220817,226.9608376230026,18704962.266691223,18705189.227528844
20220818,226.9608376230026,18574337.64402486,18574564.60486248
20220819,226.9608376230026,18586656.98311155,18586883.94394917
20220822,226.9608376230026,18588366.304825995,18588593.265663616
20220823,226.9608376230026,18507442.632573556,18507669.593411177
20220824,226.9608376230026,18486447.45395938,18486674.414797
20220825,226.9608376230026,18560407.758076515,18560634.718914136
20220826,226.9608376230026,18540745.726384357,18540972.687221978
20220829,226.9608376230026,18545331.62450535,18545558.58534297
20220830,226.9608376230026,18637022.93214761,18637249.892985232
20220831,226.9608376230026,18707847.117310107,18708074.078147728
20220901,215.2204060028307,18761616.13119834,18761831.351604342
20220902,215.2204060028307,18742806.317938164,18743021.538344167
20220905,215.2204060028307,18876723.92946142,18876939.149867423
20220906,215.2204060028307,18855509.68519385,18855724.905599855
20220907,215.2204060028307,18790943.419755775,18791158.64016178
20220908,215.2204060028307,18850045.637287926,18850260.85769393
20220909,215.2204060028307,18977013.068198524,18977228.288604528
20220913,215.2204060028307,18996728.815070704,18996944.035476707
20220914,215.2204060028307,18888828.127485476,18889043.34789148
20220915,215.2204060028307,18974318.100720584,18974533.321126588
20220916,215.2204060028307,18664852.676540177,18665067.89694618
20220919,215.2204060028307,18732759.27030967,18732974.490715675
20220920,215.2204060028307,18642710.30893429,18642925.529340293
20220921,215.2204060028307,18725460.44765841,18725675.66806441
20220922,215.2204060028307,18733660.84343332,18733876.063839324
20220923,215.2204060028307,18819731.889609516,18819947.11001552
20220926,215.2204060028307,18566337.438133378,18566552.65853938
20220927,215.2204060028307,18605763.697543032,18605978.917949036
20220928,215.2204060028307,18583300.829754584,18583516.050160587
20220929,215.2204060028307,18407521.690255903,18407736.910661906
20220930,215.2204060028307,18462373.055141687,18462588.27554769
20221010,361.49895228807145,18431823.06105571,18432184.560007997
20221011,361.49895228807145,18420249.551192302,18420611.05014459
20221012,361.49895228807145,18529376.29172116,18529737.79067345
20221013,361.49895228807145,18408724.56294229,18409086.061894577
20221014,361.49895228807145,18510488.61532208,18510850.114274368
20221017,361.49895228807145,18483188.283186015,18483549.782138303
20221018,361.49895228807145,18460040.93956241,18460402.4385147
20221019,361.49895228807145,18355756.70708079,18356118.206033077
20221020,361.49895228807145,18397123.07065966,18397484.569611948
20221021,361.49895228807145,18355079.062945284,18355440.561897572
20221024,361.49895228807145,18052423.07620827,18052784.57516056
20221025,361.49895228807145,17971762.025564123,17972123.52451641
20221026,361.49895228807145,17951690.044342637,17952051.543294925
20221027,361.49895228807145,17947622.871451266,17947984.370403554
20221028,361.49895228807145,17801426.404678963,17801787.90363125
20221031,361.49895228807145,17731513.339319073,17731874.83827136
20221101,208.24616001552204,17916260.108580068,17916468.354740083
20221102,208.24616001552204,17944640.49516707,17944848.741327085
20221103,208.24616001552204,17851150.49057456,17851358.736734577
20221104,208.24616001552204,18057137.828796145,18057346.07495616
20221107,208.24616001552204,18055482.90564676,18055691.151806775
20221108,208.24616001552204,18072112.12205179,18072320.368211806
20221109,208.24616001552204,18055064.796561483,18055273.0427215
20221110,208.24616001552204,18076973.761234004,18077182.00739402
20221111,208.24616001552204,18337716.7286662,18337924.974826217
20221114,208.24616001552204,18458896.9103182,18459105.156478215
20221115,208.24616001552204,18523961.38790659,18524169.634066604
20221116,208.24616001552204,18455168.954934154,18455377.20109417
20221117,208.24616001552204,18419999.550282117,18420207.796442132
20221118,208.24616001552204,18316641.198960066,18316849.44512008
20221121,208.24616001552204,18279362.57980079,18279570.825960804
20221122,208.24616001552204,18546641.299809605,18546849.54596962
20221123,208.24616001552204,18723322.692717325,18723530.93887734
20221124,208.24616001552204,18668710.857915882,18668919.104075897
20221125,208.24616001552204,18992790.090980414,18992998.33714043
20221128,208.24616001552204,18828911.305101626,18829119.55126164
20221129,208.24616001552204,19233166.92847901,19233375.174639024
20221130,208.24616001552204,19170778.969427697,19170987.215587713
20221201,26.727824449539185,19092534.852994315,19092561.580818765
20221202,26.727824449539185,19065701.379828133,19065728.107652582
20221205,26.727824449539185,19323974.322123855,19324001.049948305
20221206,26.727824449539185,19350035.628009368,19350062.355833817
20221207,26.727824449539185,19287808.37873211,19287835.10655656
20221208,26.727824449539185,19429350.536660127,19429377.264484577
20221209,26.727824449539185,19350001.609665968,19350028.337490417
20221212,26.727824449539185,19173153.14199671,19173179.86982116
20221213,26.727824449539185,19309810.870582186,19309837.598406635
20221214,26.727824449539185,19301097.607962918,19301124.335787367
20221215,26.727824449539185,19172140.548671834,19172167.276496284
20221216,26.727824449539185,19373036.65268945,19373063.3805139
20221219,26.727824449539185,19117492.48397573,19117519.21180018
20221220,26.727824449539185,18961820.89284944,18961847.62067389
20221221,26.727824449539185,18958591.30933049,18958618.03715494
20221222,26.727824449539185,19010091.62645133,19010118.354275778
20221223,26.727824449539185,18965605.262497272,18965631.990321722
20221226,26.727824449539185,18881168.58550364,18881195.31332809
20221227,26.727824449539185,19098173.773913283,19098200.501737732
20221228,26.727824449539185,19166795.76875103,19166822.49657548
20221229,26.727824449539185,19084816.50799568,19084843.23582013
20221230,26.727824449539185,19200591.762274325,19200618.490098774
20230103,252.1926463865202,19169279.73493475,19169531.92758114
20230104,252.1926463865202,19396111.37365292,19396363.566299308
20230105,252.1926463865202,19355731.404890046,19355983.597536433
20230106,252.1926463865202,19325937.78515955,19326189.97780594
20230109,252.1926463865202,19283888.458507504,19284140.651153892
20230110,252.1926463865202,19182955.15485074,19183207.347497128
20230111,252.1926463865202,19247329.38246338,19247581.57510977
20230112,252.1926463865202,19242715.211629014,19242967.404275402
20230113,252.1926463865202,19409431.555340074,19409683.747986462
20230116,252.1926463865202,19332119.70372709,19332371.896373477
20230117,252.1926463865202,19331764.465498257,19332016.658144645
20230118,252.1926463865202,19371648.375294957,19371900.567941345
20230119,252.1926463865202,19420582.88297081,19420835.075617198
20230120,252.1926463865202,19432259.72926824,19432511.92191463
20230130,252.1926463865202,19432697.76915502,19432949.96180141
20230131,252.1926463865202,19374118.225301135,19374370.417947523
20230201,19.79553057027806,19415538.066428266,19415557.861958835
20230202,19.79553057027806,19386388.41000452,19386408.205535088
20230203,19.79553057027806,19334398.14755164,19334417.94308221
20230206,19.79553057027806,19315789.81699849,19315809.612529058
20230207,19.79553057027806,19330005.406378843,19330025.20190941
20230208,19.79553057027806,19338101.854932263,19338121.650462832
20230209,19.79553057027806,19411257.87023339,19411277.66576396
20230210,19.79553057027806,19460424.70352985,19460444.49906042
20230213,19.79553057027806,19397928.295594547,19397948.091125116
20230214,19.79553057027806,19384486.175977778,19384505.971508346
20230215,19.79553057027806,19356597.640507497,19356617.436038066
20230216,19.79553057027806,19340742.378334425,19340762.173864994
20230217,19.79553057027806,19355333.073926732,19355352.8694573
20230220,19.79553057027806,19550697.10195751,19550716.89748808
20230221,19.79553057027806,19556273.599494018,19556293.395024586
20230222,19.79553057027806,19493398.639719464,19493418.435250033
20230223,19.79553057027806,19513303.271614246,19513323.067144815
20230224,19.79553057027806,19478807.944127154,19478827.739657722
20230227,19.79553057027806,19420130.07944041,19420149.87497098
20230228,19.79553057027806,19558308.190211065,19558327.985741634
20230301,244.56981592159718,19594755.270968243,19594999.840784166
20230302,244.56981592159718,19656680.403852783,19656924.973668706
20230303,244.56981592159718,19835056.13151104,19835300.701326963
20230306,244.56981592159718,19791744.510851346,19791989.08066727
20230307,244.56981592159718,19963661.201352872,19963905.771168794
20230308,244.56981592159718,20022646.040683366,20022890.61049929
20230309,244.56981592159718,19965397.516075015,19965642.085890938
20230310,244.56981592159718,19724932.150108807,19725176.71992473
20230313,244.56981592159718,19925085.516356118,19925330.08617204
20230314,244.56981592159718,19873624.65797595,19873869.227791872
20230315,244.56981592159718,20050520.804652277,20050765.3744682
20230316,244.56981592159718,20182935.208838657,20183179.77865458
20230317,244.56981592159718,20232849.864311755,20233094.434127677
20230320,244.56981592159718,20297688.045001753,20297932.614817675
20230321,244.56981592159718,20063846.221615687,20064090.79143161
20230322,244.56981592159718,20287480.640244145,20287725.210060067
20230323,244.56981592159718,20325845.705659084,20326090.275475007
20230324,244.56981592159718,20145944.282860495,20146188.852676418
20230327,244.56981592159718,20023488.10773839,20023732.677554313
20230328,244.56981592159718,20167057.02576751,20167301.59558343
20230329,244.56981592159718,20148101.289467484,20148345.859283406
20230330,244.56981592159718,20210237.041933835,20210481.611749757
20230331,244.56981592159718,20220622.029336657,20220866.59915258
20230403,432.7176186651923,20215725.371174973,20216158.08879364
20230404,432.7176186651923,20316267.296989925,20316700.01460859
20230406,432.7176186651923,20248404.95501942,20248837.672638085
20230407,432.7176186651923,20248404.95501942,20248837.672638085
20230410,432.7176186651923,20188507.902526077,20188940.620144743
20230411,432.7176186651923,20214283.011737622,20214715.72935629
20230412,432.7176186651923,20324560.811494447,20324993.529113114
20230413,432.7176186651923,20455526.849442046,20455959.567060713
20230414,432.7176186651923,20452538.998724435,20452971.7163431
20230417,432.7176186651923,20669062.241643257,20669494.959261924
20230418,432.7176186651923,20866402.44054464,20866835.158163305
20230419,432.7176186651923,21002063.5138038,21002496.231422465
20230420,432.7176186651923,21105103.089427922,21105535.80704659
20230421,432.7176186651923,20868726.83659965,20869159.55421832
20230424,432.7176186651923,20910969.534010284,20911402.25162895
20230425,432.7176186651923,21166529.324234482,21166962.04185315
20230426,432.7176186651923,20999879.331946697,21000312.049565364
20230427,432.7176186651923,21098004.020979855,21098436.73859852
20230428,432.7176186651923,21228717.87228135,21229150.589900017
20230504,154.7781835901842,22229345.672304936,22229500.450488526
20230505,154.7781835901842,22398083.04382053,22398237.82200412
20230508,154.7781835901842,23403890.402909603,23404045.181093194
20230509,154.7781835901842,23194472.552862223,23194627.331045814
20230510,154.7781835901842,22540665.126887407,22540819.905070998
20230511,154.7781835901842,22505886.440493155,22506041.218676746
20230512,154.7781835901842,22440600.53568347,22440755.313867062
20230515,154.7781835901842,22592894.874361414,22593049.652545005
20230516,154.7781835901842,22543365.624095436,22543520.402279027
20230517,154.7781835901842,22382392.861008983,22382547.639192574
20230518,154.7781835901842,22583220.905422945,22583375.683606535
20230519,154.7781835901842,22253927.302260898,22254082.08044449
20230522,154.7781835901842,22257687.562778883,22257842.340962473
20230523,154.7781835901842,21888084.473925926,21888239.252109516
20230524,154.7781835901842,21472963.550623886,21473118.328807477
20230525,154.7781835901842,21480741.262155037,21480896.040338628
20230526,154.7781835901842,21585070.666751657,21585225.444935247
20230529,154.7781835901842,21730515.761500906,21730670.539684497
20230530,154.7781835901842,21651445.27641544,21651600.05459903
20230531,154.7781835901842,21615373.78134366,21615528.559527252
20230601,67.8420943842575,21477088.123894133,21477155.965988517
20230602,67.8420943842575,21668420.999767523,21668488.841861907
20230605,67.8420943842575,21772319.93581199,21772387.777906373
20230606,67.8420943842575,21693031.012260895,21693098.85435528
20230607,67.8420943842575,21872404.97509181,21872472.817186195
20230608,67.8420943842575,22185379.578227185,22185447.42032157
20230609,67.8420943842575,22129333.75219836,22129401.594292745
20230612,67.8420943842575,21840906.308718566,21840974.15081295
20230613,67.8420943842575,21919188.594222695,21919256.43631708
20230614,67.8420943842575,21629182.761510696,21629250.60360508
20230615,67.8420943842575,21718949.463633038,21719017.305727422
20230616,67.8420943842575,21694438.274593472,21694506.116687857
20230619,67.8420943842575,21442341.871344134,21442409.71343852
20230620,67.8420943842575,21337614.316962257,21337682.15905664
20230621,67.8420943842575,21258595.25415593,21258663.096250314
20230626,67.8420943842575,21010020.106527418,21010087.948621802
20230627,67.8420943842575,21159035.32692234,21159103.169016723
20230628,67.8420943842575,21215746.816403527,21215814.65849791
20230629,67.8420943842575,21143937.267289966,21144005.10938435
20230630,67.8420943842575,21327357.92392694,21327425.766021322
20230703,299.8370114071877,21549304.32890206,21549604.165913466
20230704,299.8370114071877,21413892.079340756,21414191.916352164
20230705,299.8370114071877,21374484.76157908,21374784.59859049
20230706,299.8370114071877,21285260.171773106,21285560.008784514
20230707,299.8370114071877,21319824.528015926,21320124.365027335
20230710,299.8370114071877,21303467.342945945,21303767.179957353
20230711,299.8370114071877,21406896.3154363,21407196.152447708
20230712,299.8370114071877,21410960.64718,21411260.484191407
20230713,299.8370114071877,21663528.934274696,21663828.771286104
20230714,299.8370114071877,21701772.214637883,21702072.05164929
20230717,299.8370114071877,21665155.029984582,21665454.86699599
20230718,299.8370114071877,21638555.832182366,21638855.669193774
20230719,299.8370114071877,21796291.153344892,21796590.9903563
20230720,299.8370114071877,21797363.41621355,21797663.253224958
20230721,299.8370114071877,21829610.29934186,21829910.13635327
20230724,299.8370114071877,21912141.54171151,21912441.378722917
20230725,299.8370114071877,22178329.382711366,22178629.219722774
20230726,299.8370114071877,22209741.551218286,22210041.388229694
20230727,299.8370114071877,22319943.147740804,22320242.98475221
20230728,299.8370114071877,22833744.970851947,22834044.807863355
20230731,299.8370114071877,23101226.148766197,23101525.985777605
20230801,345.562377643575,23072631.806547545,23072977.368925188
20230802,345.562377643575,22793883.49299541,22794229.055373054
20230803,345.562377643575,23083719.159282826,23084064.72166047
20230804,345.562377643575,23193576.8053147,23193922.367692344
20230807,345.562377643575,22971044.461204693,22971390.023582336
20230808,345.562377643575,22926239.24309486,22926584.805472504
20230809,345.562377643575,22950645.783943914,22950991.346321557
20230810,345.562377643575,22995733.27474472,22996078.837122362
20230811,345.562377643575,22615665.506406885,22616011.068784527
20230814,345.562377643575,22443125.790397514,22443471.352775156
20230815,345.562377643575,22651015.067853987,22651360.63023163
20230816,345.562377643575,22878550.51926136,22878896.081639003
20230817,345.562377643575,22647624.70969663,22647970.27207427
20230818,345.562377643575,22752945.623478256,22753291.1858559
20230821,345.562377643575,22488376.336177275,22488721.898554917
20230822,345.562377643575,22568229.30913953,22568574.871517174
20230823,345.562377643575,22534129.95175003,22534475.51412767
20230824,345.562377643575,22511409.19489175,22511754.757269394
20230825,345.562377643575,22661602.206948012,22661947.769325655
20230828,345.562377643575,22824404.275313586,22824749.83769123
20230829,345.562377643575,22526509.38267711,22526854.945054755
20230830,345.562377643575,22273858.285083644,22274203.847461287
20230831,345.562377643575,22292050.45969616,22292396.0220738
20230901,222.82830130796356,22469011.107746866,22469233.936048172
20230904,222.82830130796356,22945175.675751045,22945398.504052352
20230905,222.82830130796356,22723467.806769013,22723690.63507032
20230906,222.82830130796356,22759916.281311616,22760139.109612923
20230907,222.82830130796356,22699040.629738607,22699263.458039913
20230908,222.82830130796356,22636693.973246045,22636916.801547352
20230911,222.82830130796356,22824484.599614255,22824707.427915562
20230912,222.82830130796356,22721092.34873596,22721315.177037265
20230913,222.82830130796356,22767796.82087336,22768019.649174668
20230914,222.82830130796356,22973086.985821653,22973309.81412296
20230915,222.82830130796356,22908499.08755874,22908721.915860046
20230918,222.82830130796356,22924383.27791955,22924606.106220856
20230919,222.82830130796356,23061928.52078118,23062151.34908249
20230920,222.82830130796356,23134394.829372883,23134617.65767419
20230921,222.82830130796356,23061831.18717643,23062054.015477736
20230922,222.82830130796356,23136209.5249651,23136432.353266407
20230925,222.82830130796356,23250910.15420358,23251132.982504886
20230926,222.82830130796356,23261847.322985843,23262070.15128715
20230927,222.82830130796356,23109735.95434063,23109958.782641936
20230928,222.82830130796356,23165490.921998367,23165713.750299674
20231009,104.26307134982198,23109216.88647696,23109321.14954831
20231010,104.26307134982198,23037291.365384005,23037395.628455356
20231011,104.26307134982198,22946754.343587436,22946858.606658787
20231012,104.26307134982198,23401811.64209965,23401915.905171
20231013,104.26307134982198,23549667.395487703,23549771.658559054
20231016,104.26307134982198,23583223.69703096,23583327.960102312
20231017,104.26307134982198,23688328.049084276,23688432.312155627
20231018,104.26307134982198,23564276.782670733,23564381.045742083
20231019,104.26307134982198,22974786.656308528,22974890.91937988
20231020,104.26307134982198,22975462.43626468,22975566.69933603
20231023,104.26307134982198,22858754.028737277,22858858.291808628
20231024,104.26307134982198,22711976.58311325,22712080.8461846
20231025,104.26307134982198,22819590.398995697,22819694.66206705
20231026,104.26307134982198,23104683.720811423,23104787.983882774
20231027,104.26307134982198,23120445.39138636,23120549.65445771
20231030,104.26307134982198,22788730.886153523,22788835.149224874
20231031,104.26307134982198,23029450.858129557,23029555.121200908
20231101,214.7522839223966,23006879.584859807,23007094.33714373
20231102,214.7522839223966,23183032.357953742,23183247.110237665
20231103,214.7522839223966,23044492.351176884,23044707.103460807
20231106,214.7522839223966,23002981.77936303,23003196.531646952
20231107,214.7522839223966,22954831.014858045,22955045.767141968
20231108,214.7522839223966,22900760.165977012,22900974.918260936
20231109,214.7522839223966,22939433.484574202,22939648.236858126
20231110,214.7522839223966,22798058.768448245,22798273.520732168
20231113,214.7522839223966,22726240.249275878,22726455.0015598
20231114,214.7522839223966,22737240.541737013,22737455.294020936
20231115,214.7522839223966,22785216.337051295,22785431.089335218
20231116,214.7522839223966,22779078.589125186,22779293.34140911
20231117,214.7522839223966,22653936.49437517,22654151.246659093
20231120,214.7522839223966,22726434.5027993,22726649.255083222
20231121,214.7522839223966,22817040.742234506,22817255.49451843
20231122,214.7522839223966,22814668.524973832,22814883.277257755
20231123,214.7522839223966,22825883.270730734,22826098.023014657
20231124,214.7522839223966,22864996.420794077,22865211.173078
20231127,214.7522839223966,22792362.76124905,22792577.513532974
20231128,214.7522839223966,22788098.193888083,22788312.946172006
20231129,214.7522839223966,22615747.52784662,22615962.280130543
20231130,214.7522839223966,22748457.22853461,22748671.980818532
20231201,215.54756060874206,22880543.659976177,22880759.207536787
20231204,215.54756060874206,22960386.488142405,22960602.035703015
20231205,215.54756060874206,22625339.921329215,22625555.468889825
20231206,215.54756060874206,22439088.670473196,22439304.218033805
20231207,215.54756060874206,22549760.98519238,22549976.53275299
20231208,215.54756060874206,22488615.787411503,22488831.334972113
20231211,215.54756060874206,22672821.812517457,22673037.360078067
20231212,215.54756060874206,22879129.2034871,22879344.751047708
20231213,215.54756060874206,22690518.889697924,22690734.437258534
20231214,215.54756060874206,22607745.409721196,22607960.957281806
20231215,215.54756060874206,22458936.474154327,22459152.021714937
20231218,215.54756060874206,22528986.589274958,22529202.136835568
20231219,215.54756060874206,22539260.709676623,22539476.257237233
20231220,215.54756060874206,22507051.82813517,22507267.37569578
20231221,215.54756060874206,22462454.666879013,22462670.214439623
20231222,215.54756060874206,22557474.396016303,22557689.943576913
20231225,215.54756060874206,22606862.910083566,22607078.457644176
20231226,215.54756060874206,22626162.266378798,22626377.813939407
20231227,215.54756060874206,22693081.485647075,22693297.033207685
20231228,215.54756060874206,22796017.870381784,22796233.417942394
20231229,215.54756060874206,23186255.58612788,23186471.13368849
20240102,317.31531459093094,22798436.865831647,22798754.181146238
20240103,317.31531459093094,22970018.98261123,22970336.297925822
20240104,317.31531459093094,23065704.050910905,23066021.366225496
20240105,317.31531459093094,23323698.626051337,23324015.941365927
20240108,317.31531459093094,23222917.648448087,23223234.96376268
20240109,317.31531459093094,23299707.31427954,23300024.629594132
20240110,317.31531459093094,23215060.53091988,23215377.84623447
20240111,317.31531459093094,23159048.412006103,23159365.727320693
20240112,317.31531459093094,23341954.88509757,23342272.20041216
20240115,317.31531459093094,23500196.49975934,23500513.81507393
20240116,317.31531459093094,23818747.061908253,23819064.377222843
20240117,317.31531459093094,23722242.269519635,23722559.584834225
20240118,317.31531459093094,23661083.054282814,23661400.369597405
20240119,317.31531459093094,23600243.885361996,23600561.200676586
20240122,317.31531459093094,23298402.549659964,23298719.864974555
20240123,317.31531459093094,23354260.880308907,23354578.1956235
20240124,317.31531459093094,23798344.06607738,23798661.381391972
20240125,317.31531459093094,24078766.136606727,24079083.451921318
20240126,317.31531459093094,24454536.017044406,24454853.332358997
20240129,317.31531459093094,24719972.900191918,24720290.21550651
20240130,317.31531459093094,24395469.184748564,24395786.500063155
20240131,317.31531459093094,24462451.93242587,24462769.247740462
20240201,264.8100159247988,24244610.82270042,24244875.632716343
20240202,264.8100159247988,24269101.025217734,24269365.83523366
20240205,264.8100159247988,24368677.17284012,24368941.982856043
20240206,264.8100159247988,24688180.85523558,24688445.665251505
20240207,264.8100159247988,24519901.394374616,24520166.20439054
20240208,264.8100159247988,24392382.633262884,24392647.44327881
20240219,264.8100159247988,24778633.165414486,24778897.97543041
20240220,264.8100159247988,25048716.028761044,25048980.83877697
20240221,264.8100159247988,25493796.91040178,25494061.720417704
20240222,264.8100159247988,25532926.79843638,25533191.608452305
20240223,264.8100159247988,25795634.75000256,25795899.560018484
20240226,264.8100159247988,25117605.854356285,25117870.66437221
20240227,264.8100159247988,25115096.43056325,25115361.240579173
20240228,264.8100159247988,25148827.678777445,25149092.48879337
20240229,264.8100159247988,25209858.234253474,25210123.044269398
20240301,146.6386203885013,25224284.48493228,25224431.12355267
20240304,146.6386203885013,25066658.263528764,25066804.902149152
20240305,146.6386203885013,25466389.033743452,25466535.67236384
20240306,146.6386203885013,25370128.00938467,25370274.648005057
20240307,146.6386203885013,25519003.88192779,25519150.520548176
20240308,146.6386203885013,25571673.846765034,25571820.48538542
20240311,146.6386203885013,25440926.592263136,25441073.230883524
20240312,146.6386203885013,25148047.781515915,25148194.420136303
20240313,146.6386203885013,25096039.876457624,25096186.515078012
20240314,146.6386203885013,25102163.094021864,25102309.732642252
20240315,146.6386203885013,25515504.147517,25515650.786137387
20240318,146.6386203885013,25417324.033503033,25417470.67212342
20240319,146.6386203885013,25245825.969412737,25245972.608033124
20240320,146.6386203885013,25371593.87015421,25371740.508774597
20240321,146.6386203885013,25626776.497990005,25626923.136610392
20240322,146.6386203885013,25634688.383194312,25634835.0218147
20240325,146.6386203885013,25742853.646706372,25743000.28532676
20240326,146.6386203885013,25994267.905987166,25994414.544607554
20240327,146.6386203885013,26106343.964818023,26106490.60343841
20240328,146.6386203885013,25654918.237795286,25655064.876415674
20240329,146.6386203885013,25631707.044616923,25631853.68323731
20240401,410.4228069866076,25830133.017350946,25830543.44015793
20240402,410.4228069866076,25942063.893535268,25942474.316342253
20240403,410.4228069866076,25861483.224792756,25861893.64759974
20240408,410.4228069866076,25918696.987998985,25919107.41080597
20240409,410.4228069866076,25813465.28804197,25813875.710848957
20240410,410.4228069866076,25835977.58659868,25836388.009405665
20240411,410.4228069866076,25843477.837481655,25843888.26028864
20240412,410.4228069866076,25606144.231372096,25606554.65417908
20240415,410.4228069866076,26034277.786427014,26034688.209234
20240416,410.4228069866076,25879659.875735354,25880070.29854234
20240417,410.4228069866076,26329545.43245448,26329955.855261467
20240418,410.4228069866076,26519932.619719066,26520343.04252605
20240419,410.4228069866076,26548506.169072606,26548916.59187959
20240422,410.4228069866076,26352342.30770617,26352752.730513155
20240423,410.4228069866076,26254715.390666917,26255125.813473903
20240424,410.4228069866076,26295784.022703152,26296194.445510138
20240425,410.4228069866076,26570776.821342696,26571187.24414968
20240426,410.4228069866076,26420603.323250443,26421013.74605743
20240429,410.4228069866076,26543509.884811863,26543920.30761885
20240430,410.4228069866076,26765836.059054993,26766246.48186198
20240506,294.9930899076694,26713250.160091624,26713545.15318153
20240507,294.9930899076694,26586742.911935024,26587037.90502493
20240508,294.9930899076694,26585098.226534724,26585393.21962463
20240509,294.9930899076694,26674533.790353723,26674828.78344363
20240510,294.9930899076694,26896993.484817494,26897288.4779074
20240513,294.9930899076694,27093703.283742845,27093998.276832752
20240514,294.9930899076694,27027473.55343088,27027768.54652079
20240515,294.9930899076694,27005755.027903635,27006050.020993542
20240516,294.9930899076694,27354523.185983025,27354818.17907293
20240517,294.9930899076694,27785754.82076867,27786049.813858576
20240520,294.9930899076694,27694240.857395038,27694535.850484945
20240521,294.9930899076694,27932399.78968702,27932694.782776926
20240522,294.9930899076694,28285084.65732543,28285379.65041534
20240523,294.9930899076694,28132318.615923397,28132613.609013304
20240524,294.9930899076694,27981117.683931015,27981412.677020922
20240527,294.9930899076694,28310396.985596288,28310691.978686195
20240528,294.9930899076694,28212840.7101259,28213135.703215808
20240529,294.9930899076694,27987158.53966704,27987453.532756947
20240530,294.9930899076694,27780435.31325917,27780730.306349076
20240531,294.9930899076694,27793503.947151862,27793798.94024177
20240603,367.1243537808077,27464107.609700896,27464474.734054677
20240604,367.1243537808077,27571811.454870854,27572178.579224635
20240605,367.1243537808077,27160959.523033217,27161326.647386998
20240606,367.1243537808077,27017771.085327163,27018138.209680945
20240607,367.1243537808077,27318716.460251547,27319083.58460533
20240611,367.1243537808077,26875770.625623565,26876137.749977347
20240612,367.1243537808077,26866726.243971664,26867093.368325446
20240613,367.1243537808077,26582837.914918028,26583205.03927181
20240614,367.1243537808077,26628238.66159841,26628605.78595219
20240617,367.1243537808077,26270082.832219392,26270449.956573173
20240618,367.1243537808077,26367495.15913729,26367862.28349107
20240619,367.1243537808077,26509914.70618204,26510281.83053582
20240620,367.1243537808077,26336079.848780934,26336446.973134715
20240621,367.1243537808077,26360366.818810478,26360733.94316426
20240624,367.1243537808077,26243195.345286597,26243562.469640378
20240625,367.1243537808077,26370766.14103607,26371133.265389852
20240626,367.1243537808077,26534692.699722394,26535059.824076176
20240627,367.1243537808077,26788899.886840157,26789267.01119394
20240628,367.1243537808077,27089451.961970054,27089819.086323835
20240701,146.1749938049179,27344990.515741568,27345136.690735374
20240702,146.1749938049179,27782327.435591117,27782473.610584922
20240703,146.1749938049179,27746116.012381226,27746262.18737503
20240704,146.1749938049179,27696065.09222099,27696211.267214797
20240705,146.1749938049179,27226984.13863031,27227130.313624114
20240708,146.1749938049179,27242313.44853232,27242459.623526126
20240709,146.1749938049179,27410229.02652635,27410375.201520156
20240710,146.1749938049179,27546242.893018365,27546389.06801217
20240711,146.1749938049179,27366221.258240473,27366367.433234278
20240712,146.1749938049179,27841962.497383066,27842108.67237687
20240715,146.1749938049179,28072690.16266481,28072836.337658614
20240716,146.1749938049179,28054977.273417868,28055123.448411673
20240717,146.1749938049179,28229141.99351198,28229288.168505784
20240718,146.1749938049179,28134417.755034346,28134563.93002815
20240719,146.1749938049179,28002131.73648961,28002277.911483414
20240722,146.1749938049179,27561385.37584488,27561531.550838687
20240723,146.1749938049179,27530576.072104357,27530722.247098163
20240724,146.1749938049179,27403945.28052336,27404091.455517165
20240725,146.1749938049179,26937462.09814468,26937608.273138486
20240726,146.1749938049179,26637013.527338136,26637159.70233194
20240729,146.1749938049179,27190496.696205273,27190642.87119908
20240730,146.1749938049179,26971789.62546566,26971935.800459467
20240731,146.1749938049179,27039015.03868989,27039161.213683695
20240801,223.74736107793797,27076460.659854054,27076684.407215133
20240802,223.74736107793797,26922179.41074081,26922403.15810189
20240805,223.74736107793797,26608716.629956976,26608940.377318054
20240806,223.74736107793797,26527578.175878033,26527801.923239112
20240807,223.74736107793797,26512261.19963269,26512484.94699377
20240808,223.74736107793797,26504535.452731304,26504759.200092383
20240809,223.74736107793797,26541150.241607442,26541373.98896852
20240812,223.74736107793797,26286654.629682086,26286878.377043165
20240813,223.74736107793797,26447373.37575853,26447597.123119608
20240814,223.74736107793797,26362073.06879343,26362296.81615451
20240815,223.74736107793797,26728234.642968018,26728458.390329096
20240816,223.74736107793797,26909614.31124202,26909838.0586031
20240819,223.74736107793797,27301558.167217776,27301781.914578855
20240820,223.74736107793797,27202210.337249525,27202434.084610604
20240821,223.74736107793797,26990357.6121613,26990581.35952238
20240822,223.74736107793797,27116917.495391246,27117141.242752325
20240823,223.74736107793797,27069763.813361812,27069987.56072289
20240826,223.74736107793797,27114527.691852253,27114751.43921333
20240827,223.74736107793797,27002535.258958414,27002759.006319493
20240828,223.74736107793797,26718687.280061044,26718911.027422123
20240829,223.74736107793797,25976275.893796343,25976499.641157422
20240830,223.74736107793797,25897539.662981164,25897763.410342243
20240902,301.2390927198794,25900558.848643918,25900860.087736636
20240903,301.2390927198794,25626286.986082062,25626588.22517478
20240904,301.2390927198794,25523560.15841755,25523861.397510268
20240905,301.2390927198794,25612574.421691455,25612875.660784174
20240906,301.2390927198794,25605727.620153487,25606028.859246206
20240909,301.2390927198794,25130226.740205105,25130527.979297824
20240910,301.2390927198794,25236956.204291835,25237257.443384554
20240911,301.2390927198794,24615402.32799142,24615703.567084137
20240912,301.2390927198794,24740637.155699603,24740938.394792322
20240913,301.2390927198794,24600316.358946405,24600617.598039124
20240918,301.2390927198794,24750192.33380526,24750493.572897978
20240919,301.2390927198794,24937644.462458223,24937945.701550942
20240920,301.2390927198794,25037376.223413512,25037677.46250623
20240923,301.2390927198794,25472054.724622797,25472355.963715516
20240924,301.2390927198794,26366634.02871214,26366935.267804857
20240925,301.2390927198794,27261555.100372873,27261856.339465592
20240926,301.2390927198794,28643764.26921338,28644065.508306097
20240927,301.2390927198794,28945270.721234515,28945571.960327234
20240930,301.2390927198794,30815653.132302918,30815954.371395636
20241008,342.9504309371114,32014010.654791016,32014353.605221953
20241009,342.9504309371114,29760823.73861903,29761166.689049967
20241010,342.9504309371114,30861133.940125175,30861476.890556112
20241011,342.9504309371114,30287957.662553776,30288300.612984713
20241014,342.9504309371114,31315270.37031724,31315613.320748176
20241015,342.9504309371114,30587358.36680691,30587701.317237847
20241016,342.9504309371114,31253984.424459733,31254327.37489067
20241017,342.9504309371114,30810537.746467207,30810880.696898144
20241018,342.9504309371114,30839249.825172205,30839592.77560314
20241021,342.9504309371114,30572925.159632068,30573268.110063005
20241022,342.9504309371114,30464297.442241993,30464640.39267293
20241023,342.9504309371114,30520796.42818014,30521139.378611077
20241024,342.9504309371114,30422904.14186773,30423247.092298668
20241025,342.9504309371114,30217934.448143527,30218277.398574464
20241028,342.9504309371114,30078348.673862115,30078691.62429305
20241029,342.9504309371114,30019436.550558276,30019779.500989214
20241030,342.9504309371114,29683561.039071668,29683903.989502605
20241031,342.9504309371114,29865809.82129704,29866152.771727975
20241101,1.776573413200822,29980402.361518204,29980404.138091616
20241104,1.776573413200822,30174314.058762986,30174315.8353364
20241105,1.776573413200822,30511129.355535273,30511131.132108685
20241106,1.776573413200822,30203192.194695633,30203193.971269045
20241107,1.776573413200822,30879940.56585366,30879942.34242707
20241108,1.776573413200822,30450835.960504163,30450837.737077575
20241111,1.776573413200822,30219219.300665513,30219221.077238925
20241112,1.776573413200822,30022499.092360355,30022500.868933767
20241113,1.776573413200822,30204679.55067242,30204681.32724583
20241114,1.776573413200822,30025554.68086207,30025556.45743548
20241115,1.776573413200822,30019888.68509801,30019890.461671423
20241118,1.776573413200822,31509927.341034334,31509929.117607746
20241119,1.776573413200822,31743831.739451986,31743833.516025398
20241120,1.776573413200822,31400631.77497668,31400633.55155009
20241121,1.776573413200822,31163411.01025927,31163412.786832683
20241122,1.776573413200822,30316397.10648357,30316398.883056983
20241125,1.776573413200822,30463182.397826575,30463184.174399987
20241126,1.776573413200822,30687465.863576323,30687467.640149735
20241127,1.776573413200822,31031793.876769643,31031795.653343055
20241128,1.776573413200822,31010600.867080394,31010602.643653806
20241129,1.776573413200822,31169761.09002152,31169762.866594933
20241202,527.7736606266408,31094658.469514564,31095186.24317519
20241203,527.7736606266408,31558392.045311626,31558919.818972252
20241204,527.7736606266408,31567377.264912166,31567905.038572792
20241205,527.7736606266408,31425509.08993087,31426036.863591496
20241206,527.7736606266408,31809689.102994144,31810216.87665477
20241209,527.7736606266408,31972345.65664018,31972873.430300806
20241210,527.7736606266408,32128313.744769417,32128841.518430043
20241211,527.7736606266408,31805192.974342216,31805720.748002842
20241212,527.7736606266408,32268975.23989705,32269503.013557676
20241213,527.7736606266408,31807065.67434363,31807593.448004257
20241216,527.7736606266408,31905628.3652341,31906156.138894726
20241217,527.7736606266408,31516350.43743264,31516878.211093266
20241218,527.7736606266408,31965570.400415152,31966098.17407578
20241219,527.7736606266408,31656155.317795232,31656683.09145586
20241220,527.7736606266408,31505005.077388287,31505532.851048913
20241223,527.7736606266408,31801490.673578747,31802018.447239373
20241224,527.7736606266408,32163896.037656225,32164423.81131685
20241225,527.7736606266408,32505398.25143438,32505926.025095005
20241226,527.7736606266408,32365693.19788613,32366220.971546758
20241227,527.7736606266408,32359089.675262257,32359617.448922884
20241230,527.7736606266408,32902003.344356377,32902531.118017003
20241231,527.7736606266408,32335124.7716185,32335652.545279127
20250102,241.64818727487,31404415.329637986,31404656.97782526
20250103,241.64818727487,31106979.64807307,31107221.296260346
20250106,241.64818727487,31248509.252121843,31248750.90030912
20250107,241.64818727487,31444896.077766232,31445137.72595351
20250108,241.64818727487,31505964.193809025,31506205.8419963
20250109,241.64818727487,31104205.445622344,31104447.09380962
20250110,241.64818727487,30811902.430106252,30812144.07829353
20250113,241.64818727487,30439486.179192968,30439727.827380244
20250114,241.64818727487,31008570.075037304,31008811.72322458
20250115,241.64818727487,31128482.82994343,31128724.478130706
20250116,241.64818727487,31417261.000561014,31417502.64874829
20250117,241.64818727487,31236592.998669546,31236834.646856822
20250120,241.64818727487,31360460.538299933,31360702.18648721
20250121,241.64818727487,31334783.718395784,31335025.36658306
20250122,241.64818727487,30905200.63530386,30905442.283491135
20250123,241.64818727487,31821886.016285542,31822127.66447282
20250124,241.64818727487,31736146.468301035,31736388.11648831
20250127,241.64818727487,32070407.514328215,32070649.16251549
20250205,478.54447155899834,31622286.187516354,31622764.731987912
20250206,478.54447155899834,31569854.985108405,31570333.529579964
20250207,478.54447155899834,31537355.06835102,31537833.612822577
20250210,478.54447155899834,31578886.523792997,31579365.068264555
20250211,478.54447155899834,31708779.053412914,31709257.597884472
20250212,478.54447155899834,31727415.83603283,31727894.38050439
20250213,478.54447155899834,31719994.207043633,31720472.75151519
20250214,478.54447155899834,31728747.809601463,31729226.35407302
20250217,478.54447155899834,31868154.786047027,31868633.330518585
20250218,478.54447155899834,32056774.867795378,32057253.412266936
20250219,478.54447155899834,31899657.211188514,31900135.755660072
20250220,478.54447155899834,31815836.594239466,31816315.138711024
20250221,478.54447155899834,31532012.36029045,31532490.904762007
20250224,478.54447155899834,31364775.970027335,31365254.514498893
20250225,478.54447155899834,31175310.973756533,31175789.51822809
20250226,478.54447155899834,31370797.507051155,31371276.051522713
20250227,478.54447155899834,31530735.905072756,31531214.449544314
20250228,478.54447155899834,31313067.446538612,31313545.99101017
20250303,250.27674826042494,31325114.553913288,31325364.830661546
20250304,250.27674826042494,31290155.810502343,31290406.0872506
20250305,250.27674826042494,31557286.087466657,31557536.364214916
20250306,250.27674826042494,31461481.843043055,31461732.119791314
20250307,250.27674826042494,31346189.551111236,31346439.827859495
20250310,250.27674826042494,31167341.17878312,31167591.455531377
20250311,250.27674826042494,31236943.38516346,31237193.66191172
20250312,250.27674826042494,31373947.91341652,31374198.19016478
20250313,250.27674826042494,31420069.027342435,31420319.304090694
20250314,250.27674826042494,31853491.33037923,31853741.607127488
20250317,250.27674826042494,31709088.05357658,31709338.33032484
20250318,250.27674826042494,31643831.99021729,31644082.26696555
20250319,250.27674826042494,31729372.8202053,31729623.09695356
20250320,250.27674826042494,31660012.393481083,31660262.67022934
20250321,250.27674826042494,31491118.345193595,31491368.621941853
20250324,250.27674826042494,31530508.850736503,31530759.12748476
20250325,250.27674826042494,31670143.373568825,31670393.650317084
20250326,250.27674826042494,31481433.748842917,31481684.025591176
20250327,250.27674826042494,31486107.63481355,31486357.91156181
20250328,250.27674826042494,31322757.348220065,31323007.624968324
20250331,250.27674826042494,30932029.659428794,30932279.936177053
20250401,317.0473998314992,31043948.822779607,31044265.870179437
20250402,317.0473998314992,31306271.421008468,31306588.468408298
20250403,317.0473998314992,31422216.518040575,31422533.565440405
20250407,317.0473998314992,29767845.532506377,29768162.579906207
20250408,317.0473998314992,30733954.155932676,30734271.203332506
20250409,317.0473998314992,30830113.623609293,30830430.671009123
20250410,317.0473998314992,30854983.700524732,30855300.747924563
20250411,317.0473998314992,30868947.200966917,30869264.248366747
20250414,317.0473998314992,30835240.557757683,30835557.605157513
20250415,317.0473998314992,31073812.595800992,31074129.643200822
20250416,317.0473998314992,31426131.321142692,31426448.368542522
20250417,317.0473998314992,31492810.55974735,31493127.60714718
20250418,317.0473998314992,31594403.41220207,31594720.4596019
20250421,317.0473998314992,31392636.695544563,31392953.742944393
20250422,317.0473998314992,31660737.827940665,31661054.875340495
20250423,317.0473998314992,31391821.475233432,31392138.522633262
20250424,317.0473998314992,31544015.05317418,31544332.10057401
20250425,317.0473998314992,31581305.19818241,31581622.24558224
20250428,317.0473998314992,31608415.35461098,31608732.40201081
20250429,317.0473998314992,31431473.725222487,31431790.772622317
20250430,317.0473998314992,31203719.15866705,31204036.20606688
20250506,47.12535097874934,31204864.647141445,31204911.772492424
20250507,47.12535097874934,31517412.48060633,31517459.605957307
20250508,47.12535097874934,31685286.44526969,31685333.570620667
20250509,47.12535097874934,31898382.056845438,31898429.182196416
20250512,47.12535097874934,31922508.111406602,31922555.23675758
20250513,47.12535097874934,32295113.46993631,32295160.59528729
20250514,47.12535097874934,32743511.883178864,32743559.008529842
20250515,47.12535097874934,32569040.807824295,32569087.933175273
20250516,47.12535097874934,32411936.02610779,32411983.15145877
20250519,47.12535097874934,32346574.452134967,32346621.577485945
20250520,47.12535097874934,32423636.370714653,32423683.49606563
20250521,47.12535097874934,32666578.817316484,32666625.942667462
20250522,47.12535097874934,32877214.104866154,32877261.230217133
20250523,47.12535097874934,32576934.2283699,32576981.353720877
20250526,47.12535097874934,32551355.09843596,32551402.22378694
20250527,47.12535097874934,32813500.425724704,32813547.551075682
20250528,47.12535097874934,32937288.955666516,32937336.081017494
20250529,47.12535097874934,32865582.864251554,32865629.989602532
20250530,47.12535097874934,33185563.33723117,33185610.46258215
20250603,1123.1780458575377,33802554.98634206,33803678.16438791
20250604,1123.1780458575377,33915243.906597555,33916367.08464341
20250605,1123.1780458575377,33481595.693818845,33482718.871864703
20250606,1123.1780458575377,33730734.67413167,33731857.85217752
20250609,1123.1780458575377,33836539.16735729,33837662.34540314
20250610,1123.1780458575377,34363753.59625478,34364876.774300635
20250611,1123.1780458575377,34478832.68396642,34479955.862012275
20250612,1123.1780458575377,34892634.16107282,34893757.339118674
20250613,1123.1780458575377,34624991.726247765,34626114.90429362
20250616,1123.1780458575377,35045242.46136537,35046365.639411226
20250617,1123.1780458575377,34928704.54379852,34929827.721844375
20250618,1123.1780458575377,35059441.714781575,35060564.89282743
20250619,1123.1780458575377,34714117.08984595,34715240.2678918
20250620,1123.1780458575377,35151042.9192773,35152166.09732316
20250623,1123.1780458575377,35563851.57918805,35564974.7572339
20250624,1123.1780458575377,35632685.011835754,35633808.18988161
20250625,1123.1780458575377,35977594.7857505,35978717.963796355
20250626,1123.1780458575377,36505220.27358661,36506343.45163246
20250627,1123.1780458575377,35871064.27498885,35872187.45303471
20250630,1123.1780458575377,35567987.88999982,35569111.068045676
20250701,52.77422389446292,35734961.45436479,35735014.228588685
20250702,52.77422389446292,36126774.24478727,36126827.01901116
20250703,52.77422389446292,36171505.07218577,36171557.84640966
20250704,52.77422389446292,36552807.537782684,36552860.31200658
20250707,52.77422389446292,36890268.80110832,36890321.57533222
20250708,52.77422389446292,36874437.901202075,36874490.67542597
20250709,52.77422389446292,37266917.87504265,37266970.64926654
20250710,52.77422389446292,37943238.316372655,37943291.09059655
20250711,52.77422389446292,37590452.791089915,37590505.56531381
20250714,52.77422389446292,37955143.29273415,37955196.06695805
20250715,52.77422389446292,37573850.6233931,37573903.397617
20250716,52.77422389446292,37239527.033780724,37239579.80800462
20250717,52.77422389446292,37172268.11895956,37172320.893183455
20250718,52.77422389446292,37405558.30441021,37405611.078634106
20250721,52.77422389446292,37954824.38236442,37954877.156588316
20250722,52.77422389446292,38713150.799843505,38713203.5740674
20250723,52.77422389446292,37991531.71250184,37991584.48672573
20250724,52.77422389446292,37885675.61706622,37885728.39129011
20250725,52.77422389446292,37370429.18100708,37370481.95523097
20250728,52.77422389446292,37351718.82817647,37351771.60240036
20250729,52.77422389446292,37093002.79540783,37093055.569631726
20250730,52.77422389446292,37202250.22735384,37202303.001577735
20250731,52.77422389446292,36616086.7121793,36616139.4864032
20250801,372.45258200448006,36472041.817891374,36472414.270473376
20250804,372.45258200448006,36491159.81309904,36491532.26568104
20250805,372.45258200448006,36970218.82747604,36970591.28005804
20250806,372.45258200448006,36863986.817891374,36864359.270473376
20250807,372.45258200448006,37152646.89936102,37153019.35194302
20250808,372.45258200448006,37235253.90894569,37235626.36152769
20250811,372.45258200448006,36803441.89936102,36803814.35194302
20250812,372.45258200448006,36900187.89456869,36900560.34715069
20250813,372.45258200448006,36636395.88977636,36636768.34235836
20250814,372.45258200448006,36507490.87539936,36507863.32798136
20250815,372.45258200448006,36144876.88977636,36145249.34235836
20250818,372.45258200448006,36107169.88019169,36107542.33277369
20250819,372.45258200448006,36025824.870607026,36026197.32318903
20250820,372.45258200448006,36151629.88019169,36152002.33277369
20250821,372.45258200448006,36492981.88977636,36493354.34235836
20250822,372.45258200448006,36352546.89456869,36352919.34715069
20250825,372.45258200448006,36874539.91373802,36874912.36632002
20250826,372.45258200448006,36538495.91373802,36538868.36632002
20250827,372.45258200448006,35667123.856230035,35667496.30881204
20250828,372.45258200448006,35774893.88977636,35775266.34235836
20250829,372.45258200448006,35560763.884984024,35561136.337566026
20250901,512.5062399636954,35671949.72044729,35672462.22668725
20250902,512.5062399636954,35750110.3913738,35750622.897613764
20250903,512.5062399636954,35475381.50319488,35475894.00943485
20250904,512.5062399636954,35476655.61501597,35477168.121255934
20250905,512.5062399636954,35266697.61501597,35267210.121255934
20250908,512.5062399636954,35200094.22364217,35200606.729882136
20250909,512.5062399636954,35300258.94408946,35300771.45032942
20250910,512.5062399636954,35246706.16773163,35247218.67397159
20250911,512.5062399636954,35440859.0,35441371.506239966
20250912,512.5062399636954,35177509.94408946,35178022.45032942
20250915,512.5062399636954,35069075.664536744,35069588.17077671
20250916,512.5062399636954,34797971.94408946,34798484.45032942
20250917,512.5062399636954,34774922.0,34775434.506239966
20250918,512.5062399636954,34068959.72683706,34069472.23307703
20250919,512.5062399636954,34152638.50319488,34153151.00943485
20250922,512.5062399636954,33779890.11821086,33780402.624450825
20250923,512.5062399636954,34033982.06230032,34034494.56854028
20250924,512.5062399636954,33996317.95047923,33996830.4567192
20250925,512.5062399636954,33769901.39776358,33770413.904003546
20250926,512.5062399636954,33748804.17412141,33749316.680361375
20250929,512.5062399636954,33650840.95047923,33651353.4567192
20250930,512.5062399636954,33592599.72683706,33593112.23307703
20251009,46.0116431126371,33596978.0,33597024.01164311
20251010,46.0116431126371,33776108.0,33776154.01164311
20251013,46.0116431126371,33873989.0,33874035.01164311
20251014,46.0116431126371,34408897.0,34408943.01164311
20251015,46.0116431126371,34576940.0,34576986.01164311
20251016,46.0116431126371,34876714.0,34876760.01164311
20251017,46.0116431126371,34588822.0,34588868.01164311
20251020,46.0116431126371,34768911.0,34768957.01164311
20251021,46.0116431126371,34761932.0,34761978.01164311
20251022,46.0116431126371,35096164.0,35096210.01164311
20251023,46.0116431126371,35398267.0,35398313.01164311
20251024,46.0116431126371,35303318.0,35303364.01164311
20251027,46.0116431126371,35311596.0,35311642.01164311
20251028,46.0116431126371,34987046.0,34987092.01164311
20251029,46.0116431126371,34485611.0,34485657.01164311
20251030,46.0116431126371,34582064.0,34582110.01164311
20251031,46.0116431126371,34201799.0,34201845.01164311
20251103,23.56015436630696,34500201.0,34500224.56015436
20251104,23.56015436630696,34880049.0,34880072.56015436
20251105,23.56015436630696,34705205.0,34705228.56015436
20251106,23.56015436630696,34720047.0,34720070.56015436
20251107,23.56015436630696,34705807.0,34705830.56015436
20251110,23.56015436630696,34934561.0,34934584.56015436
20251111,23.56015436630696,34971566.0,34971589.56015436
20251112,23.56015436630696,34981519.0,34981542.56015436
20251113,23.56015436630696,34916441.0,34916464.56015436
20251114,23.56015436630696,34915932.0,34915955.56015436
20251117,23.56015436630696,34716548.0,34716571.56015436
20251118,23.56015436630696,34446464.0,34446487.56015436
20251119,23.56015436630696,34715207.0,34715230.56015436
20251120,23.56015436630696,35075162.0,35075185.56015436
20251121,23.56015436630696,34437500.0,34437523.56015436
20251124,23.56015436630696,34297778.0,34297801.56015436
20251125,23.56015436630696,34767285.0,34767308.56015436
20251126,23.56015436630696,34537158.0,34537181.56015436
20251127,23.56015436630696,34551857.0,34551880.56015436
20251128,23.56015436630696,34303804.0,34303827.56015436
20251201,589.9268633664178,34607066.0,34607655.926863365
20251202,589.9268633664178,34598628.0,34599217.926863365
20251203,589.9268633664178,34499735.0,34500324.926863365
20251204,589.9268633664178,34418189.0,34418778.926863365
20251205,589.9268633664178,34408398.0,34408987.926863365
20251208,589.9268633664178,34401375.0,34401964.926863365
20251209,589.9268633664178,33941457.0,33942046.926863365
20251210,589.9268633664178,33966083.0,33966672.926863365
20251211,589.9268633664178,33983915.0,33984504.926863365
20251212,589.9268633664178,33928066.0,33928655.926863365
20251215,589.9268633664178,34123946.0,34124535.926863365
20251216,589.9268633664178,33949847.0,33950436.926863365
20251217,589.9268633664178,34014483.0,34015072.926863365
20251218,589.9268633664178,34279350.0,34279939.926863365
20251219,589.9268633664178,34314738.0,34315327.926863365
20251222,589.9268633664178,34096880.0,34097469.926863365
20251223,589.9268633664178,34168984.0,34169573.926863365
20251224,589.9268633664178,34227990.0,34228579.926863365
20251225,589.9268633664178,34242579.0,34243168.926863365
20251226,589.9268633664178,34094884.0,34095473.926863365
20251229,589.9268633664178,34134281.0,34134870.926863365
20251230,589.9268633664178,33917365.0,33917954.926863365
20251231,120.98763426704681,33855563.0,33855683.987634264
