signal_date,trade_date,ts_code,side,shares,price,gross_amount,commission,stamp_duty,slippage,cash_after
20060125,20060206,000709.SZ,buy,182600.0,1.1079976400306535,202320.36906959733,60.6961107208792,0.0,101.10962971992558,797618.9348196818
20060125,20060206,000717.SZ,buy,90300.0,2.21450820567239,199970.09097221683,59.99102729166504,0.0,99.93507794709876,597588.8528201734
20060125,20060206,600282.SH,buy,264800.0,0.7470603918218706,197821.5917544313,59.34647752632939,0.0,98.86136519460706,399707.91458821576
20060125,20060206,600307.SH,buy,147300.0,1.3460829676046344,198278.02112816265,59.48340633844879,0.0,99.08946583114448,201370.41005371464
20060125,20060206,600569.SH,buy,136800.0,1.4714358506075766,201292.42436311647,60.387727308934934,0.0,100.59591422442463,17.597963289241306
20060228,20060301,000717.SZ,sell,500.0,2.3132360119621844,1156.6180059810922,5.0,0.5783090029905461,0.5785983021414722,1168.6376602673429
20060228,20060301,000709.SZ,buy,1000.0,1.1244124198829593,1124.4124198829593,5.0,0.0,0.5619252473177312,39.225240384383596
20060331,20060403,000709.SZ,sell,13600.0,1.2380771823185175,16837.84967953184,5.0513549038595515,8.41892483976592,8.423136407967831,16863.604640172598
20060331,20060403,000717.SZ,buy,5100.0,2.2397687555469807,11422.820653289602,5.0,0.0,5.708556048619357,5435.783986882996
20060331,20060403,600231.SH,buy,5200.0,1.025166715059588,5330.866918309857,5.0,0.0,2.664101408449824,99.91706857313875
20060331,20060403,600282.SH,buy,100.0,0.7704060290663038,77.04060290663038,5.0,0.0,0.03850105092783451,17.876465666508366
20060428,20060508,000717.SZ,sell,94900.0,2.0440594578429487,193981.24254929583,58.194372764788746,96.99062127464792,97.03914084506687,193843.9340209229
20060428,20060508,600231.SH,sell,5200.0,0.8669985698808234,4508.392563380282,5.0,2.254196281690141,2.2553239436610966,198345.07238802148
20060428,20060508,600282.SH,sell,264900.0,0.7603070867380772,201405.34727691667,60.421604183075,100.70267363845834,100.75305016353377,399589.2953871166
20060428,20060508,000709.SZ,sell,2500.0,1.2462763689563885,3115.690922390971,5.0,1.5578454611954855,1.5586247735823235,402698.4284640464
20060428,20060508,000761.SZ,buy,80800.0,2.5107751939115928,202870.6356680567,60.861190700417005,0.0,101.38462552125566,199766.93160528928
20060428,20060508,600019.SH,buy,110900.0,1.8006545932371663,199692.59439000173,59.90777831700051,0.0,99.79639899550239,14.429436970560346
20060531,20060601,000709.SZ,sell,167500.0,1.652136107531002,276732.7980114428,83.01983940343284,138.3663990057214,138.43561681412393,276525.84121000423
20060531,20060601,600569.SH,sell,136800.0,1.8457207094353112,252494.59305075058,75.74837791522516,126.24729652537529,126.31045175122563,528818.4385863142
20060531,20060601,000761.SZ,buy,500.0,3.0261662051709757,1513.083102585488,5.0,0.0,0.7561634695580324,527300.3554837287
20060531,20060601,600019.SH,buy,11700.0,2.0385121766045673,23850.592466273436,7.15517773988203,0.0,11.919336564853438,503442.6078397154
20060531,20060601,600170.SH,buy,572100.0,0.4336117303441743,248069.2709299021,74.42078127897062,0.0,123.97264914034167,255298.9161285343
20060531,20060601,600231.SH,buy,236200.0,1.0674543705308774,252132.72231939324,75.63981669581797,0.0,126.00335947991698,3090.5539924452314
20060531,20060601,600307.SH,buy,1800.0,1.6738679652400092,3012.9623374320167,5.0,0.0,1.5057283045639451,72.59165501321468
20060630,20060703,000761.SZ,sell,81300.0,3.326805323185988,270469.2727750208,81.14078183250624,135.2346363875104,135.30228753131814,270325.489011814
20060630,20060703,600307.SH,sell,6700.0,1.8173079640576968,12175.963359186568,5.0,6.087981679593284,6.091027193189802,282490.36438932095
20060630,20060703,600019.SH,buy,9200.0,2.006445692927641,18459.300374934297,5.537790112480288,0.0,9.225037668631558,264025.5262242742
20060630,20060703,600170.SH,buy,400.0,0.44796294600568354,179.1851784022734,5.0,0.0,0.08954781529348566,263841.3410458719
20060630,20060703,600231.SH,buy,6600.0,1.0790571354279521,7121.777093824484,5.0,0.0,3.5591089924146218,256714.5639520474
20060630,20060703,600808.SH,buy,138000.0,1.8588090512107978,256515.6490670901,76.95469472012702,0.0,128.19372766968445,121.96019023717963
20060731,20060801,600170.SH,sell,572500.0,0.4331783353113466,247994.5969657459,74.39837908972376,123.99729848287295,124.05932814694825,247918.1614784105
20060731,20060801,600231.SH,sell,18400.0,1.0866719934994584,19994.764680390035,5.99842940411701,9.997382340195017,10.002383531958912,267896.93034705624
20060731,20060801,000761.SZ,buy,89700.0,2.7019341117597993,242363.48982485398,72.70904694745619,0.0,121.12118432021816,25460.73147525481
20060731,20060801,600019.SH,buy,300.0,1.8598560532616946,557.9568159785084,5.0,0.0,0.2788389884950675,24897.774659276303
20060731,20060801,600307.SH,buy,8600.0,1.6159979475053203,13897.582348545755,5.0,0.0,6.94531851501597,10995.192310730548
20060731,20060801,600808.SH,buy,6400.0,1.6932320603414053,10836.685186184994,5.0,0.0,5.415634775703438,153.5071245455547
20060831,20060901,000761.SZ,sell,89700.0,2.8139509528773976,252411.40047310258,75.72342014193077,126.2057002365513,126.26883465386345,252362.97847726964
20060831,20060901,600307.SH,sell,5400.0,1.7045717379995269,9204.687385197445,5.0,4.602343692598723,4.604646015606704,261558.0635187745
20060831,20060901,600019.SH,buy,2000.0,1.8965034631781812,3793.0069263563623,5.0,0.0,1.895555685335239,257760.05659241814
20060831,20060901,600170.SH,buy,529300.0,0.4592901010419955,243102.25048152823,72.93067514445846,0.0,121.49038005073089,14584.87543574546
20060831,20060901,600231.SH,buy,11200.0,1.06165298808234,11890.513466522209,5.0,0.0,5.942285590464962,2689.3619692232514
20060831,20060901,600808.SH,buy,1500.0,1.7068871576022229,2560.3307364033344,5.0,0.0,1.2795256053987032,124.03123281991702
20060929,20061009,600170.SH,sell,529300.0,0.47483677444116595,251331.10471170914,75.39933141351274,125.66555235585457,125.72841656411765,251254.0710607597
20060929,20061009,600808.SH,sell,10500.0,1.8620577868201666,19551.60676161175,5.865482028483525,9.775803380805876,9.780693727669131,270790.0365369622
20060929,20061009,600019.SH,buy,800.0,1.9148271681364246,1531.8617345091398,5.0,0.0,0.7655480932080536,269253.1748024531
20060929,20061009,600022.SH,buy,216500.0,1.1532223539690463,249672.6396342985,74.90179189028954,0.0,124.77393285071594,19505.633376264275
20060929,20061009,600231.SH,buy,2600.0,1.0645536793066088,2767.839566197183,5.0,0.0,1.3832281690142736,16732.79381006709
20060929,20061009,600307.SH,buy,10200.0,1.6295398297469847,16621.306263419243,5.0,0.0,8.306499881768104,106.48754664784792
20061031,20061101,600022.SH,sell,216500.0,1.5821757322349808,342541.04602887336,102.762313808662,171.2705230144367,171.3562011149479,342373.5007386981
20061031,20061101,600808.SH,sell,135400.0,2.0939624196109565,283522.5116153235,85.05675348459704,141.76125580766174,141.8321718936204,625669.1943447294
20061031,20061101,600231.SH,sell,6500.0,1.3069041841820153,8494.8771971831,5.0,4.2474385985915495,4.249563380280961,634154.824103314
20061031,20061101,600019.SH,buy,2000.0,2.2354920049056823,4470.984009811365,5.0,0.0,2.2343748174962457,629678.8400935025
20061031,20061101,600282.SH,buy,294600.0,1.0292322269554561,303211.81406107737,90.96354421832321,0.0,151.53014195954893,326376.06248820684
20061031,20061101,600307.SH,buy,10800.0,1.8462099456136198,19939.067412627093,5.981720223788128,0.0,9.964551430595748,306431.01335535594
20061031,20061101,600569.SH,buy,149900.0,2.0432190975696924,306278.54272569687,91.88356281770905,0.0,153.0627399928053,60.58706684136996
20061130,20061201,600019.SH,sell,136900.0,3.1576798458214106,432286.3708929511,129.6859112678853,216.14318544647554,216.2513111020089,432001.1288630781
20061130,20061201,600231.SH,sell,231700.0,1.3909401516793065,322280.8331440953,96.6842499432286,161.14041657204766,161.22102708555758,754024.1373406581
20061130,20061201,000932.SZ,buy,157800.0,2.1412314993747867,337886.3306013413,101.3658991804024,0.0,168.8587359326193,416036.4408401364
20061130,20061201,600282.SH,buy,27800.0,1.0765532488844427,29928.180318987506,8.978454095696252,0.0,14.956611853565846,386099.2820670532
20061130,20061201,600307.SH,buy,8100.0,1.9680868857886022,15941.503774887678,5.0,0.0,7.966768503190906,370152.7782921655
20061130,20061201,600398.SH,buy,258300.0,1.3382732904685926,345675.99092803744,103.70279727841123,0.0,172.75161965412553,24373.084566849633
20061130,20061201,600569.SH,buy,11300.0,2.155294406719085,24354.826795925663,7.306448038777698,0.0,12.171327734096849,10.951322885193804
20061229,20070104,000932.SZ,sell,157800.0,2.2667982835057408,357700.7691372059,107.31023074116176,178.85038456860295,178.9398544958094,357425.5598447813
20061229,20070104,600282.SH,sell,2800.0,1.1552516438309972,3234.704602726792,5.0,1.6173523013633961,1.6181613820540406,360653.6470952067
20061229,20070104,600569.SH,sell,10500.0,2.437354694424589,25592.224291458184,7.677667287437455,12.796112145729092,12.802513402428303,386225.39760723175
20061229,20070104,600231.SH,buy,243000.0,1.499657362946912,364416.73919609963,109.32502175882988,0.0,182.1173109425581,21699.333389373263
20061229,20070104,600307.SH,buy,1400.0,2.1035057082052493,2944.907991487349,5.0,0.0,1.471718136675463,18749.425397885912
20061229,20070104,600398.SH,buy,13700.0,1.3649853321945127,18700.299051064823,5.610089715319447,0.0,9.345476787137159,43.51625710576991
20070131,20070201,600398.SH,sell,272000.0,1.7932550518539072,487765.37410426274,146.32961223127882,243.88268705213136,244.0046893968247,487418.67806208506
20070131,20070201,600569.SH,sell,150700.0,3.014396265189421,454269.51716404577,136.28085514921372,227.1347585820229,227.24838277342496,941324.7796123996
20070131,20070201,600170.SH,buy,691200.0,0.6355293258604356,439277.87003473315,131.78336101041992,0.0,219.529170432128,501915.12621665606
20070131,20070201,600231.SH,buy,12700.0,1.7404147345612133,22103.267128927408,6.630980138678222,0.0,11.04611050920721,479805.22810759
20070131,20070201,600282.SH,buy,9000.0,1.3604793804583615,12244.314424125254,5.0,0.0,6.119097663231514,467555.91368346475
20070131,20070201,600307.SH,buy,11600.0,2.4104550390163153,27961.278452589257,8.388383535776777,0.0,13.973652400090941,439586.24684733973
20070131,20070201,600966.SH,buy,224400.0,1.9583061217593465,439443.89372279734,131.83316811683918,0.0,219.6121407909668,10.519956425530836
20070228,20070301,600170.SH,sell,691200.0,0.830164068573544,573809.4041980336,172.14282125941008,286.9047020990168,287.04822621203493,573360.8766311007
20070228,20070301,600282.SH,sell,328600.0,1.8023107486877448,592239.312018793,177.67179360563787,296.11965600939646,296.267789904261,1165126.3972002785
20070228,20070301,600231.SH,buy,800.0,2.2045253304442034,1763.6202643553627,5.0,0.0,0.8813694474540625,1163357.7769359231
20070228,20070301,600307.SH,buy,800.0,3.0333816221328913,2426.705297706313,5.0,0.0,1.2127462757152898,1160926.0716382167
20070228,20070301,600493.SH,buy,191300.0,2.9319587645713043,560883.7116624905,168.26511349874713,0.0,280.3017049788032,599874.0948622274
20070228,20070301,600602.SH,buy,144100.0,3.9160237644400606,564299.0244558128,169.28970733674382,0.0,282.00850797386374,35405.78069907799
20070228,20070301,600966.SH,buy,14900.0,2.3610783028304176,35180.066712173226,10.554020013651966,0.0,17.581242734719126,215.1599668911149
20070330,20070402,600493.SH,sell,191300.0,3.641494607255693,696617.918368014,208.9853755104042,348.30895918400705,348.4832007844234,696275.7840002108
20070330,20070402,600602.SH,sell,144100.0,4.6894066027123005,675743.4914508425,202.7230474352527,337.87174572542125,338.04076610843185,1371478.6806578925
20070330,20070402,000932.SZ,buy,153900.0,4.213219194043424,648414.4339632828,194.52433018898483,0.0,324.0451943842927,722869.7223644207
20070330,20070402,600231.SH,buy,16100.0,2.413375098591549,38855.33908732394,11.65660172619718,0.0,19.417960563376255,684002.7266753705
20070330,20070402,600307.SH,buy,2800.0,3.430610167888389,9605.70847008749,5.0,0.0,4.800454008040106,674392.018205283
20070330,20070402,600398.SH,buy,276500.0,2.3079204051194893,638139.9920155387,191.4419976046616,0.0,318.9105407373281,36060.58419213956
20070330,20070402,600966.SH,buy,14200.0,2.535694506771917,36006.86199616123,10.802058598848367,0.0,17.99443378119031,42.92013737948582
20070430,20070508,600307.SH,sell,191300.0,4.901771109009221,937708.813153464,281.3126439460392,468.854406576732,469.0889510521665,937001.5662403207
20070430,20070508,600398.SH,sell,276500.0,3.6292066525614786,1003475.6394332488,301.0426918299746,501.7378197166244,501.98881412367336,1939674.425162023
20070430,20070508,000932.SZ,buy,9700.0,5.4436283392065485,52803.19489030352,15.840958467091056,0.0,26.388403243530774,1886855.3893132524
20070430,20070508,600019.SH,buy,168700.0,5.268065175494948,888722.5951059978,266.6167785317993,0.0,444.1392279389547,997866.1774287228
20070430,20070508,600126.SH,buy,217500.0,4.075549861391129,886432.0948525704,265.92962845577114,0.0,442.99455015116837,111168.15294769662
20070430,20070508,600231.SH,buy,5100.0,3.2284693326110507,16465.19359631636,5.0,0.0,8.228482556878589,94697.95935138027
20070430,20070508,600966.SH,buy,30400.0,3.105387986266929,94403.79478251464,28.32113843475439,0.0,47.1783082371403,265.84343043087574
20070531,20070601,600019.SH,sell,168700.0,5.689234786544414,959773.9084900427,287.9321725470128,479.88695424502134,480.12701775389723,959271.9327936815
20070531,20070601,600966.SH,sell,283900.0,3.169239923224568,899747.2142034549,269.9241642610364,449.8736071017275,450.09865642979275,1858299.3492257735
20070531,20070601,600126.SH,sell,3900.0,4.189753873487904,16340.040106602824,5.0,8.170020053301412,8.174107106855445,1874626.219312323
20070531,20070601,000717.SZ,buy,136100.0,6.580155112868995,895559.1108614701,268.667733258441,0.0,447.5557775419438,978798.4407175945
20070531,20070601,000932.SZ,buy,10000.0,5.182632459929522,51826.32459929522,15.547897379788566,0.0,25.900212193548214,926956.5682209195
20070531,20070601,600231.SH,buy,11300.0,3.121538320693391,35273.38302383532,10.582014907150594,0.0,17.627877573133446,891672.603182177
20070531,20070601,600307.SH,buy,188200.0,4.735144823835421,891154.2558458262,267.3462767537479,0.0,445.35445069742855,251.00105959700886
20070629,20070702,000717.SZ,sell,136100.0,6.00518614219564,817305.8339528267,245.19175018584798,408.65291697641334,408.85734564915765,816902.9903452615
20070629,20070702,600307.SH,sell,188200.0,4.030284629936155,758499.5673539843,227.5498702061953,379.2497836769922,379.43950342864264,1574795.7580453628
20070629,20070702,000932.SZ,sell,4000.0,4.571242090106476,18284.968360425904,5.4854905081277705,9.142484180212952,9.147057709065848,1593066.0984311004
20070629,20070702,600231.SH,sell,11200.0,2.7920377356446373,31270.82263921994,9.381246791765982,15.63541131960997,15.643232936072309,1624311.9044122088
20070629,20070702,000761.SZ,buy,121700.0,6.366350892410341,774784.9036063385,232.43547108190154,0.0,387.1988523770124,849294.5653347884
20070629,20070702,600126.SH,buy,22500.0,3.3241915070564514,74794.30890877015,22.438292672631043,0.0,37.378465221772785,774477.8181333456
20070629,20070702,600581.SH,buy,310000.0,2.4968197974913102,774014.1372223062,232.20424116669184,0.0,386.81366178020835,231.4766698726453
20070731,20070801,000761.SZ,sell,121700.0,9.709904920767304,1181695.428857381,354.5086286572143,590.8477144286906,591.1432860717177,1180981.5491841675
20070731,20070801,600581.SH,sell,310000.0,3.5458882514734777,1099225.357956778,329.76760738703337,549.612678978389,549.8876227897126,2279327.5268545803
20070731,20070801,000717.SZ,buy,139000.0,7.309749903530774,1016055.2365907775,304.81657097723325,0.0,507.7737314295955,1262967.4736928255
20070731,20070801,000932.SZ,buy,18300.0,5.453295555302944,99795.30866204387,29.93859259861316,0.0,49.87271797202993,1163142.226438183
20070731,20070801,600126.SH,buy,6700.0,4.241383744959678,28417.271091229843,8.525181327368951,0.0,14.201534778225323,1134716.4301656259
20070731,20070801,600231.SH,buy,35500.0,3.2848918959913327,116613.66230769231,34.98409869230769,0.0,58.277692307688994,1018067.7837592412
20070731,20070801,600966.SH,buy,331600.0,3.0690839900246,1017708.2510921574,305.3124753276472,0.0,508.5998256332241,54.22019175614696
20070831,20070903,000717.SZ,sell,139000.0,10.884936827127147,1513006.2189706734,453.901865691202,756.5031094853367,756.8815502605867,1511850.034187253
20070831,20070903,600966.SH,sell,331600.0,5.289506069043822,1754000.2124949312,526.2000637484794,877.0001062474656,877.4388256601524,3264447.0465121884
20070831,20070903,000761.SZ,buy,136600.0,10.101461884904085,1379859.693477898,413.95790804336934,0.0,689.5850542115513,1884173.395126247
20070831,20070903,000932.SZ,buy,35300.0,6.325392179151983,223286.343924065,66.9859031772195,0.0,111.58737827287405,1660820.0652990048
20070831,20070903,600051.SH,buy,167300.0,8.283212479759653,1385781.44786379,415.73443435913697,0.0,692.5444517061114,274622.88300085557
20070831,20070903,600126.SH,buy,23900.0,5.271300327620969,125984.07783014115,37.79522334904234,0.0,62.9605586357502,148601.00994736538
20070831,20070903,600231.SH,buy,37100.0,4.003647627302275,148535.3269729144,44.56059809187431,0.0,74.23054821233382,21.122376359126065
20070928,20071008,000761.SZ,sell,136600.0,11.201068890742283,1530066.010475396,459.01980314261874,765.033005237698,765.4157130941749,1528863.0800433746
20070928,20071008,600126.SH,sell,10400.0,5.803859051579302,60360.13413642474,18.10804024092742,30.18006706821237,30.195164650533115,1589174.9260724902
20070928,20071008,600231.SH,sell,3200.0,4.299322719393284,13757.832702058507,5.0,6.878916351029254,6.882357529793808,1602920.8798581976
20070928,20071008,600051.SH,buy,31100.0,7.596716727794145,236257.8902343979,70.87736707031937,0.0,118.0699101620994,1366592.1122567295
20070928,20071008,600398.SH,buy,454600.0,3.0051046941660013,1366120.5939678643,409.83617819035925,0.0,682.7189375152811,61.68211067491211
20071031,20071101,000932.SZ,sell,16900.0,6.211511310674094,104974.5411503922,31.492362345117655,52.4872705751961,52.513527338858694,104952.2436281468
20071031,20071101,600126.SH,sell,6800.0,5.14443590389785,34982.16414650538,10.494649243951613,17.49108207325269,17.499831989240192,139906.42204333498
20071031,20071101,600231.SH,sell,500.0,3.679199566630553,1839.5997833152765,5.0,0.9197998916576382,0.920260021668355,141740.1020267586
20071031,20071101,600051.SH,buy,700.0,6.450042504730878,4515.0297533116145,5.0,0.0,2.256386683314304,137220.07227344697
20071031,20071101,600398.SH,buy,55200.0,2.481548676337969,136981.4869338559,41.094446080156764,0.0,68.45651520934189,197.49089351092698
20071130,20071203,000932.SZ,sell,206300.0,5.619938804895608,1159393.375449964,347.8180126349892,579.6966877249821,579.9866810652893,1158663.351643115
20071130,20071203,600398.SH,sell,509800.0,2.3216248439180047,1183564.3454293988,355.0693036288196,591.7821727146994,592.0782118204515,2341280.8455961705
20071130,20071203,600051.SH,sell,6600.0,6.081849962933339,40140.20975536004,12.042062926608011,20.07010487768002,20.080144950152317,2381388.943183726
20071130,20071203,600126.SH,sell,3200.0,4.770295110887097,15264.94435483871,5.0,7.632472177419355,7.636290322579953,2396641.2550663874
20071130,20071203,600231.SH,buy,17100.0,3.252221180931744,55612.98219393282,16.683894658179845,0.0,27.792594799560902,2341011.5889777965
20071130,20071203,600249.SH,buy,69500.0,17.07002556513581,1186366.776776939,355.9100330330817,0.0,592.8869449158665,1154288.9021678246
20071130,20071203,600626.SH,buy,271700.0,4.24701373985257,1153913.6331179433,346.17408993538294,0.0,576.6684823175892,29.094959945883602
20071228,20080102,600051.SH,sell,192500.0,7.8528967303302855,1511682.62058858,453.50478617657393,755.84131029429,756.2194200041704,1510502.3694520548
20071228,20080102,600249.SH,sell,4300.0,22.195718426107938,95441.58923226413,28.632476769679236,47.72079461613207,47.74466694959847,1605867.605412933
20071228,20080102,000589.SZ,buy,367500.0,3.8735109440649382,1423515.2719438649,427.0545815831594,0.0,711.4019350043964,181925.27888748492
20071228,20080102,000932.SZ,buy,28200.0,6.44382505399568,181715.86652267817,54.514759956803445,0.0,90.81252699781908,154.89760484994622
20080131,20080201,000589.SZ,sell,367500.0,4.382719082802184,1610649.2629298025,483.1947788789407,805.3246314649012,805.7274952123407,1609515.6411243086
20080131,20080201,600249.SH,sell,65200.0,23.890780496113297,1557678.888346587,467.3036665039761,778.8394441732936,779.2290587024763,3165948.3863602187
20080131,20080201,000761.SZ,buy,154500.0,9.372490408673894,1448049.7681401167,434.414930442035,0.0,723.6630525437649,1717464.20328966
20080131,20080201,000932.SZ,buy,193700.0,6.567641241332272,1272152.108446061,381.64563253381823,0.0,635.7581751351245,444930.4492110652
20080131,20080201,600126.SH,buy,44100.0,5.098087084173388,224825.6404120464,67.44769212361392,0.0,112.3566418850678,220037.36110689517
20080131,20080201,600398.SH,buy,89400.0,2.4601790429572334,219940.00644037666,65.982001932113,0.0,109.91504569732933,31.372664586408064
20080229,20080303,000761.SZ,sell,154500.0,10.48669731442869,1620194.7350792326,486.0584205237697,810.0973675396164,810.5026188490447,1618929.9519557557
20080229,20080303,600398.SH,sell,89400.0,2.711230852207693,242384.03818736775,72.71521145621033,121.19201909368388,121.25264541638899,1861120.0829125736
20080229,20080303,600626.SH,sell,271700.0,5.1296444014183065,1393724.383865354,418.1173151596061,696.862191932677,697.2107973312959,3253729.487270835
20080229,20080303,600126.SH,sell,2500.0,5.443748538306453,13609.371345766132,5.0,6.804685672883067,6.808089717740586,3267327.053930928
20080229,20080303,000717.SZ,buy,178200.0,8.67710312077947,1546259.7761229016,463.87793283687046,0.0,772.7435163029004,1720603.3998751896
20080229,20080303,000932.SZ,buy,15600.0,6.567641241332272,102455.20336478343,30.73656100943503,0.0,51.20200068203849,1618117.4599493968
20080229,20080303,600020.SH,buy,377600.0,4.072866326464698,1537914.32487307,461.37429746192095,0.0,768.5728759982157,79741.76077886485
20080229,20080303,600249.SH,buy,3200.0,24.32446628730343,77838.29211937098,23.351487635811292,0.0,38.89969621156342,1880.117171858059
20080331,20080401,000717.SZ,sell,178200.0,7.293852696314876,1299764.5504833108,389.9293651449932,649.8822752416554,650.2073789311107,1300604.856014782
20080331,20080401,600231.SH,sell,363800.0,3.7474427843987006,1363319.6849642473,408.99590548927415,681.6598424821236,682.0008429035079,2662833.885231058
20080331,20080401,600249.SH,sell,3200.0,15.83124008778592,50659.968280914945,15.197990484274483,25.329984140457473,25.342655468186422,2713453.325537348
20080331,20080401,600126.SH,sell,2400.0,4.601931754032258,11044.636209677421,5.0,5.52231810483871,5.525080645160415,2724487.439428921
20080331,20080401,000932.SZ,buy,19400.0,5.001097305899738,97021.28773445492,29.106386320336473,0.0,48.48640066689404,2627437.0453081457
20080331,20080401,600011.SH,buy,241900.0,5.31838754347826,1286517.9467673912,385.9553840302173,0.0,642.9375046314672,1340533.1431567243
20080331,20080401,600020.SH,buy,14700.0,3.3428242490795164,49139.51646146889,14.741854938440666,0.0,24.557479490984406,1291378.884840317
20080331,20080401,600098.SH,buy,199700.0,6.462106317554976,1290482.6316157288,387.1447894847186,0.0,644.9188563798089,509.10843510343693
20080430,20080505,000932.SZ,sell,256900.0,4.845516615512865,1244813.2185252549,373.4439655575764,622.4066092626274,622.7179682466667,1244326.4763855382
20080430,20080505,600011.SH,sell,241900.0,5.896861058601134,1426450.6900756143,427.93520702268427,713.2253450378072,713.5821361059789,2669636.005909092
20080430,20080505,600020.SH,sell,392300.0,3.1969107465064703,1254148.0858544884,376.2444257563465,627.0740429272442,627.3877367954701,3922780.773294897
20080430,20080505,600098.SH,sell,199700.0,5.758437517082868,1149959.9721614488,344.9879916484346,574.9799860807244,575.2676198903937,5071820.777478617
20080430,20080505,600126.SH,sell,22400.0,4.933981707829302,110521.19025537636,33.156357076612906,55.260595127688184,55.28823924731114,5182253.550781788
20080430,20080505,000717.SZ,buy,186500.0,7.008760201620683,1307133.7776022574,392.1401332806772,0.0,653.2402686667629,3874727.63304625
20080430,20080505,600303.SH,buy,342000.0,3.7657329700272473,1287880.6757493187,386.3642027247956,0.0,643.6185286103282,2586460.5930942064
20080430,20080505,600398.SH,buy,602900.0,2.1342921339010092,1286764.7275289185,386.02941825867555,0.0,643.0608333477285,1299309.8361470292
20080430,20080505,600569.SH,buy,190900.0,6.802613330950678,1298618.8848784845,389.58566546354535,0.0,648.9849499643315,301.3656030811835
20080530,20080602,600303.SH,sell,342000.0,3.5082359218891916,1199816.6852861035,359.94500558583104,599.9083426430518,600.208446866367,1199158.1975409559
20080530,20080602,600398.SH,sell,602900.0,2.516427848062849,1517154.3495970918,455.1463048791275,758.5771747985459,758.9566531248856,2715098.82365837
20080530,20080602,000042.SZ,buy,225300.0,5.51898051452067,1243426.3099215068,373.027892976452,0.0,621.402453733841,1471299.4858438866
20080530,20080602,000090.SZ,buy,740600.0,1.6688834626926399,1235975.092470169,370.79252774105066,0.0,617.6787068815902,234953.6008459765
20080530,20080602,000717.SZ,buy,22400.0,6.062792567046111,135806.55350183288,40.74196605054986,0.0,67.86934207985178,99106.30537809306
20080530,20080602,600126.SH,buy,3900.0,4.64482125,18114.802874999998,5.434440862499999,0.0,9.052874999997584,80986.06806223057
20080530,20080602,600569.SH,buy,13100.0,6.1397945961401,80431.3092094353,24.12939276283059,0.0,40.195556826292886,530.6294600324327
20080630,20080701,600126.SH,sell,267000.0,3.4614236643145166,924200.118371976,277.2600355115928,462.100059185988,462.3312247983413,923991.3877373108
20080630,20080701,000717.SZ,sell,7900.0,4.531476134478102,35798.66146237701,10.7395984387131,17.899330731188503,17.908284873621596,959761.4102705179
20080630,20080701,000042.SZ,buy,400.0,3.9732072732997477,1589.282909319899,5.0,0.0,0.7942443324936903,958167.1273611981
20080630,20080701,000090.SZ,buy,25000.0,1.17106894054219,29276.72351355475,8.783017054066423,0.0,14.631046233662346,928881.6208305892
20080630,20080701,000570.SZ,buy,293500.0,3.0476306162935187,894479.5858821478,268.3438757646443,0.0,447.0162847987376,34133.6910726768
20080630,20080701,600569.SH,buy,7900.0,4.297258348820586,33948.34095568263,10.184502286704788,0.0,16.965687634023197,175.16561470746092
20080731,20080801,000090.SZ,sell,765600.0,1.2747114938202533,975919.119668786,292.77573590063577,487.95955983439296,488.20366166508757,975313.5499877584
20080731,20080801,000570.SZ,sell,293500.0,3.2665854624926425,958742.8332415905,287.6228499724771,479.3714166207953,479.61122223199345,1933289.3889627557
20080731,20080801,000042.SZ,buy,4400.0,4.015701468736109,17669.086462438878,5.300725938731663,0.0,8.830128167137445,1915615.0017743781
20080731,20080801,000717.SZ,buy,16700.0,4.3365295195832525,72420.04297704031,21.72601289311209,0.0,36.191925525752595,1843173.2327844447
20080731,20080801,000761.SZ,buy,197500.0,4.672543611342785,922827.3632402001,276.84820897206,0.0,461.18309007491916,920069.0213352726
20080731,20080801,600126.SH,buy,260500.0,3.527317212701613,918866.1339087702,275.65984017263105,0.0,459.20346522168256,927.2275863297982
20080731,20080801,600569.SH,buy,200.0,4.39492331129378,878.9846622587561,5.0,0.0,0.4392726947818346,43.242924071042125
20080829,20080901,000042.SZ,sell,230100.0,3.3918926259445845,780474.4932298489,234.14234796895465,390.23724661492446,390.4324628462782,779893.3565593361
20080829,20080901,000717.SZ,sell,1600.0,3.543735638626279,5669.977021802046,5.0,2.834988510901023,2.836406714257464,785555.4985926272
20080829,20080901,600126.SH,sell,4000.0,2.950006113911291,11800.024455645165,5.0,5.900012227822582,5.902963709675532,797344.6230360445
20080829,20080901,000761.SZ,buy,5100.0,3.7365837885738116,19056.57732172644,5.716973196517931,0.0,9.52352689741383,778282.3287411216
20080829,20080901,600249.SH,buy,127800.0,5.916734587205147,756158.6802448177,226.8476040734453,0.0,377.890394924907,21896.800892230356
20080829,20080901,600569.SH,buy,6200.0,3.5248172819871333,21853.867148320227,6.556160144496068,0.0,10.921472837741021,36.37758376563215
20080926,20081006,000761.SZ,sell,202600.0,3.819828079649708,773897.1689370308,232.16915068110922,386.94858446851543,387.14215554622933,773314.4287856468
20080926,20081006,600249.SH,sell,127800.0,5.910820809506792,755402.8994549679,226.62086983649036,377.701449727484,377.890394924907,1528113.0059210507
20080926,20081006,600569.SH,sell,1600.0,3.459205914939242,5534.729463902787,5.0,2.7673647319513934,2.768749106505311,1533639.9680202215
20080926,20081006,000090.SZ,buy,962500.0,0.771455165047556,742525.5963582726,222.75767890748176,0.0,371.077259549289,790891.6139830414
20080926,20081006,000717.SZ,buy,4700.0,3.391166084314104,15938.480596276288,5.0,0.0,7.965257669302446,774948.1333867651
20080926,20081006,000932.SZ,buy,259000.0,2.870412549732863,743436.8503808116,223.03105511424346,0.0,371.5326588609023,31288.2519508393
20080926,20081006,600126.SH,buy,11300.0,2.759423377016129,31181.484160282256,9.354445248084676,0.0,15.582950604835787,97.41334530895983
20081031,20081103,000090.SZ,sell,962500.0,0.550268444127969,529633.3774731702,158.89001324195104,264.8166887365851,264.94916331826244,529307.0841165007
20081031,20081103,000717.SZ,sell,3200.0,2.330720994597723,7458.307182712714,5.0,3.7291535913563574,3.7310191009073606,536756.6621456221
20081031,20081103,600126.SH,sell,19300.0,2.0456702016129036,39481.434891129036,11.844430467338709,19.740717445564517,19.75059274193336,576206.5118888383
20081031,20081103,000932.SZ,buy,22600.0,1.8429353302262133,41650.33846311242,12.495101538933724,0.0,20.814761850626383,534543.6783241869
20081031,20081103,600207.SH,buy,229200.0,2.2811399999999997,522837.28799999994,156.85118639999996,0.0,261.28800000000047,11549.539137787011
20081031,20081103,600569.SH,buy,5000.0,2.308444567548249,11542.222837741245,5.0,0.0,5.768227305217806,2.3163000457661838
20081128,20081201,000932.SZ,sell,281600.0,2.5634101625554164,721856.3017756053,216.55689053268156,360.92815088780264,361.1087052404182,721281.1330342306
20081128,20081201,600126.SH,sell,248500.0,2.6693501411290326,663333.5100705646,199.00005302116935,331.6667550352823,331.83267137093935,1384083.9762967387
20081128,20081201,000717.SZ,buy,14000.0,2.7233405382982827,38126.76753617596,11.438030260852788,0.0,19.05385683966597,1345945.770730302
20081128,20081201,000761.SZ,buy,194000.0,3.206932105921601,622144.8285487905,186.64344856463714,0.0,310.91695579641964,723614.2987329467
20081128,20081201,600019.SH,buy,257500.0,2.432471833206798,626361.4970507504,187.9084491152251,0.0,313.02423640713096,97064.8932330811
20081128,20081201,600207.SH,buy,18800.0,2.651325,49844.909999999996,14.953472999999997,0.0,24.909999999996217,47205.029760081095
20081128,20081201,600569.SH,buy,17900.0,2.6280753538241597,47042.548833452456,14.112764650035736,0.0,23.509519656887278,148.36816197860026
20081231,20090105,000717.SZ,sell,231600.0,2.7119541684352697,628088.5854096084,188.42657562288252,314.0442927048042,314.2013934014831,627734.4827032593
20081231,20090105,600207.SH,sell,26800.0,2.91854,78216.872,23.4650616,39.108436000000005,39.12799999999697,705888.7812056594
20081231,20090105,600569.SH,sell,8800.0,2.7230159381701213,23962.540255897067,7.18876207676912,11.981270127948534,11.987263759827329,729832.1514293518
20081231,20090105,000761.SZ,buy,16800.0,3.0182890408673897,50707.255886572144,15.212176765971641,0.0,25.34095746454841,679109.6833660137
20081231,20090105,600019.SH,buy,23400.0,2.292508176137359,53644.691321614206,16.09340739648426,0.0,26.808941190211044,625448.898637003
20081231,20090105,600022.SH,buy,353100.0,1.7706602246630054,625220.1253285073,187.56603759855216,0.0,312.4538357463898,41.20727089722641
20090123,20090202,600022.SH,sell,353100.0,2.2944587868197703,810173.3976260609,243.05201928781824,405.08669881303047,405.2893434846774,809566.4661788573
20090123,20090202,000717.SZ,buy,232300.0,3.2350510216091064,751502.3523197954,225.4507056959386,0.0,375.56339446257334,57838.66315336595
20090123,20090202,000761.SZ,buy,4500.0,3.4971522060050044,15737.18492702252,5.0,0.0,7.8646601334439765,42096.47822634343
20090123,20090202,600019.SH,buy,5100.0,2.6737884833265197,13636.32126496525,5.0,0.0,6.814753255854157,28455.156961378183
20090123,20090202,600569.SH,buy,9100.0,3.116400166190135,28359.241512330227,8.507772453699067,0.0,14.172534488916426,87.40767659425546
20090227,20090302,000761.SZ,sell,215300.0,3.6458700646371978,784955.8249163887,235.4867474749166,392.4779124581944,392.67424958292395,784415.2679330498
20090227,20090302,600207.SH,sell,221200.0,4.35782,963949.7840000001,289.1849352,481.97489200000007,482.2160000000149,1747593.89210585
20090227,20090302,000717.SZ,buy,23600.0,3.0529167817866103,72048.836050164,21.6146508150492,0.0,36.00641481767525,1675523.441404871
20090227,20090302,000898.SZ,buy,179900.0,4.353331173794358,783164.278165605,234.9492834496815,0.0,391.38644585979637,892124.2139558162
20090227,20090302,600569.SH,buy,13400.0,3.0897642673338095,41402.84118227305,12.420852354681914,0.0,20.691075053611712,850708.9519211885
20090227,20090302,600808.SH,buy,307400.0,2.5466398928146083,782837.1030512106,234.85113091536317,0.0,391.22294005553704,67636.99773906253
20090331,20090401,600019.SH,sell,286000.0,2.772367721777726,792897.1684284296,237.86915052852888,396.4485842142148,396.64690766797867,859899.8484327494
20090331,20090401,600569.SH,sell,253300.0,3.450336156182988,873970.1483611509,262.1910445083452,436.98507418057545,437.20367601851467,1733170.8206752115
20090331,20090401,000717.SZ,sell,6100.0,3.561064419255258,21722.492957457074,6.516747887237122,10.861246478728537,10.866679818638659,1754875.9356383027
20090331,20090401,600808.SH,sell,2500.0,2.9136278086542275,7284.069521635569,5.0,3.6420347608177845,3.643856689162021,1762151.3631251776
20090331,20090401,000488.SZ,buy,275900.0,3.157902519709225,871265.3051877752,261.3795915563325,0.0,435.41494512127247,890624.678345846
20090331,20090401,000898.SZ,buy,2600.0,4.88207585077343,12693.397212010917,5.0,0.0,6.343526842581923,877926.2811338351
20090331,20090401,600126.SH,buy,286300.0,3.0653323034274194,877604.6384712702,263.281391541381,0.0,438.5830277217319,58.361271023517475
20090430,20090504,000488.SZ,sell,275900.0,3.1128504955462275,858835.4517212042,257.65063551636126,429.4177258606021,429.63254213146865,858206.7446308507
20090430,20090504,000717.SZ,sell,249800.0,3.3791122226509747,844102.2332182134,253.23066996546402,422.0511166091067,422.2622477329569,1701633.6960624894
20090430,20090504,000898.SZ,sell,182500.0,5.135435244161358,937216.9320594479,281.16507961783435,468.60846602972396,468.84288747340906,2638100.8545762897
20090430,20090504,600126.SH,sell,286300.0,3.149583694556452,901725.8117515122,270.5177435254536,450.8629058757561,451.08845010073856,3539105.2856784007
20090430,20090504,600808.SH,sell,304900.0,2.8212444878920206,860197.4443582771,258.0592333074831,430.0987221791386,430.3138791186502,4398614.572081191
20090430,20090504,000926.SZ,buy,211500.0,4.163603249803439,880602.0873334274,264.1806262000282,0.0,440.08100316510536,3517748.304121564
20090430,20090504,000932.SZ,buy,258400.0,3.359687416164601,868143.228336933,260.44296850107986,0.0,433.85468682507053,2649344.6328161303
20090430,20090504,600012.SH,buy,342700.0,2.5584109460946096,876767.4312266227,263.03022936798675,0.0,438.16463329666294,1772314.1713601397
20090430,20090504,600269.SH,buy,297800.0,2.983865124001023,888595.0339275047,266.5785101782514,0.0,444.0754792240914,883452.5589224568
20090430,20090504,600782.SH,buy,406200.0,2.1737785776422993,882988.8582383019,264.8966574714906,0.0,441.2737922229571,198.8040266833268
20090527,20090601,000932.SZ,sell,258400.0,3.5192580197794707,909376.2723110153,272.8128816933046,454.68813615550766,454.9155939522898,908847.5753198498
20090527,20090601,000926.SZ,sell,10400.0,4.603589842348245,47877.334360421744,14.363200308126522,23.938667180210874,23.950642501462426,956686.6078127832
20090527,20090601,600782.SH,sell,14700.0,2.3842350330994684,35048.254986562184,10.514476495968655,17.524127493281092,17.53289394024614,991706.8241953561
20090527,20090601,600012.SH,buy,5600.0,2.6840696369636965,15030.789966996701,5.0,0.0,7.511639163916698,976671.0342283593
20090527,20090601,600050.SH,buy,189700.0,4.836892880030414,917558.5793417695,275.2675738025308,0.0,458.5500146634877,58837.1873127874
20090527,20090601,600269.SH,buy,19600.0,2.9897737678109264,58599.56584909416,17.579869754728247,0.0,29.285140354368195,220.04159393851296
20090630,20090701,000926.SZ,sell,201100.0,6.0484268068463605,1216338.6308568032,364.90158925704094,608.1693154284015,608.4735522044357,1215585.6015460563
20090630,20090701,600050.SH,sell,189700.0,5.272038163254223,1000105.6395693261,300.0316918707978,500.05281978466303,500.3029712702846,2214891.156603727
20090630,20090701,600782.SH,sell,19700.0,2.866790398325224,56475.77084700691,16.94273125410207,28.237885423503457,28.25201142921287,2271321.7468340565
20090630,20090701,600012.SH,buy,33800.0,2.8226060506050605,95404.08451045105,28.621225353135312,0.0,47.678203153656796,2175889.0410982524
20090630,20090701,600269.SH,buy,13100.0,3.306645955390916,43317.062015621,12.995118604686299,0.0,21.647707154224918,2132558.983964027
20090630,20090701,600308.SH,buy,322200.0,3.310222239859226,1066553.6056826427,319.96608170479277,0.0,533.0102976926137,1065685.4121996795
20090630,20090701,600966.SH,buy,305100.0,3.491526188802682,1065264.6402036983,319.57939206110944,0.0,532.3661370333284,101.19260392012075
20090731,20090803,600308.SH,sell,322200.0,4.289716052898918,1382146.5122440315,414.6439536732094,691.0732561220158,691.4189656048547,1381141.9876381564
20090731,20090803,600782.SH,sell,371800.0,3.7567265587869185,1396750.9345569762,419.0252803670928,698.3754672784881,698.7248296933249,2776775.521447487
20090731,20090803,600966.SH,sell,305100.0,4.51179774269417,1376549.4912959912,412.96484738879735,688.2747456479956,688.6190551754553,4152223.7731504412
20090731,20090803,000429.SZ,buy,424800.0,3.0170655208461445,1281649.4332554422,384.4948299766326,0.0,640.5044643953443,2870189.8450650224
20090731,20090803,000530.SZ,buy,360700.0,3.5529159715743286,1281536.7909468603,384.4610372840581,0.0,640.4481713876594,1588268.593080878
20090731,20090803,600012.SH,buy,48600.0,3.042958195819582,147887.76831683167,44.366330495049496,0.0,73.90693069304689,1440336.4584335512
20090731,20090803,600035.SH,buy,580500.0,2.236573978634918,1298331.1945975698,389.4993583792709,0.0,648.8411767100915,141615.7644776022
20090731,20090803,600269.SH,buy,39600.0,3.566346003028925,141227.30171994542,42.36819051598362,0.0,70.57836167913047,346.09456714079715
20090831,20090901,000530.SZ,sell,360700.0,2.821805335768307,1017825.1846116283,305.34755538348844,508.91259230581414,509.1671758935554,1017357.0190310798
20090831,20090901,600269.SH,sell,370100.0,3.8765234119478977,1434701.3147619169,430.41039442857505,717.3506573809584,717.7095121368766,2450910.572741187
20090831,20090901,000016.SZ,buy,594100.0,1.9296570837988825,1146409.273484916,343.9227820454748,0.0,572.9181776535697,1304157.3764742257
20090831,20090901,000429.SZ,buy,27400.0,2.5226356721190504,69120.21741606198,20.736065224818592,0.0,34.54283728938026,1235016.422992939
20090831,20090901,600012.SH,buy,14900.0,2.6127468646864687,38929.92828382838,11.678978485148514,0.0,19.455236523652275,1196074.8157306253
20090831,20090901,600015.SH,buy,443400.0,2.5750763442359426,1141788.8510342168,342.536655310265,0.0,570.6091209563892,53943.428041098174
20090831,20090901,600035.SH,buy,28700.0,1.8780703172143849,53900.618104052846,16.170185431215852,0.0,26.936840631708037,26.639751614115085
20090930,20091009,600015.SH,sell,443400.0,2.994983289318286,1327975.590483728,398.3926771451184,663.9877952418641,664.3199552192818,1326939.8497629552
20090930,20091009,000016.SZ,buy,18400.0,1.9796011494972066,36424.6611507486,10.92739834522458,0.0,18.203228960890556,1290504.2612138614
20090930,20091009,000429.SZ,buy,18100.0,2.5604481982535976,46344.11238839012,13.903233716517034,0.0,23.16047595621785,1244146.2455917548
20090930,20091009,600012.SH,buy,10300.0,2.686197579757976,27667.83507150715,8.300350521452144,0.0,13.827004033733829,1216470.1101697262
20090930,20091009,600026.SH,buy,125700.0,9.504232153797401,1194681.9817323333,358.40459451969997,0.0,597.042469631182,21429.723842873238
20090930,20091009,600035.SH,buy,11000.0,1.943252801109027,21375.780812199297,6.412734243659789,0.0,10.682549131532141,47.53029643028276
20091030,20091102,000016.SZ,sell,612500.0,2.521922318659218,1544677.420178771,463.4032260536313,772.3387100893855,772.7250726255588,1543489.2085390582
20091030,20091102,600026.SH,sell,125700.0,10.230014999471852,1285912.8854336117,385.7738656300835,642.9564427168059,643.278081757715,2828373.363664323
20091030,20091102,000429.SZ,buy,28800.0,2.625269671627106,75607.76654286064,22.68232996285819,0.0,37.78499077602464,2752742.9147914993
20091030,20091102,600012.SH,buy,19400.0,2.7911271727172715,54147.867150715065,16.244360145214518,0.0,27.060403373667214,2698578.803280639
20091030,20091102,600035.SH,buy,48300.0,1.9676962325695182,95039.72803310773,28.511918409932317,0.0,47.49611595858005,2603510.563329121
20091030,20091102,600050.SH,buy,268000.0,4.861105273448108,1302776.213284093,390.83286398522785,0.0,651.0625753544737,1300343.5171810428
20091030,20091102,600350.SH,buy,542500.0,2.3961757605021727,1299925.3500724288,389.9776050217286,0.0,649.6378561081365,28.189503592206165
20091130,20091201,600035.SH,sell,668500.0,2.4052715240968774,1607924.0138587626,482.37720415762874,803.9620069293813,804.3641890236177,1606665.8641512678
20091130,20091201,600350.SH,sell,542500.0,2.673055206824401,1450132.4497022375,435.0397349106712,725.0662248511188,725.4289393206127,3055638.207893743
20091130,20091201,600012.SH,sell,24200.0,3.3229434910157685,80415.2324825816,24.12456974477448,40.2076162412908,40.227730106329545,3135989.1081903386
20091130,20091201,000692.SZ,buy,464900.0,3.2092855471698116,1491996.8508792454,447.5990552637736,0.0,745.62561263307,1643544.6582558295
20091130,20091201,600050.SH,buy,30500.0,5.079581914951392,154927.24840601746,46.47817452180524,0.0,77.42491174710449,1488570.9316752902
20091130,20091201,601988.SH,buy,879200.0,1.6925331501547984,1488075.1456160988,446.4225436848296,0.0,743.6657399379183,49.363515506731346
20091231,20100104,000692.SZ,sell,464900.0,3.3877392452830195,1574959.9751320758,472.4879925396227,787.479987566038,787.8739245282486,1573749.370667477
20091231,20100104,600050.SH,sell,25900.0,5.6980999402596,147580.78845272365,44.27423653581709,73.79039422636183,73.82730788027402,1721212.0944894385
20091231,20100104,601988.SH,sell,11900.0,1.7811291137770895,21195.436453947364,6.358630936184209,10.597718226973683,10.603019736841816,1742390.5745942227
20091231,20100104,000429.SZ,buy,19900.0,2.9547788279424423,58800.0986760546,17.64002960281638,0.0,29.38535665969539,1683572.8358885653
20091231,20100104,600012.SH,buy,46800.0,3.132148349834983,146584.5427722772,43.97536283168316,0.0,73.2556435643346,1536944.3177534563
20091231,20100104,600033.SH,buy,617400.0,2.488632828260061,1536481.9081677615,460.9445724503284,0.0,767.8570255709346,1.4650132444221526
20100129,20100201,000429.SZ,sell,519000.0,2.9086544029024717,1509591.635106383,452.8774905319148,754.7958175531915,755.1734042551834,1508385.4268115421
20100129,20100201,600012.SH,sell,497900.0,3.8261021268793547,1905016.2489732306,571.5048746919691,952.5081244866153,952.9846167948563,3411877.6627855944
20100129,20100201,600033.SH,sell,617400.0,2.6319494573608466,1624965.5949745867,487.48967849237596,812.4827974872934,812.8892421082128,5035543.285284202
20100129,20100201,000027.SZ,buy,381100.0,4.164041936899595,1586916.3821524358,476.0749146457307,0.0,793.0616602459922,3448150.82821712
20100129,20100201,000402.SZ,buy,275000.0,5.780931021920187,1589756.0310280514,476.9268093084154,0.0,794.480775126256,1857917.8703797602
20100129,20100201,600050.SH,buy,21700.0,5.422902351599413,117676.98102970727,35.30309430891218,0.0,58.80908597186499,1740205.586255744
20100129,20100201,601186.SH,buy,271100.0,5.8385342465753425,1582826.6342465754,474.8479902739726,0.0,791.0178082191851,156904.10401889472
20100129,20100201,601988.SH,buy,93500.0,1.6761007894736841,156715.42381578946,47.014627144736835,0.0,78.31855263156467,141.66557596053462
20100226,20100301,000027.SZ,sell,11300.0,4.313208885312875,48739.260404035485,14.621778121210644,24.369630202017742,24.381821112569014,48841.93457167279
20100226,20100301,601988.SH,sell,16000.0,1.7031534152476782,27250.45464396285,8.175136393188854,13.625227321981425,13.632043343652185,76070.58885192047
20100226,20100301,000402.SZ,buy,300.0,5.90286820550815,1770.8604616524449,5.0,0.0,0.8849877369577825,74294.72839026804
20100226,20100301,600050.SH,buy,14100.0,5.243439396078857,73932.4954847119,22.179748645413564,0.0,36.94777385544148,340.0531569107261
20100331,20100401,000027.SZ,sell,369800.0,4.399873051478357,1627073.0544366965,488.1219163310089,813.5365272183483,813.9434989679139,1626111.4491500577
20100331,20100401,600050.SH,sell,308400.0,4.895221289306469,1509686.245622115,452.90587368663444,754.8431228110575,755.2207331776153,3134589.945775675
20100331,20100401,601186.SH,sell,271100.0,5.777931506849315,1566397.2315068494,469.9191694520548,783.1986157534247,783.5904109587427,4699734.059497319
20100331,20100401,000402.SZ,sell,10400.0,6.112913604823462,63574.301490164005,19.0722904470492,31.787150745082002,31.80305227122153,4763257.501546291
20100331,20100401,601988.SH,sell,30500.0,1.7647131772445819,53823.75190595975,16.14712557178792,26.911875952979873,26.925338622291747,4817038.194450726
20100331,20100401,000778.SZ,buy,381900.0,4.178363703474231,1595717.0983568088,478.7151295070426,0.0,797.4598192686681,3220842.38096441
20100331,20100401,600011.SH,buy,351700.0,4.5305949782608685,1593410.2538543474,478.02307615630417,0.0,796.306973440107,1626954.1040339062
20100331,20100401,600308.SH,buy,331400.0,4.906392177635874,1625978.3676685288,487.7935103005586,0.0,812.5828923881054,487.94285507686436
20100430,20100504,000402.SZ,sell,264900.0,4.817241699453272,1276087.3261851717,382.82619785555147,638.0436630925859,638.3628445148934,1275554.3991793003
20100430,20100504,000778.SZ,sell,381900.0,3.935862704904527,1503105.9670030389,450.9317901009116,751.5529835015194,751.9289479753934,2777457.881408737
20100430,20100504,600011.SH,sell,351700.0,4.1298036304347825,1452451.936823913,435.7355810471738,726.2259684119565,726.5892630435992,4228747.856683191
20100430,20100504,601988.SH,sell,914300.0,1.699049431114551,1553440.894868034,466.03226846041014,776.7204474340169,777.109001934994,5780945.998835331
20100430,20100504,600016.SH,buy,679000.0,2.0676750985115624,1403951.391889351,421.18541756680526,0.0,701.6248835029546,4376573.421528413
20100430,20100504,600019.SH,buy,417800.0,3.3732912456929274,1409361.082450505,422.8083247351515,0.0,704.3283770366106,2966789.530753173
20100430,20100504,600269.SH,buy,337800.0,4.107368206251245,1387468.9800716704,416.2406940215011,0.0,693.3877961377148,1578904.309987481
20100430,20100504,600308.SH,buy,55300.0,3.6572663667368106,202246.83008054562,60.67404902416368,0.0,101.07287860097131,1376596.8058579112
20100430,20100504,601186.SH,buy,254500.0,5.406811643835616,1376033.5633561644,412.8100690068493,0.0,687.6729452053551,150.43243273999542
20100531,20100601,600019.SH,sell,417800.0,3.212636877299539,1342239.6873357475,402.6719062007242,671.1198436678737,671.4555714533199,1341316.328018619
20100531,20100601,600269.SH,sell,337800.0,3.735176072566196,1261742.477312861,378.5227431938583,630.8712386564305,631.1868320724461,2602049.41134963
20100531,20100601,600308.SH,sell,386700.0,3.119693273347362,1206385.3888034248,361.9156166410274,603.1926944017124,603.4944416226353,3807469.691842012
20100531,20100601,600016.SH,sell,25200.0,1.9548439452858881,49262.06742120438,14.778620226361314,24.631033710602193,24.643355388296186,3856692.3496092795
20100531,20100601,600808.SH,buy,522000.0,2.4541641425168716,1281073.682393807,384.32210471814204,0.0,640.2167328305077,2575234.3451107545
20100531,20100601,601186.SH,buy,6500.0,4.947678082191781,32159.907534246577,9.647972260273972,0.0,16.071917808214494,2543064.7896042475
20100531,20100601,601390.SH,buy,405000.0,3.1548244692032794,1277703.9100273282,383.3111730081984,0.0,638.5326886693947,1264977.568403911
20100531,20100601,601939.SH,buy,608500.0,2.0782011555127586,1264585.4031295136,379.37562093885407,0.0,631.976713208016,12.789653458632529
20100630,20100701,601186.SH,sell,261000.0,4.929041095890413,1286479.7260273977,385.9439178082193,643.2398630136988,643.56164383539,1285463.3319000346
20100630,20100701,601939.SH,sell,608500.0,1.9752596693949611,1201945.508826834,360.58365264805013,600.972754413417,601.2733911087271,2486447.284319807
20100630,20100701,600016.SH,buy,10400.0,1.8159581299971115,18885.96455196996,5.665789365590987,0.0,9.438263144413213,2467555.653978471
20100630,20100701,600019.SH,buy,402600.0,2.9960075629270575,1206192.6448344334,361.85779345033,0.0,602.7949249548838,1261001.1513505874
20100630,20100701,600269.SH,buy,343500.0,3.495592376496687,1200735.981326612,360.2207943979835,0.0,600.0679566848557,59904.949229577556
20100630,20100701,600808.SH,buy,15800.0,2.2549856034140525,35628.77253394203,10.688631760182608,0.0,17.80548352520418,24265.488063875346
20100630,20100701,601390.SH,buy,8300.0,2.916459953752365,24206.61761614463,7.261985284843389,0.0,12.097260177983117,51.60846244587083
20100730,20100802,600269.SH,sell,343500.0,3.8480593654901734,1321808.3920458746,396.54251761376236,660.9041960229373,661.234813429648,1320802.5537946837
20100730,20100802,600808.SH,sell,537800.0,2.604120075426757,1400495.7765645098,420.1487329693529,700.247888282255,700.5981873758137,2720177.933737942
20100730,20100802,601390.SH,sell,1800.0,3.273914042463738,5893.045276434728,5.0,2.946522638217364,2.9479966365352084,2726063.0324917384
20100730,20100802,600016.SH,buy,8100.0,2.017344464549463,16340.49016285065,5.0,0.0,8.166162000423355,2709717.5423288876
20100730,20100802,600019.SH,buy,6600.0,3.3385545027156454,22034.45971792326,6.610337915376977,0.0,11.011723996962246,2687676.472273049
20100730,20100802,601186.SH,buy,250700.0,5.370539617523397,1346394.2821131155,403.9182846339346,0.0,672.8607107012067,1340878.2718752995
20100730,20100802,601988.SH,buy,878300.0,1.526141946594427,1340410.4716938853,402.12314150816553,0.0,669.8703006964643,65.67703990614973
20100831,20100901,601390.SH,sell,411500.0,3.1105734286314903,1280000.9658818583,384.00028976455746,640.0004829409291,640.320643262472,1279042.642149059
20100831,20100901,600016.SH,sell,8800.0,1.957437194586906,17225.447312364773,5.167634193709431,8.612723656182387,8.6170321722675,1296254.309103574
20100831,20100901,600019.SH,sell,15800.0,3.345432678268995,52857.83631665012,15.857350894995035,26.42891815832506,26.442139227932785,1349069.8591511708
20100831,20100901,601186.SH,sell,3100.0,5.260246629594467,16306.764551742846,5.0,8.153382275871424,8.157461006372614,1365363.4703206378
20100831,20100901,601288.SH,buy,1096900.0,1.1955323702514715,1311379.4569288392,393.41383707865174,0.0,655.3620474408381,53590.59955471987
20100831,20100901,601988.SH,buy,37500.0,1.428093720975232,53553.5145365712,16.06605436097136,0.0,26.76337558049272,21.01896378769743
20100930,20101008,601186.SH,sell,247600.0,5.190296541434966,1285117.4236592976,385.53522709778923,642.5587118296488,642.8801519055851,1284110.348684158
20100930,20101008,601288.SH,sell,1096900.0,1.1765115034777958,1290515.4681647941,387.1546404494382,645.2577340823971,645.5805243444629,2573593.4044744205
20100930,20101008,600019.SH,sell,12500.0,3.4016155171406885,42520.19396425861,12.756058189277582,21.260096982129305,21.270732348297315,2616079.5822835076
20100930,20101008,601988.SH,sell,13500.0,1.4266663409442724,19259.995602747676,5.777998680824302,9.629997801373838,9.63481520897767,2635324.1698897732
20100930,20101008,600016.SH,buy,31200.0,1.8616069206075834,58082.1359229566,17.424640776886978,0.0,29.02655468413286,2577224.60932604
20100930,20101008,600308.SH,buy,388200.0,3.327633524417676,1291787.3341789418,387.5362002536825,0.0,645.5708816486876,1285049.7389468444
20100930,20101008,601328.SH,buy,522100.0,2.4604954249807074,1284624.6613824274,385.3873984147282,0.0,641.9913350236602,39.69016600213945
20101029,20101101,601328.SH,sell,522100.0,2.600896380406424,1357928.000210194,407.37840006305817,678.9640001050969,679.3036519307643,1356881.3479760278
20101029,20101101,600019.SH,sell,4100.0,3.6978523039187063,15161.194446066696,5.0,7.580597223033348,7.584389417741477,1372029.9618248714
20101029,20101101,600308.SH,sell,15100.0,3.722221841666062,56205.549809157535,16.86166494274726,28.10277490457877,28.116833321240847,1428190.5471941815
20101029,20101101,600016.SH,buy,5300.0,1.9883700377695788,10538.361200178768,5.0,0.0,5.266547326426007,1417647.1859940027
20101029,20101101,601668.SH,buy,892500.0,1.5544850031585598,1387377.8653190145,416.21335959570433,0.0,693.3422615285963,29853.107315392466
20101029,20101101,601988.SH,buy,19700.0,1.513353047600619,29813.055037732192,8.943916511319657,0.0,14.899077979876893,31.108361148955737
20101130,20101201,601668.SH,sell,892500.0,1.4468567530006318,1291319.652053064,387.39589561591913,645.659826026532,645.9828174351715,1290317.7046925705
20101130,20101201,600016.SH,sell,16600.0,1.8344189605463241,30451.35474506898,9.135406423520694,15.22567737253449,15.2332940195447,1320744.6983538435
20101130,20101201,601988.SH,sell,48400.0,1.435601499613003,69483.11258126935,20.844933774380802,34.741556290634676,34.758935758509324,1390172.2244450478
20101130,20101201,600019.SH,buy,14100.0,3.2056258395141035,45199.32433714886,13.559797301144656,0.0,22.58836798457196,1344959.3403105978
20101130,20101201,600308.SH,buy,32100.0,3.08927334736231,99165.67445033015,29.74970233509904,0.0,49.558058196053025,1245763.9161579325
20101130,20101201,601328.SH,buy,532500.0,2.338522147503031,1245263.043545364,373.57891306360915,0.0,622.3203615916427,127.29369950504042
20101231,20110104,600308.SH,sell,405200.0,2.9984564835643273,1214974.5671402654,364.49237014207955,607.4872835701327,607.7911791596562,1214129.881186058
20101231,20110104,601328.SH,sell,532500.0,2.3151759379708228,1232831.186969463,369.84935609083885,616.4155934847315,616.7239554624539,2445974.8032059455
20101231,20110104,600019.SH,sell,14600.0,3.289249839397302,48023.047655200615,14.406914296560183,24.011523827600307,24.023535595391877,2493959.432423022
20101231,20110104,600016.SH,buy,1600.0,1.8290106904802133,2926.4171047683412,5.0,0.0,1.4624773137270495,2491028.0153182535
20101231,20110104,600020.SH,buy,529500.0,2.3371066468574377,1237497.9695110132,371.24939085330396,0.0,618.4397648728918,1253158.796416387
20101231,20110104,601333.SH,buy,471600.0,2.6315252939080875,1241027.3286070542,372.30819858211623,0.0,620.203562522307,11759.15961075062
20101231,20110104,601988.SH,buy,8200.0,1.4282485971362227,11711.638496517025,5.0,0.0,5.852892801856797,42.521114233593835
20110131,20110201,600019.SH,sell,376300.0,3.539518848916662,1331920.94284734,399.57628285420196,665.96047142367,666.2936182327103,1330897.9272072958
20110131,20110201,600020.SH,sell,529500.0,2.315040251491075,1225813.813164524,367.7441439493572,612.9069065822621,613.2135133389384,2555731.0893212883
20110131,20110201,601333.SH,sell,471600.0,2.84225468471678,1340407.3093124335,402.12219279373,670.2036546562167,670.5389241182711,3895066.0727862716
20110131,20110201,600016.SH,buy,24600.0,1.8217670837852422,44815.470261116956,13.444641078335085,0.0,22.39653686212114,3850237.1578840762
20110131,20110201,600269.SH,buy,378800.0,3.3542942663746764,1270606.6681027275,381.1820004308182,0.0,634.9858411308378,2579249.3077809177
20110131,20110201,601288.SH,buy,1092600.0,1.164305778491172,1272120.4935794545,381.6361480738363,0.0,635.7423756020144,1306747.1780533893
20110131,20110201,601328.SH,buy,543200.0,2.3343161724175943,1268000.5448572373,380.4001634571711,0.0,633.6834307133686,38366.233032694785
20110131,20110201,601988.SH,buy,26900.0,1.4238539860681114,38301.6722252322,11.490501667569658,0.0,19.141265479876893,53.070305795015884
20110228,20110301,600269.SH,sell,378800.0,3.4736867637439213,1315832.5461061974,394.7497638318592,657.9162730530987,658.2453957507387,1314832.9503751073
20110228,20110301,600016.SH,sell,2000.0,1.852509877316998,3705.019754633996,5.0,1.8525098773169981,1.853436595614312,1318531.117619864
20110228,20110301,600020.SH,buy,521200.0,2.4292742329306884,1266137.7302034749,379.84131906104244,0.0,632.7524888571352,52013.546097327955
20110228,20110301,601288.SH,buy,9500.0,1.164305778491172,11060.904895666134,5.0,0.0,5.527688603531715,40947.64120166182
20110228,20110301,601328.SH,buy,7400.0,2.338522147503031,17305.06389152243,5.191519167456729,0.0,8.648207841841213,23637.385790971934
20110228,20110301,601988.SH,buy,16500.0,1.4238539860681114,23493.59077012384,7.048077231037151,0.0,11.740924922600243,136.7469436170577
20110331,20110401,600020.SH,sell,521200.0,2.486037542794393,1295722.7673044377,388.71683019133127,647.8613836522188,648.1854763901792,1294822.936034211
20110331,20110401,600016.SH,sell,38000.0,2.0189463116071966,76719.95984107348,23.015987952322043,38.35997992053674,38.379169505278696,1371481.5199074117
20110331,20110401,601288.SH,sell,11000.0,1.2299892990904229,13529.882289994652,5.0,6.764941144997326,6.768325307648411,1384999.6372562612
20110331,20110401,600308.SH,buy,440000.0,3.045364893694216,1339960.553225455,401.9881659676365,0.0,669.6454538856633,44637.095864838455
20110331,20110401,601328.SH,buy,16000.0,2.3931998236137138,38291.19717781942,11.487359153345825,0.0,19.13603057362343,6334.411327865688
20110331,20110401,601988.SH,buy,4300.0,1.4678000967492257,6311.54041602167,5.0,0.0,3.1541931114552426,17.870911844017428
20110429,20110503,600308.SH,sell,440000.0,3.418303054930701,1504053.3441695084,451.2160032508525,752.0266720847542,752.4028735216707,1502867.972406017
20110429,20110503,601288.SH,sell,1091100.0,1.3012930265739258,1419840.8212948104,425.9522463884431,709.9204106474052,710.275548421545,2921572.921043792
20110429,20110503,600016.SH,sell,21500.0,2.210710029376339,47530.26563159128,14.259079689477383,23.765132815795642,23.777021326466638,2969065.162462878
20110429,20110503,000402.SZ,buy,280700.0,5.104535561289662,1432843.132054008,429.8529396162024,0.0,716.0635342595633,1535792.1774692538
20110429,20110503,600269.SH,buy,423700.0,3.3850112468359828,1434229.2652844058,430.2687795853217,0.0,716.7562545149121,101132.64340526261
20110429,20110503,601328.SH,buy,10300.0,2.5025551758350786,25776.31831110131,7.732895493330393,0.0,12.881718296401232,75348.59219866798
20110429,20110503,601988.SH,buy,50800.0,1.48098392995356,75233.98364164085,22.570195092492252,0.0,37.598192724442924,92.03836193462485
20110531,20110601,600016.SH,sell,648100.0,2.1962372959598,1423381.3915115464,427.0144174534639,711.6906957557733,712.0467191154603,1422334.7247602718
20110531,20110601,601328.SH,sell,700.0,2.4118166758534523,1688.2716730974166,5.0,0.8441358365487084,0.84455811560656,1424017.1522975327
20110531,20110601,601988.SH,sell,28700.0,1.4663330301857582,42083.757966331264,12.625127389899378,21.04187898316563,21.05240518575738,1466067.243257491
20110531,20110601,000402.SZ,buy,3300.0,4.849996726023197,16004.989195876551,5.0,0.0,7.99849535026442,1450057.2540616144
20110531,20110601,600019.SH,buy,426000.0,3.251639607545407,1385198.4728143434,415.559541844303,0.0,692.2531098523177,64443.221705426695
20110531,20110601,600269.SH,buy,20500.0,3.133132007053269,64229.20614459201,19.2687618433776,0.0,32.09855379539658,194.7467989913057
20110630,20110701,000402.SZ,sell,284000.0,5.113178680701038,1452142.7453190947,435.6428235957284,726.0713726595474,726.4345899545588,1451175.7779218305
20110630,20110701,600019.SH,sell,1500.0,3.229433357180401,4844.150035770602,5.0,2.4220750178853008,2.4232866612155703,1456012.5058825833
20110630,20110701,601988.SH,sell,9200.0,1.4533132275541796,13370.481693498452,5.0,6.685240846749226,6.688585139318093,1469371.302335235
20110630,20110701,600269.SH,buy,29600.0,2.893539559455078,85648.77095987031,25.69463128796109,0.0,42.80298398793093,1383696.8367440768
20110630,20110701,601328.SH,buy,9400.0,2.338522147503031,21982.10818652849,6.594632455958546,0.0,10.985561312605569,1361708.1339250924
20110630,20110701,601390.SH,buy,477500.0,2.850657326045827,1361188.8731868824,408.35666195606467,0.0,680.2543094388675,110.9040762539953
20110729,20110801,601988.SH,sell,942400.0,1.407322302631579,1326260.5380000002,397.8781614,663.1302690000001,663.4619999998249,1325310.433645854
20110729,20110801,600019.SH,sell,6800.0,3.1116099179466215,21158.947442037024,6.3476842326111065,10.579473721018513,10.584766104071605,1346452.4539299374
20110729,20110801,600269.SH,sell,12500.0,2.813063342908337,35163.29178635421,10.548987535906262,17.581645893177104,17.590441113730776,1381587.6150828626
20110729,20110801,601328.SH,sell,2900.0,2.228407893286297,6462.382890530262,5.0,3.231191445265131,3.232807849190067,1388041.7667819476
20110729,20110801,000402.SZ,buy,261900.0,4.91388359192172,1286946.1127242984,386.0838338172895,0.0,643.1514806216583,100709.5702238318
20110729,20110801,601390.SH,buy,40400.0,2.491203636745848,100644.62692453226,30.193388077359675,0.0,50.297164879826596,34.74991122218489
20110831,20110901,000402.SZ,sell,261900.0,4.866347224847988,1274496.3381876883,382.34890145630646,637.2481690938441,637.5669525701087,1273511.4910283603
20110831,20110901,601328.SH,sell,28300.0,2.2098378275089114,62538.41051850219,18.761523155550655,31.269205259251095,31.284847683098633,1335999.8708184478
20110831,20110901,600019.SH,buy,15700.0,2.8359526879051566,44524.45720011096,13.357337160033287,0.0,22.25110304853297,1291462.0562811769
20110831,20110901,600269.SH,buy,6200.0,2.634005972526379,16330.837029663551,5.0,0.0,8.161337845909657,1275126.2192515132
20110831,20110901,601390.SH,buy,23700.0,2.2608033003994112,53581.03821946605,16.074311465839813,0.0,26.777130544462125,1221529.1067205814
20110831,20110901,601988.SH,buy,884100.0,1.3811081656346746,1221037.7292376158,366.31131877128473,0.0,610.213757739868,125.06616419437341
20110930,20111010,601988.SH,sell,884100.0,1.3107413602941176,1158826.4366360293,347.64793099080873,579.4132183180146,579.7030698528979,1158024.4416509147
20110930,20111010,600019.SH,sell,9600.0,2.7313615458739706,26221.07084039012,7.866321252117035,13.11053542019506,13.117093967175606,1184224.5356346325
20110930,20111010,000402.SZ,buy,266500.0,4.330759923994685,1154147.5197445834,346.24425592337496,0.0,576.7853671885096,29730.771634125616
20110930,20111010,600269.SH,buy,5000.0,2.4584055743579536,12292.027871789767,5.0,0.0,6.142942464661246,17433.74376233585
20110930,20111010,601328.SH,buy,1300.0,2.0819282548781834,2706.5067313416384,5.0,0.0,1.3525770771320822,14722.23703099421
20110930,20111010,601390.SH,buy,7000.0,2.1024030691612356,14716.82148412865,5.0,0.0,7.354733375375872,0.4155468655608274
20111031,20111101,600019.SH,sell,423800.0,2.8063400981136484,1189326.933580564,356.7980800741692,594.6634667902821,594.9609472639859,1188375.8875805654
20111031,20111101,601390.SH,sell,548600.0,2.222579556443136,1219307.1446647046,365.7921433994113,609.6535723323523,609.958551608026,2406707.586529538
20111031,20111101,000402.SZ,sell,2400.0,4.567972650477747,10963.134361146595,5.0,5.481567180573298,5.484309335239232,2417660.2393235043
20111031,20111101,601328.SH,sell,3200.0,2.1866252452871793,6997.200784918974,5.0,3.4986003924594873,3.5003505677423163,2424648.941508031
20111031,20111101,600269.SH,buy,5600.0,2.5336628878587075,14188.512172008763,5.0,0.0,7.09071073063933,2410455.429336022
20111031,20111101,601186.SH,buy,365200.0,3.3032580191238305,1206349.8285840228,361.9049485752068,0.0,602.8734775530174,1203743.695803424
20111031,20111101,601988.SH,buy,871300.0,1.3811081656346746,1203359.544717492,361.0078634152476,0.0,601.3790828173514,23.143222516868263
20111130,20111201,600269.SH,sell,6000.0,2.4872742697875494,14923.645618725297,5.0,7.461822809362649,7.4655555871559045,14934.327018432803
20111130,20111201,601328.SH,sell,4900.0,2.135557564399368,10464.232065556904,5.0,5.232116032778452,5.234733399476681,25388.326967956928
20111130,20111201,601988.SH,sell,1600.0,1.3429350077399382,2148.6960123839012,5.0,1.0743480061919506,1.0748854489161204,27530.948632334635
20111130,20111201,000402.SZ,buy,1700.0,4.387650037938786,7459.0050644959365,5.0,0.0,3.727638712890439,20066.943567838698
20111130,20111201,601186.SH,buy,6300.0,3.1327672826529227,19736.43388071341,5.920930164214023,0.0,9.86328529770617,324.58875696107134
20111230,20120104,000402.SZ,sell,265800.0,4.326431328368504,1149965.4470803484,344.9896341241045,574.9827235401742,575.2703587193973,1149370.0634796452
20111230,20120104,601988.SH,sell,869700.0,1.347534100232198,1171950.4069719426,351.5851220915828,585.9752034859713,586.2683376548812,2320382.91012601
20111230,20120104,600269.SH,sell,1800.0,2.393296652541168,4307.933974574103,5.0,2.1539669872870513,2.155044509541767,2324683.690133597
20111230,20120104,601328.SH,sell,12100.0,2.0891323999559037,25278.502039466435,7.58355061183993,12.639251019733218,12.645573806636094,2349941.9693714315
20111230,20120104,600126.SH,buy,429300.0,2.6106343019153226,1120745.305812248,336.2235917436744,0.0,560.0926066029351,1228860.4399674397
20111230,20120104,601186.SH,buy,44100.0,2.6994366607893667,119045.15674081107,35.71354702224332,0.0,59.49283195442695,1109779.5696796065
20111230,20120104,601668.SH,buy,876700.0,1.2654249842072014,1109398.0836544535,332.81942509633603,0.0,554.421830911655,48.666600056691095
20120131,20120201,601668.SH,sell,876700.0,1.3202492103600758,1157462.4827226785,347.2387448168035,578.7312413613392,579.020751737291,1156585.1793365572
20120131,20120201,601186.SH,sell,8900.0,2.881252265021023,25643.145158687104,7.692943547606131,12.821572579343552,12.827986572625377,1182207.8099791172
20120131,20120201,601328.SH,sell,14800.0,2.2423354426193365,33186.56455076618,9.955969365229855,16.593282275383093,16.60158306691301,1215367.8252782428
20120131,20120201,000402.SZ,buy,273100.0,4.273869810050584,1167193.8451248147,350.1581535374444,0.0,583.3052699274849,47823.82199989073
20120131,20120201,600126.SH,buy,15000.0,2.636675541834677,39550.13312752015,11.865039938256045,0.0,19.76518397176551,8261.823832432325
20120131,20120201,600269.SH,buy,3300.0,2.4897627883166016,8216.217201444786,5.0,0.0,4.106055572936384,40.606630987538665
20120229,20120301,000402.SZ,sell,273100.0,4.646118372336621,1268854.9274851312,380.65647824553935,634.4274637425656,634.7448361604474,1267880.4501741305
20120229,20120301,600126.SH,sell,6300.0,2.8356580745967745,17864.64586995968,5.359393760987904,8.93232293497984,8.936791330645065,1285730.804327394
20120229,20120301,601186.SH,sell,10300.0,3.1438294418825445,32381.44325139021,9.714432975417063,16.190721625695105,16.198821036210575,1318086.3424241832
20120229,20120301,600269.SH,buy,18500.0,2.539934330650437,46988.78511703308,14.096635535109924,0.0,23.48265123289457,1271083.4606716149
20120229,20120301,601328.SH,buy,11400.0,2.337522125454746,26647.752230184105,7.994325669055231,0.0,13.317217506337329,1244427.7141157617
20120229,20120301,601988.SH,buy,883100.0,1.4087303289473683,1244049.753493421,373.21492604802626,0.0,621.7140197367407,4.74569629272446
20120330,20120405,600126.SH,sell,438000.0,2.5104679284274196,1099584.95265121,329.8754857953629,549.792476325605,550.0675100805238,1098710.0303853818
20120330,20120405,601186.SH,sell,396400.0,2.8954456259324566,1147754.6461196258,344.3263938358877,573.8773230598129,574.1644052623305,2245546.472788112
20120330,20120405,600269.SH,sell,5000.0,2.3682359546088,11841.179773044,5.0,5.9205898865219995,5.923551662352111,2257376.7319712695
20120330,20120405,601328.SH,sell,1300.0,2.177340212398487,2830.542276118033,5.0,1.4152711380590166,1.4159791276224496,2260200.8589762496
20120330,20120405,601988.SH,sell,22100.0,1.3613313777089784,30085.423447368423,9.025627034210526,15.042711723684212,15.050236842103914,2290262.21408486
20120330,20120405,600019.SH,buy,448500.0,2.5571822913624946,1146896.257676079,344.06887730282364,0.0,573.1615480640903,1143021.8875314782
20120330,20120405,601288.SH,buy,945000.0,1.209156086142322,1142652.5014044943,342.79575042134826,0.0,571.0407303369138,26.590376562671736
20120427,20120502,600019.SH,sell,448500.0,2.704583491502657,1213005.6959389418,363.9017087816825,606.502847969471,606.8062510949094,1212061.8817587532
20120427,20120502,601288.SH,sell,945000.0,1.2442767834849295,1175841.5603932585,352.7524681179775,587.9207801966293,588.214887640439,2386962.768903697
20120427,20120502,600269.SH,sell,900.0,2.474743920821365,2227.2695287392285,5.0,1.1136347643696143,1.1141918602997976,2389183.924797672
20120427,20120502,601328.SH,sell,7600.0,2.298045639951494,17465.146863631355,5.239544059089406,8.732573431815677,8.736941902767285,2406635.099543812
20120427,20120502,600548.SH,buy,548300.0,2.1878681785679457,1199608.1223088047,359.88243669264136,0.0,599.5043089997489,1206667.0947983149
20120427,20120502,601818.SH,buy,764700.0,1.568449903042959,1199393.6408569508,359.8180922570852,0.0,599.3971218673978,6913.635849107057
20120427,20120502,601988.SH,buy,4900.0,1.4041266350619193,6880.220511803404,5.0,0.0,3.438391060371032,28.41533730365245
20120531,20120601,600548.SH,sell,548300.0,2.153617617902298,1180828.53989583,354.24856196874896,590.414269947915,590.7096247600857,1179912.292401217
20120531,20120601,601818.SH,sell,764700.0,1.5410797111177408,1178463.6550917365,353.5390965275209,589.2318275458682,589.5265908411238,2357433.1765688797
20120531,20120601,600269.SH,sell,5900.0,2.4436880990301755,14417.759784278036,5.0,7.208879892139018,7.212486135205836,2371838.7274732655
20120531,20120601,601988.SH,sell,9500.0,1.3935250251547988,13238.487738970589,5.0,6.619243869485294,6.622555147057938,2385065.5959683666
20120531,20120601,600000.SH,buy,332200.0,3.523073218428903,1170364.9231620815,351.10947694862443,0.0,584.8900165725499,1214349.5633293365
20120531,20120601,601288.SH,buy,971500.0,1.2046103865703583,1170278.9905531032,351.0836971659309,0.0,584.8470717407763,43719.48907906748
20120531,20120601,601328.SH,buy,20000.0,2.183356961746224,43667.13923492448,13.100141770477343,0.0,21.822658288314415,39.24970237253001
20120629,20120702,601288.SH,sell,971500.0,1.2314064606741575,1196311.376544944,358.8934129634832,598.155688272472,598.4549157302827,1195393.5771460806
20120629,20120702,600000.SH,buy,9500.0,3.392146305782385,32225.389904932657,9.667616971479797,0.0,16.104642631147726,1163158.5196241764
20120629,20120702,600269.SH,buy,1200.0,2.4139470489320556,2896.7364587184666,5.0,0.0,1.4476444071556216,1160256.783165458
20120629,20120702,600548.SH,buy,559300.0,2.0666323057171643,1155867.44858761,346.7602345762829,0.0,577.6449018428102,4042.5743432717863
20120629,20120702,601328.SH,buy,800.0,2.154878392679969,1723.9027141439753,5.0,0.0,0.8615205967737438,2313.671629127811
20120629,20120702,601988.SH,buy,1600.0,1.3659380456656343,2185.5008730650147,5.0,0.0,1.092204334364851,123.17075606279604
20120731,20120801,600548.SH,sell,13100.0,1.9977882682744499,26171.026314395294,7.851307894318587,13.085513157197648,13.092059186787083,26273.260249406572
20120731,20120801,601328.SH,sell,12200.0,2.0768576452430825,25337.663271965605,7.6012989815896805,12.668831635982803,12.675169220594398,51590.6533907546
20120731,20120801,601988.SH,sell,16200.0,1.3161836842105263,21322.175684210528,6.396652705263158,10.661087842105264,10.66642105262872,72895.77133441776
20120731,20120801,600000.SH,buy,3800.0,3.192363455871275,12130.981132310844,5.0,0.0,6.062459336486427,60759.79020210692
20120731,20120801,600269.SH,buy,28000.0,2.169333747973607,60741.344943261,18.222403482978297,0.0,30.355494724266464,0.22285536293929908
20120831,20120903,600548.SH,sell,546200.0,1.9087503510254493,1042559.4417301004,312.7678325190301,521.2797208650502,521.5404911105288,1041725.6170320793
20120831,20120903,601988.SH,sell,841800.0,1.340378237229102,1128330.400099458,338.49912002983734,564.165200049729,564.4474237617105,2169153.3528114576
20120831,20120903,600000.SH,sell,3200.0,3.1725407572242146,10152.130423117487,5.0,5.076065211558744,5.078604513815662,2179295.4071693635
20120831,20120903,601328.SH,sell,2200.0,2.0484075405137254,4506.496589130196,5.0,2.2532482945650982,2.254375482305477,2183794.650510199
20120831,20120903,600015.SH,buy,404600.0,2.66645624138836,1078848.1952657306,323.6544585797192,0.0,539.1545203726273,1104622.8007858887
20120831,20120903,600269.SH,buy,13500.0,2.0792130581468107,28069.376284981943,8.420812885494582,0.0,14.027674305336404,1076545.0036880213
20120831,20120903,601998.SH,buy,498500.0,2.1587844573209325,1076154.051974485,322.84621559234546,0.0,537.808121926384,68.10549794416875
20120928,20121008,601328.SH,sell,529600.0,2.0199574357843675,1069769.457991401,320.93083739742025,534.8847289957005,535.1523051483091,1068981.747922952
20120928,20121008,600000.SH,sell,3400.0,3.0685911911290567,10433.210049838792,5.0,5.216605024919396,5.219214632235889,1079404.741367766
20120928,20121008,600269.SH,sell,10700.0,2.0321195770882516,21743.67947484429,6.523103842453287,10.871839737422146,10.877278376610775,1101131.0258990303
20120928,20121008,000001.SZ,buy,295700.0,3.507525984065912,1037175.4334882902,311.15263004648705,0.0,518.3285524678649,63644.43978069362
20120928,20121008,600015.SH,buy,19500.0,2.446793942326619,47712.48187536907,14.31374456261072,0.0,23.844318778297747,15917.644160761934
20120928,20121008,601998.SH,buy,7700.0,2.046930340361299,15761.363620782002,5.0,0.0,7.876743438671838,151.28053997993266
20121031,20121101,600000.SH,sell,1800.0,3.126802948142345,5628.245306656221,5.0,2.8141226533281105,2.815530418536582,5771.711723982826
20121031,20121101,600015.SH,sell,11000.0,2.551021928515189,28061.24121366708,8.418372364100122,14.03062060683354,14.037639426544047,33810.503944678974
20121031,20121101,600269.SH,sell,6100.0,2.0771348841756496,12670.522793471462,5.0,6.335261396735731,6.33843061204243,46469.6914767537
20121031,20121101,000001.SZ,buy,1500.0,3.5389866379252695,5308.479956887904,5.0,0.0,2.6529135216824216,41156.2115198658
20121031,20121101,601998.SH,buy,20600.0,1.9965959877294637,41129.87734722695,12.338963204168085,0.0,20.554661342939653,13.995209434680874
20121130,20121203,601998.SH,sell,526800.0,2.028123085163364,1068415.2412640601,320.524572379218,534.2076206320301,534.4748580609448,1067574.5042804836
20121130,20121203,600000.SH,sell,1500.0,3.1018550522795074,4652.782578419261,5.0,2.3263912892096306,2.327555066743116,1072219.9604676135
20121130,20121203,600015.SH,sell,6800.0,2.5601653762876455,17409.12455875599,5.222737367626796,8.704562279377996,8.708916737745312,1089615.1577267225
20121130,20121203,000001.SZ,buy,4800.0,3.444864652874066,16535.350333795515,5.0,0.0,8.263543395198212,1073074.8073929271
20121130,20121203,600019.SH,buy,397700.0,2.612720178999007,1039078.8151879051,311.7236445563715,0.0,519.279767710017,33684.26856046566
20121130,20121203,600269.SH,buy,16900.0,1.9890923683200137,33615.661024608235,10.08469830738247,0.0,16.799430796905654,58.52283755004464
20121231,20130104,000001.SZ,sell,302000.0,4.3843871225462445,1324084.911008966,397.22547330268975,662.042455504483,662.3736423256341,1323084.165917709
20121231,20130104,600000.SH,sell,335600.0,4.199562470244373,1409373.1650140113,422.81194950420337,704.6865825070057,705.0391020581592,2731329.832399709
20121231,20130104,600015.SH,sell,16400.0,3.2276370636769243,52933.24784430156,15.879974353290466,26.466623922150777,26.47986385407421,2784220.7336457353
20121231,20130104,600019.SH,buy,59300.0,2.774966185831922,164555.49481983297,49.366648445949885,0.0,82.23662909533596,2619615.8721774565
20121231,20130104,600269.SH,buy,48900.0,2.2143940928870056,108283.87114217457,32.48516134265237,0.0,54.11487813202257,2511299.5158739393
20121231,20130104,600350.SH,buy,686400.0,1.833177518107194,1258293.048428778,377.4879145286334,0.0,628.832108160248,1252628.9795306325
20121231,20130104,601988.SH,buy,879300.0,1.4240630688854485,1252178.656470975,375.65359694129245,0.0,625.7764400155284,74.66946271620691
20130131,20130201,600015.SH,sell,389900.0,3.5202273923955123,1372536.6602950103,411.7609980885031,686.2683301475051,686.6116359652951,1371513.3004294906
20130131,20130201,600269.SH,sell,6600.0,2.3279344522340097,15364.367384744464,5.0,7.682183692372233,7.686026705723634,1386864.9856305427
20130131,20130201,600350.SH,sell,1300.0,1.9180361564461612,2493.4470033800094,5.0,1.2467235016900047,1.2473471752778096,1389352.185910421
20130131,20130201,600012.SH,buy,533400.0,2.465195044504451,1314935.0367386742,394.48051102160224,0.0,657.1389488950372,74022.66866072523
20130131,20130201,600019.SH,buy,26200.0,2.8029396352858726,73437.01844448986,22.031105533346956,0.0,36.70015914266696,563.6191107020277
20130131,20130201,601988.SH,buy,300.0,1.5064068517801854,451.92205553405563,5.0,0.0,0.22584810371512276,106.69705516797205
20130228,20130301,600012.SH,sell,533400.0,2.4449282061539495,1304124.7051625166,391.23741154875495,652.0623525812583,652.3885468544904,1303188.1024535545
20130228,20130301,601988.SH,sell,879600.0,1.4565120917182661,1281148.0358753868,384.344410762616,640.5740179376934,640.894465170335,2583311.219900241
20130228,20130301,600019.SH,sell,18100.0,2.8057271944168662,50783.662218945276,15.235098665683582,25.391831109472637,25.404533376160543,2634054.2551894113
20130228,20130301,600269.SH,buy,8400.0,2.27876601419186,19141.634519211624,5.742490355763486,0.0,9.566034242481692,2614906.878179844
20130228,20130301,600350.SH,buy,14700.0,1.8548719266055043,27266.61732110091,8.179985196330273,0.0,13.626495412841905,2587632.0808735467
20130228,20130301,600548.SH,buy,679800.0,1.9050896187473587,1295079.9228244545,388.5239768473363,0.0,647.2163532355335,1292163.6340722449
20130228,20130301,601328.SH,buy,541000.0,2.387453373387719,1291612.275002756,387.4836825008267,0.0,645.4833958034869,163.87538698804565
20130329,20130401,600548.SH,sell,679800.0,1.8252773036045111,1240823.5109903465,372.24705329710395,620.4117554951733,620.7221165534575,1239994.7275685424
20130329,20130401,600269.SH,sell,4900.0,2.1671654983504456,10619.110941917183,5.0,5.309555470958592,5.31221157674554,1250603.5289549886
20130329,20130401,600350.SH,sell,1800.0,1.7554907194591984,3159.8832950265573,5.0,1.5799416475132786,1.5807320135195368,1253756.8323083676
20130329,20130401,600019.SH,buy,2100.0,2.640693628452958,5545.456619751211,5.0,0.0,2.771342638555325,1248206.3756886164
20130329,20130401,601328.SH,buy,10500.0,2.226074815345607,23373.785561128876,7.012135668338662,0.0,11.681052254440146,1224825.5779918192
20130329,20130401,601390.SH,buy,595700.0,2.0552629808702956,1224320.157704435,367.2960473113305,0.0,611.8541517760605,138.12424007290974
20130426,20130502,601390.SH,sell,595700.0,2.0752074101324363,1236201.0542158922,370.8603162647676,618.1005271079462,618.4097319738939,1235350.2176125925
20130426,20130502,600019.SH,sell,10800.0,2.677177940489401,28913.52175728553,8.674056527185657,14.456760878642765,14.463992875080294,1264240.6085524722
20130426,20130502,601328.SH,sell,1300.0,2.2001414324036306,2860.18386212472,5.0,1.4300919310623599,1.4308073347297068,1267094.3623226658
20130426,20130502,600269.SH,buy,2300.0,2.1371477873211795,4915.439910838712,5.0,0.0,2.456491709564034,1262173.9224118271
20130426,20130502,600350.SH,buy,29900.0,1.6704694543698693,49947.03668565909,14.984111005697725,0.0,24.96103782391583,1212211.9016151624
20130426,20130502,601988.SH,buy,871700.0,1.390156805340557,1211799.6872153636,363.5399061646091,0.0,605.5970450851601,48.67449363414198
20130531,20130603,601988.SH,sell,871700.0,1.4323175386996903,1248551.19848452,374.56535954535593,624.27559924226,624.587893188931,1247601.0320193665
20130531,20130603,600350.SH,sell,23400.0,1.7609089006920973,41205.26827619508,12.361580482858523,20.60263413809754,20.61294060839282,1288773.3360809407
20130531,20130603,600019.SH,buy,8500.0,2.6854511475792795,22826.334754423875,6.847900426327162,0.0,11.407463645387907,1265940.1534260905
20130531,20130603,600269.SH,buy,4800.0,2.169333747973607,10412.801990273314,5.0,0.0,5.203799095586874,1255522.351435817
20130531,20130603,601328.SH,buy,6500.0,2.235567671701025,14531.189866056664,5.0,0.0,7.2619639510539855,1240986.1615697604
20130531,20130603,601390.SH,buy,593000.0,2.091964105528694,1240534.7145785156,372.16041437355466,0.0,619.9573785997927,79.28657687129453
20130628,20130701,600350.SH,sell,704500.0,1.5441816513761466,1087875.9733944952,326.36279201834856,543.9379866972477,544.2100917431526,1087084.9591926509
20130628,20130701,600269.SH,sell,8900.0,1.8975178180370298,16887.908580529565,5.066372574158869,8.443954290264783,8.448178379454475,1103959.357446316
20130628,20130701,601328.SH,sell,500.0,1.9251237533531766,962.5618766765883,5.0,0.48128093833829416,0.4815216991878515,1104916.4380420542
20130628,20130701,600019.SH,buy,12100.0,2.2629775623430475,27382.028504350874,8.214608551305261,0.0,13.684172166093049,1077526.194929152
20130628,20130701,601186.SH,buy,349200.0,3.0636495998914963,1069826.4402821106,320.9479320846331,0.0,534.6458971924148,7378.8067149568815
20130628,20130701,601390.SH,buy,4100.0,1.7910148833298294,7343.1610216523,5.0,0.0,3.6697456380070435,30.645693304581073
20130731,20130801,601186.SH,sell,349200.0,3.6401158280211594,1271128.447144989,381.33853414349664,635.5642235724945,635.8821646547876,1270142.1900805775
20130731,20130801,601390.SH,sell,597100.0,2.045875856632331,1221592.4739951647,366.4777421985494,610.7962369975824,611.1017878917046,2490757.390096546
20130731,20130801,600019.SH,buy,17600.0,2.320706581790574,40844.4358395141,12.25333075185423,0.0,20.412011913802417,2449900.70092628
20130731,20130801,600269.SH,buy,57900.0,1.8315799891925715,106048.4813742499,31.814544412274966,0.0,52.99774181621615,2343820.405007618
20130731,20130801,600350.SH,buy,716100.0,1.584171699661999,1134425.3541279575,340.3276062383872,0.0,566.9292124577332,1209054.723273422
20130731,20130801,601328.SH,buy,42300.0,1.9002882207033405,80382.1917357513,24.114657520725387,0.0,40.171010362682864,1128648.41688015
20130731,20130801,601800.SH,buy,400200.0,2.8191081460482272,1128207.0800485006,338.4621240145501,0.0,563.8216292096768,102.87470763502643
20130830,20130902,600019.SH,sell,494600.0,2.5029352566723126,1237951.7779501257,371.3855333850377,618.9758889750628,619.2855317408685,1237064.2912354008
20130830,20130902,600269.SH,sell,27500.0,2.066939051790336,56840.823924234246,17.05224717727027,28.420411962117125,28.43462927674409,1293859.6425004958
20130830,20130902,600350.SH,sell,21300.0,1.7697761854176728,37696.23274939643,11.30886982481893,18.84811637469822,18.857545147271594,1331525.7182636927
20130830,20130902,601328.SH,buy,25300.0,1.9910181622753833,50372.7595055672,15.111827851670158,0.0,25.17379285635252,1281137.8469302738
20130830,20130902,601800.SH,buy,13600.0,2.983744012569164,40578.91857094063,12.173675571282187,0.0,20.279319625653443,1240546.7546837619
20130830,20130902,601988.SH,buy,909400.0,1.363626518962848,1240081.956344814,372.0245869034442,0.0,619.7311126161367,92.77375204442069
20130930,20131008,601328.SH,sell,623800.0,2.1501645959651636,1341272.6749630691,402.3818024889207,670.6363374815346,670.9718233931344,1340292.4305751433
20130930,20131008,601988.SH,sell,24600.0,1.4290915982972134,35155.65331811145,10.546695995433435,17.577826659055724,17.586619969035382,1375419.9593706003
20130930,20131008,600269.SH,buy,20600.0,2.055439765649441,42342.05917237848,12.702617751713543,0.0,21.160449361501378,1333065.19758047
20130930,20131008,600350.SH,buy,34900.0,1.7318006035731528,60439.84106470303,18.131952319410907,0.0,30.204818123282166,1272607.2245634475
20130930,20131008,601390.SH,buy,628600.0,2.0103523018709266,1263707.4569560646,379.11223708681933,0.0,631.5379594981205,8520.655370296212
20130930,20131008,601800.SH,buy,2700.0,3.043122002869048,8216.42940774643,5.0,0.0,4.106161623059961,299.2259625497827
20131031,20131101,600350.SH,sell,729700.0,1.7357420280057945,1266570.9578358282,379.9712873507484,633.2854789179141,633.6022800579667,1265856.9270321093
20131031,20131101,601390.SH,sell,628600.0,2.150196174059281,1351613.315013664,405.4839945040992,675.806657506832,676.1447298717685,2616388.9513937626
20131031,20131101,601988.SH,sell,1500.0,1.449654067337461,2174.4811010061912,5.0,1.0872405505030955,1.087784442724569,2618557.345254218
20131031,20131101,000402.SZ,buy,329900.0,3.871857039624955,1277325.6373722728,383.1976912116818,0.0,638.3436468625441,1340848.5101907337
20131031,20131101,600269.SH,buy,29600.0,1.980819840163818,58632.26726884901,17.589680180654703,0.0,29.30148289297358,1282198.653241704
20131031,20131101,601668.SH,buy,847500.0,1.510432665824384,1280091.6842861655,384.0275052858496,0.0,639.7259791532997,1722.9414502526633
20131031,20131101,601800.SH,buy,500.0,3.080233246806476,1540.116623403238,5.0,0.0,0.7696734749640655,177.82482684942534
20131129,20131202,000402.SZ,sell,329900.0,3.853195579811967,1271169.221779968,381.35076653399034,635.584610889984,635.902562170988,1270330.1112293934
20131129,20131202,600269.SH,sell,8300.0,2.0195011063394106,16761.859182617107,5.0285577547851315,8.380929591308554,8.385122152383701,1287078.5609246644
20131129,20131202,601800.SH,sell,11400.0,3.1587176856342647,36009.38161623062,10.802814484869184,18.00469080811531,18.013697656941076,1323059.135035602
20131129,20131202,600350.SH,buy,741900.0,1.7261225688073394,1280610.3337981652,384.18310013944955,0.0,639.9851743117906,42064.61813729722
20131129,20131202,601668.SH,buy,19200.0,1.4921797030953885,28649.85029943146,8.594955089829437,0.0,14.317766266580293,13406.172882775933
20131129,20131202,601988.SH,buy,9200.0,1.4459586861455105,13302.819912538696,5.0,0.0,6.648085913311661,98.35297023723615
20131231,20140102,600350.SH,sell,741900.0,1.7130525897312088,1270913.7163215838,381.2741148964751,635.456858160792,635.7747455334757,1269995.3383187635
20131231,20140102,601668.SH,sell,866700.0,1.4268667530006318,1236665.4148256476,370.99962444769426,618.3327074128238,618.6420284269843,2505671.420812551
20131231,20140102,600269.SH,sell,14100.0,1.978840010238617,27901.644144364498,8.37049324330935,13.95082207218225,13.957800972668338,2533550.7436416
20131231,20140102,601328.SH,buy,641800.0,1.9254909822511301,1235780.1124087754,370.7340337226326,0.0,617.5812655715272,1297399.897199102
20131231,20140102,601800.SH,buy,6800.0,2.9911662613566503,20339.930577225223,6.1019791731675666,0.0,10.164882847187982,1277053.8646427037
20131231,20140102,601818.SH,buy,859800.0,1.4421984636038188,1240002.2390065633,372.00067170196894,0.0,619.6912738662213,36679.62496443838
20131231,20140102,601988.SH,buy,27100.0,1.3481892376160989,36535.928339396276,10.960778501818881,0.0,18.25883475231967,132.73584654028673
20140130,20140207,600269.SH,sell,3200.0,1.8975178180370298,6072.057017718495,5.0,3.0360285088592476,3.0375472824998724,6196.756835749923
20140130,20140207,601328.SH,sell,19500.0,1.8983888821519133,37018.58320196231,11.105574960588692,18.509291600981157,18.51855087641161,43185.72517115067
20140130,20140207,601988.SH,sell,400.0,1.2851543150154798,514.061726006192,5.0,0.25703086300309597,0.25715944272440083,43694.52986629386
20140130,20140207,601800.SH,buy,7200.0,2.820454539244484,20307.272682560284,6.092181804768084,0.0,10.148562060247059,23381.165001928806
20140130,20140207,601818.SH,buy,17300.0,1.3496800715990454,23349.465238663484,7.004839571599045,0.0,11.668898170246393,24.69492369372165
20140228,20140303,600269.SH,sell,2200.0,1.8975178180370298,4174.539199681465,5.0,2.0872695998407327,2.0883137567188896,4192.146853775346
20140228,20140303,601328.SH,sell,1500.0,1.8983888821519133,2847.58332322787,5.0,1.423791661613935,1.4245039135703337,7033.306385341602
20140228,20140303,601988.SH,sell,12500.0,1.2902949322755415,16128.686653444269,5.0,8.064343326722135,8.06837751547937,23148.92869545915
20140228,20140303,601800.SH,buy,6700.0,2.768498797732086,18548.941944804974,5.564682583441492,0.0,9.269836054372718,4594.422068070737
20140228,20140303,601818.SH,buy,3400.0,1.3333532965393795,4533.40120823389,5.0,0.0,2.2655678202063427,56.020859836846284
20140331,20140401,601800.SH,sell,2200.0,2.787976173235877,6133.54758111893,5.0,3.066773790559465,3.0683079445307158,6181.5016671652165
20140331,20140401,601818.SH,sell,1600.0,1.3483310660302308,2157.3297056483693,5.0,1.0786648528241847,1.0792044550516948,8332.75270796076
20140331,20140401,601988.SH,sell,14900.0,1.326279253095975,19761.560871130026,5.928468261339008,9.880780435565013,9.885723297215009,28078.504330393884
20140331,20140401,600269.SH,buy,9200.0,1.885849025909388,17349.81103836637,5.20494331150991,0.0,8.670570234062325,10723.488348716004
20140331,20140401,601328.SH,buy,5600.0,1.9002882207033405,10641.614035938706,5.0,0.0,5.318147943995427,76.87431277729775
20140430,20140505,600269.SH,sell,629100.0,1.8636335712863688,1172411.8796962546,351.7235639088764,586.2059398481273,586.4991894427221,1171550.8245052749
20140430,20140505,601800.SH,sell,900.0,2.7657316824919738,2489.158514242776,5.0,1.244579257121388,1.2452018580506774,1174033.7384402605
20140430,20140505,601988.SH,sell,13200.0,1.3417011048761607,17710.45458436532,5.313136375309596,8.855227292182661,8.859657120741758,1191730.0246609584
20140430,20140505,601328.SH,buy,9200.0,1.865004354536435,17158.040061735202,5.14741201852056,0.0,8.574732664535986,1174566.8371872047
20140430,20140505,601818.SH,buy,1900.0,1.3333532965393795,2533.371263424821,5.0,0.0,1.266052605409186,1172028.4659237799
20140430,20140505,601939.SH,buy,566200.0,2.0692213830043333,1171593.1470570536,351.47794411711607,0.0,585.5038216176908,83.84092260920443
20140530,20140603,601800.SH,sell,423200.0,2.7583168522440062,1167319.6918696635,350.19590756089906,583.6598459348318,583.9518218457233,1166469.677038777
20140530,20140603,601328.SH,sell,9600.0,1.9185309392569732,18417.897016866944,5.525369105060083,9.208948508433473,9.213555286074552,1184872.8397380305
20140530,20140603,601939.SH,sell,1800.0,2.109019589552239,3796.23526119403,5.0,1.898117630597015,1.8990671641790868,1188662.176881594
20140530,20140603,601988.SH,sell,5800.0,1.3776854256965942,7990.575469040246,5.0,3.995287734520123,3.9972863777093153,1196643.7570628996
20140530,20140603,600350.SH,buy,715300.0,1.6636641863833896,1190018.9925200385,357.0056977560115,0.0,594.7121401897166,6267.758845105069
20140530,20140603,601818.SH,buy,4600.0,1.3496800715990454,6208.528329355609,5.0,0.0,3.1027128082732816,54.23051574946021
20140630,20140701,600350.SH,sell,715300.0,1.6903631514566233,1209116.7622369227,362.7350286710768,604.5583811184614,604.8608115240932,1208203.6993428827
20140630,20140701,601988.SH,sell,872800.0,1.4179903405572756,1237621.9692383902,371.286590771517,618.8109846191951,619.1205448913388,2444835.571005882
20140630,20140701,601818.SH,sell,1500.0,1.386388797732697,2079.5831965990456,5.0,1.0397915982995227,1.0403117541764004,2446909.114410883
20140630,20140701,601939.SH,sell,1700.0,2.1665858810784786,3683.1959978334135,5.0,1.8415979989167068,1.8425192585459627,2450585.468810717
20140630,20140701,601009.SH,buy,665300.0,1.8297467747163694,1217330.5292188006,365.19915876564016,0.0,608.3610840672627,1232889.740433151
20140630,20140701,601328.SH,buy,6600.0,1.9607748484180356,12941.113999559035,5.0,0.0,6.467323338109054,1219943.6264335918
20140630,20140701,601800.SH,buy,437000.0,2.790765544094542,1219564.5427693147,365.8693628307944,0.0,609.4775326182134,13.214301446219906
20140731,20140801,601009.SH,sell,665300.0,2.0486545345641605,1362969.861845536,408.89095855366077,681.484930922768,681.8258438447956,1361892.7002575058
20140731,20140801,601328.SH,sell,632600.0,2.4549325781795472,1552990.3489563817,465.8971046869145,776.4951744781908,776.8836162860971,2913640.6569347223
20140731,20140801,601939.SH,sell,562700.0,2.332607787674531,1312558.4021244585,393.7675206373375,656.2792010622293,656.6075048143975,4225149.012337482
20140731,20140801,600269.SH,buy,679300.0,2.0326197096925576,1380758.5687941543,414.2275706382463,0.0,690.034267263487,2843976.215972689
20140731,20140801,600350.SH,buy,767700.0,1.7973057363592466,1379791.6138029937,413.93748414089805,0.0,689.5510313857812,1463770.6646855543
20140731,20140801,601390.SH,buy,639600.0,2.1598208745007357,1381421.4313306706,414.42642939920114,0.0,690.3655328988098,81934.80692548444
20140731,20140801,601800.SH,buy,15500.0,3.0778548466425297,47706.75012295921,14.31202503688776,0.0,23.841454334309674,34213.74477748835
20140731,20140801,601818.SH,buy,22400.0,1.5217031921241047,34086.151503579946,10.225845451073983,0.0,17.034558472550998,117.36742845732806
20140829,20140901,600269.SH,sell,679300.0,2.0375660717840796,1384118.6325629253,415.23558976887756,692.0593162814627,692.4055190407671,1383128.7050853323
20140829,20140901,600350.SH,sell,767700.0,1.8909516851762436,1451683.6087098022,435.5050826129406,725.8418043549011,726.2049068082124,2833650.9669081667
20140829,20140901,601818.SH,sell,906300.0,1.5493045147175817,1404134.6816885443,421.24040450656327,702.0673408442722,702.4185501190368,4236662.34085136
20140829,20140901,601800.SH,sell,3100.0,3.137210581323861,9725.35280210397,5.0,4.862676401051985,4.86510895552783,4246377.830977063
20140829,20140901,600000.SH,buy,314900.0,4.474577750323922,1409044.533577003,422.7133600731009,0.0,704.1701816977002,2836910.5840399866
20140829,20140901,601390.SH,buy,9700.0,2.166565188143788,21015.682324994745,6.304704697498423,0.0,10.502589867566712,2815888.5970102944
20140829,20140901,601668.SH,buy,938500.0,1.5029789513581806,1410545.7458496524,423.16372375489567,0.0,704.9204127183184,1404919.687436887
20140829,20140901,601988.SH,buy,948700.0,1.4803992724458201,1404454.7897693496,421.33643693080484,0.0,701.8764566562604,43.56123060663231
20140930,20141008,601390.SH,sell,649300.0,2.4014894261088924,1559287.084372504,467.7861253117511,779.6435421862519,780.0335589654278,1558083.2159356123
20140930,20141008,601800.SH,sell,449400.0,3.699099043650523,1662375.1102165452,498.7125330649635,831.1875551082726,831.6033567865379,3219128.4260639846
20140930,20141008,601668.SH,sell,12200.0,1.644929913666035,20068.144946725624,6.020443484017687,10.034072473362812,10.03909201937131,3239180.516494753
20140930,20141008,600000.SH,buy,16600.0,4.611314056708952,76547.81334136862,22.964344002410584,0.0,38.254779281051015,3162609.7388093816
20140930,20141008,601288.SH,buy,1115800.0,1.3662526083467095,1524464.6603932583,457.33939811797745,0.0,761.8514044941403,1637687.7390180053
20140930,20141008,601398.SH,buy,762200.0,1.9989521109553374,1523601.2989701582,457.0803896910474,0.0,761.4199395154137,113629.35965815606
20140930,20141008,601988.SH,buy,76100.0,1.4914884055727553,113502.26766408668,34.050680299226,0.0,56.72277244582074,93.04131377013982
20141031,20141103,601398.SH,sell,762200.0,2.076153472862007,1582444.1770154217,474.73325310462644,791.2220885077109,791.617897456279,1581271.2629875797
20141031,20141103,601668.SH,sell,926300.0,1.6688387786902508,1545845.3607007794,463.7536082102338,772.9226803503897,773.3093350178096,3125879.9473997983
20141031,20141103,600000.SH,sell,5300.0,4.828090668032664,25588.880540573122,7.676664162171936,12.794440270286561,12.800840690630139,3151448.356835939
20141031,20141103,601988.SH,sell,11000.0,1.556465959752322,17121.125557275544,5.136337667182663,8.560562778637772,8.564845201235585,3168555.7854927685
20141031,20141103,600015.SH,buy,402600.0,3.9143766550751264,1575928.0413332458,472.7784123999737,0.0,787.570235548541,1592154.9657471227
20141031,20141103,601288.SH,buy,12800.0,1.3991743579454252,17909.43178170144,5.372829534510432,0.0,8.950240770464006,1574240.1611358868
20141031,20141103,601939.SH,buy,667500.0,2.3575013842079917,1573632.1739588345,472.0896521876503,0.0,786.4228755414952,135.89752486464567
20141128,20141201,600000.SH,sell,326200.0,5.864363787025041,1912955.4673275682,573.8866401982705,956.4777336637841,956.9562117694877,1911561.0004785708
20141128,20141201,600015.SH,sell,402600.0,4.55780459779542,1834972.1310724362,550.4916393217309,917.4860655362181,917.9450380550697,3745065.1538461493
20141128,20141201,601988.SH,sell,1013800.0,1.8444952476780185,1869949.2820959752,560.9847846287926,934.9746410479877,935.442362229107,5613518.476516448
20141128,20141201,600028.SH,buy,643000.0,2.845661426875906,1829760.2974812076,548.9280892443622,0.0,914.4229372718837,3783209.250945996
20141128,20141201,600036.SH,buy,229700.0,7.984826164142971,1834114.5699036405,550.2343709710921,0.0,916.598985458957,1948544.4466713844
20141128,20141201,601288.SH,buy,42500.0,1.5692700642054573,66693.97772873193,20.00819331861958,0.0,33.33032370249566,1881830.4607493337
20141128,20141201,601398.SH,buy,806500.0,2.2934153114360103,1849639.4486731424,554.8918346019426,0.0,924.3575455639511,31636.12024158938
20141128,20141201,601939.SH,buy,11700.0,2.7015386675493502,31608.002410327397,9.482400723098218,0.0,15.796103153585136,18.635430538881337
20141231,20150105,600028.SH,sell,643000.0,3.4628771286649958,2226629.9937315923,667.9889981194776,1113.3149968657963,1113.8719328320585,2224867.3251671465
20141231,20150105,600036.SH,sell,229700.0,10.86320383538235,2495277.9209873257,748.5833762961977,1247.6389604936628,1248.2630920396186,4718149.023817683
20141231,20150105,601288.SH,sell,1171100.0,2.0610342429106474,2413677.2018726594,724.1031605617977,1206.8386009363296,1207.4423220967874,7129895.283928843
20141231,20150105,601939.SH,sell,679200.0,3.8087991895361903,2586936.4095329805,776.0809228598941,1293.4682047664903,1294.115262397565,9714762.144334197
20141231,20150105,000926.SZ,buy,349300.0,6.910154558192045,2413716.987176481,724.1150961529443,0.0,1206.2553659048863,7300321.042061564
20141231,20150105,002394.SZ,buy,343200.0,6.935197574573252,2380159.80759354,714.0479422780619,0.0,1189.4851612159982,4919447.186525745
20141231,20150105,600060.SH,buy,265600.0,9.058375711925214,2405904.589087337,721.771376726201,0.0,1202.3511189841665,2512820.8260616823
20141231,20150105,600350.SH,buy,790500.0,3.0154132786093673,2383684.1967407046,715.1052590222113,0.0,1191.2464751321822,128421.52406195551
20141231,20150105,601398.SH,buy,45900.0,2.791737650710995,128140.75816763466,38.442227450290396,0.0,64.03835990384687,242.32366687056492
20150130,20150202,002394.SZ,sell,343200.0,7.625612265072707,2617110.129372953,785.1330388118859,1308.5550646864765,1309.2096695210785,2615258.764936325
20150130,20150202,600060.SH,sell,265600.0,10.8702219941349,2887130.9616422295,866.1392884926688,1443.5654808211148,1444.2876246329397,5500080.021809241
20150130,20150202,600350.SH,sell,790500.0,2.875200985031386,2272846.378667311,681.8539136001932,1136.4231893336555,1136.9916851762682,7771108.123373618
20150130,20150202,000900.SZ,buy,758800.0,3.214452396960805,2439126.478813859,731.7379436441577,0.0,1218.9537625256926,5331249.906616115
20150130,20150202,000926.SZ,buy,29900.0,6.469214887204402,193429.52512741165,58.02885753822349,0.0,96.66642934901756,5137762.352631165
20150130,20150202,600000.SH,buy,367900.0,6.629353337150089,2438939.092737518,731.6817278212553,0.0,1218.8601163104177,2698091.5781658255
20150130,20150202,601166.SH,buy,284400.0,8.548896233917715,2431306.088926198,729.3918266778593,0.0,1215.0455217021517,266056.0974129494
20150130,20150202,601398.SH,buy,104800.0,2.5369137272181055,265868.5586124575,79.76056758373724,0.0,132.86784538358916,107.77823290822562
20150227,20150302,601166.SH,sell,284400.0,8.66754833610208,2465050.7467874316,739.5152240362295,1232.5253733937159,1233.141944365576,2463186.48442291
20150227,20150302,601398.SH,sell,957200.0,2.5966061145603843,2485471.3728572,745.6414118571599,1242.7356864286,1243.357365110889,4946669.480181824
20150227,20150302,000900.SZ,sell,3100.0,3.370804249172513,10449.49317243479,5.0,5.224746586217395,5.227360266349933,4957108.748607673
20150227,20150302,000926.SZ,sell,6900.0,6.821440908815999,47067.9422708304,14.120382681249119,23.5339711354152,23.545744007409667,5004139.036524686
20150227,20150302,600000.SH,sell,1600.0,6.867664579504023,10988.263327206438,5.0,5.494131663603219,5.4968801036538935,5015116.805720229
20150227,20150302,002244.SZ,buy,757200.0,3.319159833067056,2513267.825598375,753.9803476795124,0.0,1256.0059098443016,2501094.9997741743
20150227,20150302,002394.SZ,buy,314500.0,7.949946893499628,2500258.298005633,750.0774894016898,0.0,1249.5043968046084,86.62427913956344
20150331,20150401,000900.SZ,sell,755700.0,4.063913406916566,3071099.361606849,921.3298084820545,1535.5496808034245,1536.3178397226147,3068729.106396703
20150331,20150401,000926.SZ,sell,372300.0,7.501067862830877,2792647.5653319354,837.7942695995805,1396.3237826659677,1397.022293813061,5859142.553676372
20150331,20150401,002244.SZ,sell,757200.0,5.383126748839084,4076103.5742209544,1222.8310722662861,2038.0517871104773,2039.0713227717206,9931985.24503795
20150331,20150401,002394.SZ,sell,314500.0,10.285859727570552,3234902.8843209385,970.4708652962814,1617.4514421604692,1618.2605724465102,13164300.207051432
20150331,20150401,600000.SH,buy,60000.0,7.44505613041251,446703.3678247506,134.01101034742516,0.0,223.2400638803956,12717462.828216333
20150331,20150401,600036.SH,buy,311500.0,10.237124991693168,3188864.4349124217,956.6593304737264,0.0,1593.6353997560218,9527641.733973438
20150331,20150401,601328.SH,buy,919300.0,3.4511459431154226,3172638.465506008,951.7915396518023,0.0,1585.5264695179649,6354051.476927778
20150331,20150401,601398.SH,buy,1167200.0,2.73511011215702,3192420.5229096734,957.7261568729019,0.0,1595.4125551772304,3160673.2278612317
20150331,20150401,601939.SH,buy,918400.0,3.440372833413577,3159638.410207029,947.8915230621086,0.0,1579.029690258205,86.9261311404407
20150430,20150504,600000.SH,sell,426300.0,8.478598246301264,3614426.432398229,1084.3279297194686,1807.2132161991144,1808.1172748361714,3611621.817383451
20150430,20150504,600036.SH,sell,311500.0,11.95870808689736,3725137.569068528,1117.5412707205583,1862.5687845342638,1863.5005348012783,7333779.276396723
20150430,20150504,601939.SH,sell,918400.0,3.8595080544856364,3544572.1972396085,1063.3716591718824,1772.2860986198043,1773.17268496193,10875515.81587854
20150430,20150504,000926.SZ,buy,427100.0,8.346358057980364,3564729.5265634134,1069.418857969024,0.0,1781.474026268348,7309716.8704571575
20150430,20150504,600016.SH,buy,666600.0,5.342739033469406,3561469.839710706,1068.4409519132116,0.0,1779.84499735618,3747178.5897945384
20150430,20150504,601288.SH,buy,1655700.0,2.1728354735152484,3597563.693499197,1079.2691080497589,0.0,1797.8829052965157,148535.6271872921
20150430,20150504,601328.SH,buy,36900.0,3.748192933524419,138308.31924705105,41.49249577411531,0.0,69.11959982360713,10185.81544446692
20150430,20150504,601398.SH,buy,3300.0,3.0522243280592822,10072.340282595631,5.0,0.0,5.033653314638286,108.47516187128895
20150529,20150601,000926.SZ,sell,427100.0,9.942690623550996,4246523.165318631,1273.956949595589,2123.2615826593155,2124.3237445307896,4243234.421948247
20150529,20150601,600000.SH,buy,439600.0,8.03443676138247,3531938.4003037335,1059.58152009112,0.0,1765.0866568232886,710236.4401244218
20150529,20150601,600016.SH,buy,36400.0,5.0459201982766615,183671.49521727048,55.10144856518114,0.0,91.78985268226825,526509.8434585861
20150529,20150601,601288.SH,buy,137900.0,1.997252808988764,275421.16235955054,82.62634870786515,0.0,137.64176029962255,251006.05475032772
20150529,20150601,601328.SH,buy,11200.0,3.68878353544262,41314.37559695735,12.394312679087204,0.0,20.64686436629563,209679.28484069128
20150529,20150601,601398.SH,buy,73000.0,2.8710162046865615,209584.182942119,62.875254882635694,0.0,104.73972161026904,32.22664368964615
20150630,20150701,601328.SH,sell,967400.0,4.542522369823246,4394436.140567008,1318.3308421701024,2197.2180702835044,2198.3172288974747,4390952.818298245
20150630,20150701,600000.SH,buy,13000.0,8.295937862717329,107847.19221532528,32.35415766459758,0.0,53.89664778376755,4283073.271925255
20150630,20150701,600016.SH,buy,56400.0,4.905057022252986,276645.2160550684,82.99356481652052,0.0,138.25348128686892,4006345.06230537
20150630,20150701,601288.SH,buy,90100.0,2.0082267255216695,180941.22796950242,54.28236839085072,0.0,90.42540128409746,3825349.5519674765
20150630,20150701,601398.SH,buy,40700.0,2.944632004806729,119846.52259563388,35.95395677869016,0.0,59.893314640488825,3705467.075415064
20150731,20150803,601288.SH,sell,46400.0,1.9600146869983952,90944.68147672554,27.28340444301766,45.472340738362774,45.49508828249236,3796339.0011466085
20150731,20150803,601398.SH,sell,10800.0,2.838235689965952,30652.94545163228,9.195883635489682,15.32647272581614,15.334139795711963,3826967.4242418795
20150731,20150803,600000.SH,buy,32600.0,7.397745898996597,241166.51630728904,72.3499548921867,0.0,120.52299665531609,3585728.5579796983
20150731,20150803,600015.SH,buy,608100.0,5.815910898235023,3536655.4172167173,1060.996625165015,0.0,1767.4439866147004,48012.14413781604
20150731,20150803,600016.SH,buy,10400.0,4.583871444454739,47672.26302232929,14.301678906698784,0.0,23.82421940146014,325.5794365800539
20150831,20150901,600000.SH,sell,485200.0,7.227655645282793,3506858.5190912113,1052.0575557273633,1753.4292595456056,1754.3064127517864,3504378.6117125186
20150831,20150901,600016.SH,sell,769800.0,4.223518176268933,3251264.2920918246,975.3792876275473,1625.6321460459124,1626.4453687299974,6753041.892370669
20150831,20150901,600015.SH,sell,14200.0,5.516878000131225,78339.66760186339,23.501900280559013,39.16983380093169,39.18942851519387,6831318.888238451
20150831,20150901,601288.SH,buy,91800.0,1.7095577581594437,156937.40219903694,47.08122065971108,0.0,78.42948635632638,6674334.404818755
20150831,20150901,601398.SH,buy,51400.0,2.485199519327058,127739.25529341078,38.32177658802323,0.0,63.837708792314515,6546556.827748756
20150831,20150901,601818.SH,buy,1348400.0,2.429794242243436,3276334.5562410494,982.9003668723147,0.0,1637.3486038181,3269239.3711408344
20150831,20150901,601939.SH,buy,1079700.0,3.026861735676456,3268102.6160098696,980.4307848029608,0.0,1633.2346906592138,156.32434616191313
20150930,20151008,601939.SH,sell,1079700.0,3.117963589311507,3366465.287379634,1009.9395862138902,1683.232643689817,1684.0746810301207,3363928.4394958923
20150930,20151008,601288.SH,sell,17600.0,1.7651594257178531,31066.805892634216,9.320041767790265,15.533402946317109,15.541173533078108,3394970.3919438124
20150930,20151008,601398.SH,sell,37900.0,2.607147606649309,98810.8942920088,29.643268287602638,49.4054471460044,49.43016222711594,3493702.2375203874
20150930,20151008,600015.SH,buy,2100.0,5.631106252870545,11825.323131028144,5.0,0.0,5.909706712158368,3481871.9143893593
20150930,20151008,601328.SH,buy,965200.0,3.476179583287399,3355208.5337889977,1006.5625601366992,0.0,1676.7658839523792,125656.81804022472
20150930,20151008,601818.SH,buy,52300.0,2.3996479116945104,125501.5857816229,37.65047573448687,0.0,62.719433174221194,117.58178286734619
20151030,20151102,601398.SH,sell,1286900.0,2.6960276386941717,3469517.9682355295,1040.8553904706587,1734.7589841177648,1735.6267975163646,3466859.9356438085
20151030,20151102,601818.SH,sell,1400700.0,2.4635051014319806,3450631.5955757755,1035.1894786727325,1725.3157977878877,1726.1788872308098,6914731.025943123
20151030,20151102,600015.SH,buy,3700.0,5.71807314480677,21156.870635785046,6.347061190735514,0.0,10.573148743518686,6893567.808246147
20151030,20151102,601288.SH,buy,8700.0,1.7956093231674692,15621.801111556983,5.0,0.0,7.806997057248736,6877941.00713459
20151030,20151102,601328.SH,buy,6600.0,3.5322469959210667,23312.83017307904,6.9938490519237115,0.0,11.650589791643142,6854621.183112459
20151030,20151102,601939.SH,buy,1066700.0,3.215304489648531,3429765.299108088,1028.9295897324264,0.0,1714.0256367349066,3423826.9544146387
20151030,20151102,601988.SH,buy,1535100.0,2.229659164086687,3422749.7827894734,1026.824934836842,0.0,1710.5196315790527,50.346690328326076
20151130,20151201,601328.SH,sell,971800.0,3.5903290247308273,3489081.746233418,1046.7245238700255,1744.540873116709,1745.413579906337,3486340.82752676
20151130,20151201,601939.SH,sell,1066700.0,3.394462247231584,3620872.879121931,1086.2618637365792,1810.4364395609655,1811.342110616155,7104317.008345393
20151130,20151201,600015.SH,sell,9500.0,6.02186781707237,57207.744262187516,17.162323278656253,28.60387213109376,28.618181221703708,7161478.986412171
20151130,20151201,601988.SH,sell,32100.0,2.365565851393189,75934.66382972136,22.78039914891641,37.96733191486069,37.986325077392394,7237352.902510829
20151130,20151201,600036.SH,buy,300700.0,11.768125390421037,3538675.304899606,1061.6025914698816,0.0,1768.4534257370979,3697615.9950197535
20151130,20151201,601166.SH,buy,365300.0,9.802825939311465,3580972.315630478,1074.2916946891432,0.0,1789.5913621336222,115569.38769458653
20151130,20151201,601288.SH,buy,64100.0,1.8013460941680044,115466.28463616908,34.63988539085072,0.0,57.704290172987385,68.46317302661191
20151231,20160104,600015.SH,sell,590200.0,6.5159976379502655,3845741.8059182465,1153.722541775474,1922.8709029591232,1923.8328193686903,3842733.6756465384
20151231,20160104,600036.SH,sell,300700.0,12.184980552522903,3664023.652143637,1099.207095643091,1832.0118260718186,1832.9282902167179,7503826.108868461
20151231,20160104,601166.SH,sell,365300.0,10.628334029937792,3882530.4211362754,1164.7591263408826,1941.2652105681377,1942.2363287322223,11383250.505667828
20151231,20160104,601288.SH,buy,18600.0,1.8587138041733549,34572.0767576244,10.37162302728732,0.0,17.277399678969232,11348668.057287177
20151231,20160104,601328.SH,buy,1029300.0,3.6051346323448343,3710765.077072538,1113.2295231217613,0.0,1854.4553108802065,7636789.750691517
20151231,20160104,601398.SH,buy,1367600.0,2.71651880632886,3715111.119535349,1114.5333358606047,0.0,1856.6272461442277,3920564.0978203076
20151231,20160104,601939.SH,buy,1089900.0,3.3978584075589793,3703325.8783985316,1110.9977635195594,0.0,1850.7375704143196,216127.22165825637
20151231,20160104,601988.SH,buy,93500.0,2.3103186687306496,216014.79552631575,64.80443865789472,0.0,107.95342105260352,47.6216932827374
20160129,20160201,601288.SH,sell,151900.0,1.7135800918494744,260292.81595193516,78.08784478558054,130.14640797596758,130.2115137327928,260132.20339245634
20160129,20160201,601398.SH,sell,58000.0,2.4234622070899254,140560.80801121567,42.1682424033647,70.28040400560783,70.31556178649771,400580.5627572631
20160129,20160201,601328.SH,buy,30000.0,2.9996065759012227,89988.19727703668,26.996459183111003,0.0,44.97161283210153,310565.3690210433
20160129,20160201,601939.SH,buy,33800.0,2.8266413095811265,95540.47626384208,28.662142879152622,0.0,47.746364949445706,214996.23061432206
20160129,20160201,601988.SH,buy,115800.0,1.8551686068111455,214828.52466873065,64.4485574006192,0.0,107.36058204332949,103.25738819080289
20160229,20160301,601288.SH,sell,1851000.0,1.7078490547529876,3161228.60034778,948.368580104334,1580.6143001738901,1581.4050026750192,3158802.874855693
20160229,20160301,601398.SH,sell,12300.0,2.3819848588023227,29298.41376326857,8.78952412898057,14.649206881634285,14.65653514920632,3188077.849887951
20160229,20160301,601988.SH,sell,18400.0,1.8245361919504643,33571.465931888546,10.071439779566562,16.785732965944273,16.79413003096124,3221622.4586470937
20160229,20160301,601328.SH,buy,15200.0,2.881865009370521,43804.34814243192,13.141304442729574,0.0,21.89122845698148,3177804.969200219
20160229,20160301,601818.SH,buy,1516400.0,2.0378919451073982,3090259.3455608585,927.0778036682575,0.0,1544.3574940329418,86618.54583569244
20160229,20160301,601939.SH,buy,32300.0,2.6735315719788155,86355.06977491574,25.90652093247472,0.0,43.15595690900227,237.56953984421853
20160331,20160401,601328.SH,sell,1074500.0,3.1142323521846174,3346242.6624223716,1003.8727987267114,1673.1213312111859,1673.9583103656769,3343803.2378322775
20160331,20160401,601818.SH,sell,1516400.0,2.252691706443914,3415981.703651551,1024.7945110954652,1707.9908518257755,1708.8452744628303,6757052.1561209075
20160331,20160401,601166.SH,buy,340100.0,9.715467846917857,3304230.6147367633,991.2691844210289,0.0,1651.289662537165,3451830.2721997234
20160331,20160401,601288.SH,buy,1822700.0,1.8300299491706795,3335595.5883533973,1000.6786765060191,0.0,1666.9643120202236,115234.00516982004
20160331,20160401,601398.SH,buy,23900.0,2.5445121570198275,60813.84055277388,18.244152165832162,0.0,30.391724414184864,54401.92046488033
20160331,20160401,601939.SH,buy,17000.0,2.850196653827636,48453.34311506981,14.53600293452094,0.0,24.21456427538942,5934.041346876002
20160331,20160401,601988.SH,buy,3000.0,1.9531122910216718,5859.336873065015,5.0,0.0,2.9282043343646365,69.7044738109862
20160429,20160503,601166.SH,sell,340100.0,10.048606719213913,3417531.1452046516,1025.2593435613953,1708.7655726023258,1709.6203827937134,3414866.824762299
20160429,20160503,601398.SH,sell,5900.0,2.5241929100741034,14892.73816943721,5.0,7.446369084718605,7.4500941317837714,3429747.1165626515
20160429,20160503,601288.SH,buy,28900.0,1.7898725521669343,51727.3167576244,15.51819502728732,0.0,25.850733012302953,3378004.28161
20160429,20160503,601328.SH,buy,1085400.0,3.02203354095469,3280115.20535222,984.034561605666,0.0,1639.2379836835898,96905.04169617407
20160429,20160503,601939.SH,buy,25600.0,2.767752948964853,70854.47549350024,21.256342648050072,0.0,35.409532980265794,26029.30986002578
20160429,20160503,601988.SH,buy,13400.0,1.9300667182662536,25862.8940247678,7.758868207430339,0.0,12.924984520122962,158.6569670505487
20160531,20160601,601328.SH,sell,1085400.0,3.1030300775364714,3368028.846158086,1010.4086538474256,1684.014423079043,1684.8568515051156,3365493.08004821
20160531,20160601,601288.SH,sell,3400.0,1.8282008337792046,6215.882834849295,5.0,3.1079414174246476,3.1094961655080624,3371700.854941642
20160531,20160601,601398.SH,sell,6800.0,2.5834462647706786,17567.434600440614,5.270230380132184,8.783717300220307,8.788111355897854,3389254.235594402
20160531,20160601,601939.SH,sell,13300.0,2.8649967320654794,38104.456536470876,11.431336960941263,19.05222826823544,19.061759147807606,3427328.208565644
20160531,20160601,601818.SH,buy,1506800.0,2.2308284606205246,3361412.3244630066,1008.4236973389019,0.0,1679.8662291169167,64907.46040529851
20160531,20160601,601988.SH,buy,33500.0,1.9358281114551081,64850.24173374612,19.455072520123835,0.0,32.40891640866175,37.76359903225966
20160630,20160701,601818.SH,sell,1506800.0,2.2647381861575173,3412507.498902147,1023.752249670644,1706.2537494510736,1707.1073031025007,3409815.2565020574
20160630,20160701,601398.SH,sell,5300.0,2.6367742839975965,13974.903705187262,5.0,6.987451852593631,6.990947326254172,3423778.1727553923
20160630,20160701,601939.SH,sell,21900.0,2.9544079501685125,64701.53410869042,19.410460232607125,32.35076705434521,32.366950529605674,3488427.945636796
20160630,20160701,600015.SH,buy,636900.0,5.375641007807886,3423745.7578728423,1027.1237273618526,0.0,1711.0173702505417,63655.06403659191
20160630,20160701,601288.SH,buy,18600.0,1.8415034911717496,34251.964935794545,10.275589480738363,0.0,17.11742375601898,29392.823511316623
20160630,20160701,601988.SH,buy,15000.0,1.9488377089783282,29232.565634674924,8.769769690402477,0.0,14.608978328174999,151.48810695129578
20160729,20160801,601939.SH,sell,1163400.0,3.1472219427058254,3661478.0081439572,1098.443402443187,1830.7390040719786,1831.6548314876854,3658700.3138443935
20160729,20160801,600015.SH,sell,300.0,5.582595403844892,1674.7786211534676,5.0,0.8373893105767338,0.8378082146839461,3660369.2550762366
20160729,20160801,601988.SH,sell,100.0,2.0196707739938082,201.96707739938083,5.0,0.10098353869969041,0.10103405572752422,3660566.121170097
20160729,20160801,601288.SH,buy,32100.0,1.8765843365436061,60238.35720304976,18.071507160914926,0.0,30.104126538259152,3600309.6924598864
20160729,20160801,601328.SH,buy,1075200.0,3.2959476683937825,3543802.933056995,1063.1408799170983,0.0,1771.0159585489891,55443.61852297466
20160729,20160801,601398.SH,buy,20600.0,2.684858682155016,55308.08885239333,16.592426655717997,0.0,27.64022431403282,118.93724392561126
20160831,20160901,600015.SH,sell,636600.0,5.914959812348272,3765463.41654091,1129.639024962273,1882.731708270455,1883.6735450425185,3762569.9830516027
20160831,20160901,601398.SH,sell,10800.0,2.819402731824554,30449.549503705184,9.134864851111555,15.224774751852593,15.232390947327076,3792995.172915705
20160831,20160901,601988.SH,sell,4400.0,2.11064693498452,9286.846513931889,5.0,4.643423256965945,4.645746130030602,3802272.3760063797
20160831,20160901,601166.SH,buy,355400.0,10.422421953202319,3704128.7621681043,1111.238628650431,0.0,1851.13881167816,97032.37520962488
20160831,20160901,601288.SH,buy,28900.0,1.937119315141787,55982.748207597644,16.79482446227929,0.0,27.977385411097202,41032.83217756495
20160831,20160901,601328.SH,buy,12000.0,3.407575129533679,40890.90155440415,12.267270466321243,0.0,20.435233160620555,129.6633526944861
20160930,20161010,601166.SH,sell,7200.0,10.399046426551676,74873.13427117206,22.461940281351616,37.43656713558603,37.45529478297976,74942.89911644961
20160930,20161010,601288.SH,sell,11600.0,1.8988984795790975,22027.222363117533,6.60816670893526,11.013611181558767,11.0191207419266,96952.49970167666
20160930,20161010,601398.SH,sell,1900.0,2.763264181854596,5250.201945523733,5.0,2.625100972761867,2.6264141798510536,102195.07654622763
20160930,20161010,601328.SH,buy,24300.0,3.2606968911917096,79234.93445595854,23.77048033678756,0.0,39.597668393776985,22936.371609932306
20160930,20161010,601988.SH,buy,11100.0,2.052047182662539,22777.72372755418,6.833317118266254,0.0,11.383170278637408,151.81456525985777
20161031,20161101,601166.SH,sell,3400.0,10.573983656157218,35951.54443093454,10.785463329280361,17.97577221546727,17.984764597764297,36074.597760649645
20161031,20161101,601328.SH,sell,4800.0,3.292653367875648,15804.736165803111,5.0,7.902368082901556,7.9063212435230525,51866.431558369855
20161031,20161101,601288.SH,buy,2000.0,1.9129053237025144,3825.8106474050287,5.0,0.0,1.911949349027509,48035.620910964826
20161031,20161101,601398.SH,buy,11600.0,2.759784970959343,32013.505663128377,9.604051698938513,0.0,15.998753454834514,16012.511196137511
20161031,20161101,601988.SH,buy,7800.0,2.052047182662539,16005.968024767802,5.0,0.0,7.998984520123486,1.5431713697089435
20161130,20161201,601166.SH,sell,344800.0,10.99512883854093,3791120.423528913,1137.3361270586738,1895.5602117644564,1896.5084659969434,3788089.0703614596
20161130,20161201,601328.SH,sell,14400.0,3.439384801381693,49527.14113989638,14.858142341968913,24.763570569948193,24.77595854921674,3837576.589788444
20161130,20161201,601988.SH,sell,4900.0,2.1288421671826625,10431.326619195046,5.0,5.215663309597523,5.218272445819821,3847997.7007443295
20161130,20161201,600016.SH,buy,746300.0,5.036799982695756,3758963.827085843,1127.6891481257528,0.0,1878.5426422213204,87906.18451036094
20161130,20161201,601288.SH,buy,27700.0,1.9431728130016048,53825.886920144454,16.147766076043336,0.0,26.899493713215634,34064.14982414044
20161130,20161201,601398.SH,buy,12000.0,2.822223544962948,33866.682539555375,10.160004761866611,0.0,16.92487883036665,187.3072798232024
20161230,20170103,600016.SH,sell,746300.0,4.794169208255897,3577888.480121376,1073.3665440364127,1788.9442400606881,1789.839159640018,3575213.4766171025
20161230,20170103,601328.SH,sell,1092300.0,3.374822970639033,3686319.1308290157,1105.8957392487046,1843.1595654145078,1844.08160621766,7258583.552141456
20161230,20170103,601398.SH,sell,1300.0,2.744551331864611,3567.916731423994,5.0,1.783958365711997,1.7848507911076013,7262144.684914514
20161230,20170103,601988.SH,sell,22500.0,2.086386625386997,46943.69907120743,14.083109721362229,23.471849535603717,23.483591331270873,7309050.829026465
20161230,20170103,000001.SZ,buy,514800.0,7.094864092795777,3652436.034971266,1095.7308104913798,0.0,1825.305364803411,3655519.063244708
20161230,20170103,601166.SH,buy,347000.0,10.467821426551675,3632334.035013431,1089.7002105040292,0.0,1815.2593878130428,22095.32802077243
20161230,20170103,601288.SH,buy,11700.0,1.8765843365436061,21956.036737560193,6.5868110212680575,0.0,10.97253210272902,132.70447219096968
20170126,20170203,601166.SH,sell,347000.0,11.072878718365615,3842288.9152728687,1152.6866745818604,1921.1444576364345,1922.105510391295,3839347.7886128416
20170126,20170203,601398.SH,sell,3700.0,2.863066048467855,10593.344379331063,5.0,5.296672189665532,5.299321850590786,3849930.836319983
20170126,20170203,601988.SH,sell,1000.0,2.1712977089783285,2171.2977089783285,5.0,1.0856488544891643,1.0861919504645812,3852096.0483801067
20170126,20170203,000001.SZ,buy,8400.0,7.273987994150664,61101.49915086558,18.330449745259674,0.0,30.53548183451494,3790976.218779496
20170126,20170203,600000.SH,buy,400900.0,9.398190584867569,3767734.6054734085,1130.3203816420225,0.0,1882.9258398166858,22111.292924445588
20170126,20170203,601288.SH,buy,11300.0,1.9431728130016048,21957.852786918134,6.58735583607544,0.0,10.973439673620305,146.85278169137746
20170228,20170301,000001.SZ,sell,1200.0,7.383420815444266,8860.10497853312,5.0,4.43005248926656,4.432268623577329,8997.527707735231
20170228,20170301,601288.SH,sell,600.0,1.9654204008382379,1179.2522405029426,5.0,0.5896261202514713,0.5899210807917825,10171.190322117922
20170228,20170301,601398.SH,sell,7900.0,2.9192045984378128,23061.71632765872,6.918514898297615,11.530858163829361,11.53662647706733,33214.457276714515
20170228,20170301,601988.SH,sell,33900.0,2.238013560371517,75868.65969659443,22.76059790897833,37.93432984829722,37.9533065015421,109022.42204555168
20170228,20170301,600000.SH,buy,11700.0,9.264090362491334,108389.85724114861,32.51695717234458,0.0,54.16784469821141,600.0478472307295
20170331,20170405,600000.SH,sell,412600.0,8.9589889007744,3696478.8204595177,1108.9436461378552,1848.239410229759,1849.1639922251925,3694121.6852503805
20170331,20170405,601288.SH,sell,60400.0,2.0137999799357944,121633.51878812198,36.49005563643659,60.81675939406099,60.847182985555264,3815657.897223472
20170331,20170405,601398.SH,sell,49400.0,3.019006465051071,149138.91937352292,44.74167581205687,74.56945968676146,74.60676306829555,3964677.5054614963
20170331,20170405,000001.SZ,buy,15800.0,7.133804071351188,112714.10432734876,33.814231298204625,0.0,56.32888771980652,3851929.5869028494
20170331,20170405,600016.SH,buy,856200.0,4.48185349981742,3837362.9665436754,1151.2088899631026,0.0,1917.7226219605654,13415.41146921087
20170331,20170405,601988.SH,buy,6000.0,2.22811040247678,13368.662414860679,5.0,0.0,6.680990712073253,41.74905435019173
20170428,20170502,601288.SH,sell,62700.0,2.0379897694845726,127781.9585466827,38.334587564004806,63.89097927334135,63.9229407437233,127721.48203419553
20170428,20170502,601398.SH,sell,35000.0,3.0314816983777293,106101.85944322053,31.830557832966157,53.05092972161027,53.07746845582733,233738.4599898615
20170428,20170502,000001.SZ,buy,1000.0,6.978044157129546,6978.044157129546,5.0,0.0,3.4872784393446636,226755.41583273196
20170428,20170502,600016.SH,buy,48800.0,4.148885610090419,202465.61777241246,60.739685331723734,0.0,101.18221777732833,24229.05837498777
20170428,20170502,601988.SH,buy,11000.0,2.173470092879257,23908.171021671827,7.172451306501547,0.0,11.94811145510539,313.71490200944027
20170531,20170601,600016.SH,sell,905000.0,4.23449747249034,3832220.212603758,1149.6660637811274,1916.1101063018791,1917.0686406218447,3829468.1513356846
20170531,20170601,601398.SH,sell,1237400.0,3.268511131584218,4044455.6742223115,1213.3367022666932,2022.2278371111558,2023.2394568389282,7870688.261018618
20170531,20170601,601288.SH,sell,14400.0,2.1468438224540756,30914.551043338688,9.274365313001606,15.457275521669345,15.465008025679708,7901578.080421122
20170531,20170601,000001.SZ,buy,6500.0,7.164956054195515,46572.21435227084,13.971664305681252,0.0,23.274469941155985,7854991.894404545
20170531,20170601,601328.SH,buy,1077100.0,3.6367051813471507,3917095.150829016,1175.1285452487048,0.0,1957.5687910192646,3936721.6150302803
20170531,20170601,601818.SH,buy,1554200.0,2.5160644838902146,3910467.420862172,1173.1402262586514,0.0,1954.2565821399912,25081.053941850085
20170531,20170601,601988.SH,buy,11100.0,2.2584661300309596,25068.974043343653,7.5206922130030955,0.0,12.528222910215845,4.559206293430179
20170630,20170703,000001.SZ,sell,10100.0,7.313398910977461,73865.32900087236,22.159598700261704,36.93266450043618,36.951140070465044,73810.79594396509
20170630,20170703,601818.SH,sell,14800.0,2.5578691925218773,37856.46404932378,11.356939214797134,18.92823202466189,18.937700875103474,111636.97482204941
20170630,20170703,601288.SH,buy,16700.0,2.1247777487961472,35483.78840489566,10.645136521468698,0.0,17.733027688605944,76142.54128063229
20170630,20170703,601328.SH,buy,10100.0,3.6190797927461142,36552.705906735755,10.965811772020725,0.0,18.267219343695615,39578.86956212451
20170630,20170703,601988.SH,buy,17600.0,2.246323839009288,39535.29956656347,11.860589869969042,0.0,19.757770897835144,31.70940569107188
20170731,20170801,000001.SZ,sell,535200.0,8.400707657486956,4496058.738287019,1348.8176214861055,2248.0293691435095,2249.1539461165667,4492493.60070208
20170731,20170801,601288.SH,sell,7700.0,2.3543777777777777,18128.708888888887,5.438612666666666,9.064354444444444,9.068888888887159,4510607.8066238575
20170731,20170801,601988.SH,sell,6400.0,2.4881980030959756,15924.467219814243,5.0,7.962233609907122,7.966216718265059,4526519.311610062
20170731,20170801,600016.SH,buy,931000.0,4.651954204113778,4330969.364029927,1299.290809208978,0.0,2164.402480774559,194250.65677092597
20170731,20170801,601328.SH,buy,18900.0,3.9379949123580644,74428.10384356741,22.328431153070223,0.0,37.19545419467613,119800.22449620548
20170731,20170801,601818.SH,buy,43600.0,2.7416843973747014,119537.43972553698,35.861231917661094,0.0,59.73885043755581,226.9235387508379
20170831,20170901,601988.SH,sell,1750200.0,2.6786213196594426,4688123.0336679565,1406.4369101003867,2344.061516833978,2345.234133900143,4684599.458779773
20170831,20170901,601328.SH,sell,15500.0,4.032256923161724,62499.98230900672,18.749994692702014,31.249991154503363,31.265623966493877,4747049.441102932
20170831,20170901,600016.SH,buy,50800.0,4.52258351941073,229747.24278606506,68.92417283581952,0.0,114.81621328636538,4517233.274144031
20170831,20170901,601166.SH,buy,371100.0,11.863867609218152,4402681.269780857,1320.8043809342569,0.0,2200.2405146332458,113231.19998223986
20170831,20170901,601288.SH,buy,200.0,2.394847619047619,478.96952380952376,5.0,0.0,0.2393650793650295,112747.23045843033
20170831,20170901,601818.SH,buy,41400.0,2.72219375,112698.82125000001,33.809646375,0.0,56.3212499999936,14.599562055329443
20170929,20171009,601288.SH,sell,1840000.0,2.481298412698413,4565589.07936508,1369.676723809524,2282.7945396825403,2283.9365079356357,4561951.207663643
20170929,20171009,601166.SH,sell,1100.0,11.952906461190441,13148.197107309485,5.0,6.574098553654743,6.577387247278239,4575087.830672399
20170929,20171009,600016.SH,buy,13000.0,4.475175902137005,58177.286727781066,17.453186018334318,0.0,29.074106310727075,4516893.090758599
20170929,20171009,601169.SH,buy,911600.0,4.826652514765877,4399976.4324605735,1319.9929297381718,0.0,2198.8887718440965,115596.66536828782
20170929,20171009,601328.SH,buy,17500.0,3.9809995369859994,69667.491897255,20.900247569176496,0.0,34.81633777973184,45908.27322346365
20170929,20171009,601818.SH,buy,17000.0,2.6962062201670647,45835.5057428401,13.750651722852028,0.0,22.906299721558753,59.016828900697874
20171031,20171101,601166.SH,sell,370000.0,11.72420706913615,4337956.615580376,1301.3869846741127,2168.978307790188,2170.06333945971,4334545.267116813
20171031,20171101,601328.SH,sell,1108100.0,3.8174487156873553,4230114.921853159,1269.0344765559475,2115.0574609265796,2116.1155186854303,8561276.09703249
20171031,20171101,600016.SH,sell,32600.0,4.514426219063554,147170.29474147188,44.15108842244156,73.58514737073594,73.62195834988961,8708328.655538168
20171031,20171101,600000.SH,buy,463400.0,9.291329696266612,4305602.181249948,1291.6806543749844,0.0,2151.725228011608,4401434.793633845
20171031,20171101,600015.SH,buy,690800.0,6.23386795157798,4306355.980950069,1291.9067942850204,0.0,2152.101939504966,93786.90588949062
20171031,20171101,601169.SH,buy,19700.0,4.6373720239907446,91356.22887261766,27.406868661785296,0.0,45.65528679289855,2403.2701482111734
20171031,20171101,601818.SH,buy,900.0,2.631237395584725,2368.1136560262526,5.0,0.0,1.1834650954651806,30.156492184920808
20171130,20171201,600000.SH,sell,463400.0,9.502519090909091,4403467.3467272725,1321.0402040181816,2201.733673363636,2202.835090909153,4399974.729342075
20171130,20171201,600016.SH,sell,962200.0,4.8040927924417245,4622498.084887427,1386.749425466228,2311.2490424437137,2312.405245065689,9018774.815761592
20171130,20171201,600015.SH,buy,10100.0,6.371329207401088,64350.42499475099,19.305127498425296,0.0,32.15913293090853,8954405.085639343
20171130,20171201,601169.SH,buy,16200.0,4.694156171223285,76045.32997381722,22.813598992145163,0.0,38.00366315533756,8878336.942066533
20171130,20171201,601328.SH,buy,1146500.0,3.8888467699261384,4458562.821720318,1337.5688465160952,0.0,2228.1673271963373,4418436.551499699
20171130,20171201,601818.SH,buy,1000.0,2.7156968675417654,2715.6968675417656,5.0,0.0,1.357169848846297,4415715.854632158
20171130,20171201,601988.SH,buy,1767800.0,2.4970412403250775,4414269.504646672,1324.2808513940015,0.0,2206.0317364549264,122.0691340919584
20171229,20180102,601328.SH,sell,2700.0,3.8113113383309454,10290.540613493553,5.0,5.145270306746776,5.147844228858958,10402.464477278765
20171229,20180102,601988.SH,sell,50000.0,2.526282666408669,126314.13332043344,37.894239996130025,63.15706666021672,63.18866099070874,136615.54649105587
20171229,20180102,600015.SH,buy,2900.0,6.199502637622202,17978.557649104387,5.393567294731316,0.0,8.984786431334214,118631.59527465675
20171229,20180102,601169.SH,buy,17800.0,4.498566330755648,80074.48068745053,24.022344206235157,0.0,40.01723172786296,38533.09224299998
20171229,20180102,601818.SH,buy,14500.0,2.631237395584725,38152.94223597851,11.445882670793551,0.0,19.0669376491569,368.70412435067556
20180131,20180201,601818.SH,sell,1657800.0,3.02452119132856,5014051.230984487,1504.215369295346,2507.0256154922436,2508.27975536976,5010408.69412405
20180131,20180201,601988.SH,sell,1717800.0,2.8753920801083597,4939348.5152101405,1481.804554563042,2469.67425760507,2470.9097124608234,9945805.730522022
20180131,20180201,600015.SH,buy,11800.0,6.756220723705793,79723.40453972836,23.917021361918508,0.0,39.84178137917479,9866058.408960931
20180131,20180201,600269.SH,buy,1212800.0,3.9659854430334747,4809947.145310998,1442.9841435932992,0.0,2403.7716868119314,5054668.27950634
20180131,20180201,600919.SH,buy,943300.0,5.070183605849324,4782704.195397667,1434.8112586193,0.0,2390.1570191886276,270529.2728500534
20180131,20180201,601169.SH,buy,51000.0,4.725702919685808,241010.84890397618,72.30325467119285,0.0,120.4452018510492,29446.120691406017
20180131,20180201,601328.SH,buy,7000.0,4.171448588909712,29200.140122367982,8.760042036710393,0.0,14.592773674343334,237.22052700132554
20180228,20180301,600919.SH,sell,943300.0,4.688060177700993,4422247.165625347,1326.6741496876039,2211.1235828126732,2212.229697660543,4418946.588419848
20180228,20180301,600015.SH,sell,1200.0,6.351228675939899,7621.474411127879,5.0,3.8107372055639392,3.8126435273270545,4426559.252093771
20180228,20180301,601169.SH,sell,25900.0,4.582312621526722,118681.89689754209,35.604569069262624,59.340948448771044,59.37063376564765,4545146.203473794
20180228,20180301,601328.SH,sell,3300.0,3.958608394884798,13063.407703119834,5.0,6.531703851559917,6.534971337227034,4558198.079473062
20180228,20180301,600000.SH,buy,497300.0,9.122128917949802,4536434.710896436,1360.9304132689308,0.0,2267.083813541569,20402.438163357787
20180228,20180301,600269.SH,buy,5400.0,3.7326921816785648,20156.53778106425,6.046961334319274,0.0,10.073232274393376,239.85342095921806
20180330,20180402,600000.SH,sell,497300.0,8.583868753427549,4268757.93107952,1280.6273793238558,2134.37896553976,2135.446688883938,4265582.778155615
20180330,20180402,600015.SH,sell,5800.0,6.117778108391838,35483.11302867266,10.644933908601798,17.74155651433633,17.750431730200944,4301037.504693864
20180330,20180402,600269.SH,sell,16100.0,3.616190346193226,58220.66457371094,17.46619937211328,29.11033228685547,29.124894734217378,4359211.592735915
20180330,20180402,601328.SH,sell,1900.0,3.7928992062617133,7206.508491897255,5.0,3.603254245948628,3.605056774335935,4366409.497973567
20180330,20180402,600016.SH,buy,992200.0,4.3712292736032605,4337133.685269156,1301.1401055807466,0.0,2167.483101083897,27974.672598830424
20180330,20180402,601169.SH,buy,6400.0,4.3534512878280465,27862.088242099497,8.35862647262985,0.0,13.924082080007793,104.22573025829843
20180427,20180502,600269.SH,sell,1202100.0,3.428238664998152,4121085.6991942786,1236.3257097582834,2060.542849597139,2061.573636414949,4117893.0563651817
20180427,20180502,601169.SH,sell,996800.0,4.317584794698493,4303768.523355458,1291.1305570066372,2151.8842616777292,2152.960742047988,8418218.564901955
20180427,20180502,600015.SH,sell,200.0,5.9873204382914516,1197.4640876582903,5.0,0.5987320438291451,0.5990315596088749,8419410.43025757
20180427,20180502,601328.SH,sell,25800.0,3.7990365836181246,98015.14385734762,29.404543157204284,49.00757192867381,49.032087972649606,8517347.161999831
20180427,20180502,600000.SH,buy,509600.0,8.33497747099768,4247504.519220418,1274.2513557661255,0.0,2122.6909141540527,4268568.391423646
20180427,20180502,600016.SH,buy,5900.0,4.250870019511557,25080.133115118184,7.5240399345354545,0.0,12.533799657729105,4243480.734268594
20180427,20180502,601166.SH,buy,389600.0,10.887556143079316,4241791.8733437015,1272.5375620031102,0.0,2119.8360186628997,416.3233628887683
20180531,20180601,600000.SH,sell,509600.0,7.790154861843494,3969862.9175954442,1190.958875278633,1984.9314587977221,1985.9244210082106,3967103.350624257
20180531,20180601,600016.SH,sell,21500.0,4.1974326104610284,90244.8011249121,27.073440337473627,45.12240056245605,45.14497304898396,4057275.955908269
20180531,20180601,601166.SH,sell,7200.0,10.695059804891843,77004.43059522126,23.101329178566377,38.50221529761063,38.52147603563208,4134218.782959014
20180531,20180601,601328.SH,sell,5900.0,3.6947011685591447,21798.736894498954,6.539621068349685,10.899368447249477,10.904820857678715,4156000.0808639973
20180531,20180601,600015.SH,buy,10700.0,5.718388242241322,61186.754191982145,18.356026257594642,0.0,30.578088051952363,4094794.9706457574
20180531,20180601,601818.SH,buy,1587100.0,2.5792623359188545,4093547.2533368138,1228.064176001044,0.0,2045.7507512927987,19.65313294250518
20180629,20180702,601166.SH,sell,6500.0,10.084132563975684,65546.86166584195,19.66405849975258,32.77343083292097,32.78982574578549,65514.07730945178
20180629,20180702,601328.SH,sell,29200.0,3.51671722522324,102688.1429765186,30.80644289295558,51.3440714882593,51.36975636643183,168120.0697715892
20180629,20180702,600015.SH,buy,9700.0,5.225579136867659,50688.117627616295,15.206435288284887,0.0,25.33139311724517,117416.74570868461
20180629,20180702,600016.SH,buy,18500.0,3.824141755004605,70746.6224675852,21.223986740275556,0.0,35.35563341708621,46648.89925435913
20180629,20180702,601818.SH,buy,19600.0,2.3713620972553695,46478.69710620524,13.943609131861571,0.0,23.227734685751784,156.25853902202653
20180731,20180801,601166.SH,sell,375900.0,10.932658322140536,4109586.263292628,1232.8758789877882,2054.793131646314,2055.821042166557,4106454.8528210158
20180731,20180801,600016.SH,sell,4700.0,4.055473115744954,19060.723644001286,5.718217093200385,9.530361822000643,9.535129386691551,4125500.327886102
20180731,20180801,601328.SH,sell,100.0,3.7085038400764345,370.85038400764347,5.0,0.18542519200382174,0.1855179509792606,4125865.9928449173
20180731,20180801,601818.SH,sell,5000.0,2.5005241721360383,12502.620860680192,5.0,6.251310430340096,6.254437649164174,4138357.3623951674
20180731,20180801,600000.SH,buy,524500.0,7.6276284629523605,4000691.128818513,1200.2073386455538,0.0,1999.3458914631046,136466.02623800887
20180731,20180801,600015.SH,buy,25500.0,5.330792139623384,135935.1995603963,40.780559868118885,0.0,67.93363296371535,490.04611774446676
20180831,20180903,600000.SH,sell,524500.0,7.627431551511134,4000587.84876759,1200.1763546302768,2000.293924383795,2001.2945716697723,3997877.42460632
20180831,20180903,601818.SH,sell,1601700.0,2.527777841587112,4048741.768870077,1214.6225306610231,2024.3708844350385,2025.383576223161,8043380.200061301
20180831,20180903,600015.SH,sell,15000.0,5.402543095925465,81038.14643888199,24.311443931664595,40.519073219441,40.53934289087192,8124353.515983032
20180831,20180903,600016.SH,buy,20400.0,3.9663610624533328,80913.76567404799,24.274129702214395,0.0,40.436664504770306,8043415.476179282
20180831,20180903,600919.SH,buy,980400.0,4.066769827852163,3987061.13922626,1196.1183417678778,0.0,1992.5343024618924,4055158.2186112544
20180831,20180903,601328.SH,buy,24200.0,3.6218298533788995,87648.28245176937,26.29448473553081,0.0,43.80224010582606,3967483.6416747496
20180831,20180903,601988.SH,buy,1674700.0,2.3683081753095974,3966205.7011909825,1189.8617103572947,0.0,1982.111794698052,88.07877340959385
20180928,20181008,600015.SH,sell,739300.0,5.605751591102947,4144332.1513024084,1243.2996453907224,2072.166075651204,2073.202676989604,4141104.764354776
20180928,20181008,601988.SH,sell,1674700.0,2.439251900154799,4085015.157189242,1225.5045471567726,2042.507578594621,2043.52934326604,8222851.909418266
20180928,20181008,600016.SH,sell,13900.0,4.12195628157684,57295.19231391808,17.188557694175422,28.64759615695904,28.661927120505425,8280101.265578333
20180928,20181008,000900.SZ,buy,1296400.0,3.1593002419307825,4095716.8336390667,1228.7150500917198,0.0,2046.8349993200973,4183155.716889175
20180928,20181008,600755.SH,buy,850000.0,4.837941613664712,4112250.371615005,1233.6751114845015,0.0,2055.097636989318,69671.67016268522
20180928,20181008,600919.SH,buy,14500.0,4.131527309187388,59907.145983217124,17.972143794965135,0.0,29.938603689763113,9746.552035673129
20180928,20181008,601328.SH,buy,2600.0,3.6863901003197,9584.61426083122,5.0,0.0,4.789912174328492,156.93777484190832
20181031,20181101,600755.SH,sell,850000.0,4.452974150164762,3785028.0276400475,1135.508408292014,1892.5140138200238,1893.4607441914268,3782156.9429927776
20181031,20181101,600919.SH,sell,994900.0,4.198559878447584,4177147.2230675016,1253.1441669202504,2088.573611533751,2089.618420744315,7955962.448281825
20181031,20181101,600016.SH,sell,33000.0,4.2615709298237965,140631.84068418527,42.18955220525558,70.31592034209264,70.35109589004423,8096481.783493463
20181031,20181101,601328.SH,sell,54200.0,3.882642281262632,210439.21164443466,63.13176349333039,105.21960582221733,105.27224194316659,8306752.6437685825
20181031,20181101,000900.SZ,buy,41600.0,3.0656913458735744,127532.7599883407,38.2598279965022,0.0,63.734512737806654,8179181.623952245
20181031,20181101,600015.SH,buy,727000.0,5.618374347155698,4084558.1503821923,1225.3674451146576,0.0,2041.2584459679201,4093398.1061249385
20181031,20181101,601988.SH,buy,1648900.0,2.4817201160990714,4092108.299435759,1227.6324898307275,0.0,2045.0316339004785,62.17419934878126
20181130,20181203,000900.SZ,sell,1338000.0,3.452274411366537,4619143.162408426,1385.742948722528,2309.571581204213,2310.726944675669,4615510.022077849
20181130,20181203,600015.SH,buy,17200.0,5.527189744767404,95067.66360999935,28.520299082999802,0.0,47.510076766615384,4520413.838168766
20181130,20181203,600016.SH,buy,42300.0,4.126080299867561,174533.19668439782,52.35995900531934,0.0,87.22298684873385,4345828.281525363
20181130,20181203,600919.SH,buy,985100.0,4.176857546122046,4114622.368684828,1234.3867106054483,0.0,2056.283042821102,229971.5261299298
20181130,20181203,601328.SH,buy,24700.0,3.8284226435894606,94562.03929665967,28.3686117889979,0.0,47.25739095284371,135381.11822148116
20181130,20181203,601988.SH,buy,55700.0,2.428349791021672,135259.08335990712,40.577725007972134,0.0,67.59574380805134,81.45713656605221
20181228,20190102,601328.SH,sell,29400.0,3.7214029838680043,109409.24772571932,32.8227743177158,54.70462386285966,54.731989857784356,109403.17746410481
20181228,20190102,601988.SH,sell,78100.0,2.412593409442725,188423.5452774768,56.527063583243034,94.21177263873841,94.25890208975761,297675.98390535964
20181228,20190102,600015.SH,buy,12800.0,5.190508135949084,66438.50414014827,19.93155124204448,0.0,33.20265074468625,231217.54821396933
20181228,20190102,600016.SH,buy,33200.0,3.8066418250391045,126380.50859129828,37.91415257738948,0.0,63.15867495816201,104799.12547009367
20181228,20190102,600919.SH,buy,27100.0,3.8595458875794404,104593.69355340283,31.378108066020847,0.0,52.27071142097702,174.05380862481252
20190131,20190201,601328.SH,sell,1052500.0,4.0503311505530455,4262973.53595708,1278.892060787124,2131.4867679785402,2132.5530445007607,4259737.210936939
20190131,20190201,600015.SH,buy,16400.0,5.32377793943967,87309.95820681058,26.19298746204317,0.0,43.633162522135535,4172401.059742667
20190131,20190201,600016.SH,buy,2200.0,3.973016030678925,8740.635267493635,5.0,0.0,4.36813356696257,4163655.424475173
20190131,20190201,600919.SH,buy,6200.0,4.027915339051027,24973.07510211637,7.491922530634911,0.0,12.480297402358701,4138674.857450526
20190131,20190201,601988.SH,buy,33600.0,2.4617062441950464,82713.32980495355,24.813998941486062,0.0,41.33599690401752,4055936.713646631
20190131,20190201,601998.SH,buy,1026100.0,3.951246681599065,4054374.2199888006,1216.31226599664,0.0,2026.1740229828283,346.1813918338157
20190228,20190301,600919.SH,sell,1018400.0,4.625532069476153,4710641.859554513,1413.1925578663538,2355.320929777257,2356.499179366976,4707219.527458703
20190228,20190301,601998.SH,sell,1026100.0,4.469936090957784,4586601.422931782,1375.9804268795344,2293.3007114658913,2294.4479354340583,9290151.669252139
20190228,20190301,600015.SH,sell,2100.0,5.858010412702579,12301.821866675416,5.0,6.150910933337708,6.153987927300477,9302442.34020788
20190228,20190301,000898.SZ,buy,1201900.0,3.743745368516833,4499607.5584203815,1349.8822675261144,0.0,2248.6794394897297,4801484.8995199725
20190228,20190301,600016.SH,buy,3400.0,4.352349219537717,14797.98734642824,5.0,0.0,7.395296025200878,4786681.912173544
20190228,20190301,601328.SH,buy,1082300.0,4.157679902987542,4499856.959003417,1349.9570877010249,0.0,2248.804077462293,285474.99608242605
20190228,20190301,601988.SH,buy,111100.0,2.568446894349845,285354.44996226777,85.60633498868032,0.0,142.60592202009866,34.93978516961215
20190329,20190401,000898.SZ,sell,1201900.0,3.772926060054596,4534679.831579619,1360.4039494738856,2267.3399157898098,2268.4741528658196,4531087.027499525
20190329,20190401,601328.SH,sell,1082300.0,4.030982434865689,4362732.289255136,1308.8196867765405,2181.366144627568,2182.457373313606,8890329.130923256
20190329,20190401,600015.SH,sell,4800.0,5.794945707302671,27815.73939505282,8.344721818515845,13.90786969752641,13.914827111082559,8918122.617726794
20190329,20190401,600016.SH,buy,6800.0,4.252524696153825,28917.167933846005,8.6751503801538,0.0,14.451358287773473,8889196.774642568
20190329,20190401,601169.SH,buy,1080900.0,4.100959520185106,4432727.1453680815,1329.8181436104244,0.0,2215.2559447120875,4455139.811130876
20190329,20190401,601288.SH,buy,1790400.0,2.487577213750669,4453758.243499198,1336.1274730497594,0.0,2225.7662386307493,45.4401586279273
20190430,20190506,601169.SH,sell,1080900.0,4.110055008220179,4442558.458385192,1332.7675375155575,2221.279229192596,2222.3904244042933,4439049.851777111
20190430,20190506,601288.SH,sell,3700.0,2.4717659956304625,9145.534183832711,5.0,4.572767091916356,4.575054619224829,4448185.813193852
20190430,20190506,601988.SH,sell,43800.0,2.565879731037152,112385.53221942726,33.71565966582818,56.19276610971363,56.2208765479736,4560481.436987503
20190430,20190506,600015.SH,buy,28900.0,5.527189744767404,159735.78362377797,47.92073508713339,0.0,79.82797782297712,4400697.732628638
20190430,20190506,600016.SH,buy,2800.0,4.199284950349082,11757.997860977428,5.0,0.0,5.876060900036464,4388934.7347676605
20190430,20190506,601328.SH,buy,1101400.0,3.9833672362473815,4387280.674002866,1316.1842022008598,0.0,2192.5440649688244,337.8765625935048
20190531,20190603,601988.SH,sell,1727400.0,2.5916833862229103,4476873.881361456,1343.0621644084365,2238.4369406807277,2239.556719039567,4473630.25881896
20190531,20190603,601288.SH,sell,35600.0,2.458441111556983,87520.50357142859,26.256151071428576,43.760251785714296,43.782142857133294,4561080.745987531
20190531,20190603,600015.SH,buy,22200.0,5.260650137786235,116786.43305885441,35.03592991765632,0.0,58.364034512167564,4444259.276998758
20190531,20190603,600016.SH,buy,12800.0,4.072840554062819,52132.35909200408,15.639707727601223,0.0,26.053152969514485,4392111.278199026
20190531,20190603,601169.SH,buy,1125900.0,3.830203738659197,4312426.38935639,1293.7279168069167,0.0,2155.1356268646196,78391.16092582978
20190531,20190603,601328.SH,buy,20300.0,3.8542467423657807,78241.20887002535,23.472362661007605,0.0,39.10105390805984,126.47969314342481
20190628,20190701,601288.SH,sell,1751100.0,2.5247312957018013,4421056.971903425,1326.3170915710273,2210.5284859517124,2211.634303103201,4417646.606019045
20190628,20190701,600016.SH,sell,13800.0,4.2615709298237965,58809.67883156839,17.642903649470515,29.404839415784195,29.419549190381076,4476409.237107548
20190628,20190701,601169.SH,buy,7500.0,3.9358645314497953,29518.983985873463,8.855695195762038,0.0,14.75211593496715,4446881.397426479
20190628,20190701,601328.SH,buy,1100.0,3.9833672362473815,4381.703959872119,5.0,0.0,2.189757101385112,4442494.693466607
20190628,20190701,601988.SH,buy,1684600.0,2.636232318111455,4440996.963090558,1332.299088927167,0.0,2219.3887871522456,165.43128712195903
20190731,20190801,601169.SH,sell,1133400.0,3.8922257200267922,4411448.631078366,1323.4345893235097,2205.724315539183,2206.8277294039726,4408084.903460626
20190731,20190801,601988.SH,sell,1684600.0,2.5846977167182663,4354181.773583591,1306.2545320750771,2177.0908867917956,2178.1799767799675,8758783.33162535
20190731,20190801,600015.SH,sell,900.0,5.417662492618596,4875.896243356736,5.0,2.437948121678368,2.439167705530963,8763651.789920585
20190731,20190801,600016.SH,sell,9300.0,4.239484595135191,39427.206734757274,11.82816202042718,19.71360336737864,19.723465099930763,8803047.454889955
20190731,20190801,000898.SZ,buy,1409500.0,3.130014331210191,4411755.1998407645,1323.5265599522293,0.0,2204.775212314911,4389968.728489238
20190731,20190801,000926.SZ,buy,954300.0,4.59869761103159,4388537.130207446,1316.561139062234,0.0,2193.171979113482,115.03714272938669
20190830,20190902,000898.SZ,sell,1409500.0,2.796329373673036,3941426.2521921443,1182.4278756576432,1970.713126096072,1971.698975584004,3938388.14833312
20190830,20190902,000926.SZ,sell,954300.0,4.388087704372719,4187552.0962828854,1256.2656288848655,2093.776048141443,2094.823459871579,8122590.2029389795
20190830,20190902,600015.SH,sell,14100.0,5.188343445311989,73155.64257889905,21.94669277366971,36.577821289449524,36.59611934910936,8195687.321003815
20190830,20190902,600016.SH,sell,28000.0,4.099104310528066,114774.92069478585,34.43247620843575,57.387460347392924,57.41616843159136,8310370.4217620455
20190830,20190902,601169.SH,buy,1136600.0,3.653046459234001,4152052.6055653654,1245.6157816696095,0.0,2074.9888083781116,4157072.2004150106
20190830,20190902,601328.SH,buy,6000.0,3.678507573586154,22071.045441516922,6.6213136324550765,0.0,11.030007716897671,4134994.533659861
20190830,20190902,601988.SH,buy,1674600.0,2.468408510061919,4133596.89094969,1240.0790672849068,0.0,2065.765562693123,157.56364288646728
20190930,20191008,600015.SH,sell,2900.0,5.288670528508629,15337.144532675024,5.0,7.668572266337512,7.672408470572918,15482.039603295154
20190930,20191008,600016.SH,sell,12900.0,4.2114085382137665,54327.170142957584,16.298151042887273,27.163585071478792,27.177173658310494,69765.74801013837
20190930,20191008,601169.SH,sell,2300.0,3.711837362235889,8537.225933142545,5.0,4.268612966571273,4.270748340741193,78293.70533031435
20190930,20191008,601328.SH,buy,13900.0,3.698868316613384,51414.26960092604,15.424280880277811,0.0,25.694287656639062,26864.011448508027
20190930,20191008,601988.SH,buy,10700.0,2.5033718034055727,26786.078296439628,8.035823488931888,0.0,13.386345975231961,69.89732857946728
20191031,20191101,601169.SH,sell,8700.0,3.8436596236984717,33439.838726176706,10.03195161785301,16.719919363088355,16.728283504839055,33482.98418377523
20191031,20191101,601328.SH,sell,1700.0,3.796873259104105,6454.684540476978,5.0,3.227342270238489,3.2289567486122905,39929.441381981975
20191031,20191101,601988.SH,sell,14700.0,2.5846977167182663,37995.05643575852,11.398516930727554,18.99752821787926,19.007031733744952,77894.10177259188
20191031,20191101,600015.SH,buy,9700.0,5.3656957450298535,52047.24872678958,15.614174618036872,0.0,26.010619053857226,25831.238871184265
20191031,20191101,600016.SH,buy,5900.0,4.306960531335669,25411.067134880446,7.623320140464133,0.0,12.69918397544825,412.548416163354
20191129,20191202,600016.SH,sell,11300.0,4.323712765899467,48857.95425466398,14.657386276399192,24.42897712733199,24.441197726191604,49231.4163074236
20191129,20191202,601169.SH,sell,12100.0,3.8575356512208487,46676.18137977227,14.002854413931681,23.338090689886137,23.34976557266782,95870.25674209205
20191129,20191202,600015.SH,buy,300.0,5.329828794862542,1598.9486384587626,5.0,0.0,0.7990747818382715,94266.30810363329
20191129,20191202,601328.SH,buy,10300.0,3.7463767170102527,38587.6801852056,11.57630405556168,0.0,19.28419799360563,55667.051614372125
20191129,20191202,601988.SH,buy,21800.0,2.5453277554179565,55488.14506811145,16.646443520433433,0.0,27.730207430329756,162.26010274024156
20191231,20200102,600015.SH,sell,8100.0,5.532322016271899,44811.808331802386,13.443542499540715,22.405904165901195,22.417112722258025,44938.21898787719
20191231,20200102,600016.SH,sell,3500.0,4.464093050506592,15624.32567677307,5.0,7.812162838386536,7.816070873823264,60549.73250181187
20191231,20200102,601328.SH,buy,4400.0,3.841601610627274,16903.047086760005,5.0709141260280015,0.0,8.4472998934325,43641.61450092584
20191231,20200102,601988.SH,buy,16800.0,2.5947073090170276,43591.082791486064,13.077324837445818,0.0,21.784649071203603,37.45438460232981
20200123,20200203,601328.SH,sell,3400.0,3.424151544298681,11642.115250615516,5.0,5.821057625307758,5.823969610111817,11668.748577592538
20200123,20200203,601988.SH,sell,60000.0,2.3825090009674925,142950.54005804955,42.885162017414864,71.47527002902477,71.51102554178215,154504.92820359566
20200123,20200203,600015.SH,buy,6700.0,4.885078612787875,32730.02670567876,9.819008011703627,0.0,16.35683493536635,121765.0824899052
20200123,20200203,600016.SH,buy,14300.0,3.913502473008104,55963.08536401589,16.788925609204764,0.0,27.96755890255008,65785.2082002801
20200123,20200203,601169.SH,buy,18800.0,3.472782226146258,65288.30585154965,19.586491755464895,0.0,32.627839006265276,477.3158569749867
20200228,20200302,601328.SH,sell,1400.0,3.5326395140190354,4945.6953196266495,5.0,2.4728476598133247,2.474084702163964,5415.538328941823
20200228,20200302,601988.SH,sell,24800.0,2.4873114496904023,61685.323952321975,18.50559718569659,30.842661976160986,30.858091021676955,67051.51402210194
20200228,20200302,600015.SH,buy,5800.0,5.014199633390198,29082.357873663146,8.724707362098943,0.0,14.533911980837729,37960.4314410767
20200228,20200302,600016.SH,buy,700.0,4.032945097857544,2823.061568500281,5.0,0.0,1.4108253715644423,35132.36987257642
20200228,20200302,601169.SH,buy,9800.0,3.563074564026061,34918.1307274554,10.475439218236618,0.0,17.450340193630836,203.76370590278384
20200331,20200401,600016.SH,sell,28500.0,4.000838111303078,114023.88617213772,34.207165851641314,57.01194308606886,57.04046331772406,114136.4307691028
20200331,20200401,601328.SH,sell,28000.0,3.498737023481425,97964.6366574799,29.389390997243968,48.98231832873995,49.006821739603765,212022.69571725672
20200331,20200401,601988.SH,sell,21300.0,2.438403640286378,51937.997538099844,15.581399261429953,25.96899876904992,25.981989763939055,263919.1428573261
20200331,20200401,600015.SH,buy,34400.0,4.655530131717079,160150.23653106752,48.045070959320256,0.0,80.03510071517667,103720.86125529924
20200331,20200401,601169.SH,buy,30900.0,3.354707630457286,103660.46578113013,31.098139734339036,0.0,51.80433072519372,29.297334434770164
20200430,20200506,600015.SH,sell,1700.0,4.658043148415459,7918.673352306279,5.0,3.9593366761531397,3.9613173348207056,7939.011350064897
20200430,20200506,600016.SH,sell,12300.0,4.071028253606641,50073.64751936168,15.022094255808502,25.03682375968084,25.04934843389492,57972.59995141109
20200430,20200506,601169.SH,sell,20400.0,3.420740822931255,69783.1127877976,20.934933836339276,34.891556393898796,34.90901089935505,127699.88624897845
20200430,20200506,601328.SH,buy,12600.0,3.4886629467533896,43957.15312909271,13.187145938727811,0.0,21.967592768160102,83729.54597394701
20200430,20200506,601988.SH,buy,34700.0,2.4058741625386992,83483.83344009286,25.045150032027856,0.0,41.72105619193462,220.6673838221177
20200529,20200601,601988.SH,sell,1637800.0,2.417443150541796,3959288.3919573533,1187.786517587206,1979.6441959786766,1980.6345132351853,3956341.62862761
20200529,20200601,601169.SH,sell,100.0,3.392986333495707,339.2986333495707,5.0,0.16964931667478536,0.16973418376664995,3956675.7576116426
20200529,20200601,601328.SH,sell,5400.0,3.4716150310513365,18746.721167677217,5.624016350303164,9.37336058383861,9.37804960864014,3975407.4814023855
20200529,20200601,600015.SH,buy,10700.0,4.56944945131553,48893.109129076176,14.667932738722852,0.0,24.4343373958327,3926499.7043405706
20200529,20200601,600016.SH,buy,5300.0,4.018893024345845,21300.13302903298,6.390039908709893,0.0,10.644744142446143,3905193.181271629
20200529,20200601,601998.SH,buy,1079500.0,3.6165027754784043,3904014.746128937,1171.2044238386811,0.0,1951.03185713524,7.230718852952123
20200630,20200701,601998.SH,sell,1079500.0,3.684430418269465,3977342.6365218875,1193.202790956566,1988.6713182609437,1989.6661513363943,3974167.993131523
20200630,20200701,600015.SH,buy,5300.0,4.570299229709336,24222.585917459484,7.266775775237845,0.0,12.105240338561998,3949938.1404382885
20200630,20200701,600016.SH,buy,9800.0,3.9907888773224474,39109.73099775999,11.732919299327994,0.0,19.545092952408595,3910816.676521229
20200630,20200701,601169.SH,buy,1000.0,3.4033265816233333,3403.3265816233334,5.0,0.0,1.7008128843690429,3907408.3499396057
20200630,20200701,601328.SH,buy,1500.0,3.4818756647558153,5222.813497133723,5.0,0.0,2.6101016977181644,3902180.536442472
20200630,20200701,601988.SH,buy,1602800.0,2.4338494434984517,3900973.8880393184,1170.2921664117955,0.0,1949.512187925633,36.35623674187809
20200731,20200803,600015.SH,sell,20200.0,4.76716053277344,96296.64276202349,28.888992828607044,48.14832138101175,48.17240758478874,96255.96168455575
20200731,20200803,600016.SH,sell,13600.0,4.14729663888904,56403.23428889095,16.920970286667284,28.201617144445475,28.21572500695038,152614.07338601557
20200731,20200803,601169.SH,sell,24900.0,3.556631154275508,88560.11574146015,26.568034722438043,44.280057870730076,44.30220897520485,241103.34103488256
20200731,20200803,601328.SH,buy,46900.0,3.4330727505236465,161011.111999559,48.3033335998677,0.0,80.46532333808136,80043.92570172367
20200731,20200803,601988.SH,buy,32400.0,2.4634470522445815,79815.68449272444,23.94470534781733,0.0,39.887898297194624,204.29650365140697
20200831,20200901,600015.SH,sell,5000.0,4.774620877895152,23873.10438947576,7.161931316842727,11.93655219473788,11.942523456462368,24058.30240961559
20200831,20200901,601169.SH,sell,12200.0,3.57132797722706,43570.20132217013,13.071060396651037,21.785100661085064,21.795998660418263,67593.64757072798
20200831,20200901,601328.SH,buy,300.0,3.4042838804982916,1021.2851641494875,5.0,0.0,0.5103873883805363,66567.36240657848
20200831,20200901,601988.SH,buy,27600.0,2.40444233243034,66362.60837507738,19.908782512523214,0.0,33.16472182662983,184.84524898858217
20200930,20201009,601169.SH,sell,200.0,3.4537533936146465,690.7506787229293,5.0,0.34537533936146464,0.3455481134182037,870.25055237215
20200930,20201009,601988.SH,sell,30400.0,2.365198001354489,71902.01924117646,21.570605772352934,35.95100962058823,35.968994117647526,72714.74817815566
20200930,20201009,600015.SH,buy,3500.0,4.600170466504823,16100.59663276688,5.0,0.0,8.04627517879453,56609.15154538878
20200930,20201009,600016.SH,buy,9300.0,3.957313642829502,36803.01687831437,11.040905063494309,0.0,18.392312283009232,19795.093762010918
20200930,20201009,601328.SH,buy,6000.0,3.2747339653841916,19648.40379230515,5.8945211376915445,0.0,9.819292250027502,140.7954485680748
20201030,20201102,601169.SH,sell,6200.0,3.439056570663094,21322.150738111184,6.396645221433355,10.661075369055592,10.666408573342778,21445.88846608877
20201030,20201102,601328.SH,sell,5700.0,3.2570808201962307,18565.360675118514,5.569608202535554,9.282680337559258,9.287323999560613,39996.39685266719
20201030,20201102,601988.SH,sell,800.0,2.343093347136223,1874.4746777089783,5.0,0.9372373388544892,0.9377061919506104,41864.93429303731
20201030,20201102,600015.SH,buy,1300.0,4.5478958021127225,5912.2645427465395,5.0,0.0,2.9546549439019145,35947.66975029077
20201030,20201102,600016.SH,buy,9200.0,3.8826473476817767,35720.355598672344,10.716106679601703,0.0,17.851252173248213,216.59804493882257
20201130,20201201,600015.SH,sell,23600.0,4.849224329112263,114441.69416704941,34.33250825011482,57.22084708352471,57.24947181942116,114566.73885665461
20201130,20201201,600016.SH,buy,18600.0,3.94984701331473,73467.15444765397,22.04014633429619,0.0,36.715219614008674,41077.54426266634
20201130,20201201,601169.SH,buy,2100.0,3.5822568553248493,7522.739396182184,5.0,0.0,3.759489953114098,33549.80486648416
20201130,20201201,601328.SH,buy,3100.0,3.375495010472936,10464.034532466103,5.0,0.0,5.229402564949851,23080.77033401806
20201130,20201201,601988.SH,buy,9100.0,2.426569102360681,22081.778831482196,6.6245336494446585,0.0,11.035371729874896,992.3669688864211
20201231,20210104,601169.SH,sell,1112100.0,3.556631154275508,3955329.5066697923,1186.5988520009375,1977.6647533348962,1978.654080374632,3953157.6100333426
20201231,20210104,600016.SH,sell,13000.0,3.8862258073042986,50520.935494955884,15.156280648486764,25.260467747477943,25.27310429962381,4003638.1287799026
20201231,20210104,600015.SH,buy,14400.0,4.64497732169805,66887.67343245192,20.066302029735574,0.0,33.427123154644505,3936730.389045421
20201231,20210104,600657.SH,buy,973200.0,3.969590151438742,3863205.135380184,1158.9615406140551,0.0,1930.637249065563,72366.29212462297
20201231,20210104,601328.SH,buy,19400.0,3.2243534428398197,62552.4567910925,18.76573703732775,0.0,31.260598096494505,9795.069596493136
20201231,20210104,601988.SH,buy,4100.0,2.345437612616099,9616.294211726006,5.0,0.0,4.805744233746736,173.77538476713016
20210129,20210201,601988.SH,sell,1644800.0,2.3358477457430338,3842002.372198142,1152.6007116594426,1921.001186099071,1921.9621671824716,3839102.5456851507
20210129,20210201,600015.SH,sell,5200.0,4.550410488156945,23662.134538416118,7.098640361524835,11.83106726920806,11.836985762085533,3862745.750515936
20210129,20210201,600016.SH,sell,6700.0,3.8116341411372296,25537.94874561944,7.661384623685831,12.768974372809721,12.775362053835124,3888263.268902559
20210129,20210201,601328.SH,sell,25900.0,3.207405894241723,83071.81266086063,24.921543798258185,41.535906330430315,41.55668467275973,3971268.6241132906
20210129,20210201,600657.SH,buy,60900.0,3.636318585582913,221451.8018619994,66.43554055859981,0.0,110.67056564817904,3749750.3867107327
20210129,20210201,601169.SH,buy,1079700.0,3.4716328563599825,3748321.995011873,1124.496598503562,0.0,1873.224385313224,303.89510035607964
20210226,20210301,600657.SH,sell,1034100.0,3.867682515574014,3999570.4893550877,1199.8711468065262,1999.785244677544,2000.785637496505,3996674.7280639596
20210226,20210301,600015.SH,buy,1700.0,4.674437618922642,7946.543952168492,5.0,0.0,3.971286332917771,3988723.184111791
20210226,20210301,600016.SH,buy,10700.0,3.8826473476817767,41544.32662019501,12.463297986058501,0.0,20.76178241888556,3947166.39419361
20210226,20210301,601169.SH,buy,20600.0,3.5157637825001524,72424.73391950314,21.72742017585094,0.0,36.19426982483128,3874719.932853931
20210226,20210301,601328.SH,buy,4100.0,3.289800474038144,13488.18194355639,5.0,0.0,6.740720611471261,3861226.750910375
20210226,20210301,601988.SH,buy,1615200.0,2.3898166021671825,3860031.775820433,1158.00953274613,0.0,1929.0513622285798,36.96555719571188
20210331,20210401,600015.SH,sell,5200.0,4.7965802358769105,24942.217226559933,7.482665167967979,12.471108613279966,12.47734728692376,24959.229009974395
20210331,20210401,601328.SH,sell,67400.0,3.566980546062544,240414.48880461548,72.12434664138463,120.20724440230774,120.26737809131737,265181.3862235462
20210331,20210401,601988.SH,sell,7800.0,2.468482633513932,19254.164541408667,5.7762493624225995,9.627082270704333,9.631898219813593,284420.1474333217
20210331,20210401,600016.SH,buy,53300.0,3.7557146459306416,200179.5906281032,60.05387718843096,0.0,100.03977542635403,84180.50292803007
20210331,20210401,601169.SH,buy,23800.0,3.5304740912135415,84025.28337088229,25.207585011264683,0.0,41.9916458624939,130.01197213651903
20210430,20210506,600016.SH,sell,1051600.0,3.5058083098522466,3686708.0186406225,1106.0124055921867,1843.3540093203112,1844.2761473939754,3683888.6641978463
20210430,20210506,600015.SH,sell,1200.0,4.647386449379963,5576.863739255955,5.0,2.7884318696279773,2.789826783018725,3689457.739505233
20210430,20210506,601169.SH,sell,25800.0,3.504901972842964,90426.47089934847,27.127941269804538,45.21323544967424,45.235853376361774,3779811.869227862
20210430,20210506,601328.SH,sell,4100.0,3.4591081505162977,14182.343417116821,5.0,7.09117170855841,7.094719068090853,3793982.1214732705
20210430,20210506,601988.SH,sell,8900.0,2.402165189628483,21379.270187693495,6.413781056308048,10.689635093846748,10.69498258513704,3815344.2882448137
20210430,20210506,601077.SH,buy,1237100.0,3.0830180113636363,3814001.5818579546,1144.2004745573863,0.0,1906.047767045442,198.50591230159625
20210531,20210601,600015.SH,sell,1900.0,4.774201167902369,9070.9822190145,5.0,4.535491109507251,4.537759989501865,9259.95264020659
20210531,20210601,601169.SH,sell,6200.0,3.6004234102579717,22322.625143599424,6.696787543079827,11.161312571799712,11.16689601980761,31564.719683691135
20210531,20210601,601077.SH,buy,2200.0,3.1574870454545456,6946.471500000001,5.0,0.0,3.4714999999996508,24613.248183691136
20210531,20210601,601328.SH,buy,4100.0,3.520158494102083,14432.64982581854,5.0,0.0,7.212718553630111,10175.598357872595
20210531,20210601,601988.SH,buy,4100.0,2.4488244195046436,10040.180119969038,5.0,0.0,5.017581269348739,130.41823790355738
20210630,20210701,601077.SH,sell,2700.0,3.1297908558238636,8450.435310724431,5.0,4.225217655362216,4.227331321022575,8571.628330972626
20210630,20210701,601169.SH,sell,10700.0,3.5857278045018166,38367.28750816944,11.51018625245083,19.18364375408472,19.1932403742685,46908.22200913553
20210630,20210701,601328.SH,sell,16300.0,3.531023080880462,57555.67621835153,17.266702865505458,28.777838109175764,28.79223422629002,104417.85368651238
20210630,20210701,600015.SH,buy,20400.0,4.622167549701462,94292.21801390983,28.287665404172948,0.0,47.12254773307359,10097.348007198365
20210630,20210701,601988.SH,buy,4100.0,2.416099086687306,9906.006255417955,5.0,0.0,4.950527863777097,186.34175178041005
20210730,20210802,601077.SH,sell,4300.0,2.9572209339488635,12716.050015980114,5.0,6.358025007990057,6.361205610794059,12891.033742752534
20210730,20210802,601988.SH,sell,47300.0,2.3431544620743034,110831.20605611455,33.24936181683436,55.415603028057276,55.44332469040819,123633.57483402219
20210730,20210802,600015.SH,buy,12200.0,4.294594226100649,52394.04955842792,15.718214867528374,0.0,26.183932812804414,71223.80706072674
20210730,20210802,601169.SH,buy,7800.0,3.356598404676369,26181.467556475676,7.854440266942702,0.0,13.084191682395613,45034.485063984124
20210730,20210802,601328.SH,buy,13600.0,3.29976392900452,44876.78943446147,13.463036830338439,0.0,22.42718112665898,144.23259269231494
20210831,20210901,601077.SH,sell,1232300.0,3.0513499822443184,3760178.5831196737,1128.053574935902,1880.089291559837,1881.0298064625822,3757314.67284587
20210831,20210901,600015.SH,sell,1800.0,4.3922650744701786,7906.077134046322,5.0,3.9530385670231607,3.9550160750604846,3765211.7969413493
20210831,20210901,601328.SH,sell,10000.0,3.4042941351559923,34042.94135155992,10.212882405467976,17.021470675779963,17.029985668610607,3799227.503939828
20210831,20210901,601169.SH,buy,10600.0,3.403653522498934,36078.7273384887,10.82361820154661,0.0,18.030348494990903,3763137.9529831377
20210831,20210901,601988.SH,buy,14600.0,2.376876698916408,34702.39980417956,10.410719941253866,0.0,17.342528637767828,3728425.1424590168
20210831,20210901,601998.SH,buy,1033700.0,3.605677869211667,3727189.2134041004,1118.15676402123,0.0,1862.6632750644349,117.77229089522734
20210930,20211008,601998.SH,sell,1033700.0,3.5942092029020802,3715334.0530398805,1114.6002159119641,1857.6670265199402,1858.59632468177,3712479.558088344
20210930,20211008,601169.SH,sell,2000.0,3.4315902940997383,6863.180588199477,5.0,3.4315902940997387,3.433306947573328,3719334.3070862493
20210930,20211008,601328.SH,sell,19500.0,3.4890163873883813,68035.81955407343,20.410745866222026,34.017909777036714,34.03492724066018,3787315.6979846796
20210930,20211008,600015.SH,buy,6300.0,4.396659536775801,27698.95508168755,8.309686524506263,0.0,13.842556262712606,3759608.4332164675
20210930,20211008,601288.SH,buy,1633800.0,2.300329186730872,3758277.8252808987,1127.4833475842695,0.0,1878.1998127335683,203.12458798428997
20211029,20211101,601288.SH,sell,1633800.0,2.290240074906367,3741794.2343820226,1122.5382703146067,1870.8971171910114,1871.8330337074585,3739003.9235825012
20211029,20211101,601169.SH,sell,9900.0,3.470763699283525,34360.5606229069,10.30816818687207,17.18028031145345,17.188874748819217,3773336.9957569097
20211029,20211101,601328.SH,sell,3500.0,3.512122456179032,12292.428596626612,5.0,6.146214298313306,6.149288942784551,3785618.2781392382
20211029,20211101,600015.SH,buy,900.0,4.404510714520045,3964.0596430680407,5.0,0.0,1.9810393018833565,3781649.2184961704
20211029,20211101,601077.SH,buy,1258300.0,2.999439311079545,3774194.4851313913,1132.2583455394174,0.0,1886.1541654826142,6322.4750192398205
20211029,20211101,601988.SH,buy,2600.0,2.392565654024767,6220.670700464394,5.0,0.0,3.1087809597511296,96.80431877542651
20211130,20211201,601077.SH,sell,1258300.0,2.996441370738636,3770422.1768004256,1131.1266530401276,1885.211088400213,1886.1541654830799,3767502.6433777604
20211130,20211201,601328.SH,sell,1076700.0,3.51982447910925,3789795.016656929,1136.9385049970786,1894.8975083284647,1895.845431044232,7554265.824021364
20211130,20211201,600015.SH,sell,5400.0,4.415795065940555,23845.293356079,7.1535880068237,11.9226466780395,11.928610983526596,7578092.041142758
20211130,20211201,601169.SH,buy,8800.0,3.4428661206844056,30297.22186202277,9.08916655860683,0.0,15.141040410802816,7547785.730114177
20211130,20211201,601288.SH,buy,1661300.0,2.269138282504013,3769719.428723917,1130.915828617175,0.0,1883.9177554841153,3776935.3855616427
20211130,20211201,601988.SH,buy,8700.0,2.384721176470588,20747.074235294112,6.224122270588233,0.0,10.368352941171906,3756182.087204078
20211130,20211201,601998.SH,buy,1059900.0,3.542696596387009,3754904.1225105906,1126.471236753177,0.0,1876.5138043528423,151.49345673434436
20211231,20220104,601169.SH,sell,2100.0,3.478598380320283,7305.056598672594,5.0,3.6525282993362973,3.654355477074205,7447.897527107602
20211231,20220104,601288.SH,sell,1200.0,2.290240074906367,2748.2880898876406,5.0,1.3741440449438203,1.374831460673704,10189.8114729503
20211231,20220104,601998.SH,sell,14100.0,3.6335331547937875,51232.8174825924,15.369845244777718,25.6164087412962,25.629223352974805,61381.64270155662
20211231,20220104,600015.SH,buy,12700.0,4.396659536775801,55837.576117052675,16.751272835115802,0.0,27.904835640700185,5527.315311668834
20211231,20220104,601988.SH,buy,2300.0,2.400410131578947,5520.943302631577,5.0,0.0,2.7590921052624253,1.3720090372562481
20220128,20220207,601998.SH,sell,1045800.0,3.688586687442178,3857523.95772703,1157.257187318109,1928.761978863515,1929.7268422846682,3854439.310569885
20220128,20220207,601169.SH,sell,5400.0,3.5491105096510993,19165.196752115935,5.74955902563478,9.582598376057968,9.5873920720951,3873589.1751645994
20220128,20220207,601988.SH,sell,1700.0,2.437194106037152,4143.229980263158,5.0,2.071614990131579,2.072651315789699,3877725.3335298724
20220128,20220207,600015.SH,buy,3400.0,4.451617780985499,15135.500455350697,5.0,0.0,7.563968243552154,3862584.8330745217
20220128,20220207,601077.SH,buy,1267400.0,3.046550923295454,3861198.6401846586,1158.3595920553976,0.0,1929.634502840694,227.83329780772328
20220228,20220301,601077.SH,sell,1267400.0,3.0670381569602276,3887164.1601313925,1166.1492480394177,1943.5820800656963,1944.5543572441675,3884282.262101095
20220228,20220301,601288.SH,sell,1660100.0,2.313609871589085,3840823.74782504,1152.247124347512,1920.4118739125202,1921.3725601928309,7722033.350927875
20220228,20220301,601988.SH,sell,1700.0,2.437194106037152,4143.229980263158,5.0,2.071614990131579,2.072651315789699,7726169.509293148
20220228,20220301,600015.SH,buy,4500.0,4.420213070008529,19890.958815038382,5.967287644511514,0.0,9.940509152940649,7706272.583190465
20220228,20220301,600016.SH,buy,1261500.0,3.058143706569073,3857848.285836885,1157.3544857510656,0.0,1927.9601628365926,3847266.942867829
20220228,20220301,601169.SH,buy,600.0,3.5448188759666315,2126.891325579979,5.0,0.0,1.062914205686866,3845135.051542249
20220228,20220301,601229.SH,buy,727700.0,5.281865470869912,3843613.5031520347,1153.0840509456102,0.0,1920.8463284112513,368.4643392688595
20220331,20220401,600016.SH,sell,1261500.0,2.9769518714471803,3755424.785830618,1126.6274357491852,1877.712392915309,1878.6517187748104,3752788.910341222
20220331,20220401,601169.SH,sell,19400.0,3.572614552761371,69308.7223235706,20.79261669707118,34.6543611617853,34.67169701028615,3822042.185686934
20220331,20220401,601988.SH,sell,85500.0,2.5547436609907117,218430.58301470586,65.52917490441175,109.21529150735293,109.26992647055886,4040298.024235228
20220331,20220401,600015.SH,buy,5300.0,4.341701292566105,23011.016850600357,6.903305055180106,0.0,11.499758546025987,4017280.1040795725
20220331,20220401,601229.SH,buy,39100.0,4.987169114126097,194998.31236233038,58.49949370869911,0.0,97.45043096569134,3822223.2922235336
20220331,20220401,601288.SH,buy,1596100.0,2.3939018994114494,3820906.8216506145,1146.2720464951842,0.0,1909.4986614943482,170.19852642389014
20220429,20220505,601229.SH,sell,766800.0,4.906696794360202,3762455.101915403,1128.7365305746207,1881.2275509577014,1882.168635275215,3759615.3363602944
20220429,20220505,601169.SH,sell,9200.0,3.572614552761371,32868.05388540462,9.860416165621384,16.43402694270231,16.442248066734464,3792457.0958025907
20220429,20220505,601288.SH,sell,9500.0,2.391509193864812,22719.337341715713,6.815801202514713,11.359668670857857,11.365351346528769,3815158.257674433
20220429,20220505,601988.SH,sell,4000.0,2.539070386996904,10156.281547987615,5.0,5.078140773993808,5.080681114552135,3825304.4610816464
20220429,20220505,600015.SH,buy,8800.0,4.271040692867922,37585.15809723772,11.275547429171315,0.0,18.783187454893778,3787708.0274369796
20220429,20220505,601818.SH,buy,1486600.0,2.54699183323389,3786358.059285501,1135.9074177856503,0.0,1892.2329131858423,214.06073369272053
20220531,20220601,600015.SH,sell,500.0,4.180495151236795,2090.2475756183976,5.0,1.0451237878091988,1.0456466111149894,2298.263185523309
20220531,20220601,601288.SH,sell,11700.0,2.3603494649545214,27616.0887399679,8.28482662199037,13.808044369983952,13.814951845903124,29892.259054499234
20220531,20220601,601988.SH,sell,7700.0,2.499887202012384,19249.131455495357,5.7747394366486064,9.62456572774768,9.629380417954962,49125.99120483019
20220531,20220601,601169.SH,buy,10800.0,3.4663936795956887,37437.05173963344,11.23111552189003,0.0,18.709171284172044,11677.70834967486
20220531,20220601,601818.SH,buy,4600.0,2.4911017303102625,11459.067959427208,5.0,0.0,5.726670644391561,213.64039024765225
20220630,20220701,600015.SH,sell,17400.0,4.360394658486976,75870.86705767339,22.761260117302015,37.9354335288367,37.954410734193516,76023.81075427489
20220630,20220701,601169.SH,sell,4400.0,3.5569451906878564,15650.558839026568,5.0,7.825279419513284,7.829194016521797,91661.54431388194
20220630,20220701,601818.SH,sell,14300.0,2.570038920047733,36751.55655668258,11.025466967004775,18.37577827834129,18.384970763720048,128383.69962531918
20220630,20220701,601288.SH,buy,47700.0,2.354913269127876,112329.36293739968,33.698808881219904,0.0,56.13661316211801,16020.637879038273
20220630,20220701,601988.SH,buy,6200.0,2.557299682662538,15855.258032507736,5.0,0.0,7.9236671826620295,160.37984653053718
20220729,20220801,601288.SH,sell,1622600.0,2.3819366684501517,3864930.4382272162,1159.4791314681647,1932.465219113608,1933.4319350807928,3861998.873723165
20220729,20220801,601988.SH,sell,29000.0,2.5648953163699693,74381.9641747291,22.314589252418727,37.19098208736455,37.20958688081009,3936321.332326554
20220729,20220801,600015.SH,buy,6100.0,4.289358357063184,26165.085978085426,7.849525793425627,0.0,13.076004986549378,3910148.3968226756
20220729,20220801,601169.SH,buy,9900.0,3.497755635389393,34627.78079035499,10.388334237106497,0.0,17.30523777628696,3875510.2276980835
20220729,20220801,601229.SH,buy,783000.0,4.796558293695131,3755705.143963288,1126.7115431889863,0.0,1876.9141149241477,118678.37219160656
20220729,20220801,601818.SH,buy,48100.0,2.4618687440334126,118415.88658800715,35.52476597640214,0.0,59.1783541169425,226.9608376230026
20220831,20220901,601229.SH,sell,783000.0,4.743524896249003,3714179.993762969,1114.2539981288905,1857.0899968814845,1858.0190063845366,3711435.610605582
20220831,20220901,601988.SH,sell,1464200.0,2.5648953163699693,3755519.722228909,1126.6559166686725,1877.7598611144545,1878.6992107201368,7463950.917056708
20220831,20220901,600015.SH,sell,8600.0,4.318548260612821,37139.51504127026,11.141854512381077,18.56975752063513,18.57904704415705,7501060.720485945
20220831,20220901,601169.SH,buy,1900.0,3.4725314360957196,6597.809728581868,5.0,0.0,3.2972562361728706,7494457.910757364
20220831,20220901,601328.SH,buy,987400.0,3.7891511895050156,3741407.8845172524,1122.4223653551755,0.0,1869.7690577292815,3751927.603874756
20220831,20220901,601818.SH,buy,7600.0,2.444831590095465,18580.720084725534,5.57421602541766,0.0,9.285717183767701,3733341.309574005
20220831,20220901,601997.SH,buy,779800.0,4.785850842808202,3732006.4872218356,1119.6019461665505,0.0,1865.0707082562149,215.2204060028307
20220930,20221010,601328.SH,sell,987400.0,3.826779292250028,3778561.8731676773,1133.568561950303,1889.2809365838386,1890.226049608551,3775754.244075146
20220930,20221010,601169.SH,sell,9000.0,3.4522613149241925,31070.35183431773,9.321105550295318,15.535175917158865,15.542947390855261,3806799.7396279965
20220930,20221010,600000.SH,buy,585200.0,6.309518446138548,3692330.194680278,1107.6990584040834,0.0,1845.2424761019647,113361.84588931408
20220930,20221010,600015.SH,buy,12100.0,4.205581826651794,50887.5401024867,15.26626203074601,0.0,25.431054523971397,62459.03952479663
20220930,20221010,601818.SH,buy,1600.0,2.41075728221957,3857.211651551312,5.0,0.0,1.9276420047731335,58596.82787324532
20220930,20221010,601997.SH,buy,12500.0,4.657429084951095,58217.863561888684,17.465359068566602,0.0,29.094384588643152,361.49895228807145
20221031,20221101,600000.SH,sell,585200.0,5.980888735830296,3500016.088207889,1050.0048264623665,1750.0080441039445,1750.883485846687,3497577.5742896106
20221031,20221101,601169.SH,sell,24600.0,3.3934636769571136,83479.206453145,25.043761935943497,41.7396032265725,41.76048346828611,3580989.997377593
20221031,20221101,601818.SH,sell,6100.0,2.323247103221957,14171.807329653939,5.0,7.0859036648269695,7.0894483890187985,3595149.7188035822
20221031,20221101,600015.SH,buy,5700.0,4.012895806705596,22873.506098221897,6.862051829466568,0.0,11.43103753034302,3572269.350653531
20221031,20221101,601328.SH,buy,959300.0,3.6979462374600374,3547439.825595414,1064.231947678624,0.0,1772.8334960495122,23765.293110438623
20221031,20221101,601997.SH,buy,5300.0,4.443392821855915,23549.98195583635,7.064994586750904,0.0,11.769106424701022,208.24616001552204
20221130,20221201,600015.SH,sell,886100.0,4.410610335935962,3908241.818672856,1172.4725456018566,1954.120909336428,1955.0984585657716,3905323.471377933
20221130,20221201,601818.SH,sell,1528100.0,2.570038920047733,3927276.473724941,1178.182942117482,1963.6382368624704,1964.6205471353605,7829458.123923894
20221130,20221201,601997.SH,sell,797600.0,4.883702103917383,3895240.7980845044,1168.5722394253512,1947.6203990422523,1948.594696389977,11721582.72936993
20221130,20221201,601077.SH,buy,1266000.0,3.04241888671875,3851702.3105859375,1155.5106931757812,0.0,1924.8887109374627,7868724.908090818
20221130,20221201,601169.SH,buy,22000.0,3.6322846982889856,79910.26336235768,23.973079008707302,0.0,39.93516409912263,7788790.671649451
20221130,20221201,601288.SH,buy,1591800.0,2.4262972578919206,3862179.975112359,1158.6539925337077,0.0,1930.1249250932597,3925452.0425445586
20221130,20221201,601328.SH,buy,19800.0,3.95497837504134,78308.57182581852,23.492571547745555,0.0,39.13471855361422,3847119.9781471924
20221130,20221201,601988.SH,buy,1450400.0,2.6516405601780186,3845939.468482198,1153.7818405446594,0.0,1922.008729876019,26.727824449539185
20221230,20230103,601169.SH,sell,7600.0,3.6286542288254284,27577.772139073255,8.273331641721976,13.788886069536627,13.795783961519192,27582.437745811534
20221230,20230103,601288.SH,sell,18100.0,2.4406463750668808,44175.69938871054,13.252709816613162,22.08784969435527,22.09889914392261,71722.7965750111
20221230,20230103,601988.SH,sell,10500.0,2.6658092304566567,27990.996919794896,8.397299075938468,13.995498459897448,14.002499709749827,99691.40069727016
20221230,20230103,601077.SH,buy,33200.0,2.958605694247159,98225.70904900567,29.467712714701698,0.0,49.08831036930496,1436.2239355497877
20221230,20230103,601328.SH,buy,300.0,3.930104297210892,1179.0312891632675,5.0,0.0,0.5892210340643942,252.1926463865202
20230131,20230201,601077.SH,sell,13300.0,3.0142591619318186,40089.646853693186,12.026894056107954,20.044823426846595,20.054850852269738,40309.767782596755
20230131,20230201,601328.SH,sell,16000.0,4.025573021717562,64409.16834748098,19.322750504244294,32.20458417374049,32.2206945210055,104667.40879539975
20230131,20230201,601988.SH,sell,9700.0,2.7078566946594433,26266.2099381966,7.879862981458979,13.1331049690983,13.139674806498078,130912.6057656458
20230131,20230201,601169.SH,buy,26500.0,3.5734282332704135,94695.84818166596,28.408754454499785,0.0,47.3242619598459,36188.348829525334
20230131,20230201,601288.SH,buy,14800.0,2.4430882423756017,36157.70598715891,10.847311796147672,0.0,18.069818084535655,19.79553057027806
20230228,20230301,601988.SH,sell,1430200.0,2.7162661875000005,3884803.9013625006,1165.4411704087502,1942.4019506812504,1943.3736374997534,3881715.853771981
20230228,20230301,601169.SH,sell,12900.0,3.645453553958879,47026.35084606954,14.10790525382086,23.51317542303477,23.524937891983427,3928704.5835373737
20230228,20230301,601077.SH,buy,4100.0,3.0340375674715907,12439.554026633521,5.0,0.0,6.216668678975111,3916260.02951074
20230228,20230301,601288.SH,buy,5000.0,2.459879226859283,12299.396134296414,5.0,0.0,6.146624754770528,3903955.6333764438
20230228,20230301,601328.SH,buy,100.0,4.062766045639951,406.27660456399514,5.0,0.0,0.20303678389001334,3903544.35677188
20230228,20230301,601398.SH,buy,1079300.0,3.615425876226716,3902129.1482114946,1170.6387444634483,0.0,1950.089529340621,244.56981592159718
20230331,20230403,601288.SH,sell,1593500.0,2.608388393971821,4156466.905794097,1246.940071738229,2078.2334528970487,2079.273089441005,4153386.3020853833
20230331,20230403,601328.SH,sell,963500.0,4.232649823246243,4078158.104697755,1223.4474314093263,2039.0790523488777,2040.0991018996574,8228281.88029938
20230331,20230403,601398.SH,sell,1079300.0,3.7462052713799316,4043279.34940036,1212.983804820108,2021.6396747001802,2022.6510002003051,12268326.60622022
20230331,20230403,600016.SH,buy,1419800.0,2.8506864073119287,4047404.561101476,1214.2213683304428,0.0,2022.6909350827336,8219707.823750412
20230331,20230403,601077.SH,buy,23000.0,3.0843254829545454,70939.48610795455,21.281845832386363,0.0,35.45201704544888,8148747.055796625
20230331,20230403,601169.SH,buy,18800.0,3.707957296170006,69709.59716799611,20.91287915039883,0.0,34.837379894044716,8079016.545749479
20230331,20230403,601229.SH,buy,838900.0,4.82874996009577,4050838.3415243416,1215.2515024573024,0.0,2024.40696727857,4026962.9527226803
20230331,20230403,601997.SH,buy,853300.0,4.717359238617744,4025322.6383125214,1207.5967914937562,0.0,2011.6554914107546,432.7176186651923
20230428,20230504,600016.SH,sell,18100.0,3.0211837543941886,54683.42595453482,16.405027786360442,27.34171297726741,27.355390672593785,55072.39683243639
20230428,20230504,601077.SH,sell,5000.0,3.240328599076705,16201.642995383525,5.0,8.100821497691763,8.104873934658826,71260.93900632222
20230428,20230504,601169.SH,sell,22600.0,3.956241068927724,89411.04815776656,26.823314447329967,44.70552407888328,44.727888022884144,160600.45832556256
20230428,20230504,601229.SH,buy,5200.0,5.02994787509976,26155.72895051875,7.846718685155625,0.0,13.07132881085272,134436.88265635865
20230428,20230504,601997.SH,buy,27900.0,4.811535194379624,134241.8319231915,40.272549576957445,0.0,67.0873722754477,154.7781835901842
20230531,20230601,600016.SH,sell,1401700.0,3.2523769548345607,4558856.777591604,1367.657033277481,2279.4283887958018,2280.5686731319875,4555364.470353121
20230531,20230601,601077.SH,sell,1308000.0,3.305910138494319,4324130.461150569,1297.2391383451707,2162.0652305752847,2163.146803976968,8876035.62713477
20230531,20230601,600000.SH,buy,656100.0,6.5697369587489085,4310404.418635159,1293.1213255905475,0.0,2154.1251467438415,4564338.087174021
20230531,20230601,601166.SH,buy,311500.0,13.854845634808424,4315784.415242824,1294.735324572847,0.0,2156.813800720498,247258.93660662416
20230531,20230601,601169.SH,buy,14500.0,3.97749567983925,57673.68735766913,17.30210620730074,0.0,28.82243246260623,189567.94714274773
20230531,20230601,601229.SH,buy,28100.0,4.966057206703911,139546.2075083799,41.86386225251397,0.0,69.73823463686858,49979.87577211531
20230531,20230601,601997.SH,buy,10300.0,4.844375199841121,49897.06455836354,14.96911936750906,0.0,24.936064247056493,67.8420943842575
20230630,20230703,601169.SH,sell,1084500.0,3.8979140798473684,4227287.819594471,1268.1863458783412,2113.643909797235,2114.701260427013,4223973.83143318
20230630,20230703,600000.SH,sell,1300.0,6.49153972187905,8439.001638442765,5.0,4.219500819221383,4.221611625032892,4232403.613570804
20230630,20230703,601166.SH,sell,7900.0,14.0729260851124,111176.11607238796,33.352834821716385,55.58805803619398,55.615865969171864,4343490.788750334
20230630,20230703,601229.SH,sell,6600.0,4.947511705240756,32653.57725458899,9.796073176376696,16.326788627294494,16.334956105347374,4376118.243143119
20230630,20230703,601825.SH,buy,896400.0,4.754140588235293,4261611.623294117,1278.483486988235,0.0,2129.740941176191,113228.1363620134
20230630,20230703,601997.SH,buy,24200.0,4.665059133111563,112894.43102129982,33.868329306389946,0.0,56.4190060076362,299.8370114071877
20230731,20230801,600000.SH,sell,654800.0,7.092923274173622,4644446.159928888,1393.3338479786662,2322.223079964444,2323.3847723500803,4641030.440012352
20230731,20230801,601825.SH,sell,700.0,5.132123453996983,3592.486417797888,5.0,1.796243208898944,1.7971417797889444,4644616.130186941
20230731,20230801,601997.SH,sell,16900.0,5.139080532247655,86850.46099498536,26.055138298495606,43.425230497492684,43.446953974475036,4731397.11081313
20230731,20230801,600919.SH,buy,711900.0,6.4583457178996735,4597696.316572778,1379.3088949718333,0.0,2297.699308632873,132321.48534538038
20230731,20230801,601166.SH,buy,5900.0,14.922523629471227,88042.88941388024,26.41286682416407,0.0,43.999444984438014,44252.18306467598
20230731,20230801,601229.SH,buy,8300.0,5.288367789305666,43893.45265123703,13.168035795371107,0.0,21.9357584463869,345.562377643575
20230831,20230901,600919.SH,sell,711900.0,6.353729055346456,4523219.714501142,1356.9659143503422,2261.6098572505707,2262.741227865219,4519946.701107184
20230831,20230901,601825.SH,sell,895700.0,5.062535339366517,4534512.903470589,1360.3538710411765,2267.2564517352944,2268.390647058375,9050831.994254997
20230831,20230901,601229.SH,sell,800.0,5.1282034370843315,4102.562749667465,5.0,2.0512813748337324,2.0523075285982486,9054927.50572329
20230831,20230901,600015.SH,buy,895500.0,4.9767670428449575,4456694.886867659,1337.0084660602977,0.0,2227.2338265199214,4596895.610389571
20230831,20230901,601077.SH,buy,1311800.0,3.3995185120738634,4459488.384138494,1337.846515241548,0.0,2228.6298771295696,136069.3797358349
20230831,20230901,601166.SH,buy,3700.0,14.266687250812952,52786.74282800792,15.836022848402374,0.0,26.38018132333673,83266.80088497858
20230831,20230901,601997.SH,buy,17100.0,4.854916190854476,83019.06686361153,24.905720059083457,0.0,41.488789037277456,222.82830130796356
20230928,20231009,601166.SH,sell,313200.0,14.575530588152128,4565056.180209246,1369.5168540627737,2282.528090104623,2283.6699250666425,4561626.963566387
20230928,20231009,601997.SH,sell,915900.0,5.021667444516161,4599345.212432352,1379.8035637297055,2299.672606216176,2300.8230177247897,9157292.699828792
20230928,20231009,601077.SH,sell,25500.0,3.576286246448864,91195.29928444604,27.35858978533381,45.59764964222302,45.62045987213787,9248415.042873811
20230928,20231009,600015.SH,buy,7200.0,5.1023071123942,36736.61120923824,11.02098336277147,0.0,18.35912604159239,9211667.41068121
20230928,20231009,601169.SH,buy,1106300.0,4.161758338914937,4604153.250341594,1381.245975102478,0.0,2300.926162089221,4606132.914364514
20230928,20231009,601229.SH,buy,2000.0,5.27975481245012,10559.50962490024,5.0,0.0,5.2771162543231185,4595568.404739614
20230928,20231009,601818.SH,buy,1655500.0,2.775044346658711,4594085.915893496,1378.2257747680487,0.0,2295.8950104415417,104.26307134982198
20231031,20231101,601077.SH,sell,1286300.0,3.8285180220170454,4924622.731720526,1477.3868195161576,2462.311365860263,2463.5431374283507,4920787.296606499
20231031,20231101,600015.SH,buy,15300.0,5.030569929794632,76967.71992585788,23.09031597775736,0.0,38.464627649096656,4843796.486364664
20231031,20231101,601166.SH,buy,340500.0,13.538978392301711,4610022.142578733,1383.00664277362,0.0,2303.859141718596,232391.33714315668
20231031,20231101,601169.SH,buy,14900.0,4.116717664251355,61339.09319734519,18.401727959203555,0.0,30.654219488926174,171033.8422178523
20231031,20231101,601229.SH,buy,6600.0,5.236689928172386,34562.15352593775,10.368646057781323,0.0,17.27244054269977,136461.32004585676
20231031,20231101,601818.SH,buy,50400.0,2.7024941676610976,136205.70605011933,40.8617118150358,0.0,68.06881861577858,214.7522839223966
20231130,20231201,600015.SH,sell,42800.0,5.204705577061873,222761.39869824814,66.82841960947444,111.38069934912407,111.43641755788121,222797.94186321195
20231130,20231201,601169.SH,sell,6800.0,4.085605610018471,27782.1181481256,8.334635444437678,13.8910590740628,13.898008078100247,250557.83431681903
20231130,20231201,601166.SH,buy,6500.0,13.116727573165559,85258.72922557613,25.577618767672835,0.0,42.608060582497274,165273.52747247525
20231130,20231201,601229.SH,buy,15400.0,5.081656344772546,78257.50770949721,23.47725231284916,0.0,39.10919925510825,86992.5425106652
20231130,20231201,601818.SH,buy,33100.0,2.6208752162887827,86750.96965915871,26.025290897747613,0.0,43.353807925625006,215.54756060874206
20231229,20240102,600015.SH,sell,875200.0,5.043458244209698,4414034.655332328,1324.2103965996982,2207.017327666164,2208.1213883599266,4410718.9751686705
20231229,20240102,601166.SH,sell,347000.0,13.390819973844197,4646614.5309239365,1393.9843592771808,2323.307265461968,2324.469500211999,9053616.214467868
20231229,20240102,601229.SH,sell,9800.0,5.145412173450387,50425.03929981379,15.127511789944135,25.212519649906895,25.225132216008205,9104000.913736243
20231229,20240102,601818.SH,sell,7200.0,2.636375067124105,18981.900483293557,5.694570144988067,9.490950241646779,9.495698090689984,9122967.62869915
20231229,20240102,601169.SH,buy,5000.0,4.08068512452049,20403.425622602448,6.121027686780734,0.0,10.196614504049649,9102558.082048861
20231229,20240102,601916.SH,buy,1995200.0,2.284026863892501,4557090.398838318,1367.1271196514954,0.0,2277.406496170908,4544100.556090892
20231229,20240102,601997.SH,buy,977500.0,4.6469775085646186,4542420.514621914,1362.726154386574,0.0,2270.075219700113,317.31531459093094
20240131,20240201,601916.SH,sell,1995200.0,2.426043992920098,4840442.97467418,1452.132892402254,2420.22148733709,2421.432203438133,4836887.935609032
20240131,20240201,601169.SH,sell,53900.0,4.5805578314964785,246892.0671176602,74.06762013529806,123.4460335588301,123.50778745254502,5083582.489072998
20240131,20240201,601818.SH,sell,13800.0,2.8447483542163883,39257.52728818616,11.777258186455848,19.62876364409308,19.63858293555677,5122808.610339354
20240131,20240201,600015.SH,buy,901200.0,5.416157286267305,4881040.946384096,1464.3122839152286,0.0,2439.3008227804676,240303.35167134274
20240131,20240201,601229.SH,buy,3000.0,5.503692210694333,16511.076632083,5.0,0.0,8.2514126097376,223787.27503925975
20240131,20240201,601997.SH,buy,46900.0,4.7645080681197545,223455.4283948165,67.03662851844494,0.0,111.67187825826113,264.8100159247988
20240229,20240301,600015.SH,sell,901200.0,5.661573020143035,5102209.605752904,1530.662881725871,2551.104802876452,2552.3809933727607,5098392.648084227
20240229,20240301,601997.SH,sell,1024400.0,4.967476788640088,5088683.222282906,1526.6049666848717,2544.341611141453,2545.61441835016,10183004.923789307
20240229,20240301,600000.SH,buy,753500.0,6.678514615662759,5032260.762901889,1509.6782288705667,0.0,2514.872944978066,5149234.482658547
20240229,20240301,600016.SH,buy,1424700.0,3.527165331560216,5025152.447873839,1507.5457343621517,0.0,2511.3205636544153,122574.48905034643
20240229,20240301,601169.SH,buy,10900.0,4.675222030079767,50959.92012786946,15.287976038360837,0.0,25.46722645070986,71599.28094643861
20240229,20240301,601229.SH,buy,9600.0,5.61566090981644,53910.34473423783,16.173103420271346,0.0,26.941701516363537,17672.763108780506
20240229,20240301,601818.SH,buy,6000.0,2.920144704653938,17520.868227923627,5.2562604683770875,0.0,8.756056085916498,146.6386203885013
20240329,20240401,601169.SH,sell,1076400.0,5.120505709472488,5511712.3456761865,1653.5137037028558,2755.8561728380932,2757.234790232964,5507449.614420034
20240329,20240401,601818.SH,sell,1724000.0,2.826628937947494,4873108.289021479,1461.9324867064436,2436.5541445107397,2437.7730310270563,10376659.416810296
20240329,20240401,601229.SH,sell,10000.0,5.790739787177442,57907.39787177442,17.372219361532323,28.95369893588721,28.96818302739848,10434520.488763774
20240329,20240401,600000.SH,buy,13800.0,6.697248176997017,92422.02484255884,27.72660745276765,0.0,46.18791846203385,10342070.737313762
20240329,20240401,600015.SH,buy,881300.0,5.8196789383898695,5128883.048402992,1538.6649145208976,0.0,2563.159944228828,5211649.02399625
20240329,20240401,600016.SH,buy,29700.0,3.535895938816553,105016.10938285162,31.504832814855483,0.0,52.48181378451409,5106601.409780583
20240329,20240401,601997.SH,buy,1045600.0,4.882038627674892,5104659.5890968675,1531.39787672906,0.0,2551.0542674148455,410.4228069866076
20240430,20240506,600000.SH,sell,767300.0,7.317501319793896,5614718.762677857,1684.4156288033569,2807.3593813389284,2808.7637632200494,5610637.410474702
20240430,20240506,601229.SH,sell,34300.0,6.32421061452514,216920.4240782123,65.07612722346369,108.46021203910615,108.51446927373763,5827384.298213651
20240430,20240506,600015.SH,buy,9500.0,6.070759077488353,57672.21123613936,17.301663370841805,0.0,28.82169477068237,5769694.785314141
20240430,20240506,600016.SH,buy,109300.0,3.466051080765856,378839.38312770805,113.6518149383124,0.0,189.32502904930152,5390741.750371494
20240430,20240506,601166.SH,buy,352600.0,15.272901968754418,5385225.234182808,1615.5675702548422,0.0,2691.266983599402,3900.9486184315756
20240430,20240506,601997.SH,buy,700.0,5.144222183605581,3600.955528523906,5.0,0.0,1.799577975273678,294.9930899076694
20240531,20240603,601166.SH,sell,352600.0,16.056418856037045,5661493.288638662,1698.4479865915982,2830.7466443193307,2832.1627256823704,5657259.087097659
20240531,20240603,601229.SH,sell,31500.0,6.720011550944401,211680.36385474863,63.50410915642458,105.84018192737432,105.89312849158887,5868770.106661323
20240531,20240603,600015.SH,buy,11700.0,6.1783648513877045,72286.86876123614,21.68606062837084,0.0,36.125371694768546,5796461.551839459
20240531,20240603,600016.SH,buy,74500.0,3.4049368299714953,253667.7938328764,76.1003381498629,0.0,126.77051166057936,5542717.657668432
20240531,20240603,601916.SH,buy,2054600.0,2.6902767013437363,5527442.5105808405,1658.232753174252,0.0,2762.3400852475315,13616.91433441732
20240531,20240603,601997.SH,buy,2500.0,5.297915992254605,13244.789980636513,5.0,0.0,6.619085447593534,367.1243537808077
20240628,20240701,601229.SH,sell,824100.0,6.674352029795158,5500333.50775419,1650.100052326257,2750.166753877095,2751.5425251396373,5496300.365301767
20240628,20240701,601916.SH,sell,2054600.0,2.6386453402687473,5421360.716116169,1626.4082148348505,2710.6803580580845,2712.036376246251,10913323.992845044
20240628,20240701,600015.SH,sell,11800.0,6.0932021209238245,71899.78502690113,21.569935508070337,35.949892513450564,35.967876451672055,10985166.258043922
20240628,20240701,600016.SH,buy,10700.0,3.3001695428954494,35311.81410898131,10.593544232694391,0.0,17.647083512732934,10949843.850390708
20240628,20240701,601169.SH,buy,1024000.0,5.260750800706326,5387008.819923278,1616.1026459769832,0.0,2692.1583307962865,5561218.927821453
20240628,20240701,601818.SH,buy,1890700.0,2.865732070405728,5418239.62551611,1625.471887654833,0.0,2707.765929793939,141353.830417688
20240628,20240701,601997.SH,buy,28100.0,5.0236763641328634,141165.30583213345,42.349591749640034,0.0,70.5473792264529,146.1749938049179
20240731,20240801,601169.SH,sell,1024000.0,5.0670627169213915,5188672.222127505,1556.6016666382513,2594.3361110637525,2595.6339280279353,5184667.459343607
20240731,20240801,600016.SH,sell,100.0,3.2818775148380492,328.1877514838049,5.0,0.16409387574190246,0.1641759637237783,5184990.483001214
20240731,20240801,601818.SH,sell,101600.0,3.0169255479315833,306519.6356698489,91.95589070095465,153.25981783492443,153.33648607792566,5491264.902962527
20240731,20240801,600015.SH,buy,13400.0,5.985114938324257,80200.54017354504,24.06016205206351,0.0,40.080229971790686,5411040.30262693
20240731,20240801,601186.SH,buy,667500.0,8.064673886138614,5383169.818997525,1614.9509456992573,0.0,2690.239789603278,26255.53268370591
20240731,20240801,601997.SH,buy,5200.0,5.004611178690234,26023.978129189218,7.807193438756765,0.0,13.005486321435455,223.74736107793797
20240830,20240902,601818.SH,sell,1789100.0,2.931000453212013,5243852.910841612,1573.1558732524836,2621.926455420806,2623.238074457273,5239881.575874018
20240830,20240902,600015.SH,sell,16700.0,5.827040405813268,97311.57477708157,29.193472433124466,48.65578738854078,48.6801274522586,5337115.301391277
20240830,20240902,600016.SH,sell,13200.0,3.170940810111129,41856.418693466905,12.556925608040071,20.928209346733453,20.938678686077765,5378938.23494979
20240830,20240902,000001.SZ,buy,549000.0,9.408041854399707,5165014.9780654395,1549.5044934196317,0.0,2581.2168805925176,212373.75239093043
20240830,20240902,601186.SH,buy,25000.0,7.465859777227723,186646.49443069307,55.99394832920792,0.0,93.27660891087726,25671.264011908148
20240830,20240902,601997.SH,buy,5300.0,4.7853615460999945,25362.41619432997,7.608724858298991,0.0,12.674870661830937,301.2390927198794
20240930,20241008,000001.SZ,sell,549000.0,12.472699134971625,6847511.825099423,2054.2535475298264,3423.7559125497114,3425.4686468718573,6842335.054732063
20240930,20241008,601186.SH,sell,692500.0,9.45566584158416,6548048.595297031,1964.4145785891092,3274.0242976485156,3275.662128712982,13385145.211152857
20240930,20241008,600015.SH,sell,15100.0,7.747207064825144,116982.82667885967,35.094848003657894,58.49141333942983,58.52067367626296,13502034.451570373
20240930,20241008,601997.SH,sell,11100.0,6.2852228290551615,69765.97340251229,20.929792020753684,34.882986701256144,34.90043691972096,13571744.612194164
20240930,20241008,600016.SH,buy,22400.0,4.081002862094714,91414.46411092159,27.424339233276473,0.0,45.684389860529336,13480302.723744009
20240930,20241008,601169.SH,buy,1132600.0,5.958802061133776,6748939.214440115,2024.6817643320342,0.0,3372.783215612173,6729338.827539562
20240930,20241008,601818.SH,buy,1809500.0,3.7175892698389017,6726977.783773493,2018.0933351320477,0.0,3361.807987892069,342.9504309371114
20241031,20241101,601169.SH,sell,24200.0,5.381372998234185,130229.22655726728,39.06876796718018,65.11461327863364,65.14718687205459,130467.99360695857
20241031,20241101,601997.SH,sell,24400.0,5.67574667593466,138488.21889280571,41.54646566784171,69.24410944640286,69.27874882082688,268845.42192465
20241031,20241101,600015.SH,buy,12000.0,6.75585311003215,81070.2373203858,24.32107119611574,0.0,40.51486122957431,187750.8635330681
20241031,20241101,600016.SH,buy,51300.0,3.4980024532240397,179447.52585039323,53.83425775511796,0.0,89.67892346344888,8249.503424919763
20241031,20241101,601818.SH,buy,2500.0,3.2970907406026253,8242.726851506563,5.0,0.0,4.119303773864885,1.776573413200822
20241129,20241202,600015.SH,sell,884300.0,7.214883634604029,6380121.598080343,1914.0364794241027,3190.0607990401713,3191.656627354212,6375019.277375292
20241129,20241202,600016.SH,sell,61400.0,3.7874839384459427,232551.51382058088,69.76545414617425,116.27575691029044,116.33392387221102,6607384.749984817
20241129,20241202,601818.SH,sell,400.0,3.446551021529435,1378.620408611774,5.0,0.6893102043058871,0.6896550318215304,6608757.681083224
20241129,20241202,601169.SH,buy,37000.0,5.453495646349632,201779.33891493638,60.533801674480905,0.0,100.83924983252655,6406917.8083666125
20241129,20241202,601916.SH,buy,2242100.0,2.7848334200260076,6243875.011040311,1873.1625033120931,0.0,3120.377316860482,161169.63482298888
20241129,20241202,601997.SH,buy,27800.0,5.776751189116727,160593.683057445,48.1781049172335,0.0,80.25671317212982,527.7736606266408
20241231,20250102,600016.SH,sell,1647900.0,3.9596422992843943,6525094.544990754,1957.5283634972259,3262.547272495377,3264.179362175986,6520402.243015388
20241231,20250102,601169.SH,sell,43000.0,5.867125251172138,252286.38580040194,75.68591574012058,126.14319290020097,126.20629604821443,6772486.79970715
20241231,20250102,601818.SH,sell,61600.0,3.6947790729415275,227598.39089319808,68.27951726795942,113.79919544659904,113.85612350836163,6999903.111887634
20241231,20250102,600015.SH,buy,846000.0,7.650290000656124,6472145.340555081,1941.6436021665243,0.0,3234.45544255618,525816.1277303863
20241231,20250102,601916.SH,buy,89000.0,2.7944032943216297,248701.89319462504,74.6105679583875,0.0,124.2888021961844,277039.6239678029
20241231,20250102,601997.SH,buy,48300.0,5.729088225510154,276714.9612921404,83.01448838764212,0.0,138.2883364778245,241.64818727487
20250127,20250205,601818.SH,sell,1750000.0,3.7853667119132854,6624391.74584825,1987.3175237544747,3312.195872924125,3313.8527993233874,6619333.880638846
20250127,20250205,601169.SH,sell,800.0,5.821863840345857,4657.491072276686,5.0,2.328745536138343,2.329910491383089,6623984.042965586
20250127,20250205,601916.SH,sell,24200.0,2.791610287530704,67556.96895824304,20.267090687472912,33.77848447912152,33.79538217019581,6691486.966348663
20250127,20250205,000001.SZ,buy,587600.0,10.924791673725696,6419407.587481219,1925.8222762443656,0.0,3208.0997438682243,270153.5565911997
20250127,20250205,600015.SH,buy,28700.0,7.328903746473328,210339.5375237845,63.10186125713535,0.0,105.11721015680814,59750.917206158076
20250127,20250205,601997.SH,buy,10500.0,5.6432948910183205,59254.59635569237,17.77637890670771,0.0,29.61249193187541,478.54447155899834
20250228,20250303,600015.SH,sell,874700.0,6.994034203792403,6117681.718057214,1835.304515417164,3058.840859028607,3060.371044550091,6113266.117154328
20250228,20250303,601169.SH,sell,1101600.0,5.685793566948792,6263470.193350789,1879.0410580052367,3131.7350966753947,3133.3017475493252,12371725.534350436
20250228,20250303,000001.SZ,sell,15600.0,10.93285298926879,170552.5066325931,51.16575198977793,85.27625331629656,85.3189127726655,12542141.598977724
20250228,20250303,601916.SH,sell,9400.0,2.7342484323074703,25701.935263690222,7.710580579107066,12.850967631845112,12.857396330004121,12567822.972693203
20250228,20250303,600016.SH,buy,1590300.0,3.9348821548416457,6257643.090844669,1877.2929272534006,0.0,3127.257916463539,6308302.588921281
20250228,20250303,601668.SH,buy,1189400.0,5.258724068224891,6254726.406746685,1876.4179220240053,0.0,3125.80030322168,51699.76425257232
20250228,20250303,601997.SH,buy,9400.0,5.471708222034655,51434.05728712576,15.430217186137726,0.0,25.704176555285812,250.27674826042494
20250331,20250401,000001.SZ,sell,572000.0,10.695594894883616,6117880.279873428,1835.3640839620282,3058.940139936714,3060.470375124365,6113236.252397791
20250331,20250401,601916.SH,sell,94100.0,2.8107309059384487,264489.778248808,79.3469334746424,132.244889124404,132.31104464671807,6377514.438824
20250331,20250401,601997.SH,sell,39500.0,5.599562156794598,221182.70519338665,66.35481155801598,110.59135259669333,110.64667593463673,6598520.197853232
20250331,20250401,600016.SH,buy,67300.0,3.733829781966525,251286.74432634714,75.38602329790413,0.0,125.58058187222923,6347158.067503586
20250331,20250401,601186.SH,buy,803700.0,7.688000495049505,6178845.997871287,1853.653799361386,0.0,3087.8790594059974,166458.4158329377
20250331,20250401,601668.SH,buy,32900.0,5.048375105495895,166091.54097081494,49.82746229124448,0.0,83.0042683512147,317.0473998314992
20250430,20250506,601186.SH,sell,803700.0,7.554884034653466,6071860.298650991,1821.5580895952971,3035.9301493254957,3037.4488737620413,6067319.857811903
20250430,20250506,600016.SH,sell,12900.0,3.806612645205771,49105.303123154445,14.731590936946333,24.55265156157722,24.56493402858905,6116385.876692559
20250430,20250506,601668.SH,sell,46700.0,5.2916750120025275,247121.22306051804,74.1363669181554,123.56061153025902,123.62242274163873,6363309.402774628
20250430,20250506,601916.SH,sell,8600.0,2.868092761161682,24665.597745990464,7.399679323797138,12.332798872995232,12.338968357173144,6387955.268042422
20250430,20250506,000001.SZ,buy,602500.0,10.373802180616053,6250215.813821172,1875.0647441463516,0.0,3123.546133844182,135864.38947710302
20250430,20250506,601997.SH,buy,24600.0,5.51937118564123,135776.53116677425,40.732959350032274,0.0,67.85433841418126,47.12535097874934
20250530,20250603,600016.SH,sell,49900.0,4.150929366882675,207131.37540744548,62.139412622233635,103.56568770372274,103.61749645194504,207012.79565809827
20250530,20250603,601916.SH,sell,28100.0,3.068859254443,86234.94504984829,25.870483514954486,43.117472524924146,43.13904204595019,293178.7527519067
20250530,20250603,000001.SZ,buy,1500.0,10.962790949112568,16444.186423668853,5.0,0.0,8.217984219725622,276729.5663282378
20250530,20250603,601668.SH,buy,43100.0,5.421266448515477,233656.58393101708,70.09697517930512,0.0,116.76990701199975,43002.885422041436
20250530,20250603,601997.SH,buy,7200.0,5.814881560001985,41867.14723201429,12.560144169604287,0.0,20.923112059972482,1123.1780458575377
20250630,20250701,600016.SH,sell,1594800.0,4.543067855459149,7245284.6158862505,2173.585384765875,3622.642307943125,3624.454535210505,7240611.5662394
20250630,20250701,601916.SH,sell,2166700.0,3.3883050000000003,7341440.443500001,2202.43213305,3670.7202217500007,3672.5564999990165,14576178.8573846
20250630,20250701,000001.SZ,sell,1700.0,11.803932753199971,20066.68568043995,6.020005704131985,10.033342840219975,10.038362021230569,14596229.489716494
20250630,20250701,601997.SH,sell,1800.0,6.25687,11262.366,5.0,5.631183,5.6340000000000146,14607481.224533495
20250630,20250701,601186.SH,buy,919600.0,7.745950247524752,7123175.847623763,2136.9527542871288,0.0,3559.8080198019743,7482168.424155445
20250630,20250701,601390.SH,buy,1329700.0,5.357945660079882,7124460.344208219,2137.3381032624657,0.0,3560.449947129935,355570.74184396304
20250630,20250701,601668.SH,buy,64200.0,5.536002246367657,355411.34421680355,106.62340326504106,0.0,177.61686367652146,52.77422389446292
20250731,20250801,000001.SZ,sell,602300.0,11.980110853993999,7215620.767360586,2164.6862302081754,3607.810383680293,3609.615191276185,7209901.0449705925
20250731,20250801,601186.SH,sell,919600.0,8.045975,7399078.61,2219.723583,3699.5393050000002,3701.390000000596,14603060.392082594
20250731,20250801,601390.SH,sell,1329700.0,5.603866134818863,7451460.799468642,2235.4382398405924,3725.730399734321,3727.594196832739,22048560.02291166
20250731,20250801,000498.SZ,buy,1251900.0,5.854746996805111,7329557.765300319,2198.8673295900953,0.0,3662.947408946231,14716803.390281752
20250731,20250801,600015.SH,buy,917300.0,7.963979999999999,7305358.853999999,2191.6076562,0.0,3650.853999999352,7409252.928625552
20250731,20250801,601668.SH,buy,18100.0,5.652825,102316.1325,30.69483975,0.0,51.132500000006985,7306906.101285802
20250731,20250801,601818.SH,buy,1798200.0,4.062029999999999,7304342.345999998,2191.302703799999,0.0,3650.345999998972,372.45258200448006
20250829,20250901,601818.SH,sell,1798200.0,3.7981000000000003,6829743.420000001,2048.923026,3414.8717100000003,3416.579999999143,6824652.077846006
20250829,20250901,601997.SH,sell,1138400.0,6.17691,7031794.3440000005,2109.5383032,3515.8971720000004,3517.6559999994934,13850820.986370806
20250829,20250901,000498.SZ,sell,82200.0,6.117466892971246,502855.7786022364,150.85673358067092,251.4278893011182,251.55366613413207,14353274.480350161
20250829,20250901,601668.SH,sell,21100.0,5.617190000000001,118522.70900000002,35.5568127,59.26135450000001,59.29099999998289,14471702.371182961
20250829,20250901,600015.SH,buy,26000.0,7.58379,197178.53999999998,59.15356199999999,0.0,98.53999999997905,14274464.677620962
20250829,20250901,600269.SH,buy,1408100.0,5.072535,7142636.5335,2142.7909600499997,0.0,3569.533499999903,7129685.353160912
20250829,20250901,601169.SH,buy,1169700.0,6.093044999999999,7127034.736499999,2138.1104209499995,0.0,3561.7364999987185,512.5062399636954
20250930,20251009,000498.SZ,sell,1169700.0,6.117466892971246,7155601.024708466,2146.6803074125396,3577.800512354233,3579.590307507664,7150389.050128663
20250930,20251009,600269.SH,sell,1408100.0,4.83758,6811796.398,2043.5389194,3405.898199,3407.6019999999553,13956736.011010263
20250930,20251009,601668.SH,sell,49800.0,5.45727,271772.04600000003,81.5316138,135.88602300000002,135.9539999999688,14228290.639373463
20250930,20251009,600015.SH,buy,78400.0,6.58329,516129.936,154.83898079999997,0.0,257.93599999998696,13712005.864392662
20250930,20251009,601169.SH,buy,54600.0,5.492745,299903.87700000004,89.9711631,0.0,149.8770000000368,13412012.016229562
20250930,20251009,601818.SH,buy,1997300.0,3.36168,6714283.464,2014.2850391999998,0.0,3355.463999999687,6695714.267190362
20250930,20251009,601997.SH,buy,1159500.0,5.772885,6693660.1575,2008.0980472499998,0.0,3345.1575000006706,46.0116431126371
20251031,20251103,601668.SH,sell,1230100.0,5.447275,6700692.9775,2010.2078932499999,3350.34648875,3352.0224999999627,6695378.4347611135
20251031,20251103,601818.SH,sell,1997300.0,3.33833,6667646.509,2000.2939526999996,3333.8232545,3335.4910000003874,13357690.826553915
20251031,20251103,600015.SH,sell,15300.0,6.796600000000001,103987.98000000001,31.196394,51.993990000000004,52.01999999998952,13461595.616169915
20251031,20251103,601169.SH,sell,1500.0,5.587205,8380.8075,5.0,4.190403750000001,4.1924999999992,13469967.233266165
20251031,20251103,601997.SH,sell,35400.0,6.086955000000001,215478.20700000002,64.64346210000001,107.73910350000001,107.79299999997602,13685273.057700565
20251031,20251103,000001.SZ,buy,602600.0,11.345669999999998,6836900.741999999,2051.0702225999994,0.0,3416.7419999986887,6846321.245477966
20251031,20251103,601186.SH,buy,859400.0,7.963979999999999,6844244.412,2053.2733235999995,0.0,3420.4119999995455,23.56015436630696
20251128,20251201,601169.SH,sell,1222800.0,5.67716,6942031.248,2082.6093743999995,3471.015624,3472.752000000328,6936501.183155966
20251128,20251201,000001.SZ,sell,11700.0,11.5942,135652.14,40.695642,67.82607,67.85999999998603,7072044.801443966
20251128,20251201,600015.SH,sell,17000.0,6.926535,117751.095,35.3253285,58.8755475,58.904999999998836,7189701.695567966
20251128,20251201,601186.SH,buy,31300.0,7.733865,242069.97449999998,72.62099235,0.0,120.97449999998207,6947559.1000756165
20251128,20251201,601668.SH,buy,1318700.0,5.192595,6847475.0265,2054.24250795,0.0,3422.0264999987558,98029.83106766641
20251128,20251201,601997.SH,buy,16200.0,6.013005,97410.681,29.223204299999995,0.0,48.68099999999686,589.9268633664178
20251230,20251231,601668.SH,sell,1318700.0,5.15742,6801089.754,2040.3269261999997,3400.544877,3402.2460000002757,6796238.809060167
20251230,20251231,000001.SZ,sell,1600.0,11.474260000000001,18358.816000000003,5.5076448000000005,9.179408000000002,9.183999999997468,6814582.938007367
20251230,20251231,601186.SH,sell,7600.0,7.686155000000001,58414.778000000006,17.5244334,29.207389000000003,29.221999999994296,6872950.984184966
20251230,20251231,600015.SH,buy,1900.0,6.843419999999999,13002.497999999998,5.0,0.0,6.497999999997774,6859943.486184967
20251230,20251231,601169.SH,buy,1235500.0,5.48274,6773925.27,2032.1775809999997,0.0,3385.2699999986216,83986.03860396706
20251230,20251231,601997.SH,buy,14300.0,5.86293,83839.899,25.1519697,0.0,41.89900000000489,120.98763426704681
