signal_date,trade_date,ts_code,side,shares,price,gross_amount,commission,stamp_duty,slippage,cash_after
20210108,20210111,000570.SZ,buy,32200.0,6.868990538684571,221181.49534564317,66.35444860369294,0.0,110.53547993281973,778752.1502057532
20210108,20210111,300211.SZ,buy,23200.0,8.703652510319523,201924.73823941295,60.57742147182388,0.0,100.91191316314507,576766.8345448684
20210108,20210111,600655.SH,buy,17600.0,12.610287046083537,221941.05201107025,66.58231560332106,0.0,110.91506847128039,354759.20021819486
20210108,20210111,600733.SH,buy,18300.0,9.234615,168993.4545,50.698036349999995,0.0,84.45449999999255,185715.04768184488
20210108,20210111,601727.SH,buy,32300.0,5.68197342519685,183527.74163385827,55.05832249015748,0.0,91.71801181102637,2132.247725496447
20210115,20210118,000570.SZ,sell,32200.0,5.685760698480521,183081.49449107278,54.92444834732183,91.5407472455364,91.58654051576741,185067.27702097635
20210115,20210118,300211.SZ,sell,23200.0,7.449971362177037,172839.33560250726,51.85180068075217,86.41966780125362,86.46289925088058,357768.3411550016
20210115,20210118,600655.SH,sell,17600.0,10.38536628755553,182782.44666097735,54.8347339982932,91.39122333048867,91.43694180136663,540404.5618586502
20210115,20210118,600733.SH,sell,18300.0,8.9955,164617.65,49.38529499999999,82.308825,82.35000000000582,704890.5177386502
20210115,20210118,601727.SH,sell,32300.0,5.302465551181102,171269.63730314962,51.38089119094488,85.63481865157482,85.67765748029342,876023.1393319573
20210115,20210118,002633.SZ,buy,22200.0,7.503749999999999,166583.24999999997,49.974974999999986,0.0,83.2499999999709,709389.9143569574
20210115,20210118,601658.SH,buy,48500.0,4.149103626943004,201231.5259067357,60.36945777202071,0.0,100.56548021323397,508098.0189924497
20210115,20210118,603690.SH,buy,4500.0,36.23633288131476,163063.4979659164,48.91904938977492,0.0,81.49100348120555,344985.6019771435
20210115,20210118,603698.SH,buy,10200.0,17.492102589741748,178419.44641536582,53.52583392460974,0.0,89.16514063737122,166512.62972785305
20210115,20210118,603979.SH,buy,11700.0,13.905642947865006,162696.02249002058,48.80880674700617,0.0,81.30735756622744,3767.798431085481
20210122,20210125,002633.SZ,sell,22200.0,6.426785,142674.627,42.8023881,71.33731350000001,71.37299999999232,146328.28572948548
20210122,20210125,601658.SH,sell,48500.0,4.184059960952166,202926.90810618005,60.87807243185401,101.46345405309003,101.5142111586465,349092.85230918054
20210122,20210125,603690.SH,sell,4500.0,36.40463507933938,163820.8578570272,49.146257357108155,81.91042892851361,81.9514046308177,512782.6534799221
20210122,20210125,603698.SH,sell,10200.0,14.483381260340986,147730.48885547806,44.31914665664341,73.86524442773903,73.90219552547205,660394.9579443159
20210122,20210125,603979.SH,sell,11700.0,11.46311763638563,134118.47634571188,40.23554290371356,67.05923817285594,67.09278456511674,794406.1395089512
20210122,20210125,300289.SZ,buy,22000.0,7.323891686607487,161125.6171053647,48.33768513160941,0.0,80.52254727901891,633232.184718455
20210122,20210125,605018.SH,buy,9400.0,16.514531207038768,155236.59334616442,46.57097800384932,0.0,77.57950691960286,477949.0203942867
20210122,20210125,605255.SH,buy,9300.0,17.236354047639974,160298.09264305176,48.08942779291552,0.0,80.10899182557478,317602.83832344203
20210122,20210125,688399.SH,buy,1200.0,133.90724577332495,160688.69492798994,48.20660847839698,0.0,80.30419536630507,156865.9367869737
20210129,20210201,300289.SZ,sell,22000.0,7.008400646468544,154184.814222308,46.25544426669239,77.092407111154,77.1309725974279,310927.4031579038
20210129,20210201,605018.SH,sell,9400.0,15.536174502795346,146040.04032627624,43.81201209788287,73.02002016313813,73.05654843736556,456850.611451919
20210129,20210201,605255.SH,sell,9300.0,17.219126307462428,160137.87465940058,48.04136239782017,80.06893732970029,80.10899182560388,616860.3758115921
20210129,20210201,688399.SH,sell,1200.0,114.11949279899811,136943.39135879773,41.08301740763932,68.47169567939886,68.50594865373569,753694.2124573028
20210129,20210201,002575.SZ,buy,28800.0,4.16208,119867.90399999998,35.96037119999999,0.0,59.90399999998044,633790.3480861029
20210129,20210201,002782.SZ,buy,11600.0,14.14457059485175,164077.0189002803,49.22310567008408,0.0,81.99751069478225,469664.10608015244
20210129,20210201,600054.SH,buy,13400.0,9.077394189364462,121637.08213748378,36.49112464124513,0.0,60.78814699522627,347990.5328180274
20210129,20210201,600576.SH,buy,38100.0,5.012504999999999,190976.44049999997,57.292932149999984,0.0,95.44049999996787,156956.79938587744
20210129,20210201,601216.SH,buy,33500.0,4.664099576775193,156247.33582196897,46.87420074659069,0.0,78.08462559818872,662.5893631618819
20210205,20210208,002575.SZ,sell,28800.0,3.9780100000000003,114566.68800000001,34.3700064,57.28334400000001,57.3119999999908,115137.6240127619
20210205,20210208,002782.SZ,sell,11600.0,14.197492775483113,164690.9161956041,49.40727485868123,82.34545809780205,82.38665142349782,279696.7874754095
20210205,20210208,600054.SH,sell,13400.0,8.828925309122354,118307.59914223955,35.49227974267186,59.15379957111978,59.18339126674982,397909.7405383353
20210205,20210208,600576.SH,sell,38100.0,3.89805,148515.705,44.55471149999999,74.2578525,74.2950000000128,546306.6329743352
20210205,20210208,601216.SH,sell,33500.0,4.319851662747919,144715.0307020553,43.41450921061658,72.35751535102764,72.39371220712201,690905.8916518289
20210205,20210208,002532.SZ,buy,23000.0,7.0488713457242005,162124.0409516566,48.63721228549698,0.0,81.02150972097297,528733.2134878868
20210205,20210208,002612.SZ,buy,4700.0,25.759318998942543,121068.79929502995,36.320639788508984,0.0,60.50414757372346,407628.09355306835
20210205,20210208,603848.SH,buy,11600.0,12.516284174251126,145188.89642131305,43.55666892639391,0.0,72.55816912607406,262395.6404628289
20210205,20210208,603901.SH,buy,13700.0,9.78939617206459,134114.72755728487,40.23441826718546,0.0,67.0238518526894,128240.67848727686
20210205,20210208,603987.SH,buy,6500.0,19.234082467204843,125021.53603683147,37.506460811049436,0.0,62.479528254290926,3181.6359896343347
20210210,20210218,002532.SZ,sell,23000.0,8.425190630793365,193779.3845082474,58.133815352474215,96.8896922541237,96.93816133477958,196805.9969902751
20210210,20210218,002612.SZ,sell,4700.0,25.497917126855445,119840.21049622059,35.95206314886617,59.920105248110296,59.95008028825396,316550.3353180987
20210210,20210218,603848.SH,sell,11600.0,11.786645922064151,136725.09269594416,41.01752780878324,68.36254634797208,68.39674472031766,453166.0479398861
20210210,20210218,603901.SH,sell,13700.0,9.789190132070193,134111.90480936164,40.23357144280849,67.05595240468082,67.08949715323979,587170.6632254003
20210210,20210218,603987.SH,sell,6500.0,18.387912947780016,119521.4341605701,35.85643024817103,59.760717080285055,59.79061238648137,706596.480238642
20210210,20210218,002386.SZ,buy,26600.0,4.717002286876908,125472.26083092575,37.641678249277724,0.0,62.70477802644018,581086.577729467
20210210,20210218,002846.SZ,buy,12700.0,9.352415073779795,118775.6714370034,35.63270143110102,0.0,59.35815664018446,462275.2735910325
20210210,20210218,688050.SH,buy,1300.0,123.47786736876749,160521.22757939773,48.15636827381932,0.0,80.22050353791565,301705.889643361
20210210,20210218,688278.SH,buy,3800.0,34.40254237288135,130729.66101694913,39.218898305084736,0.0,65.33216442626144,170937.00972810676
20210219,20210222,002386.SZ,sell,26600.0,4.959537302136318,131923.69223682606,39.57710767104781,65.96184611841304,65.99484354016022,302755.16301114333
20210219,20210222,002846.SZ,sell,12700.0,10.455337253121455,132782.7831146425,39.834834934392745,66.39139155732124,66.42460385922459,435431.7198992941
20210219,20210222,688050.SH,sell,1300.0,118.76566562448579,154395.36531183153,46.31860959354945,77.19768265591577,77.23630080631119,589703.5689188761
20210219,20210222,688278.SH,sell,3800.0,36.98714689265537,140551.1581920904,42.165347457627114,70.2755790960452,70.31073446327355,730142.2861844129
20210219,20210222,000683.SZ,buy,64200.0,2.2146846771111957,142182.75627053875,42.654826881161625,0.0,71.05585021016304,587916.875086993
20210219,20210222,000822.SZ,buy,35000.0,4.123822538860103,144333.7888601036,43.30013665803108,0.0,72.13082901554299,443539.7860902313
20210219,20210222,002109.SZ,buy,34700.0,4.193165871559634,145502.8557431193,43.650856722935785,0.0,72.71507033638773,297993.2794903891
20210219,20210222,002378.SZ,buy,27300.0,5.5106776415193774,150441.499613479,45.1324498840437,0.0,75.18315822762088,147506.64742702604
20210219,20210222,603399.SH,buy,32400.0,4.545772770224337,147283.0377552685,44.18491132658055,0.0,73.6047165193595,179.42476043093484
20210226,20210301,000683.SZ,sell,64200.0,2.2999205497852038,147654.8992962101,44.29646978886302,73.82744964810504,73.86438183902646,147716.20013720405
20210226,20210301,000822.SZ,sell,35000.0,4.6083164507772025,161291.0757772021,48.38732273316062,80.64553788860104,80.68588082899805,308878.24305378436
20210226,20210301,002109.SZ,sell,34700.0,4.264451824668705,147976.47831600407,44.392943494801216,73.98823915800203,74.02525178389624,456736.3401871356
20210226,20210301,002378.SZ,sell,27300.0,4.712425278470783,128649.21010225237,38.59476303067571,64.32460505112618,64.35678344283951,585282.6309213062
20210226,20210301,000035.SZ,buy,31600.0,4.6180004003202555,145928.81265012006,43.77864379503601,0.0,72.92794235385372,439310.03962739115
20210226,20210301,300137.SZ,buy,23700.0,7.048720338983051,167054.6720338983,50.11640161016948,0.0,83.48559322033543,272205.25119188265
20210226,20210301,300369.SZ,buy,10000.0,14.711047709335901,147110.47709335902,44.1331431280077,0.0,73.51847930703661,125050.64095539562
20210226,20210301,600714.SH,buy,16600.0,7.494139797507788,124402.72063862928,37.32081619158878,0.0,62.17027518172108,610.5995005747536
20210305,20210308,000035.SZ,sell,31600.0,4.467698874889385,141179.28444650458,42.35378533395137,70.58964222325228,70.62495470058639,141676.94051952212
20210305,20210308,300137.SZ,sell,23700.0,7.818687570621471,185302.89542372886,55.59086862711865,92.65144771186444,92.69779661015491,326831.593626912
20210305,20210308,300369.SZ,sell,10000.0,15.870867141482195,158708.67141482196,47.61260142444659,79.35433570741098,79.39403272373602,485413.2981046021
20210305,20210308,600714.SH,sell,16600.0,7.292190976858033,121050.37021584336,36.315111064753005,60.52518510792168,60.555462839329266,606366.8280242728
20210305,20210308,002514.SZ,buy,33900.0,4.6023,156017.97,46.80539099999999,0.0,77.97000000000116,450302.05263327283
20210305,20210308,300099.SZ,buy,23000.0,7.074778864183374,162719.91387621762,48.81597416286528,0.0,81.3192972894758,287533.3227828924
20210305,20210308,300675.SZ,buy,8300.0,18.57467995360526,154169.84361492365,46.25095308447709,0.0,77.0463986081595,133317.22821488426
20210305,20210308,300682.SZ,buy,9200.0,14.442968590620723,132875.31103371063,39.86259331011318,0.0,66.40445329018985,402.0545878635312
20210312,20210315,002514.SZ,sell,33900.0,3.998,135532.2,40.65966,67.76610000000001,67.79999999998836,135825.82882786353
20210312,20210315,300099.SZ,sell,23000.0,6.904397303640511,158801.13798373175,47.64034139511952,79.40056899186588,79.44028913642978,294499.9259012083
20210312,20210315,300675.SZ,sell,8300.0,19.494674618209938,161805.79933114248,48.54173979934274,80.90289966557124,80.94337135125534,456176.28059288586
20210312,20210315,300682.SZ,sell,9200.0,14.32493371377037,131789.3901666874,39.53681705000621,65.8946950833437,65.92765891278395,587860.2392474399
20210312,20210315,603399.SH,sell,32400.0,5.081163110129164,164629.6847681849,49.388905430455466,82.31484238409246,82.35602039427613,752358.2202678103
20210312,20210315,000722.SZ,buy,22500.0,6.623557307338422,149030.0394151145,44.70901182453434,0.0,74.47778081713477,603283.4718408713
20210312,20210315,002471.SZ,buy,53200.0,2.8077914983787475,149374.50771374936,44.81235231412481,0.0,74.64992889243877,453864.1517748078
20210312,20210315,600236.SH,buy,33700.0,4.544621081988844,153153.73046302405,45.946119138907214,0.0,76.53859593355446,300664.4751926448
20210312,20210315,600868.SH,buy,46900.0,3.2585331299978764,152825.2037969004,45.847561139070116,0.0,76.37441469109035,147793.42383460535
20210312,20210315,600995.SH,buy,19400.0,7.57881485797208,147029.00824465835,44.1087024733975,0.0,73.47776523968787,720.3068874735909
20210319,20210322,000722.SZ,sell,22500.0,6.578013900977297,148005.31277198918,44.40159383159675,74.00265638599458,74.03967622408527,148607.21540924517
20210319,20210322,002471.SZ,sell,53200.0,2.4408291484157236,129852.1106957165,38.95563320871495,64.92605534785825,64.95853461514344,278355.4444164051
20210319,20210322,600236.SH,sell,33700.0,4.786176457746057,161294.14662604214,48.388243987812636,80.64707331302107,80.68741702148691,439520.55572514643
20210319,20210322,600868.SH,sell,46900.0,3.086557640471304,144759.55333810416,43.42786600143125,72.37977666905208,72.41598466137657,584164.3014205801
20210319,20210322,600995.SH,sell,19400.0,7.657823259440552,148561.77123314672,44.56853136994401,74.28088561657336,74.31804463887238,732607.2232367403
20210319,20210322,002578.SZ,buy,34400.0,4.17251934028436,143534.665305782,43.060399591734594,0.0,71.73146691944567,589029.4975313665
20210319,20210322,002988.SZ,buy,9400.0,16.109181636726547,151426.30738522953,45.42789221556885,0.0,75.67531603458337,437557.7622539214
20210319,20210322,003016.SZ,buy,14500.0,10.039381443298968,145571.03092783503,43.671309278350506,0.0,72.74914089345839,291943.06001680804
20210319,20210322,300400.SZ,buy,11900.0,12.212400166341975,145327.5619794695,43.59826859384084,0.0,72.62746725609759,146571.8997687447
20210319,20210322,600288.SH,buy,13600.0,10.64389684215108,144756.9970532547,43.427099115976404,0.0,72.34232736294507,1771.475616374053
20210326,20210329,002578.SZ,sell,34400.0,3.6607279620853084,125929.04189573461,37.77871256872038,62.96452094786731,62.996018957332126,127599.77427859209
20210326,20210329,002988.SZ,sell,9400.0,14.193071000855431,133414.86740804106,40.024460222412316,66.70743370402053,66.7408041060553,260907.9097927067
20210326,20210329,003016.SZ,sell,14500.0,9.342405498281789,135464.87972508592,40.639463917525774,67.73243986254296,67.76632302405778,396264.41761401255
20210326,20210329,300400.SZ,sell,11900.0,13.574863601078976,161540.8768528398,48.462263055851935,80.7704384264199,80.8108438483614,557676.0617653701
20210326,20210329,600288.SH,sell,13600.0,11.01018346427561,149738.4951141483,44.92154853424449,74.86924755707415,74.90670090750791,707294.766083427
20210326,20210329,600173.SH,buy,30300.0,4.482296005597761,135813.56896961216,40.744070690883646,0.0,67.87284806076786,571440.4530431239
20210326,20210329,600540.SH,buy,24000.0,6.003,144072.0,43.221599999999995,0.0,72.0,427325.23144312395
20210326,20210329,603196.SH,buy,22000.0,6.512280428954424,143270.16943699733,42.981050831099196,0.0,71.59928507596487,284012.08095529553
20210326,20210329,603839.SH,buy,18200.0,7.758987043795621,141213.5641970803,42.364069259124086,0.0,70.57149635037058,142756.15268895612
20210326,20210329,605177.SH,buy,4000.0,35.03755967156769,140150.23868627078,42.04507160588123,0.0,70.04009929351741,2563.868931079458
20210402,20210406,600173.SH,sell,30300.0,4.4322170091963216,134296.17537864854,40.28885261359456,67.14808768932427,67.18167852860643,136752.60736942507
20210402,20210406,600540.SH,sell,24000.0,7.05647,169355.28,50.806583999999994,84.67764,84.72000000000116,305972.403145425
20210402,20210406,603196.SH,sell,22000.0,7.488657730116175,164750.47006255586,49.42514101876675,82.37523503127794,82.4164432529069,470591.0728319308
20210402,20210406,603839.SH,sell,18200.0,7.661005954118875,139430.3083649635,41.82909250948905,69.71515418248175,69.75002919707913,609909.8369502024
20210402,20210406,605177.SH,sell,4000.0,33.11308955508879,132452.35822035518,39.73570746610655,66.2261791101776,66.2593087645364,742256.2332839812
20210402,20210406,002193.SZ,buy,20300.0,6.99980480713597,142096.0375848602,42.628811275458055,0.0,71.01251253616647,600117.5668878455
20210402,20210406,003001.SZ,buy,6200.0,23.39155299612547,145027.6285759779,43.50828857279337,0.0,72.4775755002338,455046.4300232948
20210402,20210406,605198.SH,buy,5200.0,27.949111154522367,145335.3780035163,43.600613401054886,0.0,72.63137331508915,309667.4514063775
20210402,20210406,688368.SH,buy,900.0,160.10529524400332,144094.765719603,43.22842971588089,0.0,72.01137717123493,165529.45725705862
20210409,20210412,002193.SZ,sell,20300.0,6.285558637897783,127596.840349325,38.27905210479749,63.798420174662496,63.83033534232527,293024.22013410414
20210409,20210412,003001.SZ,sell,6200.0,26.55112520566849,164616.97627514464,49.38509288254339,82.30848813757233,82.3496629690344,457509.50282822864
20210409,20210412,605198.SH,sell,5200.0,30.654717718304354,159404.53213518264,47.82135964055479,79.70226606759132,79.74213713614154,616786.5113377031
20210409,20210412,688368.SH,sell,900.0,171.44319884891095,154298.87896401985,46.28966368920595,77.14943948200992,77.18803349876544,770961.9511985517
20210409,20210412,000790.SZ,buy,30100.0,4.957505338423709,149220.91068655363,44.76627320596609,0.0,74.573168758885,621696.2742387921
20210409,20210412,000915.SZ,buy,6700.0,22.61982536257339,151552.8299292417,45.465848978772506,0.0,75.7385456917691,470097.9784605716
20210409,20210412,002053.SZ,buy,16600.0,8.984790783227847,149147.52700158226,44.744258100474674,0.0,74.53649525315268,320905.7072008889
20210409,20210412,300076.SZ,buy,32600.0,4.912455,160146.033,48.04380989999999,0.0,80.03299999999581,160711.6303909889
20210409,20210412,300745.SZ,buy,8200.0,19.399695,159077.499,47.7232497,0.0,79.49900000001071,1586.4081412888772
20210416,20210419,000790.SZ,sell,30100.0,5.130842121780769,154438.34786560116,46.331504359680345,77.21917393280059,77.25780283418135,155901.20532859757
20210416,20210419,000915.SZ,sell,6700.0,21.93544120539971,146967.45607617806,44.09023682285341,73.48372803808903,73.52048828219995,302751.0874399147
20210416,20210419,002053.SZ,sell,16600.0,7.63229744857595,126696.13764636077,38.008841293908226,63.34806882318039,63.3797587025183,429345.8681761584
20210416,20210419,300076.SZ,sell,32600.0,4.63768,151188.368,45.35651039999999,75.594184,75.63200000001234,580413.2854817584
20210416,20210419,300745.SZ,sell,8200.0,19.07046,156377.772,46.91333159999999,78.188886,78.2280000000028,736665.9552641584
20210416,20210419,000419.SZ,buy,33100.0,4.3775823996226135,144897.9774275085,43.46939322825255,0.0,72.41278232258628,591724.5084434217
20210416,20210419,300620.SZ,buy,7700.0,18.75390857142857,144405.096,43.321528799999996,0.0,72.16646476759342,447276.0909146217
20210416,20210419,600651.SH,buy,36200.0,4.002,144872.4,43.46171999999999,0.0,72.39999999999418,302360.22919462173
20210416,20210419,601890.SH,buy,27300.0,5.507863287904599,150364.66775979556,45.109400327938665,0.0,75.14476149913389,151950.45203449824
20210416,20210419,688607.SH,buy,4100.0,36.74609725199766,150658.9987331904,45.19769961995712,0.0,75.29185343987774,1246.2556016878807
20210423,20210426,000419.SZ,sell,33100.0,3.9842854333365185,131879.84784343877,39.563954353031626,65.93992392171938,65.97291037690593,133020.5995668519
20210423,20210426,300620.SZ,sell,7700.0,16.56889710002142,127580.50767016494,38.274152301049476,63.79025383508247,63.82216491753934,260499.0428308807
20210423,20210426,600651.SH,sell,36200.0,3.548225,128445.745,38.533723499999994,64.2228725,64.25500000000466,388842.0312348807
20210423,20210426,601890.SH,sell,27300.0,5.751160459965929,157006.68055706986,47.10200416712095,78.50334027853494,78.54261158430018,545723.1064475048
20210423,20210426,688607.SH,sell,4100.0,40.0111674137595,164045.78639641395,49.21373591892418,82.02289319820697,82.06392516076448,709637.6562148016
20210423,20210426,300153.SZ,buy,23100.0,6.2831399999999995,145140.53399999999,43.54216019999999,0.0,72.5339999999851,564453.5800546017
20210423,20210426,600172.SH,buy,35700.0,4.04202,144300.114,43.290034199999994,0.0,72.1140000000014,420110.17602040165
20210423,20210426,600315.SH,buy,2600.0,52.84586215557737,137399.24160450118,41.21977248135035,0.0,68.66528815816855,282669.71464341914
20210423,20210426,603444.SH,buy,300.0,359.7292577548005,107918.77732644016,32.375633197932046,0.0,53.93242245198053,174718.56168378104
20210423,20210426,688686.SH,buy,600.0,213.68370900966022,128210.22540579613,38.46306762173884,0.0,64.07307616480102,46469.87321036318
20210430,20210506,300153.SZ,sell,23100.0,6.726635000000001,155385.2685,46.61558055,77.69263425,77.73149999999441,201730.8334955632
20210430,20210506,600172.SH,sell,35700.0,4.9775100000000005,177697.10700000002,53.3091321,88.84855350000001,88.89300000001094,379285.7828099632
20210430,20210506,600315.SH,sell,2600.0,57.444454528325046,149355.58177364513,44.80667453209353,74.67779088682256,74.71514846102218,528521.8801181894
20210430,20210506,603444.SH,sell,300.0,369.4643629985229,110839.30889955687,33.25179266986706,55.419654449778434,55.44737813883694,639272.5175706266
20210430,20210506,688686.SH,sell,600.0,218.3963659065519,131037.81954393114,39.31134586317934,65.51890977196557,65.5516856147733,770205.5068589225
20210430,20210506,002581.SZ,buy,9600.0,16.038015,153964.94400000002,46.1894832,0.0,76.9440000000177,616194.3733757226
20210430,20210506,300487.SZ,buy,7700.0,19.70400793120638,151720.86107028913,45.51625832108674,0.0,75.82251927547622,464427.99604711233
20210430,20210506,600007.SH,buy,14200.0,10.986944632462434,156014.61378096655,46.80438413428996,0.0,77.96832272910979,308366.5778820115
20210430,20210506,600684.SH,buy,36500.0,4.302149999999999,157028.47499999998,47.10854249999999,0.0,78.47499999997672,151290.9943395115
20210430,20210506,603933.SH,buy,12400.0,12.092072706509327,149941.70156071565,44.98251046821469,0.0,74.93338408830459,1304.310268327623
20210507,20210510,002581.SZ,sell,9600.0,18.9905,182308.80000000002,54.69264,91.15440000000001,91.19999999998254,183467.26322832765
20210507,20210510,300487.SZ,sell,7700.0,20.607942784978402,158681.1594443337,47.6043478333001,79.34057972216685,79.38026985709439,342021.47774510586
20210507,20210510,600007.SH,sell,14200.0,12.112527413022878,171997.88926492486,51.59936677947746,85.99894463246243,86.04196561526624,513881.76869861875
20210507,20210510,600684.SH,sell,36500.0,4.65767,170004.95500000002,51.0014865,85.00247750000001,85.0449999999837,683750.7197346188
20210507,20210510,603933.SH,sell,12400.0,11.567795241720596,143440.6609973354,43.032198299200616,71.72033049866769,71.75620860295021,827076.6282031563
20210507,20210510,000923.SZ,buy,6500.0,24.94789603960396,162161.32425742576,48.64839727722772,0.0,81.04014205769636,664866.6555484533
20210507,20210510,002858.SZ,buy,10400.0,15.957974999999998,165962.93999999997,49.78888199999999,0.0,82.93999999997322,498853.92666645336
20210507,20210510,300393.SZ,buy,28700.0,6.024015589787476,172889.24742690058,51.86677422807017,0.0,86.40142300195294,325912.8124653247
20210507,20210510,300592.SZ,buy,10400.0,15.467211606217615,160859.0007046632,48.257700211398955,0.0,80.38930569947115,165005.55406045011
20210507,20210510,603630.SH,buy,8700.0,18.691976047904195,162620.1916167665,48.78605748502995,0.0,81.2694610778417,2336.576386198576
20210514,20210517,000923.SZ,sell,6500.0,21.344735552087815,138740.7810885708,41.62223432657124,69.3703905442854,69.40509309084155,140966.3648498985
20210514,20210517,002858.SZ,sell,10400.0,16.141925,167876.02000000002,50.362806,83.93801,83.97999999995227,308708.08403389854
20210514,20210517,300393.SZ,sell,28700.0,6.115170967844182,175505.40677712802,52.6516220331384,87.75270338856402,87.79660168939154,484073.0864856049
20210514,20210517,300592.SZ,sell,10400.0,16.426186943005185,170832.34420725392,51.24970326217617,85.41617210362696,85.45890155437519,654768.764817493
20210514,20210517,603630.SH,sell,8700.0,23.748598802395215,206612.80958083837,61.98384287425151,103.30640479041918,103.35808383231051,861216.2841506667
20210514,20210517,002622.SZ,buy,63800.0,2.631315,167877.897,50.36336909999999,0.0,83.8969999999972,693288.0237815666
20210514,20210517,300167.SZ,buy,37500.0,4.82241,180840.375,54.252112499999996,0.0,90.375,512393.3966690666
20210514,20210517,300420.SZ,buy,32600.0,5.237785261897155,170751.79953784726,51.22553986135417,0.0,85.33323315231246,341590.371591358
20210514,20210517,600839.SH,buy,58500.0,2.8895368672951416,169037.90673676578,50.71137202102973,0.0,84.47671501088189,172501.75348257116
20210514,20210517,603608.SH,buy,25900.0,6.649747302383939,172228.455131744,51.668536539523195,0.0,86.0711919698515,221.6298142876476
20210521,20210524,002622.SZ,sell,63800.0,4.6276850000000005,295246.303,88.5738909,147.6231515,147.69699999998556,295231.73577188764
20210521,20210524,300167.SZ,sell,37500.0,4.547725,170539.6875,51.161906249999994,85.26984375,85.3125,465634.99152188766
20210521,20210524,300420.SZ,sell,32600.0,5.338871866815713,174047.22285819222,52.21416685745766,87.02361142909612,87.06714500160888,639542.9766017933
20210521,20210524,600839.SH,sell,58500.0,2.6549445250181294,155314.25471356057,46.59427641406817,77.6571273567803,77.69597534445347,794732.979911583
20210521,20210524,603608.SH,sell,25900.0,6.936178858218318,179647.03242785443,53.89410972835633,89.82351621392722,89.86845043915673,974236.2947134952
20210521,20210524,002890.SZ,buy,19300.0,9.829128707718993,189702.18405897656,56.91065521769296,0.0,94.80369018437341,784477.199999301
20210521,20210524,300513.SZ,buy,20100.0,9.545288897893032,191860.30684764995,57.55809205429498,0.0,95.88221231766511,592559.3350595967
20210521,20210524,300588.SZ,buy,18800.0,10.395195,195429.666,58.62889979999999,0.0,97.66599999999744,397071.0401597967
20210521,20210524,300745.SZ,buy,9700.0,21.39069,207489.693,62.2469079,0.0,103.6929999999993,189519.1002518967
20210521,20210524,600753.SH,buy,6100.0,30.838941176470588,188117.54117647058,56.435262352941166,0.0,94.01176470587961,1345.123813073209
20210528,20210531,002890.SZ,sell,19300.0,10.07067012896414,194363.9334890079,58.309180046702366,97.18196674450395,97.2305820354959,195553.5661552899
20210528,20210531,300513.SZ,sell,20100.0,9.484710296799028,190642.67696566044,57.19280308969813,95.32133848283023,95.36902299436042,386043.7289793778
20210528,20210531,300588.SZ,sell,18800.0,10.41479,195798.052,58.739415599999994,97.899026,97.94800000000396,581685.1425377778
20210528,20210531,300745.SZ,sell,9700.0,20.48975,198750.575,59.6251725,99.37528750000001,99.42499999998836,780276.7170777777
20210528,20210531,600753.SH,sell,6100.0,30.808117647058825,187929.51764705885,56.37885529411765,93.96475882352942,94.01176470585051,968055.891110719
20210528,20210531,000532.SZ,buy,13700.0,13.664988740727654,187210.34574796888,56.16310372439066,0.0,93.55839367714361,780789.3822590257
20210528,20210531,002379.SZ,buy,48600.0,4.032015,195955.929,58.7867787,0.0,97.92900000000373,584774.6664803256
20210528,20210531,300229.SZ,buy,21100.0,9.833700013969082,207491.07029474762,62.24732108842428,0.0,103.69368830317399,377221.3488644896
20210528,20210531,600851.SH,buy,20500.0,8.96230841898428,183727.32258917775,55.11819677675332,0.0,91.81775241837022,193438.90807853508
20210528,20210531,688586.SH,buy,14900.0,12.898511915751628,192187.82754469925,57.65634826340977,0.0,96.04589082690654,1193.424185572425
20210604,20210607,000532.SZ,sell,13700.0,12.276446572545035,168187.31804386698,50.45619541316009,84.09365902193349,84.13572688537533,169246.19237500432
20210604,20210607,002379.SZ,sell,48600.0,3.63818,176815.548,53.044664399999995,88.407774,88.45199999999022,345920.28793660435
20210604,20210607,300229.SZ,sell,21100.0,9.675174892903707,204146.19024026822,61.24385707208046,102.07309512013411,102.12415719873388,549903.1612246804
20210604,20210607,600851.SH,sell,20500.0,8.556499374162556,175408.2371703324,52.62247115109972,87.7041185851662,87.74799258142593,725171.0718052766
20210604,20210607,688586.SH,sell,14900.0,12.71446360897872,189445.50777378294,56.833652332134875,94.72275388689147,94.77013895634445,914465.0231728405
20210604,20210607,300292.SZ,buy,45700.0,3.9819899999999997,181976.943,54.59308289999999,0.0,90.9429999999993,732433.4870899405
20210604,20210607,600423.SH,buy,43000.0,4.212104999999999,181120.51499999998,54.33615449999999,0.0,90.51499999998487,551258.6359354404
20210604,20210607,600860.SH,buy,30500.0,6.08304,185532.71999999997,55.659815999999985,0.0,92.71999999997206,365670.2561194404
20210604,20210607,603867.SH,buy,9400.0,19.326767390850218,181671.61347399204,54.5014840421976,0.0,90.79041153122671,183944.14116140618
20210611,20210615,300292.SZ,sell,45700.0,4.13793,189103.40099999998,56.73102029999999,94.5517005,94.59899999998743,372896.25944060617
20210611,20210615,600423.SH,sell,43000.0,3.828085,164607.655,49.382296499999995,82.3038275,82.34500000000116,537372.2283166061
20210611,20210615,600860.SH,sell,30500.0,5.567215000000001,169800.05750000002,50.940017250000004,84.90002875000002,84.94249999997555,707036.4457706062
20210611,20210615,603867.SH,sell,9400.0,18.68556237030847,175644.28628089963,52.69328588426988,87.82214314044981,87.8660761785286,882540.2166224811
20210611,20210615,002892.SZ,buy,31800.0,5.4404734507804955,173007.05573481976,51.902116720445925,0.0,86.46029771852773,709481.2587709409
20210611,20210615,300371.SZ,buy,14700.0,12.34267744860943,181437.35849455863,54.43120754836759,0.0,90.6733425759885,527989.469068834
20210611,20210615,300649.SZ,buy,10000.0,17.750215064133474,177502.15064133474,53.25064519240042,0.0,88.70672195966472,350434.0677823068
20210611,20210615,300811.SZ,buy,9100.0,18.762115178918286,170735.2481281564,51.22057443844692,0.0,85.32496158327558,179647.59907971194
20210611,20210615,300897.SZ,buy,10400.0,16.927153278364113,176042.39409498678,52.81271822849603,0.0,87.97720844324795,3552.3922664966667
20210618,20210621,002892.SZ,sell,31800.0,5.346342514067762,170013.69194735482,51.004107584206444,85.00684597367741,85.04937065899139,173430.0732602936
20210618,20210621,300371.SZ,sell,14700.0,10.688913387607888,157127.02679783595,47.13810803935078,78.56351339891798,78.60281480633421,330431.39843669126
20210618,20210621,300649.SZ,sell,10000.0,20.116506297617903,201165.06297617903,60.3495188928537,100.58253148808951,100.6328479120566,531435.5293624894
20210618,20210621,300811.SZ,sell,9100.0,22.133786637242633,201417.45839890797,60.425237519672386,100.70872919945398,100.75910875378759,732691.8537946782
20210618,20210621,300897.SZ,sell,10400.0,16.007282592348286,166475.73896042217,49.942721688126646,83.23786948021109,83.27950923479511,899034.4121639321
20210618,20210621,000631.SZ,buy,62900.0,2.86730266378012,180353.33755176957,54.106001265530864,0.0,90.13160297440481,718626.968610897
20210618,20210621,300046.SZ,buy,5500.0,31.847706566552905,175162.386116041,52.54871583481229,0.0,87.53742434585001,543412.0337790211
20210618,20210621,300484.SZ,buy,12500.0,14.578988884314528,182237.3610539316,54.67120831617948,0.0,91.07314395499998,361120.00151677337
20210618,20210621,300619.SZ,buy,12000.0,15.327084673352267,183925.01608022721,55.17750482406816,0.0,91.91654976524296,177139.80793172208
20210618,20210621,300913.SZ,buy,15100.0,11.574679399727147,174777.6589358799,52.43329768076397,0.0,87.34515688949614,2309.7156981613953
20210625,20210628,000631.SZ,sell,62900.0,2.775754540365409,174594.96058898422,52.378488176695264,87.29748029449212,87.34115086993552,176765.00031867443
20210625,20210628,300046.SZ,sell,5500.0,32.6816805642776,179749.2431035268,53.92477293105804,89.8746215517634,89.91958134243032,356370.4440277184
20210625,20210628,300484.SZ,sell,12500.0,13.444077398106215,168050.96747632767,50.415290242898294,84.02548373816384,84.06751749690739,524286.970730065
20210625,20210628,300619.SZ,sell,12000.0,13.081230734450177,156974.76881340213,47.09243064402064,78.48738440670107,78.52664773055585,681136.1597284165
20210625,20210628,300913.SZ,sell,15100.0,10.296934320795165,155483.708244007,46.6451124732021,77.7418541220035,77.78074449425912,836495.4810058282
20210625,20210628,002620.SZ,buy,25300.0,6.483741849028768,164038.66878042783,49.211600634128345,0.0,81.97834521759069,672407.6006247663
20210625,20210628,300218.SZ,buy,12200.0,13.41140660671048,163619.16060186786,49.08574818056035,0.0,81.76869595295284,508739.35427471786
20210625,20210628,300500.SZ,buy,9600.0,17.486917306930692,167874.40614653466,50.362321843960395,0.0,83.8952554455609,340814.5858063393
20210625,20210628,300746.SZ,buy,14100.0,12.32644921409214,173802.93391869916,52.140880175609745,0.0,86.85803794037201,166959.51100746452
20210625,20210628,688081.SH,buy,7000.0,23.456792957746472,164197.55070422532,49.25926521126759,0.0,82.05774647888029,2712.701038027939
20210702,20210705,002620.SZ,sell,25300.0,7.180450270469635,181665.39184288177,54.49961755286453,90.83269592144089,90.87813498891774,184232.7605674354
20210702,20210705,300218.SZ,sell,12200.0,14.972032895191976,182658.80132134212,54.797640396402635,91.32940066067107,91.37508820474613,366745.43484772043
20210702,20210705,300500.SZ,sell,9600.0,19.55143991179118,187693.82315319535,56.3081469459586,93.84691157659768,93.89385850582039,554289.1029423932
20210702,20210705,300746.SZ,sell,14100.0,11.998857551942185,169183.89148238482,50.75516744471544,84.5919457411924,84.634262872627,723337.6473115921
20210702,20210705,688081.SH,sell,7000.0,20.811384876760563,145679.69413732394,43.703908241197176,72.83984706866197,72.87628521127044,868900.7976936062
20210702,20210705,002403.SZ,buy,21700.0,8.049565433447098,174675.56990580203,52.402670971740605,0.0,87.2941378839314,694172.8251168325
20210702,20210705,300068.SZ,buy,14800.0,11.65692756371011,172522.52794290963,51.75675838287288,0.0,86.21815489401342,521598.54041554
20210702,20210705,300491.SZ,buy,10100.0,17.33373567558782,175070.730323437,52.52121909703109,0.0,87.49161935204756,346475.288873006
20210702,20210705,300802.SZ,buy,6700.0,26.787068279286732,179473.3574712211,53.842007241366325,0.0,89.69183281916776,166948.08939454355
20210702,20210705,600252.SH,buy,44500.0,3.71060971194879,165122.13218172116,49.53663965451634,0.0,82.51980618774542,1776.4205731678812
20210709,20210712,002403.SZ,sell,21700.0,7.379625747440272,160137.8787194539,48.04136361583617,80.06893935972695,80.10899385664379,161786.18898964624
20210709,20210712,300068.SZ,sell,14800.0,12.614891664115712,186700.39662891254,56.01011898867376,93.35019831445626,93.3968967628316,348337.22530125565
20210709,20210712,300491.SZ,sell,10100.0,15.948030230794236,161075.1053310218,48.32253159930654,80.5375526655109,80.57784158628783,509283.47054801264
20210709,20210712,300802.SZ,sell,6700.0,23.65694899556091,158501.5582702581,47.550467481077426,79.25077913512905,79.29042434727307,667658.2275716546
20210709,20210712,600252.SH,sell,44500.0,3.34405615398293,148810.4988522404,44.64314965567211,74.40524942612019,74.44247066145181,816349.6780248132
20210709,20210712,000050.SZ,buy,10100.0,15.920310783885805,160795.13891724663,48.238541675173984,0.0,80.35739076323807,655506.3005658914
20210709,20210712,300103.SZ,buy,15200.0,10.493828362831858,159506.19111504423,47.85185733451326,0.0,79.7132389380422,495952.25759351265
20210709,20210712,300445.SZ,buy,12100.0,13.874946354785084,167886.85089289953,50.366055267869854,0.0,83.9014747090987,328015.04064534523
20210709,20210712,300899.SZ,buy,4000.0,41.27204838012959,165088.19352051837,49.526458056155505,0.0,82.50284533758531,162877.3206667707
20210716,20210719,000050.SZ,sell,10100.0,14.620989493334905,147671.99388268255,44.30159816480476,73.83599694134128,73.87293340804172,310431.1769543471
20210716,20210719,300103.SZ,sell,15200.0,9.805095000000001,149037.44400000002,44.7112332,74.51872200000001,74.5559999999823,459349.3909991471
20210716,20210719,300445.SZ,sell,12100.0,14.33094540489195,173404.43939919258,52.02133181975777,86.70221969959628,86.74559249583399,632615.1068468203
20210716,20210719,300899.SZ,sell,4000.0,37.474801915672835,149899.20766269133,44.969762298807396,74.94960383134567,74.98709738001344,782394.3951433816
20210716,20210719,000519.SZ,buy,11500.0,12.904719048452423,148404.26905720285,44.52128071716085,0.0,74.16505200258689,633945.6048054616
20210716,20210719,002140.SZ,buy,13100.0,12.28112507719882,160882.73851130455,48.26482155339136,0.0,80.40116867132019,473014.6014726036
20210716,20210719,002845.SZ,buy,6100.0,24.958519969232896,152246.97181232067,45.6740915436962,0.0,76.08544318456552,320721.9555687393
20210716,20210719,300045.SZ,buy,13000.0,12.205675345773875,158673.77949506036,47.6021338485181,0.0,79.29724112694385,162000.57393983038
20210716,20210719,300281.SZ,buy,27300.0,5.88086038580562,160547.48853249341,48.16424655974802,0.0,80.23362745251507,1404.9211607772158
20210723,20210726,000519.SZ,sell,11500.0,12.871987208110406,148027.85289326968,44.4083558679809,74.01392644663484,74.05095192257431,149314.35177173227
20210723,20210726,002140.SZ,sell,13100.0,10.767120171025073,141049.27424042847,42.31478227212854,70.52463712021424,70.55991707873181,290250.7865927684
20210723,20210726,002845.SZ,sell,6100.0,26.14762072458257,159500.48641995367,47.8501459259861,79.75024320997683,79.79013827911695,449623.6726235861
20210723,20210726,300045.SZ,sell,13000.0,11.05447,143708.11000000002,43.112433,71.854055,71.88999999998487,593216.8161355861
20210723,20210726,300281.SZ,sell,27300.0,6.041163332757347,164923.75898427557,49.47712769528267,82.46187949213778,82.50313105765963,758008.6361126743
20210723,20210726,000572.SZ,buy,22100.0,6.693345,147922.9245,44.376877349999994,0.0,73.92449999999371,610041.3347353243
20210723,20210726,002224.SZ,buy,26600.0,5.551209372394241,147662.1693056868,44.29865079170604,0.0,73.79418755904771,462334.8667788458
20210723,20210726,300545.SZ,buy,5400.0,28.601549239681393,154448.36589427953,46.33450976828386,0.0,77.18559015207575,307840.16637479793
20210723,20210726,300681.SZ,buy,8100.0,18.11421247117138,146725.12101648818,44.01753630494645,0.0,73.32589755943627,161071.0278220048
20210723,20210726,688090.SH,buy,6900.0,22.777355245541692,157163.75119423767,47.1491253582713,0.0,78.5426042949548,3860.127502408868
20210730,20210802,000572.SZ,sell,22100.0,6.416790000000001,141811.059,42.543317699999996,70.9055295,70.94099999999162,145557.73765520885
20210730,20210802,002224.SZ,sell,26600.0,4.972641681027295,132272.26871532606,39.681680614597816,66.13613435766304,66.16921896711574,277724.18855556264
20210730,20210802,300545.SZ,sell,5400.0,30.909857156649778,166913.2286459088,50.07396859377263,83.4566143229544,83.49836350471014,444503.8866185547
20210730,20210802,300681.SZ,sell,8100.0,25.213024852844992,204225.50130804445,61.26765039241333,102.11275065402222,102.16383257030975,648566.0075255528
20210730,20210802,688090.SH,sell,6900.0,21.840945750548926,150702.52567878758,45.21075770363627,75.3512628393938,75.38895731803495,799147.9711837973
20210730,20210802,300289.SZ,buy,20800.0,8.06026123118487,167653.43360864528,50.29603008259358,0.0,83.78482439211803,631444.2415450695
20210730,20210802,300318.SZ,buy,12900.0,11.82591,152554.239,45.7662717,0.0,76.2390000000014,478844.2362733695
20210730,20210802,300414.SZ,buy,12900.0,12.413191099335368,160130.16518142624,48.03904955442787,0.0,80.02507005567895,318666.0320423888
20210730,20210802,603115.SH,buy,9900.0,15.880352216674405,157215.4869450766,47.16464608352298,0.0,78.56845924290246,161403.38045122867
20210730,20210802,603214.SH,buy,6500.0,24.453070409134156,158944.957659372,47.6834872978116,0.0,79.4327624484431,2410.7393045588396
20210806,20210809,300289.SZ,sell,20800.0,7.7142112080277885,160455.593126978,48.13667793809339,80.227796563489,80.26793052876019,162737.96795703523
20210806,20210809,300318.SZ,sell,12900.0,12.233880000000001,157817.05200000003,47.34511560000001,78.90852600000001,78.94799999997485,320428.76631543523
20210806,20210809,300414.SZ,sell,12900.0,12.599355514639841,162531.68613885395,48.759505841656186,81.26584306942698,81.3064963175857,482830.4271053781
20210806,20210809,603115.SH,sell,9900.0,15.830779365613871,156724.71571957733,47.017414715873194,78.36235785978867,78.40155863910331,639429.7630523798
20210806,20210809,603214.SH,sell,6500.0,25.488739898509355,165676.8093403108,49.703042802093236,82.8384046701554,82.87984459244763,804974.0309452184
20210806,20210809,002708.SZ,buy,23800.0,6.513254999999999,155015.46899999998,46.50464069999999,0.0,77.46899999998277,649912.0573045184
20210806,20210809,300174.SZ,buy,10100.0,17.18235512533686,173541.78676590227,52.062536029770676,0.0,86.7275296181324,476318.2080025864
20210806,20210809,300818.SZ,buy,10700.0,15.036317946824223,160888.6020310192,48.266580609305755,0.0,80.40409896604251,315381.33939095784
20210806,20210809,600815.SH,buy,48900.0,3.24162,158515.21800000002,47.5545654,0.0,79.21800000002258,156818.56682555782
20210806,20210809,601139.SH,buy,17300.0,8.95487617346357,154919.35780091974,46.475807340275914,0.0,77.42096841620514,1852.7332172978204
20210813,20210816,002708.SZ,sell,23800.0,6.25687,148913.506,44.674051799999994,74.45675299999999,74.49400000000605,150647.10841249782
20210813,20210816,300174.SZ,sell,10100.0,17.32976572430976,175030.63381552856,52.50919014465856,87.51531690776429,87.55909645598149,325537.717720974
20210813,20210816,300818.SZ,sell,10700.0,15.193359638109307,162568.94812776957,48.77068443833087,81.28447406388479,81.32513663222198,487976.61069024133
20210813,20210816,600815.SH,sell,48900.0,2.8485750000000003,139295.3175,41.78859525,69.64765875,69.68249999999534,627160.4919362413
20210813,20210816,601139.SH,sell,17300.0,10.07785923758124,174346.96481015545,52.30408944304663,87.17348240507772,87.21709095055121,801367.9791745485
20210813,20210816,000676.SZ,buy,22700.0,7.353674999999999,166928.4225,50.078526749999995,0.0,83.42249999998603,634389.4781477986
20210813,20210816,002008.SZ,buy,4000.0,40.558009491358725,162232.0379654349,48.66961138963046,0.0,81.07548124209279,472108.77057097404
20210813,20210816,300320.SZ,buy,19700.0,7.995608717139488,157513.49172764792,47.25404751829437,0.0,78.71738717023982,314548.0247958078
20210813,20210816,600032.SH,buy,12400.0,12.552219965177017,155647.52756819502,46.6942582704585,0.0,77.78487134841271,158853.8029693423
20210813,20210816,603926.SH,buy,12400.0,12.690658891338733,157364.1702526003,47.20925107578009,0.0,78.64276374442852,1442.4234656662156
20210820,20210823,000676.SZ,sell,22700.0,7.69615,174702.605,52.4107815,87.3513025,87.39499999998952,176005.26638166624
20210820,20210823,002008.SZ,sell,4000.0,39.859503863987634,159438.01545595055,47.83140463678516,79.71900772797528,79.75888717154157,335315.73142525204
20210820,20210823,300320.SZ,sell,19700.0,9.09344295796629,179140.82627193592,53.742247881580774,89.57041313596797,89.61522074634559,514313.2450361704
20210820,20210823,600032.SH,sell,12400.0,10.954086863996906,135830.67711356163,40.74920313406849,67.91533855678081,67.94931321337936,650035.2576080412
20210820,20210823,603926.SH,sell,12400.0,10.281914899582995,127495.74475482914,38.24872342644874,63.74787237741457,63.779762258549454,777429.0057670665
20210820,20210823,002183.SZ,buy,21200.0,7.1142729570256735,150822.58668894428,45.246776006683284,0.0,75.37360654119402,626561.1723021155
20210820,20210823,002939.SZ,buy,12600.0,12.501240718481696,157515.63305286938,47.25468991586081,0.0,78.71845729777124,468998.2845593302
20210820,20210823,300203.SZ,buy,10000.0,15.616591591802356,156165.91591802356,46.84977477540706,0.0,78.04393599100877,312785.5188665312
20210820,20210823,300809.SZ,buy,7200.0,21.35069528035134,153725.00601852965,46.11750180555889,0.0,76.82409096378251,159014.395346196
20210820,20210823,300946.SZ,buy,5000.0,31.253288681699907,156266.44340849953,46.87993302254986,0.0,78.09417461694102,2701.072004673915
20210827,20210830,002183.SZ,sell,21200.0,7.264661679636367,154010.82760829097,46.20324828248729,77.00541380414549,77.04393577203155,156588.69095087826
20210827,20210830,002939.SZ,sell,12600.0,10.290875485765929,129665.0311206507,38.89950933619521,64.83251556032535,64.86494803433015,286149.9900466325
20210827,20210830,300203.SZ,sell,10000.0,16.77525032753135,167752.5032753135,50.325750982594045,83.87625163765675,83.91821074299514,453768.29131932574
20210827,20210830,300809.SZ,sell,7200.0,30.81451524786428,221864.50978462282,66.55935293538684,110.9322548923114,110.98774876666721,675455.3094961209
20210827,20210830,300946.SZ,sell,5000.0,41.148593125593685,205742.96562796843,61.722889688390524,102.87148281398422,102.92294428611058,881033.6807515869
20210827,20210830,300229.SZ,buy,14500.0,12.006838563978395,174099.15917768673,52.229747753306015,0.0,87.00607655054773,706882.2918261469
20210827,20210830,300497.SZ,buy,10800.0,15.917955,171913.914,51.574174199999995,0.0,85.91399999998976,534916.8036519468
20210827,20210830,600602.SH,buy,28000.0,6.308876691933422,176648.54737413581,52.99456421224074,0.0,88.28013362022466,358215.26171359874
20210827,20210830,600960.SH,buy,43600.0,4.192095,182775.342,54.832602599999994,0.0,91.34199999997509,175385.08711099872
20210903,20210906,300229.SZ,sell,14500.0,10.676396884894768,154807.75483097413,46.44232644929223,77.40387741548706,77.44259871484246,330068.99573810806
20210903,20210906,300497.SZ,sell,10800.0,15.982005000000001,172605.654,51.7816962,86.30282700000001,86.34599999999045,502536.5652149081
20210903,20210906,600602.SH,sell,28000.0,6.430392220186625,180050.9821652255,54.01529464956764,90.02549108261275,90.07052634577849,682443.5065944014
20210903,20210906,600960.SH,sell,43600.0,4.167915,181721.09399999998,54.51632819999999,90.860547,90.90600000001723,864019.2237192014
20210903,20210906,300290.SZ,buy,29500.0,5.732865,169119.51750000002,50.73585525,0.0,84.5175000000163,694848.9703639514
20210903,20210906,920000.BJ,buy,24800.0,7.116528688524589,176489.9114754098,52.94697344262294,0.0,88.20085531004588,518306.11191509897
20210903,20210906,920523.BJ,buy,11900.0,14.346910857087074,170728.23919933618,51.21847175980085,0.0,85.32145887022489,347526.654244003
20210903,20210906,920553.BJ,buy,42200.0,4.123718353616729,174020.91452262597,52.20627435678779,0.0,86.96697377442615,173453.53344702025
20210910,20210913,300290.SZ,sell,29500.0,7.006495,206691.6025,62.00748075,103.34580125000001,103.39749999999185,379979.78266502026
20210910,20210913,920000.BJ,sell,24800.0,9.763597583749108,242137.2200769779,72.64116602309336,121.06861003848894,121.12917462579207,621923.2929659366
20210910,20210913,920523.BJ,sell,11900.0,19.240786959304092,228965.3648157187,68.6896094447156,114.48268240785936,114.53995238404605,850705.4854898027
20210910,20210913,920553.BJ,sell,42200.0,6.499808120500514,274291.9026851217,82.2875708055365,137.14595134256083,137.2145586218685,1124777.9546527762
20210910,20210913,300437.SZ,buy,15000.0,14.388193229877217,215822.89844815826,64.74686953444747,0.0,107.85752046384732,908890.3093350835
20210910,20210913,600683.SH,buy,33700.0,6.817963609172482,229765.37362911264,68.92961208873379,0.0,114.82527417744859,679056.006093882
20210910,20210913,603351.SH,buy,8600.0,25.763765687322763,221568.38491097576,66.47051547329272,0.0,110.72882804146502,457421.150667433
20210910,20210913,603577.SH,buy,21400.0,10.646400288978493,227832.96618413975,68.34988985524191,0.0,113.85955331541481,229519.834593438
20210910,20210913,688550.SH,buy,5200.0,43.91910299003322,228379.33554817273,68.51380066445181,0.0,114.13260147333494,1071.9852446008008
20210917,20210922,600683.SH,sell,33700.0,6.8014188399088455,229207.8149049281,68.76234447147841,114.60390745246404,114.6612380714796,230096.43389760496
20210917,20210922,603351.SH,sell,8600.0,29.777953744595788,256090.4022035238,76.82712066105712,128.0452011017619,128.1092557295924,485981.96377936593
20210917,20210922,603577.SH,sell,21400.0,9.506986960125445,203449.52094668453,61.03485628400535,101.72476047334227,101.77564829750918,689268.7251092931
20210917,20210922,688550.SH,sell,5200.0,34.63581874006934,180106.25744836056,54.031877234508165,90.05312872418028,90.09817781308084,869230.897551695
20210917,20210922,000537.SZ,buy,21800.0,12.398935367872514,270296.79101962084,81.08903730588625,0.0,135.08085508225486,598853.0174947683
20210917,20210922,300281.SZ,buy,34600.0,6.849587803766945,236995.7380103363,71.09872140310088,0.0,118.43864968031994,361786.18076302885
20210917,20210922,300967.SZ,buy,11100.0,21.279284500389558,236200.0579543241,70.86001738629722,0.0,118.04100847290829,125515.26279131847
20210917,20210922,603079.SH,buy,6400.0,19.575,125280.0,37.583999999999996,0.0,62.60869565217581,197.67879131846712
20210924,20210927,000537.SZ,sell,21800.0,15.928231822304117,347235.4537262297,104.17063611786891,173.61772686311485,173.7045791526907,347155.3441545672
20210924,20210927,300281.SZ,sell,34600.0,6.305097653120534,218156.37879797045,65.44691363939113,109.07818939898523,109.13275577686727,565137.1978494993
20210924,20210927,300967.SZ,sell,11100.0,18.655792096805612,207079.2922745423,62.12378768236268,103.53964613727115,103.5914418581815,772050.8266902219
20210924,20210927,603079.SH,sell,6400.0,16.993672826086957,108759.50608695652,32.62785182608695,54.37975304347826,54.40695652173599,880723.3251723088
20210924,20210927,002153.SZ,buy,16700.0,14.235,237724.5,71.31734999999999,0.0,118.80284857569495,642927.5078223088
20210924,20210927,300472.SZ,buy,18600.0,13.70685,254947.40999999997,76.48422299999999,0.0,127.40999999997439,387903.6135993088
20210924,20210927,300542.SZ,buy,16600.0,16.09730935553074,267215.3353018103,80.16460059054307,0.0,133.54089720232878,120608.113696908
20210924,20210927,300892.SZ,buy,3100.0,38.15478636901241,118279.83774393848,35.48395132318154,0.0,59.11036369010981,2292.792001646332
20210924,20210927,600597.SH,buy,100.0,13.170188225607246,1317.0188225607246,5.0,0.0,0.6581803211197439,970.7731790856076
20210930,20211008,002153.SZ,sell,16700.0,14.187954947526238,236938.84762368817,71.08165428710645,118.46942381184408,118.52868815592956,237720.0697246748
20210930,20211008,300437.SZ,sell,15000.0,20.40186081514325,306027.9122271488,91.80837366814463,153.01395611357438,153.0905013642623,543503.1596220417
20210930,20211008,300472.SZ,sell,18600.0,16.67166,310092.876,93.0278628,155.046438,155.1240000000107,853347.9613212417
20210930,20211008,300542.SZ,sell,16600.0,13.353244217996943,221663.85401874926,66.49915620562477,110.83192700937464,110.88737069471972,1074834.484256776
20210930,20211008,300892.SZ,sell,3100.0,38.88888409225311,120555.54068598463,36.16666220579538,60.27777034299231,60.307924305147026,1195293.5805102119
20210930,20211008,600597.SH,sell,100.0,12.988824020360045,1298.8824020360046,5.0,0.6494412010180023,0.6497660840598201,1196586.813471047
20210930,20211008,002583.SZ,buy,43500.0,5.592795,243286.5825,72.98597475,0.0,121.58249999998952,953227.2449962969
20210930,20211008,002785.SZ,buy,9800.0,21.15057,207275.58599999998,62.18267579999999,0.0,103.58599999998114,745889.476320497
20210930,20211008,300830.SZ,buy,11400.0,16.855863390229544,192156.8426486168,57.64705279458503,0.0,96.03040612122277,553674.9866190857
20210930,20211008,600298.SH,buy,5900.0,46.325720657759504,273321.7518807811,81.99652556423432,0.0,136.59257965057623,280271.23821274034
20211008,20211011,002583.SZ,sell,43500.0,5.547225,241304.2875,72.39128625,120.65214375000001,120.71249999999418,521382.48228274036
20211008,20211011,002785.SZ,sell,9800.0,22.3888,219410.24,65.823072,109.70512,109.76000000000931,740617.1940907403
20211008,20211011,300830.SZ,sell,11400.0,14.294497204237787,162957.26812831077,48.887180438493225,81.47863406415539,81.5193937610311,903444.0964045484
20211008,20211011,600298.SH,sell,5900.0,46.35502261048304,273494.63340184995,82.04839002055498,136.74731670092498,136.8157245631446,1176719.9340996768
20211008,20211011,002701.SZ,buy,37300.0,6.2456576629213485,232963.0308269663,69.88890924808989,0.0,116.4233037615777,943687.0143634623
20211008,20211011,002930.SZ,buy,11700.0,18.517776134877188,216657.9807780631,64.99739423341892,0.0,108.27485296255327,726964.0361911658
20211008,20211011,300209.SZ,buy,53600.0,4.594301364475581,246254.55313589115,73.87636594076734,0.0,123.06574369606096,480635.6066893339
20211008,20211011,601199.SH,buy,54000.0,4.469800808314087,241369.2436489607,72.4107730946882,0.0,120.624309669598,239193.95226727854
20211008,20211011,920445.BJ,buy,16400.0,14.518559892599221,238104.38223862724,71.43131467158817,0.0,118.99269477193593,1018.1387139797152
20211015,20211018,002701.SZ,sell,37300.0,5.572194433805571,207842.8523809478,62.35285571428433,103.9214261904739,103.97341289688484,208694.71681302277
20211015,20211018,002930.SZ,sell,11700.0,18.41585408168209,215465.49275568046,64.63964782670413,107.73274637784023,107.78663969770423,423987.8371744987
20211015,20211018,300209.SZ,sell,53600.0,6.05110935405549,324339.46137737425,97.30183841321227,162.16973068868714,162.25085611676332,748067.826982771
20211015,20211018,601199.SH,sell,54000.0,3.7412251481072403,202026.157997791,60.60784739933729,101.0130789988955,101.06361080429633,949932.3640541638
20211015,20211018,920445.BJ,sell,16400.0,16.425868507499537,269384.2435229924,80.81527305689772,134.69212176149622,134.7595015122206,1219101.1001823377
20211015,20211018,000423.SZ,buy,7200.0,34.62760592273145,249318.7626436664,74.79562879309992,0.0,124.59708278041217,969707.5419098781
20211015,20211018,002105.SZ,buy,24700.0,9.797865234375,242007.27128906248,72.60218138671874,0.0,120.94316406248254,727627.6684394289
20211015,20211018,300662.SZ,buy,4100.0,57.21082949127906,234564.40091424412,70.36932027427324,0.0,117.223588662775,492992.8982049105
20211015,20211018,688357.SH,buy,2500.0,104.57620563380283,261440.51408450707,78.43215422535211,0.0,130.65492957746028,231473.95196617808
20211022,20211025,000423.SZ,sell,7200.0,37.38373490184071,269162.8912932531,80.74886738797592,134.58144564662655,134.64877003163565,500421.51294639654
20211022,20211025,002105.SZ,sell,24700.0,9.627301996527779,237794.35931423612,71.33830779427083,118.89717965711806,118.95665798609843,738025.6367731813
20211022,20211025,300662.SZ,sell,4100.0,53.63845805232558,219917.67801453487,65.97530340436046,109.95883900726744,110.01384593022522,957767.3806453045
20211022,20211025,688357.SH,sell,2500.0,111.37527042253521,278438.176056338,83.53145281690139,139.219088028169,139.28873239440145,1235982.8061607974
20211022,20211025,300444.SZ,buy,27400.0,8.64432,236854.36800000002,71.0563104,0.0,118.36799999998766,999057.3818503973
20211022,20211025,600536.SH,buy,8000.0,31.207280522005572,249658.24417604457,74.89747325281337,0.0,124.7667387186375,749324.2402011
20211022,20211025,603180.SH,buy,8000.0,30.170282582099162,241362.2606567933,72.40867819703799,0.0,120.62081991843297,507889.5708661097
20211022,20211025,605288.SH,buy,4400.0,59.06617820773929,259891.18411405288,77.96735523421586,0.0,129.88065173113137,247920.41939682257
20211022,20211025,688301.SH,buy,1400.0,164.52354841507176,230332.96778110045,69.09989033433013,0.0,115.10892942582723,17518.351725387794
20211029,20211101,300444.SZ,sell,27400.0,7.916040000000001,216899.496,65.0698488,108.44974800000001,108.50399999998626,234244.3281285878
20211029,20211101,600536.SH,sell,8000.0,30.443784420612815,243550.2753649025,73.06508260947075,121.77513768245126,121.83605571030057,477599.7632731984
20211029,20211101,603180.SH,sell,8000.0,26.265598557630398,210124.78846104318,63.037436538312946,105.06239423052159,105.11495170634589,687556.4519034728
20211029,20211101,605288.SH,sell,4400.0,63.804470128988456,280739.6685675492,84.22190057026475,140.3698342837746,140.44005431089317,968071.5287361679
20211029,20211101,688301.SH,sell,1400.0,162.23941387559807,227135.1794258373,68.14055382775118,113.56758971291865,113.6244019138685,1195025.0000184646
20211029,20211101,002815.SZ,buy,18400.0,13.019935466217635,239566.8125784045,71.87004377352135,0.0,119.72354451692081,955386.3173962866
20211029,20211101,300478.SZ,buy,24500.0,10.004999999999999,245122.49999999997,73.53674999999998,0.0,122.4999999999709,710190.2806462867
20211029,20211101,300643.SZ,buy,18800.0,12.222419346049044,229781.48370572203,68.9344451117166,0.0,114.8333251902659,480339.8624954529
20211029,20211101,600995.SH,buy,12000.0,20.233241052187005,242798.89262624405,72.83966778787321,0.0,121.33877692464739,237468.130201421
20211029,20211101,688536.SH,buy,400.0,515.652610441767,206261.0441767068,61.87831325301204,0.0,103.07898259704234,31145.207711461175
20211105,20211108,002815.SZ,sell,18400.0,15.04955838560303,276911.87429509574,83.07356228852872,138.45593714754787,138.52519974741153,307835.5525071208
20211105,20211108,300478.SZ,sell,24500.0,9.465265,231898.99250000002,69.56969775,115.94949625000001,116.00750000000698,539549.0258131209
20211105,20211108,300643.SZ,sell,18800.0,13.174674048670488,247683.87211500516,74.30516163450154,123.84193605750258,123.90388800148503,787034.750830434
20211105,20211108,600995.SH,sell,12000.0,18.104255956725616,217251.07148070738,65.17532144421222,108.6255357403537,108.67987567820819,1004112.0214539568
20211105,20211108,688536.SH,sell,400.0,529.5008467202142,211800.33868808567,63.540101606425694,105.90016934404284,105.95314591703936,1215742.919871092
20211105,20211108,000021.SZ,buy,15600.0,15.865391417910446,247500.10611940298,74.25003183582089,0.0,123.68820895522367,968168.5637198533
20211105,20211108,002164.SZ,buy,47000.0,5.252625,246873.375,74.0620125,0.0,123.375,721221.1267073533
20211105,20211108,300984.SZ,buy,11800.0,20.08912998803214,237051.73385877928,71.11552015763378,0.0,118.46663361255196,484098.27732841636
20211105,20211108,605218.SH,buy,16200.0,15.157778078484439,245556.00487144792,73.66680146143437,0.0,122.71664411365055,238468.605655507
20211105,20211108,688071.SH,buy,6100.0,38.6193,235577.73,70.67331899999999,0.0,117.73000000001048,2820.2023365070054
20211112,20211115,000021.SZ,sell,15600.0,15.398062381953867,240209.77315848033,72.06293194754409,120.10488657924016,120.16496906377142,242837.80767646054
20211112,20211115,002164.SZ,sell,47000.0,5.277360000000001,248035.92000000004,74.41077600000001,124.01796000000003,124.07999999995809,490675.29894046055
20211112,20211115,300984.SZ,sell,11800.0,20.397626483159517,240691.9925012823,72.20759775038469,120.34599625064115,120.40619935028371,731174.7378477418
20211112,20211115,605218.SH,sell,16200.0,15.24974614343708,247045.8875236807,74.1137662571042,123.52294376184035,123.58473612988018,978022.9886614035
20211112,20211115,688071.SH,sell,6100.0,48.905535,298323.7635,89.49712905,149.16188175,149.23649999999907,1276108.0931506036
20211112,20211115,300507.SZ,buy,40900.0,6.4664608781234625,264478.2499152496,79.34347497457487,0.0,132.17303843836999,1011550.4997603794
20211112,20211115,300640.SZ,buy,38700.0,6.589593693421847,255017.27593542548,76.50518278062763,0.0,127.44491550995735,756456.7186421733
20211112,20211115,300741.SZ,buy,5700.0,44.19793017944534,251928.20202283846,75.57846060685154,0.0,125.9011504361988,504452.938158728
20211112,20211115,688678.SH,buy,11600.0,21.4356221054745,248653.2164235042,74.59596492705126,0.0,124.26447597375955,255725.12577029676
20211112,20211115,688681.SH,buy,11500.0,21.67830361445783,249300.49156626503,74.7901474698795,0.0,124.5879518072179,6349.844056561851
20211119,20211122,300507.SZ,sell,40900.0,8.97221895674996,366963.7553310734,110.08912659932201,183.48187766553673,183.57366449770052,373020.0283833704
20211119,20211122,300640.SZ,sell,38700.0,5.924706653590827,229286.14749396502,68.7858442481895,114.64307374698251,114.70042395894416,602122.7469593402
20211119,20211122,300741.SZ,sell,5700.0,46.78298023973332,266662.98736647994,79.99889620994398,133.33149368323998,133.3981927796267,868572.403935927
20211119,20211122,688678.SH,sell,11600.0,22.249310149243744,258091.99773122743,77.42759931936823,129.0459988656137,129.11055414268048,1126457.9280689694
20211119,20211122,688681.SH,sell,11500.0,22.514038554216867,258911.44337349397,77.67343301204818,129.45572168674698,129.5204819276987,1385162.2422877646
20211119,20211122,000628.SZ,buy,28000.0,9.823116526882394,275047.26275270706,82.51417882581211,0.0,137.45490392437205,1110032.4653562317
20211119,20211122,300489.SZ,buy,10600.0,27.013499999999997,286343.1,85.90292999999998,0.0,143.09999999997672,823603.4624262317
20211119,20211122,603081.SH,buy,23000.0,11.98913919329588,275750.20144580526,82.72506043374158,0.0,137.8061976240715,547770.5359199927
20211119,20211122,603916.SH,buy,13800.0,20.017323421768207,276239.06322040124,82.87171896612037,0.0,138.05050635698717,271448.6009806254
20211119,20211122,603928.SH,buy,28900.0,9.341669079328312,269974.23639258824,80.99227091777647,0.0,134.9196583671146,1393.3723171193851
20211126,20211129,000628.SZ,sell,28000.0,10.259357333980097,287262.0053514427,86.17860160543282,143.63100267572136,143.70285410276847,288425.56806428096
20211126,20211129,300489.SZ,sell,10600.0,28.32583,300253.798,90.07613939999999,150.126899,150.20199999999022,588439.1630258809
20211126,20211129,603081.SH,sell,23000.0,11.277690132608894,259386.87305000456,77.81606191500136,129.69343652500228,129.75831568281865,847618.5265774454
20211126,20211129,603916.SH,sell,13800.0,19.354645020945107,267094.10128904245,80.12823038671273,133.54705064452122,133.61385757330572,1114498.9525854567
20211126,20211129,603928.SH,sell,28900.0,10.182611223701988,294277.46436498745,88.28323930949622,147.13873218249373,147.21233835164458,1408540.9949789522
20211126,20211129,300130.SZ,buy,27600.0,10.527418709218175,290556.75637442165,87.16702691232649,0.0,145.20577529957518,1117897.0715776184
20211126,20211129,300469.SZ,buy,15900.0,17.50875,278389.125,83.51673749999999,0.0,139.125,839424.4298401184
20211126,20211129,300980.SZ,buy,9700.0,29.288372760313713,284097.215775043,85.2291647325129,0.0,141.9776190779521,555241.9849003429
20211126,20211129,601368.SH,buy,53000.0,5.257028039507037,278622.4860938729,83.58674582816187,0.0,139.2416222358006,276535.9120606418
20211126,20211129,603123.SH,buy,35000.0,7.8137171928327644,273480.10174914676,82.04403052474402,0.0,136.6717150170589,2973.7662809703033
20211203,20211206,300130.SZ,sell,27600.0,12.244805842923242,337956.6412646815,101.38699237940443,168.97832063234074,169.06285205832683,340660.04223264003
20211203,20211206,300469.SZ,sell,15900.0,17.341325,275727.0675,82.71812025,137.86353375000002,137.93249999999534,616166.5280786401
20211203,20211206,300980.SZ,sell,9700.0,27.213320155582483,263969.2055091501,79.19076165274502,131.98460275457506,132.05062806856586,879924.5582233829
20211203,20211206,601368.SH,sell,53000.0,5.117604239139936,271233.02467441664,81.36990740232498,135.61651233720832,135.68435451440746,1150940.59647806
20211203,20211206,603123.SH,sell,35000.0,7.3087158276450515,255805.0539675768,76.74151619027303,127.9025269837884,127.96651023888262,1406541.0064024627
20211203,20211206,002708.SZ,buy,37700.0,7.4037,279119.49,83.73584699999999,0.0,139.4899999999907,1127337.7805554627
20211203,20211206,300857.SZ,buy,12300.0,23.11449534768796,284308.2927765619,85.29248783296858,0.0,142.0831048358814,842944.1952910678
20211203,20211206,301003.SZ,buy,8800.0,32.07312998550218,282243.54387241916,84.67306316172574,0.0,141.05124631308718,560615.9783554869
20211203,20211206,600717.SH,buy,71400.0,4.0110805019122235,286391.14783653273,85.91734435095981,0.0,143.12401191226672,274138.9131746032
20211203,20211206,600847.SH,buy,16600.0,16.418205,272542.203,81.76266089999999,0.0,136.2029999999795,1514.9475137031986
20211210,20211213,002708.SZ,sell,37700.0,7.196400000000001,271304.28,81.391284,135.65214,135.71999999997206,272602.1840897032
20211210,20211213,300857.SZ,sell,12300.0,23.692362506177197,291416.05882597953,87.42481764779386,145.70802941298976,145.78091987292282,563785.1100686219
20211210,20211213,301003.SZ,sell,8800.0,29.06027137429386,255730.38809378596,76.71911642813578,127.86519404689298,127.92915862618247,819310.9138519329
20211210,20211213,600717.SH,sell,71400.0,3.833248692859213,273693.9566701478,82.10818700104433,136.84697833507389,136.91543605312472,1092785.9153567445
20211210,20211213,600847.SH,sell,16600.0,17.89105,296991.43,89.09742899999999,148.495715,148.57000000000698,1389539.7522127444
20211210,20211213,002275.SZ,buy,20600.0,12.947204518213315,266712.4130751943,80.01372392255828,0.0,133.28956175671192,1122747.3254136276
20211210,20211213,002864.SZ,buy,10000.0,27.03393744993324,270339.3744993324,81.10181234979972,0.0,135.10213618155103,852326.8491019453
20211210,20211213,300426.SZ,buy,34300.0,8.274135,283802.8305,85.14084915,0.0,141.83049999998184,568438.8777527953
20211210,20211213,600698.SH,buy,53700.0,5.3126549999999995,285289.5735,85.58687205,0.0,142.5734999999986,283063.71738074534
20211210,20211213,603335.SH,buy,34200.0,8.195587075144509,280289.0779699422,84.08672339098264,0.0,140.07450173411053,2690.552687412186
20211217,20211220,002275.SZ,sell,20600.0,12.934263784062178,266445.83395168086,79.93375018550425,133.22291697584043,133.28956175671192,268923.2299719317
20211217,20211220,002864.SZ,sell,10000.0,26.599777570093458,265997.7757009346,79.79933271028037,132.9988878504673,133.0654205607716,534708.2074523056
20211217,20211220,300426.SZ,sell,34300.0,8.5957,294832.51,88.449753,147.416255,147.4899999999907,829304.8514443056
20211217,20211220,600698.SH,sell,53700.0,6.91654,371418.19800000003,111.4254594,185.709099,185.80199999996694,1200425.9148859056
20211217,20211220,603335.SH,sell,34200.0,7.988188878612716,273196.0596485549,81.95881789456647,136.59802982427746,136.6663630057592,1473403.4176867416
20211217,20211220,000514.SZ,buy,67100.0,4.277161754955686,286997.5537575265,86.09926612725795,0.0,143.42706334701506,1186319.7646630877
20211217,20211220,002357.SZ,buy,37000.0,8.034722446608388,297284.7305245104,89.18541915735311,0.0,148.56808122160146,888945.8487194199
20211217,20211220,300120.SZ,buy,26600.0,11.223067841705607,298533.60458936915,89.56008137681074,0.0,149.1922061915975,590322.684048674
20211217,20211220,300250.SZ,buy,20200.0,14.607299999999999,295067.45999999996,88.52023799999998,0.0,147.45999999996275,295166.70381067396
20211217,20211220,300650.SZ,buy,15400.0,19.064645669291338,293595.54330708657,88.07866299212596,0.0,146.7244094487396,1483.0818405952887
20211224,20211227,000514.SZ,sell,67100.0,3.8880308819881377,260886.87218140403,78.26606165442121,130.44343609070202,130.508690435905,262161.24452425423
20211224,20211227,002357.SZ,sell,37000.0,6.2185335288259385,230085.74056655972,69.0257221699679,115.04287028327987,115.10042049351614,492062.9164983607
20211224,20211227,300120.SZ,sell,26600.0,8.82846323306075,234837.12199941595,70.45113659982478,117.41856099970798,117.47729964950122,726712.168800177
20211224,20211227,300250.SZ,sell,20200.0,12.283854999999999,248133.87099999998,74.44016129999999,124.0669355,124.12899999998626,974647.5327033771
20211224,20211227,300650.SZ,sell,15400.0,17.56811443569554,270548.9623097113,81.16468869291339,135.27448115485566,135.34215223096544,1244980.0558432406
20211224,20211227,000032.SZ,buy,11600.0,21.100913396151043,244770.5953953521,73.43117861860563,0.0,122.32413562986767,1000136.0292692699
20211224,20211227,002775.SZ,buy,54100.0,4.402200000000001,238159.02000000002,71.447706,0.0,119.01999999998952,761905.5615632699
20211224,20211227,300026.SZ,buy,48400.0,5.338876573289903,258401.6261472313,77.52048784416938,0.0,129.13624495113618,503426.4149281945
20211224,20211227,300436.SZ,buy,5800.0,42.21109499999999,244824.35099999997,73.44730529999998,0.0,122.350999999966,258528.6166228945
20211224,20211227,600255.SH,buy,101800.0,2.511255,255645.759,76.6937277,0.0,127.75900000002002,2806.163895194506
20211231,20220104,000032.SZ,sell,11600.0,20.28786307188007,235339.21163380882,70.60176349014264,117.66960581690441,117.72847005192307,237957.10415969626
20211231,20220104,002775.SZ,sell,54100.0,4.327835,234135.87350000002,70.24076205,117.06793675000002,117.12649999998393,471905.66896089626
20211231,20220104,300026.SZ,sell,48400.0,8.005168052117265,387450.1337224756,116.23504011674267,193.72506686123782,193.82197785010794,859045.8425763939
20211231,20220104,300436.SZ,sell,5800.0,48.475750000000005,281159.35000000003,84.34780500000001,140.579675,140.64999999996508,1139980.2650963939
20211231,20220104,600255.SH,sell,101800.0,3.49825,356121.85000000003,106.836555,178.06092500000003,178.14999999996508,1495817.217616394
20211231,20220104,300025.SZ,buy,61800.0,4.962479999999999,306681.26399999997,92.00437919999999,0.0,153.26399999996647,1189043.949237194
20211231,20220104,301043.SZ,buy,8500.0,36.126651583710405,307076.53846153844,92.12296153846152,0.0,153.46153846150264,881875.287814117
20211231,20220104,600981.SH,buy,78100.0,3.7356156910697376,291751.5854725465,87.52547564176395,0.0,145.8028912906302,590036.1768659288
20211231,20220104,920021.BJ,buy,53700.0,5.618330992184108,301704.3742802866,90.51131228408597,0.0,150.77679874078603,288241.2912733581
20220107,20220110,300025.SZ,sell,61800.0,4.5977,284137.86,85.24135799999999,142.06893,142.14000000001397,572151.840985358
20220107,20220110,301043.SZ,sell,8500.0,32.33676470588235,274862.5,82.45875,137.43125,137.5,846794.450985358
20220107,20220110,600981.SH,sell,78100.0,3.122995941148628,243905.98300370784,73.17179490111235,121.95299150185392,122.0139985010901,1090505.309202663
20220107,20220110,920021.BJ,sell,53700.0,6.435268598024317,345573.9237139058,103.67217711417173,172.7869618569529,172.8733985561994,1435802.7737775976
20220107,20220110,002952.SZ,buy,18100.0,15.712981911663492,284404.9726011092,85.32149178033275,0.0,142.1314205902163,1151312.4796847082
20220107,20220110,300939.SZ,buy,8000.0,37.248758911819884,297990.07129455905,89.3970213883677,0.0,148.92057535954518,853233.0113687608
20220107,20220110,300981.SZ,buy,9800.0,29.85085338660949,292538.363188773,87.76150895663189,0.0,146.19608355255332,560606.8866710312
20220107,20220110,603856.SH,buy,21300.0,13.138896540796585,279858.49631896726,83.95754889569017,0.0,139.85931850021007,280664.4328031683
20220107,20220110,605069.SH,buy,12600.0,22.014036418816385,277376.85887708643,83.21305766312592,0.0,138.6191198785673,3204.360868418764
20220114,20220117,002952.SZ,sell,18100.0,18.404363515647137,333118.9796332132,99.93569388996394,166.5594898166066,166.64281122217653,336056.8453179254
20220114,20220117,300939.SZ,sell,8000.0,35.88074358661664,287045.94869293313,86.11378460787994,143.52297434646658,143.59477173228515,622873.1572519041
20220114,20220117,300981.SZ,sell,9800.0,33.0503606178735,323893.5340551603,97.16806021654808,161.94676702758017,162.0277809180552,946507.5764798203
20220114,20220117,603856.SH,sell,21300.0,13.622313463206353,290155.2767662953,87.04658302988858,145.07763838314767,145.15021348989103,1236430.7290247027
20220114,20220117,605069.SH,sell,12600.0,17.131035660091044,215851.04931714715,64.75531479514414,107.92552465857358,107.97951441578334,1452109.097502396
20220114,20220117,000419.SZ,buy,63000.0,4.695467634413738,295814.4609680655,88.74433829041963,0.0,147.83331382705364,1156205.8921960401
20220114,20220117,300149.SZ,buy,17100.0,17.50875,299399.625,89.8198875,0.0,149.625,856716.4473085401
20220114,20220117,300268.SZ,buy,12400.0,22.13106,274425.14400000003,82.32754320000001,0.0,137.14400000002934,582208.97576534
20220114,20220117,688180.SH,buy,3400.0,80.03999999999999,272136.0,81.6408,0.0,136.0,309991.33496534004
20220114,20220117,688221.SH,buy,13800.0,22.011,303751.8,91.12553999999999,0.0,151.79999999998836,6148.409425340069
20220121,20220124,000419.SZ,sell,63000.0,4.449074299866243,280291.6808915733,84.08750426747199,140.14584044578666,140.21594841999467,286215.85697220016
20220121,20220124,300149.SZ,sell,17100.0,13.703145000000001,234323.7795,70.29713385,117.16188975,117.22050000002491,520352.1774486002
20220121,20220124,300268.SZ,sell,12400.0,18.7906,233003.44,69.901032,116.50172,116.55999999999767,753169.2146966002
20220121,20220124,688180.SH,sell,3400.0,72.36380000000001,246036.92000000004,73.811076,123.01846000000002,123.0799999999872,999009.3051606002
20220121,20220124,688221.SH,sell,13800.0,19.470260000000003,268689.58800000005,80.6068764,134.34479400000004,134.41199999995297,1267483.9414902003
20220121,20220124,002419.SZ,buy,31200.0,8.076302420174901,251980.63550945692,75.59419065283707,0.0,125.92735407766304,1015427.7117900907
20220121,20220124,002530.SZ,buy,20300.0,12.716355,258142.0065,77.44260195,0.0,129.0064999999595,757208.2626881406
20220121,20220124,300380.SZ,buy,12200.0,21.43382937083212,261492.71832415188,78.44781549724556,0.0,130.68101865271456,495637.0965484915
20220121,20220124,603958.SH,buy,31800.0,8.34417,265344.606,79.60338180000001,0.0,132.60600000002887,230212.88716669148
20220121,20220124,920799.BJ,buy,21600.0,10.600568357818924,228972.27652888876,68.69168295866662,0.0,114.42892380256671,1171.9189548440627
20220128,20220207,002419.SZ,sell,31200.0,6.463857950873387,201672.36806724968,60.5017104201749,100.83618403362485,100.88662734726677,202682.94912763993
20220128,20220207,002530.SZ,sell,20300.0,10.1949,206956.47,62.086940999999996,103.478235,103.52999999999884,409473.85395163996
20220128,20220207,300380.SZ,sell,12200.0,18.763243432879097,228911.56988112497,68.67347096433748,114.4557849405625,114.51304146129405,638202.29457686
20220128,20220207,603958.SH,sell,31800.0,6.146925,195472.21500000003,58.641664500000005,97.73610750000002,97.78499999997439,833518.1318048601
20220128,20220207,920799.BJ,sell,21600.0,9.18835900203958,198468.55444405493,59.540566333216475,99.23427722202747,99.28391918161651,1031827.9114053597
20220128,20220207,002531.SZ,buy,9500.0,19.8649963840399,188717.46564837906,56.61523969451371,0.0,94.31157703566714,843053.8305172862
20220128,20220207,300150.SZ,buy,43600.0,5.071205011406056,221104.53849730402,66.3313615491912,0.0,110.49702073825756,621882.960658433
20220128,20220207,300921.SZ,buy,7800.0,22.88079262257955,178470.18245612047,53.54105473683614,0.0,89.1904959800595,443359.2371475757
20220128,20220207,603095.SH,buy,17200.0,11.724758315416718,201665.84302516756,60.49975290755026,0.0,100.78253024746664,241632.8943695006
20220128,20220207,603112.SH,buy,18400.0,13.030365137614677,239758.71853211004,71.92761555963301,0.0,119.81944954124629,1802.2482218309306
20220211,20220214,002531.SZ,sell,9500.0,17.997252970833785,170973.90322292096,51.292170966876284,85.48695161146048,85.52971646966762,172639.37232217353
20220211,20220214,300150.SZ,sell,43600.0,4.957080568228951,216128.71277478227,64.83861383243467,108.06435638739113,108.1184155951778,388595.182126736
20220211,20220214,300921.SZ,sell,7800.0,18.616531640433323,145208.94679537992,43.56268403861397,72.60447339768996,72.64079379459145,533687.9617646795
20220211,20220214,603095.SH,sell,17200.0,11.402988373171452,196131.40001854897,58.83942000556468,98.0657000092745,98.11475738795707,729662.4566632137
20220211,20220214,603112.SH,sell,18400.0,12.881932047742051,237027.54967845374,71.10826490353611,118.51377483922687,118.57306136988336,966500.3843019246
20220211,20220214,000856.SZ,buy,13900.0,12.8064,178008.96,53.40268799999999,0.0,88.95999999999185,788438.0216139246
20220211,20220214,002037.SZ,buy,12100.0,17.9214316985875,216849.32355290875,65.05479706587262,0.0,108.3704765381699,571523.64326395
20220211,20220214,300334.SZ,buy,19100.0,10.06503,192242.073,57.672621899999996,0.0,96.07300000000396,379223.89764205
20220211,20220214,600228.SH,buy,22300.0,8.974485,200131.01549999998,60.03930464999999,0.0,100.01549999997951,179032.8428374
20220211,20220214,600939.SH,buy,30500.0,5.858364818763326,178680.12697228146,53.60403809168444,0.0,89.29541577823693,299.1118270268489
20220218,20220221,000856.SZ,sell,13900.0,11.69415,162548.685,48.764605499999995,81.2743425,81.31500000000233,162717.75787902685
20220218,20220221,002037.SZ,sell,12100.0,15.80366232702897,191224.31415705054,57.367294247115154,95.61215707852527,95.6599870720529,353789.0925847518
20220218,20220221,300334.SZ,sell,19100.0,10.014990000000001,191286.309,57.3858927,95.64315450000001,95.69099999999162,544922.3725375518
20220218,20220221,600228.SH,sell,22300.0,8.105945,180762.5735,54.228772049999996,90.38128675,90.4265000000014,725540.3359787518
20220218,20220221,600939.SH,sell,30500.0,5.61723262260128,171325.59498933904,51.3976784968017,85.66279749466952,85.70565031984006,896728.8704920993
20220218,20220221,000826.SZ,buy,36800.0,5.052524999999999,185932.91999999998,55.77987599999999,0.0,92.9199999999837,710740.1706160994
20220218,20220221,002489.SZ,buy,44500.0,4.051279815260521,180281.95177909322,54.08458553372796,0.0,90.09592792560579,530404.1342514724
20220218,20220221,002758.SZ,buy,15000.0,11.867517720916528,178012.76581374792,53.40382974412437,0.0,88.9619019558886,352337.9646079804
20220218,20220221,600232.SH,buy,32500.0,5.296850345186728,172147.63621856866,51.644290865570596,0.0,86.03080270791543,180138.68409854616
20220218,20220221,603679.SH,buy,10300.0,17.474866585535466,179991.1258310153,53.997337749304585,0.0,89.95058762168628,93.56092978155357
20220225,20220228,000826.SZ,sell,36800.0,4.6176900000000005,169930.99200000003,50.9792976,84.96549600000002,85.00799999997253,169888.6081361816
20220225,20220228,002489.SZ,sell,44500.0,3.599700257757107,160186.66147019126,48.055998441057376,80.09333073509563,80.13339743379038,329947.1202771967
20220225,20220228,600232.SH,sell,32500.0,5.1695103660169615,168009.08689555124,50.402726068665366,84.00454344777562,84.04656673115096,497821.7999032315
20220225,20220228,603679.SH,sell,10300.0,14.676051905424204,151163.3346258693,45.34900038776078,75.58166731293464,75.61947705145576,648864.2038614
20220225,20220228,002207.SZ,buy,22600.0,7.44372,168228.072,50.46842159999999,0.0,84.07199999998556,480585.66343980003
20220225,20220228,002388.SZ,buy,28200.0,5.90295,166463.19,49.938956999999995,0.0,83.19000000000233,314072.53448280005
20220225,20220228,300157.SZ,buy,29100.0,6.1930950000000005,180219.0645,54.065719349999995,0.0,90.06450000000768,133799.40426345004
20220225,20220228,600768.SH,buy,12400.0,10.71756676200867,132897.8278489075,39.86934835467225,0.0,66.41570607139147,861.7070661878679
20220304,20220307,002207.SZ,sell,22600.0,12.49375,282358.75,84.707625,141.179375,141.25,282994.5700661879
20220304,20220307,002388.SZ,sell,28200.0,5.607195000000001,158122.89900000003,47.4368697,79.06144950000002,79.100999999966,440990.9707469879
20220304,20220307,002758.SZ,sell,15000.0,15.188105069918182,227821.57604877272,68.34647281463181,113.91078802438636,113.9677719103347,668630.2895349216
20220304,20220307,300157.SZ,sell,29100.0,5.887055,171313.3005,51.39399015,85.65665025000001,85.69949999998789,839806.5393945216
20220304,20220307,600768.SH,sell,12400.0,11.218579217409253,139110.38229587473,41.73311468876241,69.55519114793736,69.58998614101438,978805.6333845597
20220304,20220307,000881.SZ,buy,19300.0,9.930996569802277,191668.23379718393,57.500470139155176,0.0,95.78622378667933,787079.8991172366
20220304,20220307,001202.SZ,buy,13600.0,14.331738134440547,194911.63862839143,58.473491588517426,0.0,97.40711575630121,592109.7869972567
20220304,20220307,300583.SZ,buy,11800.0,17.09867087532049,201764.31632878177,60.529294898634525,0.0,100.83174229320139,390284.9413735763
20220304,20220307,300966.SZ,buy,3700.0,51.38750994035785,190133.78677932406,57.04013603379721,0.0,95.01938369779964,200094.11445821845
20220304,20220307,600833.SH,buy,17600.0,11.13306582572614,195941.95853278006,58.78258755983401,0.0,97.92201825723168,4093.3733378785546
20220311,20220314,000881.SZ,sell,19300.0,9.128177786099462,176173.83127171962,52.85214938151588,88.08691563585981,88.13098112639273,180126.26554458082
20220311,20220314,001202.SZ,sell,13600.0,12.700354356074165,172724.81924260865,51.81744577278259,86.36240962130432,86.40561242750846,352712.9049317954
20220311,20220314,300583.SZ,sell,11800.0,16.50918210005366,194808.34878063318,58.44250463418995,97.4041743903166,97.45290084075532,547365.4070334041
20220311,20220314,300966.SZ,sell,3700.0,47.70973161033798,176526.00695825054,52.95780208747516,88.26300347912527,88.3071570576285,723750.193186088
20220311,20220314,600833.SH,sell,17600.0,11.169549360995852,196584.06875352698,58.97522062605809,98.2920343767635,98.34120497925323,920176.9946846121
20220311,20220314,002053.SZ,buy,12900.0,13.553490130537977,174840.0226839399,52.452006805181966,0.0,87.37632318036049,745284.519993867
20220311,20220314,002848.SZ,buy,18000.0,10.735365,193236.57,57.970971,0.0,96.57000000000698,551989.979022867
20220311,20220314,300245.SZ,buy,13000.0,13.334180306447658,173344.34398381956,52.00330319514586,0.0,86.62885756313335,378593.63173585234
20220311,20220314,600818.SH,buy,8400.0,21.940349457554827,184298.93544346056,55.28968063303817,0.0,92.10341601373511,194239.40661175875
20220318,20220321,002053.SZ,sell,12900.0,17.989734810126585,232067.57905063295,69.62027371518988,116.03378952531648,116.09183544301777,426121.33159915125
20220318,20220321,002848.SZ,sell,18000.0,10.374810000000002,186746.58000000005,56.02397400000001,93.37329000000003,93.4199999999546,612718.5143351513
20220318,20220321,300245.SZ,sell,13000.0,12.494521861975976,162428.7842056877,48.7286352617063,81.21439210284385,81.25501961263944,775017.3555134744
20220318,20220321,600818.SH,sell,8400.0,23.372345257081925,196327.70015948816,58.898310047846444,98.16385007974408,98.21295655803988,971187.993512835
20220318,20220321,300074.SZ,buy,33900.0,5.50275,186543.225,55.9629675,0.0,93.22500000000582,784588.8055453349
20220318,20220321,300267.SZ,buy,45200.0,4.59934786143716,207890.52333695962,62.36715700108788,0.0,103.89331501096603,576635.9150513742
20220318,20220321,300576.SZ,buy,9600.0,19.465445084478052,186868.2728109893,56.060481843296785,0.0,93.3874426841212,389711.58175854164
20220318,20220321,603636.SH,buy,11500.0,17.378417840519354,199851.80516597256,59.95554154979176,0.0,99.87596460068016,189799.82105101927
20220325,20220328,300074.SZ,sell,33900.0,4.6476750000000004,157556.18250000002,47.26685475,78.77809125000002,78.81749999997555,347229.9586050193
20220325,20220328,300267.SZ,sell,45200.0,4.168944163565227,188436.27619314825,56.53088285794447,94.21813809657412,94.26527073190664,535515.485777213
20220325,20220328,300576.SZ,sell,9600.0,18.733786416503136,179844.3495984301,53.95330487952902,89.92217479921506,89.96715837842203,715215.9598959644
20220325,20220328,603636.SH,sell,11500.0,14.026157510615715,161300.81137208073,48.39024341162421,80.65040568604037,80.69075106154196,876387.7306189474
20220325,20220328,002020.SZ,buy,17900.0,10.260071372863948,183655.27757426468,55.096583272279396,0.0,91.78174791316269,692677.3564614104
20220325,20220328,002060.SZ,buy,22100.0,7.873626948397168,174007.1555595774,52.202146667873215,0.0,86.96009773088736,518617.99875516514
20220325,20220328,300464.SZ,buy,21800.0,7.813904999999999,170343.129,51.10293869999999,0.0,85.12899999998626,348223.7668164652
20220325,20220328,600067.SH,buy,40900.0,4.355239490215028,178129.29514979463,53.43878854493838,0.0,89.02013750612969,170041.0328781256
20220325,20220328,603188.SH,buy,33200.0,5.112555,169736.826,50.9210478,0.0,84.82600000000093,253.28583032562165
20220401,20220406,002020.SZ,sell,17900.0,8.511490795580025,152355.68524088245,45.70670557226473,76.17784262044123,76.21595059573883,152487.08652301537
20220401,20220406,002060.SZ,sell,22100.0,8.259045119109564,182524.89713232135,54.7574691396964,91.26244856616067,91.30810261747683,334865.96373763087
20220401,20220406,300464.SZ,sell,21800.0,7.13643,155574.174,46.672252199999996,77.787087,77.82600000000093,490315.6783984309
20220401,20220406,600067.SH,sell,40900.0,3.93073645037532,160767.1208203506,48.230136246105175,80.3835604101753,80.42377229631529,650954.1855221252
20220401,20220406,603188.SH,sell,33200.0,5.167415,171558.178,51.4674534,85.77908900000001,85.82199999998556,822375.1169797252
20220401,20220406,002205.SZ,buy,13900.0,11.30027403708987,157073.8091155492,47.122142734664756,0.0,78.49765572990873,665254.1857214413
20220401,20220406,300299.SZ,buy,20000.0,7.713855,154277.1,46.28313,0.0,77.10000000000582,510930.8025914413
20220401,20220406,300575.SZ,buy,16700.0,10.068006772813687,168135.71310598857,50.440713931796566,0.0,84.02584363115602,342744.64877152094
20220401,20220406,688385.SH,buy,3100.0,52.422744864543006,162510.5090800833,48.75315272402499,0.0,81.21464721640223,180185.3865387136
20220401,20220406,920405.BJ,buy,14500.0,12.109415864182088,175586.53003064028,52.67595900919208,0.0,87.7493903201539,4546.180549064127
20220408,20220411,002205.SZ,sell,13900.0,16.823576395625295,233847.7118991916,70.15431356975748,116.9238559495958,116.98234712315025,238206.8142787364
20220408,20220411,300299.SZ,sell,20000.0,7.996,159920.0,47.976,79.96000000000001,80.0,397998.8782787364
20220408,20220411,300575.SZ,sell,16700.0,11.063738177281369,184764.42756059885,55.42932826817965,92.38221378029942,92.42842799428036,582615.4942972867
20220408,20220411,688385.SH,sell,3100.0,49.39476034534087,153123.7570705567,45.937127121167,76.56187853527835,76.60017862459063,735616.752362187
20220408,20220411,920405.BJ,sell,14500.0,11.0504296875,160231.23046875,48.06936914062499,80.115615234375,80.15569308091654,895719.797846562
20220408,20220411,000582.SZ,buy,22600.0,8.160709612986027,184432.03725348422,55.32961117604526,0.0,92.16993365989765,711232.4309819017
20220408,20220411,000797.SZ,buy,36900.0,5.099043711589114,188154.7129576383,56.446413887291484,0.0,94.03034130812739,523021.27161037613
20220408,20220411,002989.SZ,buy,9400.0,18.81754236702127,176884.89824999994,53.06546947499998,0.0,88.39824999996927,346083.3078909012
20220408,20220411,003037.SZ,buy,13600.0,12.802251655629137,174110.62251655626,52.23318675496687,0.0,87.01180535560707,171920.45218758998
20220408,20220411,605287.SH,buy,7900.0,21.595529870491575,170604.68597688345,51.18140579306503,0.0,85.2597131318762,1264.5848049134656
20220415,20220418,000797.SZ,sell,36900.0,3.6894025468247005,136138.95397783144,40.841686193349425,68.06947698891572,68.10352875330136,137294.62761956264
20220415,20220418,002989.SZ,sell,9400.0,14.704650075987841,138223.7107142857,41.4671132142857,69.11185535714286,69.1464285714319,275407.7593652769
20220415,20220418,003037.SZ,sell,13600.0,12.760388856896055,173541.28845378634,52.0623865361359,86.77064422689317,86.81405125252786,448810.2147883002
20220415,20220418,605287.SH,sell,7900.0,17.530570254839162,138491.50501322938,41.54745150396881,69.24575250661469,69.28039270295994,587190.926597519
20220415,20220418,000968.SZ,buy,17700.0,9.082039758975393,160752.10373386444,48.22563112015933,0.0,80.3358839249413,426390.5972325344
20220415,20220418,300991.SZ,buy,7000.0,20.2291903800257,141604.3326601799,42.48129979805397,0.0,70.76678293861914,284743.7832725564
20220415,20220418,600725.SH,buy,32300.0,4.50225,145422.675,43.62680249999999,0.0,72.67499999998836,139277.4814700564
20220415,20220418,600758.SH,buy,31700.0,4.3824984271783585,138925.20014155397,41.67756004246619,0.0,69.4278861277271,310.6037684599578
20220422,20220425,000582.SZ,sell,22600.0,6.927417947976356,156559.64562426566,46.96789368727969,78.27982281213283,78.31898230328807,156745.0016762262
20220422,20220425,000968.SZ,sell,17700.0,11.298225632815653,199978.59370083705,59.99357811025111,99.98929685041853,100.03931650865707,356563.6125021026
20220422,20220425,300991.SZ,sell,7000.0,15.291291842604492,107039.04289823145,32.11171286946943,53.51952144911572,53.546294596395455,463517.0241660155
20220422,20220425,600725.SH,sell,32300.0,3.5982000000000003,116221.86000000002,34.866558000000005,58.11093000000001,58.139999999984866,579645.9066780155
20220422,20220425,600758.SH,sell,31700.0,4.086243577644963,129533.92141134532,38.860176423403594,64.76696070567266,64.79936038584856,709076.2009522318
20220422,20220425,000839.SZ,buy,53100.0,2.64132,140254.092,42.076227599999996,0.0,70.09200000000419,568780.0327246317
20220422,20220425,300952.SZ,buy,6900.0,19.326750431613274,133354.5779781316,40.006373393439475,0.0,66.64396700556972,435385.44837310666
20220422,20220425,301066.SZ,buy,9900.0,15.151266043526787,149997.5338309152,44.999260149274555,0.0,74.96128627232974,285342.9152820422
20220422,20220425,301088.SZ,buy,6500.0,23.18036000712885,150672.34004633754,45.20170201390126,0.0,75.29852076279349,134625.37353369073
20220422,20220425,605189.SH,buy,8600.0,15.499555680317037,133296.17885072652,39.98885365521795,0.0,66.61478203433217,1289.2058293089794
20220429,20220505,300952.SZ,sell,6900.0,16.4016646220986,113171.48589248034,33.9514457677441,56.585742946240174,56.61404997122008,114370.15453307534
20220429,20220505,301066.SZ,sell,9900.0,13.15608607700893,130245.2521623884,39.07357564871651,65.1226260811942,65.15520368303987,244511.21049373382
20220429,20220505,301088.SZ,sell,6500.0,15.773609873462842,102528.46417750847,30.75853925325254,51.26423208875424,51.289877027258626,346957.6518999003
20220429,20220505,605189.SH,sell,8600.0,11.849422391017173,101905.03256274769,30.571509768824303,50.952516281373846,50.97800528402149,448781.16043659777
20220429,20220505,000553.SZ,buy,14000.0,9.113299032985287,127586.18646179402,38.2758559385382,0.0,63.76121262458037,321156.6981188652
20220429,20220505,002304.SZ,buy,900.0,134.1961555987004,120776.54003883035,36.2329620116491,0.0,60.3580909739394,200343.92511802318
20220429,20220505,002693.SZ,buy,17900.0,6.5032499999999995,116408.17499999999,34.92245249999999,0.0,58.17499999998836,83900.82766552319
20220429,20220505,600370.SH,buy,29400.0,2.8508386905563787,83814.65750235753,25.144397250707257,0.0,41.88638555839134,61.02576591495017
20220506,20220509,000553.SZ,sell,14000.0,9.880285198149027,138323.99277408636,41.49719783222591,69.16199638704319,69.19659468438476,138274.35934578208
20220506,20220509,000839.SZ,sell,53100.0,2.7986,148605.66,44.581697999999996,74.30283,74.33999999999651,286761.1348177821
20220506,20220509,002304.SZ,sell,900.0,128.1310545754418,115317.94911789762,34.59538473536928,57.658974558948806,57.68781846817001,401986.8295763854
20220506,20220509,002693.SZ,sell,17900.0,7.31634,130962.486,39.2887458,65.481243,65.51399999999558,532844.5455875854
20220506,20220509,600370.SH,sell,29400.0,3.3321474535901925,97965.13513555165,29.389540540665493,48.982567567775824,49.007071103333146,630731.3086150286
20220506,20220509,002085.SZ,buy,25700.0,4.2275611847389545,108648.32244779113,32.59449673433733,0.0,54.297012717521284,522050.3916705032
20220506,20220509,002315.SZ,buy,8100.0,14.257530608108103,115485.99792567563,34.64579937770269,0.0,57.71414189187635,406529.74794544984
20220506,20220509,301001.SZ,buy,4100.0,35.68557046979866,146310.8389261745,43.89325167785235,0.0,73.11886003304971,260175.01576759748
20220506,20220509,601975.SH,buy,54300.0,2.2011000000000003,119519.73000000001,35.855919,0.0,59.729999999995925,140619.42984859747
20220506,20220509,603556.SH,buy,10600.0,12.802497231280379,135706.47065157202,40.7119411954716,0.0,67.81932566294563,4872.247255829978
20220513,20220516,002085.SZ,sell,25700.0,4.637010990629183,119171.18245917001,35.751354737751,59.585591229585006,59.61539892904693,123948.09276903266
20220513,20220516,002315.SZ,sell,8100.0,13.19806436693223,106904.32137215107,32.07129641164532,53.45216068607554,53.478900136149605,230766.890684086
20220513,20220516,301001.SZ,sell,4100.0,33.24861394805953,136319.31718704407,40.895795156113216,68.15965859352204,68.19375547126401,366977.1524173805
20220513,20220516,601975.SH,sell,54300.0,2.7986,151963.98,45.589194,75.98199000000001,76.01999999998952,518819.56123338046
20220513,20220516,603556.SH,sell,10600.0,13.243236633236942,140378.3083123116,42.11349249369348,70.1891541561558,70.22426628926769,659085.5668990422
20220513,20220516,002431.SZ,buy,32400.0,4.592295,148790.358,44.6371074,0.0,74.35800000000745,510250.5717916422
20220513,20220516,002686.SZ,buy,17000.0,7.494434542045046,127405.38721476578,38.22161616442973,0.0,63.67085817827319,382806.96296071203
20220513,20220516,002883.SZ,buy,10700.0,12.024728213590308,128664.59188541629,38.599377565624884,0.0,64.30014586975449,254103.77169773012
20220513,20220516,300698.SZ,buy,7100.0,17.39882305288223,123531.64367546383,37.059493102639145,0.0,61.73495436053781,130535.06852916365
20220513,20220516,301013.SZ,buy,7000.0,18.225213392443592,127576.49374710515,38.272948124131545,0.0,63.75636868922447,2920.301833934369
20220520,20220523,002686.SZ,sell,17000.0,5.385864747898275,91559.70071427067,27.4679102142812,45.77985035713534,45.802751732990146,94406.75478763362
20220520,20220523,300698.SZ,sell,7100.0,16.279583093560866,115585.03996428216,34.675511989284644,57.79251998214108,57.821430697484175,209899.32671994434
20220520,20220523,301013.SZ,sell,7000.0,13.670128366307154,95690.89856415008,28.70726956924502,47.84544928207504,47.86938397404447,305513.6725652431
20220520,20220523,300005.SZ,buy,12300.0,10.153323829305133,124885.88310045314,37.46576493013594,0.0,62.41173568236991,180590.32369985981
20220520,20220523,300051.SZ,buy,16900.0,6.78339,114639.291,34.3917873,0.0,57.29099999999744,65916.64091255981
20220520,20220523,300071.SZ,buy,18700.0,3.5117549999999995,65669.8185,19.700945549999997,0.0,32.818499999993946,227.12146700982703
20220527,20220530,002431.SZ,sell,32400.0,4.007995,129859.038,38.957711399999994,64.929519,64.96199999999953,129982.27223660983
20220527,20220530,002883.SZ,sell,10700.0,17.474509752153395,186977.25434804132,56.09317630441239,93.48862717402066,93.5353948714619,316809.9447811727
20220527,20220530,300005.SZ,sell,12300.0,9.46696387429397,116443.65565381583,34.933096696144744,58.22182782690792,58.25095330356271,433160.4455104654
20220527,20220530,300051.SZ,sell,16900.0,5.547225,93748.10250000001,28.12443075,46.87405125000001,46.89749999999185,526833.5495284654
20220527,20220530,300071.SZ,sell,18700.0,3.068465,57380.29550000001,17.21408865,28.690147750000005,28.70449999999255,584167.9407920653
20220527,20220530,002121.SZ,buy,19300.0,6.08304,117402.67199999999,35.220801599999994,0.0,58.671999999991385,466730.04799046536
20220527,20220530,002181.SZ,buy,24800.0,4.817974691967543,119485.77236079508,35.84573170823852,0.0,59.71302966555231,347208.429897962
20220527,20220530,300688.SZ,buy,6500.0,17.518755000000002,113871.90750000002,34.16157225,0.0,56.907500000001164,233302.360825712
20220527,20220530,600081.SH,buy,9000.0,12.910571347350352,116195.14212615317,34.85854263784594,0.0,58.06853679465712,117072.360156921
20220527,20220530,603789.SH,buy,11600.0,9.88494,114665.304,34.399591199999996,0.0,57.30399999998917,2372.6565657210012
20220602,20220606,002121.SZ,sell,19300.0,7.106445000000001,137154.3885,41.146316549999995,68.57719425,68.61149999999907,139417.32155492099
20220602,20220606,002181.SZ,sell,24800.0,5.387293414330485,133604.87667539602,40.081463002618804,66.802438337698,66.83585626582499,272915.3143289767
20220602,20220606,300688.SZ,sell,6500.0,17.97101,116811.565,35.0434695,58.4057825,58.43499999999767,389633.43007697666
20220602,20220606,600081.SH,sell,9000.0,15.168252223479161,136514.27001131244,40.95428100339373,68.25713500565622,68.29128064596443,526038.48867228
20220602,20220606,603789.SH,sell,11600.0,9.235380000000001,107130.40800000001,32.1391224,53.56520400000001,53.59199999998964,633083.19234588
20220602,20220606,688055.SH,buy,21600.0,5.87018114851485,126795.91280792076,38.03877384237622,0.0,63.366273267311044,506249.24076411687
20220602,20220606,688113.SH,buy,2700.0,45.44218900675024,122693.91031822565,36.808173095467694,0.0,61.31629701060592,383518.52227279573
20220602,20220606,688182.SH,buy,7400.0,16.854553431469075,124723.69539287116,37.417108617861345,0.0,62.3306823552557,258757.4097713067
20220602,20220606,688218.SH,buy,9300.0,13.580275427370836,126296.56147454877,37.88896844236463,0.0,63.11672237608582,132422.95932831557
20220602,20220606,688258.SH,buy,4600.0,27.604512658227847,126980.7582278481,38.094227468354426,0.0,63.45864978902682,5404.106872999124
20220610,20220613,688055.SH,sell,21600.0,5.319487440594059,114900.92871683167,34.470278615049494,57.450464358415836,57.479203960392624,120213.11484685732
20220610,20220613,688113.SH,sell,2700.0,46.74614271938284,126214.58534233367,37.86437560270009,63.10729267116683,63.13886210220517,246326.72852091712
20220610,20220613,688182.SH,sell,7400.0,15.252049167979518,112865.16384304843,33.859549152914525,56.43258192152422,56.460812327684835,359101.6002328911
20220610,20220613,688218.SH,sell,9300.0,12.597651800210107,117158.161741954,35.147448522586195,58.579080870977,58.6083850635041,476166.0354454515
20220610,20220613,688258.SH,sell,4600.0,27.520353895921243,126593.62792123771,37.97808837637131,63.296813960618856,63.32847819972085,602658.3884643522
20220610,20220613,002339.SZ,buy,16500.0,7.171671493175909,118332.5796374025,35.49977389122075,0.0,59.136721457965905,484290.3090530585
20220610,20220613,002630.SZ,buy,31700.0,3.8018999999999994,120520.22999999998,36.15606899999999,0.0,60.22999999998137,363733.9229840585
20220610,20220613,300932.SZ,buy,11300.0,10.949017421949959,123723.89686803454,37.11716906041036,0.0,61.83103291755833,239972.90894696355
20220610,20220613,600903.SH,buy,13400.0,8.895712461166726,119202.54697963412,35.76076409389023,0.0,59.57148774593952,120734.60120323554
20220610,20220613,603069.SH,buy,3800.0,31.185585,118505.223,35.5515669,0.0,59.22299999999814,2193.826636335536
20220617,20220620,002339.SZ,sell,16500.0,5.584536635254188,92144.8544816941,27.643456344508227,46.07242724084705,46.09547497834137,94264.96523444429
20220617,20220620,002630.SZ,sell,31700.0,3.3883050000000003,107409.2685,32.222780549999996,53.704634250000005,53.73149999999441,201588.3063196443
20220617,20220620,300932.SZ,sell,11300.0,9.669891397889145,109269.77279614734,32.7809318388442,54.634886398073675,54.66221750683326,310770.6632975547
20220617,20220620,600903.SH,sell,13400.0,8.244995219192269,110482.9359371764,33.14488078115292,55.2414679685882,55.26910251984373,421165.21288598137
20220617,20220620,603069.SH,sell,3800.0,38.18090000000001,145087.42000000004,43.52622600000001,72.54371000000002,72.57999999995809,566136.5629499814
20220617,20220620,002469.SZ,buy,20400.0,5.392613357254471,110009.3124879912,33.00279374639736,0.0,54.97716766016674,456094.2476682438
20220617,20220620,002927.SZ,buy,9200.0,12.24255927199748,112631.54530237682,33.78946359071304,0.0,56.28762883676973,343428.91290227626
20220617,20220620,300337.SZ,buy,10800.0,10.176361350676007,109904.70258730088,32.97141077619026,0.0,54.92488884921477,233491.23890419918
20220617,20220620,300660.SZ,buy,8400.0,13.910306096040387,116846.57120673925,35.05397136202177,0.0,58.3940885590855,116609.61372609792
20220617,20220620,688155.SH,buy,1500.0,76.86630547869397,115299.45821804096,34.58983746541229,0.0,57.62091864969989,1275.5656705915462
20220624,20220627,002469.SZ,sell,20400.0,4.795315131083975,97824.42867411309,29.347328602233926,48.91221433705655,48.9366826783953,99021.73480176534
20220624,20220627,002927.SZ,sell,9200.0,13.416411372579883,123430.98462773493,37.02929538832048,61.715492313867465,61.74636549661227,222353.97464179806
20220624,20220627,300337.SZ,sell,10800.0,13.053746511534515,140980.46232457276,42.29413869737182,70.49023116228638,70.5254939092556,363221.6525965112
20220624,20220627,300660.SZ,sell,8400.0,16.024731634024693,134607.7457258074,40.38232371774222,67.3038728629037,67.33754163372214,497721.7121257379
20220624,20220627,688155.SH,sell,1500.0,79.98903915329275,119983.55872993913,35.995067618981736,59.99177936496957,60.021790260099806,617609.2840086931
20220624,20220627,002632.SZ,buy,18600.0,6.6288825696813936,123297.21579607391,36.98916473882217,0.0,61.617798998515354,494275.0790478803
20220624,20220627,300706.SZ,buy,5100.0,25.048480539264414,127747.25075024851,38.32417522507455,0.0,63.84170452285616,366489.5041224067
20220624,20220627,300986.SZ,buy,8300.0,14.749354001858244,122419.63821542342,36.72589146462702,0.0,61.179229492961895,244033.14001551867
20220624,20220627,603006.SH,buy,12400.0,9.719279464478685,120519.0653595357,36.1557196078607,0.0,60.22941797076783,123477.9189363751
20220624,20220627,603655.SH,buy,6000.0,20.201507221259387,121209.04332755633,36.36271299826689,0.0,60.57423454649688,2232.512895820517
20220701,20220704,002632.SZ,sell,18600.0,5.511371235284561,102511.50497629284,30.753451492887848,51.25575248814642,51.28139318471949,104662.00866813233
20220701,20220704,300706.SZ,sell,5100.0,24.444983123757456,124669.41393116303,37.4008241793489,62.33470696558152,62.36588991052122,229231.68706815044
20220701,20220704,300986.SZ,sell,8300.0,17.574288828809397,145866.597279118,43.759979183735396,72.933298639559,72.96978353132727,374981.59106944513
20220701,20220704,603006.SH,sell,12400.0,8.00550975145087,99268.32091799079,29.780496275397233,49.634160458995396,49.658989953954006,474170.4973307015
20220701,20220704,603655.SH,sell,6000.0,18.280745291738878,109684.47175043327,32.90534152512998,54.84223587521664,54.86967071057006,583767.2215037345
20220701,20220704,002376.SZ,buy,14600.0,8.053813948673081,117585.68365062699,35.275705095188094,0.0,58.76346009525878,466146.2621480123
20220701,20220704,300614.SZ,buy,4000.0,30.049026975074774,120196.1079002991,36.058832370089725,0.0,60.06801994018315,345914.09541534306
20220701,20220704,300825.SZ,buy,6500.0,17.998994999999997,116993.46749999998,35.09804024999999,0.0,58.467499999998836,228885.52987509308
20220701,20220704,605056.SH,buy,7300.0,15.796375026809649,115313.53769571043,34.59406130871313,0.0,57.62795487040421,113537.39811807394
20220701,20220704,605162.SH,buy,11800.0,9.449015993494173,111498.38872323124,33.44951661696937,0.0,55.72133369476069,2005.5598782257293
20220708,20220711,002376.SZ,sell,14600.0,6.752861017206182,98591.77085121025,29.577531255363073,49.29588542560513,49.32054569844331,100518.45731275502
20220708,20220711,300614.SZ,sell,4000.0,29.219552406779663,116878.20962711865,35.06346288813559,58.439104813559325,58.468338983046124,217303.16437217197
20220708,20220711,300825.SZ,sell,6500.0,17.33133,112653.645,33.7960935,56.326822500000006,56.354999999995925,329866.68645617197
20220708,20220711,605056.SH,sell,7300.0,14.963863744414656,109236.205334227,32.7708616002681,54.6181026671135,54.645425379800145,439015.5028261316
20220708,20220711,605162.SH,sell,11800.0,9.24232691786392,109059.45763079426,32.717837289238275,54.529728815397135,54.557007319046534,547987.7128908213
20220708,20220711,002333.SZ,buy,17800.0,6.257897995676426,111390.58432304037,33.417175296912106,0.0,55.667458432290005,436563.711392484
20220708,20220711,300633.SZ,buy,3100.0,35.51554229642648,110098.18111892209,33.029454335676625,0.0,55.02157976957096,326432.50081922626
20220708,20220711,300882.SZ,buy,8800.0,12.439244996080479,109465.35596550822,32.839606789652464,0.0,54.70532532008656,216934.3052469284
20220708,20220711,300978.SZ,buy,7000.0,14.778847931190583,103451.93551833408,31.035580655500222,0.0,51.70011770031124,113451.3341479388
20220715,20220718,002333.SZ,sell,17800.0,6.460031332568257,114988.55771971498,34.49656731591449,57.494278859857495,57.5230403800233,228347.901021478
20220715,20220718,300633.SZ,sell,3100.0,36.961861318101946,114581.77008611603,34.374531025834806,57.29088504305801,57.31954481545836,342838.0056915251
20220715,20220718,300882.SZ,sell,8800.0,13.296688805330549,117010.86148690883,35.103258446072644,58.50543074345442,58.53469809248054,459755.25848924444
20220715,20220718,300978.SZ,sell,7000.0,14.651944242643731,102563.60969850612,30.76908290955183,51.28180484925306,51.30745857853617,562236.8172999917
20220715,20220718,000544.SZ,buy,15300.0,6.952112100350911,106367.31513536895,31.910194540610682,0.0,53.15707902816939,455837.59197008214
20220715,20220718,002134.SZ,buy,9600.0,11.875934999999998,114008.97599999998,34.202692799999994,0.0,56.97599999999511,341794.41327728215
20220715,20220718,300187.SZ,buy,16600.0,7.084097677504976,117596.02144658261,35.27880643397478,0.0,58.76862641007756,224163.11302426556
20220715,20220718,301196.SZ,buy,2900.0,39.77307041944622,115341.90421639405,34.60257126491821,0.0,57.642131042681285,108786.6062366066
20220715,20220718,603586.SH,buy,7400.0,14.480611747713045,107156.52693307653,32.14695807992295,0.0,53.551487722666934,1597.9323454501573
20220722,20220725,000544.SZ,sell,15300.0,7.436610276342724,113780.13722804368,34.1340411684131,56.89006861402184,56.91852787794778,115287.0454637114
20220722,20220725,002134.SZ,sell,9600.0,11.27436,108233.856,32.4701568,54.116928,54.14400000000023,223434.3143789114
20220722,20220725,300187.SZ,sell,16600.0,7.449491705374918,123661.56230922363,37.098468692767085,61.83078115461182,61.861712010606425,346996.94743828767
20220722,20220725,301196.SZ,sell,2900.0,37.94160455633738,110030.6532133784,33.00919596401352,55.01532660668921,55.04284803070186,456939.5761290954
20220722,20220725,603586.SH,sell,7400.0,13.498110351468462,99886.01660086661,29.965804980259982,49.943008300433306,49.96799229658791,556745.6839166813
20220722,20220725,000782.SZ,buy,17500.0,6.4794086054913285,113389.65059609825,34.01689517882947,0.0,56.66649205201247,443322.01642540423
20220722,20220725,002911.SZ,buy,13900.0,8.178712520821763,113684.10403942251,34.10523121182675,0.0,56.81364519710769,329603.8071547699
20220722,20220725,603088.SH,buy,11500.0,9.392465821218682,108013.35694401484,32.40400708320445,0.0,53.97968862767448,221558.04620367184
20220722,20220725,688234.SH,buy,1300.0,83.051505,107966.95650000001,32.390086950000004,0.0,53.956500000014785,113558.69961672182
20220722,20220725,688659.SH,buy,10300.0,10.904382930528376,112315.14418444228,33.69454325533268,0.0,56.12950733855541,1209.860889024203
20220729,20220801,000782.SZ,sell,17500.0,5.455051456647398,95463.40049132946,28.639020147398835,47.73170024566473,47.75557803467382,96596.8906599606
20220729,20220801,002911.SZ,sell,13900.0,11.561311122293171,160702.22459987507,48.210667379962516,80.35111229993754,80.39130795391975,257170.55348015577
20220729,20220801,603088.SH,sell,11500.0,8.82738119393752,101514.88373028148,30.454465119084443,50.75744186514074,50.78283328177349,358604.22530345304
20220729,20220801,688234.SH,sell,1300.0,83.958,109145.4,32.74361999999999,54.5727,54.60000000000582,467662.308983453
20220729,20220801,688659.SH,sell,10300.0,12.90228242221135,132893.5089487769,39.868052684633064,66.44675447438846,66.47999447162147,600449.5031250708
20220729,20220801,300044.SZ,buy,27800.0,4.232115,117652.797,35.2958391,0.0,58.796999999991385,482761.41028597084
20220729,20220801,300062.SZ,buy,13400.0,8.854726399706099,118653.33375606172,35.59600012681852,0.0,59.29701836883032,364072.4805297823
20220729,20220801,300848.SZ,buy,10000.0,12.660171015269219,126601.71015269219,37.980513045807655,0.0,63.26922046611435,237432.7898640443
20220729,20220801,603366.SH,buy,17500.0,6.727796570891723,117736.43999060515,35.320931997181546,0.0,58.83880059499643,119661.02894144195
20220729,20220801,688148.SH,buy,5100.0,23.31165,118889.41500000001,35.6668245,0.0,59.41500000000815,735.9471169419412
20220805,20220808,300044.SZ,sell,27800.0,4.3978,122258.84000000001,36.677652,61.12942000000001,61.16000000000349,122896.98004494196
20220805,20220808,300062.SZ,sell,13400.0,7.533903463629684,100954.30641263777,30.286291923791328,50.47715320631889,50.5024044085294,223770.52301244962
20220805,20220808,300848.SZ,sell,10000.0,14.527416558398071,145274.1655839807,43.582249675194205,72.63708279199035,72.67341950174887,368928.4692639631
20220805,20220808,603366.SH,sell,17500.0,7.061996085492835,123584.93149612461,37.07547944883738,61.792465748062305,61.82337743676908,492414.53281489084
20220805,20220808,688148.SH,sell,5100.0,23.458265,119637.1515,35.891145449999996,59.81857575000001,59.84849999999278,611955.9745936908
20220805,20220808,002471.SZ,buy,36800.0,3.241275098128449,119278.92361112691,35.78367708333807,0.0,59.609656977059785,492641.26730548055
20220805,20220808,300348.SZ,buy,11300.0,11.12113657877232,125668.84334012722,37.700653002038166,0.0,62.80302015997586,366934.72331235127
20220805,20220808,300650.SZ,buy,7600.0,16.1416559503638,122676.58522276487,36.80297556682946,0.0,61.30763879198639,244221.33511401957
20220805,20220808,688699.SH,buy,1500.0,78.26167571520618,117392.51357280927,35.217754071842776,0.0,58.66692332473758,126793.60378713846
20220812,20220815,002471.SZ,sell,36800.0,3.513612927356505,129300.95572671939,38.790286718015814,64.6504778633597,64.68281927298813,255991.1187492765
20220812,20220815,300348.SZ,sell,11300.0,11.578335786529308,130835.19438778119,39.250558316334356,65.4175971938906,65.45032235507097,386721.6449815475
20220812,20220815,300650.SZ,sell,7600.0,17.323305176251704,131657.11933951295,39.49713580185388,65.82855966975647,65.86149041494355,518273.43862558884
20220812,20220815,688699.SH,sell,1500.0,79.6479846939433,119471.97704091495,35.84159311227448,59.735988520457475,59.76587145616941,637649.8380848711
20220812,20220815,000617.SZ,buy,27200.0,4.717035717976508,128303.37152896101,38.4910114586883,0.0,64.11962595149816,509307.9755444514
20220812,20220815,000728.SZ,buy,17900.0,7.062757482732156,126423.35894090559,37.92700768227167,0.0,63.18008942573215,382846.6895958635
20220812,20220815,300396.SZ,buy,7800.0,16.613973133227415,129588.99043917384,38.876697131752145,0.0,64.76211416249862,253218.8224595579
20220812,20220815,300542.SZ,buy,9500.0,13.664643648172092,129814.11465763487,38.94423439729046,0.0,64.87462001878885,123365.76356752575
20220812,20220815,603022.SH,buy,11400.0,10.660147797052502,121525.68488639852,36.45770546591955,0.0,60.73247620508482,1803.6209756613098
20220819,20220822,000617.SZ,sell,27200.0,4.655659864772899,126633.94832182284,37.990184496546846,63.31697416091142,63.34864848516008,128336.26213882669
20220819,20220822,000728.SZ,sell,17900.0,6.935167272848609,124139.4941839901,37.24184825519703,62.069747091995055,62.10079749074066,252376.44472746958
20220819,20220822,300396.SZ,sell,7800.0,16.521493783098805,128867.65150817067,38.6602954524512,64.43382575408533,64.46605878348055,381141.00211443374
20220819,20220822,300542.SZ,sell,9500.0,12.47434863230281,118506.3120068767,35.55189360206301,59.25315600343835,59.282797402120195,499552.50907170493
20220819,20220822,603022.SH,sell,11400.0,10.435139046668716,118960.58513202336,35.68817553960701,59.480292566011684,59.51004758979252,618417.9257356226
20220819,20220822,000820.SZ,buy,24500.0,5.102549999999999,125012.47499999998,37.50374249999999,0.0,62.47499999999127,493367.9469931227
20220819,20220822,002632.SZ,buy,16900.0,7.154710705897993,120914.61092967608,36.274383278902825,0.0,60.427091918871156,372417.0616801677
20220819,20220822,300081.SZ,buy,12600.0,9.8049,123541.74,37.062522,0.0,61.73999999999069,248838.2591581677
20220819,20220822,688125.SH,buy,1600.0,76.96389624277457,123142.2339884393,36.942670196531786,0.0,61.540346820809646,125659.08249953187
20220819,20220822,688219.SH,buy,10900.0,11.361180217622591,123836.86437208625,37.15105931162587,0.0,61.887488441803725,1785.067068133998
20220826,20220829,000820.SZ,sell,24500.0,5.7271350000000005,140314.80750000002,42.09444225,70.15740375000001,70.19249999997555,141987.62272213402
20220826,20220829,002632.SZ,sell,16900.0,6.286407815246452,106240.29207766504,31.87208762329951,53.12014603883252,53.146719398515415,248142.92256613693
20220826,20220829,300081.SZ,sell,12600.0,8.1959,103268.34,30.980501999999998,51.63417,51.65999999998894,351328.6478941369
20220826,20220829,688125.SH,sell,1600.0,73.10176609248555,116962.82574797688,35.08884772439306,58.48141287398844,58.51066820808046,468197.9033815154
20220826,20220829,688219.SH,sell,10900.0,10.405628319469967,113421.34868222264,34.02640460466679,56.71067434111132,56.739043863039115,581528.5149847923
20220826,20220829,002949.SZ,buy,9000.0,12.238124705094954,110143.12234585459,33.042936703756375,0.0,55.04403915334842,471352.349702234
20220826,20220829,300530.SZ,buy,3900.0,31.575779999999998,123145.54199999999,36.943662599999996,0.0,61.54199999998673,348169.864039634
20220826,20220829,600757.SH,buy,21600.0,5.19995005912702,112318.92127714363,33.69567638314309,0.0,56.131394941097824,235817.24708610724
20220826,20220829,601811.SH,buy,12400.0,9.23016717904027,114454.07302009936,34.336221906029806,0.0,57.198437291401206,121328.83784410184
20220826,20220829,603096.SH,buy,6300.0,18.918864966713734,119188.84929029652,35.756654787088955,0.0,59.56464232396684,2104.231899018225
20220902,20220905,002949.SZ,sell,9000.0,12.59204434033297,113328.39906299673,33.99851971889902,56.66419953149837,56.69254580439883,115341.96824276456
20220902,20220905,300530.SZ,sell,3900.0,31.984,124737.6,37.421279999999996,62.36880000000001,62.39999999999418,239979.77816276456
20220902,20220905,600757.SH,sell,21600.0,5.371444976714455,116023.21149703224,34.80696344910967,58.011605748516125,58.04062606154184,355910.17109059915
20220902,20220905,601811.SH,sell,12400.0,9.514375639694428,117978.25793221091,35.39347737966327,58.989128966105454,59.01863828525529,473794.04641646426
20220902,20220905,603096.SH,sell,6300.0,19.58499112030126,123385.44405789794,37.01563321736938,61.69272202894897,61.72358382084349,597080.7821191159
20220902,20220905,000068.SZ,buy,27600.0,4.002,110455.2,33.136559999999996,0.0,55.19999999999709,486592.44555911596
20220902,20220905,000573.SZ,buy,35500.0,3.5092095967148382,124576.94068337676,37.37308220501303,0.0,62.25734167084738,361978.1317935342
20220902,20220905,002137.SZ,buy,17600.0,6.773384999999999,119211.57599999999,35.763472799999995,0.0,59.57600000000093,242730.79232073424
20220902,20220905,300053.SZ,buy,11700.0,10.205099999999998,119399.66999999998,35.819900999999994,0.0,59.669999999998254,123295.30241973426
20220902,20220905,688256.SH,buy,1400.0,82.831395,115963.953,34.78918589999999,0.0,57.95299999997951,7296.560233834272
20220909,20220913,000068.SZ,sell,27600.0,3.7481250000000004,103448.25000000001,31.034475,51.72412500000001,51.74999999998545,110662.0516338343
20220909,20220913,002137.SZ,sell,17600.0,5.53723,97455.248,29.2365744,48.727624000000006,48.75199999999313,208039.3354354343
20220909,20220913,300053.SZ,sell,11700.0,9.01549,105481.233,31.644369899999994,52.740616499999994,52.7670000000071,313436.1834490343
20220909,20220913,688256.SH,sell,1400.0,69.25535500000001,96957.49700000002,29.0872491,48.47874850000001,48.50299999999697,410316.1144514343
20220909,20220913,000755.SZ,buy,16800.0,6.486430290387181,108972.02887850464,32.69160866355139,0.0,54.45878504670691,301311.3939642661
20220909,20220913,001316.SZ,buy,3700.0,30.54292742098524,113008.83145764538,33.90264943729361,0.0,56.47617763999733,188268.65985718343
20220909,20220913,002282.SZ,buy,11600.0,9.879359352189779,114600.56848540144,34.38017054562043,0.0,57.271648418478435,73633.71120123638
20220909,20220913,002389.SZ,buy,3500.0,20.91211339482687,73192.39688189405,21.957719064568213,0.0,36.57790948620823,419.3566002777661
20220916,20220919,000573.SZ,sell,35500.0,3.5808914629017377,127121.64693301168,38.1364940799035,63.560823466505845,63.592619776391075,127439.30621574302
20220916,20220919,000755.SZ,sell,16800.0,5.47132097426198,91918.19236760127,27.57545771028038,45.95909618380063,45.98208722739946,219283.9640294502
20220916,20220919,001316.SZ,sell,3700.0,28.296377788260664,104696.59781656445,31.40897934496933,52.348298908282224,52.374486151355086,323896.80456776137
20220916,20220919,002282.SZ,sell,11600.0,7.447061016249565,86385.90778849495,25.915772336548482,43.192953894247474,43.214561174827395,410213.6036300255
20220916,20220919,002389.SZ,sell,3500.0,21.584285107267323,75544.99787543563,22.663499362630684,37.77249893771781,37.79139463503088,485698.1655071608
20220916,20220919,920163.BJ,buy,15400.0,6.881329884187859,105972.48021649303,31.791744064947906,0.0,52.95976022812829,379693.89354660286
20220916,20220919,920475.BJ,buy,14000.0,6.848720142390119,95882.08199346167,28.7646245980385,0.0,47.91708245550399,283783.04692854313
20220916,20220919,920533.BJ,buy,13500.0,6.802851556076135,91838.49600702782,27.551548802108343,0.0,45.89629985357169,191916.9993727132
20220916,20220919,920871.BJ,buy,17600.0,5.404451365120837,95118.34402612672,28.535503207838016,0.0,47.53540431091096,96770.11984337865
20220923,20220926,920163.BJ,sell,15400.0,6.146794122097422,94660.6294803003,28.398188844090086,47.33031474015015,47.35399173600308,191355.0208200947
20220923,20220926,920475.BJ,sell,14000.0,6.600963758808573,92413.49262332001,27.724047786996,46.206746311660005,46.22986124228919,283694.58264931606
20220923,20220926,920533.BJ,sell,13500.0,6.473964326793558,87398.51841171303,26.219555523513904,43.699259205856514,43.72111976574524,371023.1822462997
20220923,20220926,920871.BJ,sell,17600.0,5.567769915088179,97992.75050555194,29.39782515166558,48.99637525277597,49.020885695616016,468937.5385514472
20220923,20220926,002246.SZ,buy,10800.0,10.166996950945231,109803.56707020849,32.941070121062545,0.0,54.87434636191756,359101.03041111765
20220923,20220926,002760.SZ,buy,3700.0,20.08439964960093,74312.27870352344,22.29368361105703,0.0,37.13757056646864,284766.45802398317
20220923,20220926,003027.SZ,buy,4800.0,24.241604419057186,116359.70121147449,34.90791036344234,0.0,58.15077521812054,168371.84890214523
20220923,20220926,300813.SZ,buy,3200.0,27.119631153223942,86782.81969031661,26.03484590709498,0.0,43.3697249826655,81562.99436592152
20220923,20220926,603256.SH,buy,9600.0,8.011534534615384,76910.73153230769,23.073219459692304,0.0,38.43614769230771,4629.1896141541365
20220930,20221010,002246.SZ,sell,10800.0,10.530827022673392,113732.93184487264,34.119879553461786,56.86646592243632,56.8949133791175,118271.13511355089
20220930,20221010,002760.SZ,sell,3700.0,19.96597075141133,73874.09178022192,22.162227534066574,36.93704589011096,36.955523651937256,192086.12762034865
20220930,20221010,003027.SZ,sell,4800.0,22.39622833469337,107501.89600652817,32.25056880195845,53.750948003264085,53.77783692171215,299502.0221100716
20220930,20221010,300813.SZ,sell,3200.0,27.438707339958402,87803.86348786688,26.341159046360062,43.90193174393344,43.92389369077864,387235.6425071482
20220930,20221010,603256.SH,sell,9600.0,7.266883971153846,69762.08612307692,20.928625836923075,34.88104306153846,34.89849230769323,456941.91896132665
20220930,20221010,000407.SZ,buy,18900.0,4.9164435886112114,92920.7838247519,27.876235147425565,0.0,46.437173325699405,363993.2589014273
20220930,20221010,002084.SZ,buy,13800.0,5.998841187425507,82784.00838647199,24.835202515941596,0.0,41.3713185339584,281184.4153124394
20220930,20221010,002795.SZ,buy,13300.0,6.285564866698981,83598.01272709644,25.07940381812893,0.0,41.77811730488611,197561.32318152481
20220930,20221010,601086.SH,buy,21500.0,4.614027237790232,99201.58561248999,29.760475683746993,0.0,49.57600480383553,98329.97709335107
20221014,20221017,000407.SZ,sell,18900.0,4.58409429521484,86639.38217956047,25.99181465386814,43.319691089780235,43.34136177065375,184900.0477671679
20221014,20221017,002084.SZ,sell,13800.0,4.837716999404053,66760.49459177593,20.028148377532776,33.38024729588797,33.396945768763544,251607.1339632704
20221014,20221017,002795.SZ,sell,13300.0,7.135548230731944,94902.79146873485,28.470837440620453,47.45139573436743,47.47513330100628,346434.0031988303
20221014,20221017,601086.SH,sell,21500.0,4.1148830824659735,88469.98627301842,26.540995881905527,44.23499313650921,44.25712169735925,434833.2134828303
20221014,20221017,002999.SZ,buy,11700.0,7.178906499041828,83993.20603878939,25.197961811636812,0.0,41.97561521179159,350814.8094822293
20221014,20221017,300463.SZ,buy,4400.0,19.869074458377398,87423.92761686054,26.227178285058162,0.0,43.690118749043904,263364.6546870837
20221014,20221017,300730.SZ,buy,6600.0,13.054450003081662,86159.37002033897,25.84781100610169,0.0,43.05815593220177,177179.4368557386
20221014,20221017,300832.SZ,buy,1700.0,49.988112642940486,84979.79149299883,25.493937447899647,0.0,42.46866141578357,92174.15142529187
20221014,20221017,603083.SH,buy,6300.0,13.569025293646558,85484.85934997331,25.64545780499199,0.0,42.721069140403415,6663.646617513572
20221021,20221024,002999.SZ,sell,11700.0,6.744277003898763,78908.04094561553,23.672412283684658,39.45402047280777,39.47375735148671,85508.5611303726
20221021,20221024,300463.SZ,sell,4400.0,20.69223218008763,91045.82159238556,27.313746477715664,45.52291079619278,45.54568363801809,176481.54606548426
20221021,20221024,300730.SZ,sell,6600.0,14.289622030816641,94311.50540338983,28.29345162101695,47.155752701694915,47.179342372881365,270717.6022645514
20221021,20221024,300832.SZ,sell,1700.0,57.1592707117853,97170.760210035,29.1512280630105,48.58538010501751,48.60968494748522,367810.62586641836
20221021,20221024,603083.SH,sell,6300.0,12.071288263036129,76049.11605712761,22.81473481713828,38.02455802856381,38.043579818462604,443798.90263070026
20221021,20221024,300440.SZ,buy,11300.0,7.999022702987696,90388.95654376096,27.116686963128284,0.0,45.171892325699446,353382.8293999762
20221021,20221024,300645.SZ,buy,3100.0,26.852622805216143,83243.13069617005,24.972939208851013,0.0,41.600764965609415,270114.7257645973
20221021,20221024,301289.SZ,buy,2300.0,38.134577449002464,87709.52813270567,26.3128584398117,0.0,43.83284764253767,182378.88477345183
20221021,20221024,688335.SH,buy,6400.0,14.111132820334262,90311.25005013928,27.093375015041783,0.0,45.13305849581957,92040.54134829751
20221028,20221031,300440.SZ,sell,11300.0,7.853081454012887,88739.82043034563,26.621946129103687,44.369910215172816,44.39210626829299,180709.36992229888
20221028,20221031,300645.SZ,sell,3100.0,28.812878683643085,89319.92391929356,26.795977175788067,44.659961959646786,44.68230311119987,269957.837902457
20221028,20221031,301289.SZ,sell,2300.0,35.55719569603228,81781.55010087424,24.53446503026227,40.89077505043712,40.91123066576256,351673.9627632505
20221028,20221031,688335.SH,sell,6400.0,13.770382457992632,88130.44773115285,26.43913431934585,44.06522386557642,44.0872674993152,439733.90613621846
20221028,20221031,300512.SZ,buy,12000.0,7.58696007491075,91043.520898929,27.313056269678697,0.0,45.499010943982285,348663.0721810198
20221028,20221031,300514.SZ,buy,8300.0,10.710530786163522,88897.40552515723,26.669221657547165,0.0,44.42648951780575,259738.99743420503
20221028,20221031,300546.SZ,buy,4700.0,18.856496107748544,88625.53170641816,26.587659511925445,0.0,44.29062054293172,171086.87806827493
20221028,20221031,300864.SZ,buy,5000.0,17.30938531179046,86546.9265589523,25.964077967685686,0.0,43.251837360774516,84513.98743135495
20221104,20221107,300512.SZ,sell,12000.0,7.365599609059518,88387.19530871422,26.516158592614264,44.19359765435711,44.21570550711476,172830.4729838222
20221104,20221107,300514.SZ,sell,8300.0,10.613768029350105,88094.27464360587,26.42828239308176,44.047137321802936,44.06917190775857,260854.27220771316
20221104,20221107,300546.SZ,sell,4700.0,19.006252891472403,89329.3885899203,26.798816576976087,44.66469429496015,44.68703781385557,350112.19728676154
20221104,20221107,300864.SZ,sell,5000.0,19.461471553951778,97307.35776975889,29.192207330927666,48.65367888487945,48.67801789382065,447341.70917030465
20221104,20221107,002973.SZ,buy,6700.0,13.150525175026376,88108.51867267671,26.432555601803013,0.0,44.03224321472226,359206.75794202613
20221104,20221107,300686.SZ,buy,5900.0,15.037514999999999,88721.3385,26.616401549999996,0.0,44.33849999999802,270458.80304047617
20221104,20221107,301049.SZ,buy,3600.0,26.223105,94403.178,28.320953399999997,0.0,47.177999999999884,176027.30408707616
20221104,20221107,601068.SH,buy,17800.0,4.912455,87441.699,26.232509699999994,0.0,43.69899999999325,88559.37257737617
20221104,20221107,603029.SH,buy,4700.0,18.565368717410195,87257.23297182792,26.177169891548374,0.0,43.60681307937193,1275.9624356566928
20221111,20221114,002973.SZ,sell,6700.0,12.115584904574664,81174.41886065024,24.35232565819507,40.587209430325125,40.60751318691473,82385.44176121842
20221111,20221114,300686.SZ,sell,5900.0,16.1919,95532.21,28.659663,47.766105,47.7899999999936,177841.22599321842
20221111,20221114,301049.SZ,sell,3600.0,24.937525,89775.09,26.932526999999997,44.887544999999996,44.91000000000349,267544.4959212184
20221111,20221114,601068.SH,sell,17800.0,5.617190000000001,99985.98200000002,29.995794600000004,49.99299100000001,50.01799999998184,367450.48913561844
20221111,20221114,300051.SZ,buy,15400.0,6.673335,102769.359,30.830807699999998,0.0,51.35899999999674,264650.29932791844
20221111,20221114,300071.SZ,buy,21900.0,4.592295,100571.2605,30.17137815,0.0,50.26050000000396,164048.86744976844
20221111,20221114,600095.SH,buy,13600.0,7.355847803030304,100039.53012121214,30.01185903636364,0.0,49.99476767676242,63979.32546951993
20221111,20221114,603709.SH,buy,5300.0,11.966187822640116,63420.795459992616,19.026238637997782,0.0,31.69455045476934,539.5037708893142
20221118,20221121,300051.SZ,sell,15400.0,6.426785,98972.489,29.6917467,49.486244500000005,49.5109999999986,99432.8147796893
20221118,20221121,300071.SZ,sell,21900.0,4.747625,103972.9875,31.19189625,51.98649375,52.01249999999709,203322.6238896893
20221118,20221121,600095.SH,sell,13600.0,9.074652323232325,123415.27159595962,37.02458147878789,61.70763579797981,61.738505050496315,326639.1632683722
20221118,20221121,603029.SH,sell,4700.0,26.442594800115874,124280.19556054461,37.28405866816338,62.140097780272306,62.17118337194552,450819.93467246834
20221118,20221121,603709.SH,sell,5300.0,10.295144837758112,54564.26764011799,16.369280292035395,27.282133820059,27.295781710912706,505340.55089847423
20221118,20221121,300246.SZ,buy,8500.0,11.69665389921845,99421.55814335683,29.826467443007047,0.0,49.68593610361859,405889.1662876744
20221118,20221121,300315.SZ,buy,29500.0,3.4617299999999998,102121.03499999999,30.636310499999993,0.0,51.03499999998894,303737.4949771744
20221118,20221121,300515.SZ,buy,6500.0,15.320411203319502,99582.67282157677,29.874801846473027,0.0,49.766453184201964,204124.94735375117
20221118,20221121,600223.SH,buy,9800.0,10.383912117055324,101762.33874714217,30.52870162414265,0.0,50.85574150280445,102332.07990498484
20221118,20221121,920266.BJ,buy,11500.0,8.72436,100330.14000000001,30.099042,0.0,50.13999999999942,1971.8408629848273
20221125,20221128,300246.SZ,sell,8500.0,10.643534205395547,90470.04074586215,27.141012223758644,45.235020372931075,45.25764919753419,92369.50557625029
20221125,20221128,300315.SZ,sell,29500.0,3.148425,92878.5375,27.86356125,46.439268750000004,46.46249999999418,185173.7402462503
20221125,20221128,300515.SZ,sell,6500.0,14.717182198268087,95661.68428874257,28.69850528662277,47.83084214437129,47.85476952911995,280758.89518756187
20221125,20221128,600223.SH,sell,9800.0,9.956653080323122,97575.2001871666,29.272560056149977,48.7876000935833,48.81200609661755,378256.03521457873
20221125,20221128,920266.BJ,sell,11500.0,8.185905,94137.9075,28.241372249999998,47.06895375,47.092499999998836,472318.6323885787
20221125,20221128,000151.SZ,buy,5800.0,16.30815,94587.27,28.376181,0.0,47.270000000004075,377702.98620757874
20221125,20221128,000632.SZ,buy,18300.0,5.2026,95207.58,28.562274,0.0,47.580000000001746,282466.84393357876
20221125,20221128,002893.SZ,buy,10100.0,9.301926048565122,93949.45309050773,28.184835927152314,0.0,46.95125091979571,188489.2060071439
20221125,20221128,002898.SZ,buy,6800.0,13.476748334073745,91641.88867170147,27.49256660151044,0.0,45.798045313189505,96819.82476884092
20221125,20221128,002948.SZ,buy,30000.0,3.181715159181952,95451.45477545857,28.63543643263757,0.0,47.70187644950056,1339.734556949712
20221202,20221205,000151.SZ,sell,5800.0,13.573210000000001,78724.618,23.6173854,39.362309,39.38199999999779,80001.37286254972
20221202,20221205,000632.SZ,sell,18300.0,4.707645,86149.9035,25.844971049999998,43.074951750000004,43.09649999999965,166082.3564397497
20221202,20221205,002893.SZ,sell,10100.0,9.370882487122886,94645.91311994115,28.393773935982342,47.32295655997058,47.34662987489719,260652.5528291949
20221202,20221205,002898.SZ,sell,6800.0,11.827739324744558,80428.627408263,24.128588222478896,40.2143137041315,40.23443091959052,341016.8373355313
20221202,20221205,002948.SZ,sell,30000.0,3.134632616487455,94038.97849462366,28.211693548387096,47.01948924731183,47.04301075267722,434980.58464735927
20221202,20221205,002374.SZ,buy,15900.0,5.452725,86698.3275,26.009498249999996,0.0,43.32749999999942,348256.2476491093
20221202,20221205,002820.SZ,buy,9600.0,8.85315687564654,84990.30600620678,25.497091801862034,0.0,42.47391604506993,263240.4445511006
20221202,20221205,301299.SZ,buy,2000.0,42.313564981949455,84627.12996389891,25.388138989169672,0.0,42.292418772573,178587.92644821253
20221202,20221205,600429.SH,buy,16400.0,5.313236873990307,87137.08473344104,26.14112542003231,0.0,43.54676898222533,91424.70058935146
20221202,20221205,688051.SH,buy,2800.0,31.45572,88076.016,26.422804799999998,0.0,44.01600000000326,3322.2617845514615
20221209,20221212,002374.SZ,sell,15900.0,5.11744,81367.296,24.4101888,40.683648000000005,40.703999999997905,84624.46394775146
20221209,20221212,002820.SZ,sell,9600.0,9.309798045407526,89374.06123591225,26.81221837077367,44.687030617956125,44.709385310605285,173927.02593467495
20221209,20221212,301299.SZ,sell,2000.0,41.116615523465704,82233.23104693141,24.66996931407942,41.116615523465704,41.13718411550508,256094.47039676883
20221209,20221212,600429.SH,sell,16400.0,5.435709703150243,89145.639131664,26.743691739499194,44.572819565832,44.59511712437961,345168.7930171275
20221209,20221212,688051.SH,sell,2800.0,27.616185,77325.318,23.197595399999997,38.662659,38.6820000000007,422432.2507627275
20221209,20221212,002098.SZ,buy,11300.0,7.508221717528689,84842.90540807418,25.45287162242225,0.0,42.40025257773232,337563.8924830309
20221209,20221212,300165.SZ,buy,13600.0,6.093044999999999,82865.41199999998,24.859623599999992,0.0,41.41199999998207,254673.62085943093
20221209,20221212,300331.SZ,buy,3600.0,22.77138,81976.96800000001,24.5930904,0.0,40.96800000000803,172672.05976903092
20221209,20221212,300535.SZ,buy,5200.0,16.89334031443654,87845.36963507,26.353610890521,0.0,43.9007344503043,84800.3365230704
20221209,20221212,688247.SH,buy,4300.0,18.97008547008547,81571.36752136752,24.471410256410252,0.0,40.76530111012107,3204.497591446474
20221216,20221219,002098.SZ,sell,11300.0,7.326507040994514,82789.529563238,24.836858868971397,41.394764781619,41.415472517881426,85927.79553103387
20221216,20221219,300165.SZ,sell,13600.0,5.807095,78976.492,23.692947599999997,39.488246,39.50800000000163,164841.10633743388
20221216,20221219,300331.SZ,sell,3600.0,20.819585,74950.506,22.485151799999997,37.475252999999995,37.494000000006054,239731.6519326339
20221216,20221219,300535.SZ,sell,5200.0,14.563388291829241,75729.61911751206,22.718885735253618,37.86480955875603,37.88375143446319,315400.6873548519
20221216,20221219,688247.SH,sell,4300.0,23.595623342175067,101461.18037135279,30.438354111405836,50.7305901856764,50.755968169745756,416780.6987819076
20221216,20221219,002210.SZ,buy,29300.0,2.931465,85891.92450000001,25.76757735,0.0,42.924500000008265,330863.0067045576
20221216,20221219,002582.SZ,buy,13200.0,6.481567778578248,85556.69467723288,25.667008403169863,0.0,42.75696885418438,245280.64501892158
20221216,20221219,002671.SZ,buy,15900.0,4.90245,77948.955,23.384686499999997,0.0,38.955000000001746,167308.3053324216
20221216,20221219,003030.SZ,buy,2700.0,28.809485026917898,77785.60957267832,23.335682871803495,0.0,38.873368102285895,89499.36007687145
20221216,20221219,600185.SH,buy,6900.0,12.695997345427163,87602.38168344743,26.280714505034226,0.0,43.77930119112716,1870.697678918994
20221223,20221226,002210.SZ,sell,29300.0,2.368815,69406.2795,20.82188385,34.703139750000005,34.72049999999581,71221.452155319
20221223,20221226,002582.SZ,sell,13200.0,6.590031866235528,86988.42063430898,26.09652619029269,43.49421031715449,43.51596830128983,158140.28205312055
20221223,20221226,002671.SZ,sell,15900.0,4.25787,67700.13299999999,20.310039899999996,33.8500665,33.86700000001292,225786.25494672055
20221223,20221226,003030.SZ,sell,2700.0,26.030383411843875,70282.03521197847,21.08461056359354,35.141017605989234,35.15859690443904,296012.06453052943
20221223,20221226,600185.SH,sell,6900.0,11.06416202998357,76342.71800688664,22.90281540206599,38.17135900344332,38.1904542305565,372293.70836301055
20221223,20221226,000812.SZ,buy,11300.0,6.476635687906441,73185.98327334279,21.955794982002836,0.0,36.574704284532345,299085.76929468574
20221223,20221226,002186.SZ,buy,3800.0,18.82941,71551.758,21.4655274,0.0,35.75800000000163,227512.54576728574
20221223,20221226,002574.SZ,buy,12900.0,5.66864312408759,73125.49630072991,21.93764889021897,0.0,36.544475912392954,154365.11181766563
20221223,20221226,002719.SZ,buy,6900.0,11.000225698524892,75901.55731982175,22.770467195946523,0.0,37.931812753522536,78440.78403064793
20221223,20221226,300050.SZ,buy,19700.0,3.951975,77853.9075,23.356172249999997,0.0,38.907500000001164,563.520358397931
20221230,20230103,000812.SZ,sell,11300.0,6.815896151684643,77019.62651403647,23.10588795421094,38.50981325701824,38.529077795901685,77521.53117122318
20221230,20230103,002574.SZ,sell,12900.0,5.945638832116789,76698.74093430657,23.009622280291968,38.349370467153285,38.368554744520225,154158.9131127823
20221230,20230103,002719.SZ,sell,6900.0,15.698901385986478,108322.4195633067,32.49672586899201,54.16120978165335,54.18830393360986,262394.67474043835
20221230,20230103,300050.SZ,sell,19700.0,3.8680650000000005,76200.88050000001,22.860264150000003,38.100440250000005,38.11949999998615,338534.59453603835
20221230,20230103,000802.SZ,buy,16400.0,5.28264,86635.296,25.990588799999998,0.0,43.296000000002095,251873.30794723833
20221230,20230103,002343.SZ,buy,11900.0,6.883439999999999,81912.93599999999,24.573880799999994,0.0,40.93599999998696,169935.79806643835
20221230,20230103,600187.SH,buy,22800.0,3.691845,84174.06599999999,25.252219799999995,0.0,42.06599999999162,85736.47984663837
20221230,20230103,600712.SH,buy,16500.0,5.072535,83696.8275,25.109048249999997,0.0,41.82749999999942,2014.5432983883657
20230106,20230109,000802.SZ,sell,16400.0,4.787605,78516.72200000001,23.555016600000002,39.25836100000001,39.27799999999115,80468.45192078837
20230106,20230109,002343.SZ,sell,11900.0,6.446775000000001,76716.62250000001,23.014986750000002,38.35831125000001,38.377499999987776,157123.70112278836
20230106,20230109,600187.SH,sell,22800.0,2.97851,67910.028,20.3730084,33.955014000000006,33.971999999994296,224979.40110038838
20230106,20230109,600712.SH,sell,16500.0,4.207895000000001,69430.26750000002,20.829080250000004,34.71513375000001,34.7324999999837,294354.1243863884
20230106,20230109,000909.SZ,buy,6200.0,11.605799999999999,71955.95999999999,21.586787999999995,0.0,35.95999999999185,222376.57759838842
20230106,20230109,002441.SZ,buy,8000.0,9.668345827404641,77346.76661923713,23.204029985771136,0.0,38.654056281462545,145006.60694916552
20230106,20230109,300118.SZ,buy,2500.0,29.69120989261168,74228.0247315292,22.26840741945876,0.0,37.095464633443044,70756.31381021686
20230106,20230109,300389.SZ,buy,6900.0,10.148035622151594,70021.445792846,21.0064337378538,0.0,34.99322628327354,713.8615836329991
20230113,20230116,000909.SZ,sell,6200.0,9.845075,61039.465,18.311839499999998,30.5197325,30.535000000003492,61704.495011633
20230113,20230116,002186.SZ,sell,3800.0,16.681655000000003,63390.28900000001,19.0170867,31.695144500000005,31.710999999995693,125044.071780433
20230113,20230116,002441.SZ,sell,8000.0,11.13786064390871,89102.88515126967,26.730865545380897,44.55144257563484,44.5737294403516,214075.67462358164
20230113,20230116,300118.SZ,sell,2500.0,33.253015804696446,83132.53951174111,24.93976185352233,41.56626975587056,41.587063287515775,297141.70810371335
20230113,20230116,300389.SZ,sell,6900.0,10.053488371312067,69369.06976205326,20.810720928615975,34.68453488102663,34.70188582393166,366455.282609957
20230113,20230116,002217.SZ,buy,22800.0,3.2816399999999994,74821.39199999999,22.446417599999997,0.0,37.39199999999255,291611.444192357
20230113,20230116,300492.SZ,buy,2400.0,31.838324165860733,76411.97799806576,22.923593399419726,0.0,38.18689555126184,215176.54260089184
20230113,20230116,600658.SH,buy,12900.0,5.581203499123191,71997.52513868916,21.599257541606747,0.0,35.98077218324761,143157.41820466108
20230113,20230116,688319.SH,buy,4100.0,16.641782868525897,68231.30976095618,20.46939292828685,0.0,34.09860557768843,74905.63905077662
20230113,20230116,688338.SH,buy,2300.0,31.842108725988073,73236.85006977257,21.971055020931768,0.0,36.60012497239222,1646.8179259831231
20230120,20230130,002217.SZ,sell,22800.0,2.888555,65859.054,19.7577162,32.929527,32.945999999996275,67453.18468278313
20230120,20230130,300492.SZ,sell,2400.0,33.48871229005481,80372.90949613156,24.111872848839464,40.18645474806578,40.206558027057326,147761.7958513178
20230120,20230130,600658.SH,sell,12900.0,4.951709666812802,63877.05470188514,19.163116410565543,31.93852735094257,31.95450460324355,211587.74890944143
20230120,20230130,688319.SH,sell,4100.0,16.75456673306773,68693.72360557769,20.608117081673306,34.346861802788844,34.36404382469482,280226.5175361347
20230120,20230130,688338.SH,sell,2300.0,35.07938242437624,80682.57957606536,24.204773872819604,40.34128978803268,40.361470523290336,360844.55104853923
20230120,20230130,000758.SZ,buy,11900.0,5.992872304154773,71315.1804194418,21.394554125832535,0.0,35.63977032454568,289507.9760749716
20230120,20230130,001229.SZ,buy,2400.0,28.890019960079837,69336.04790419161,20.80081437125748,0.0,34.65069860279618,220151.12735640875
20230120,20230130,002848.SZ,buy,6300.0,11.505749999999999,72486.22499999999,21.745867499999996,0.0,36.22499999999127,147643.15648890875
20230120,20230130,600971.SH,buy,11200.0,6.531044927403386,73147.70318691792,21.944310956075373,0.0,36.555573806545,74473.50899103475
20230203,20230206,000758.SZ,sell,11900.0,5.739490590971562,68299.9380325616,20.489981409768475,34.1499690162808,34.16705254254339,142718.8070731703
20230203,20230206,001229.SZ,sell,2400.0,30.875154452998764,74100.37068719704,22.23011120615911,37.05018534359852,37.068719703442184,216759.89746381756
20230203,20230206,002848.SZ,sell,6300.0,11.504245000000001,72476.74350000001,21.74302305,36.238371750000006,36.25649999998859,289178.6595690176
20230203,20230206,600971.SH,sell,11200.0,6.626096455232089,74212.28029859939,22.263684089579815,37.1061401492997,37.12470250055776,363331.5700433781
20230203,20230206,002835.SZ,buy,3600.0,19.428733913824477,69943.44208976811,20.98303262693043,0.0,34.9542439229117,293367.14492098306
20230203,20230206,300096.SZ,buy,10100.0,7.313654999999999,73867.91549999999,22.160374649999994,0.0,36.91549999998824,219477.06904633308
20230203,20230206,300840.SZ,buy,6700.0,10.573764805653711,70844.22419787987,21.25326725936396,0.0,35.404409893992124,148611.59158119385
20230203,20230206,688156.SH,buy,1900.0,37.23187608885018,70740.56456881535,21.2221693706446,0.0,35.35260598141758,77849.80484300786
20230203,20230206,688228.SH,buy,1500.0,47.361312361285336,71041.968541928,21.312590562578396,0.0,35.50323265462066,6786.5237105172855
20230210,20230213,002835.SZ,sell,3600.0,15.569792509214762,56051.25303317315,16.815375909951943,28.025626516586573,28.039646339748288,62792.93574126389
20230210,20230213,300096.SZ,sell,10100.0,7.146425000000001,72178.8925,21.65366775,36.08944625,36.107499999998254,134914.0851272639
20230210,20230213,300840.SZ,sell,6700.0,10.444951590106008,69981.17565371025,20.994352696113072,34.990587826855126,35.00809187279083,204839.27584045118
20230210,20230213,688156.SH,sell,1900.0,37.750103117499044,71725.19592324819,21.517558776974454,35.8625979616241,35.88053823073278,276507.09160696075
20230210,20230213,688228.SH,sell,1500.0,44.84970520119657,67274.55780179486,20.182367340538455,33.63727890089743,33.654105953872204,343727.82976251416
20230210,20230213,002228.SZ,buy,20900.0,3.292337740237431,68809.85877096231,20.64295763128869,0.0,34.3877355177101,274897.32803392055
20230210,20230213,003035.SZ,buy,8700.0,7.7787415174596894,67675.0512018993,20.30251536056979,0.0,33.820615293312585,207201.97431666066
20230210,20230213,300220.SZ,buy,4900.0,14.30715,70105.035,21.0315105,0.0,35.03500000000349,137075.90780616066
20230210,20230213,300340.SZ,buy,3900.0,17.218605,67152.5595,20.14576785,0.0,33.55950000000303,69903.20253831065
20230217,20230220,002228.SZ,sell,20900.0,3.0955736920878976,64697.490164637056,19.409247049391116,32.34874508231853,32.364927546092076,134548.93471081601
20230217,20230220,003035.SZ,sell,8700.0,7.929557819764566,68987.15303195173,20.696145909585518,34.49357651597587,34.51083193194063,203480.89802034217
20230217,20230220,300220.SZ,sell,4900.0,11.764115,57644.1635,17.29324905,28.822081750000002,28.836499999997613,261078.94618954218
20230217,20230220,300340.SZ,sell,3900.0,18.3908,71724.12,21.517235999999997,35.86206,35.88000000000466,332745.6868935422
20230217,20230220,002425.SZ,buy,9800.0,6.603299999999999,64712.33999999999,19.413701999999994,0.0,32.33999999998923,268013.93319154216
20230217,20230220,300069.SZ,buy,4200.0,15.117555,63493.731,19.0481193,0.0,31.730999999999767,204501.15407224215
20230217,20230220,300314.SZ,buy,3900.0,17.123583733360224,66781.97656010487,20.03459296803146,0.0,33.37430112947186,137699.14291916924
20230217,20230220,301211.SZ,buy,3800.0,17.609422962962963,66915.80725925927,20.07474217777778,0.0,33.441183038114104,70763.2609177322
20230217,20230220,688466.SH,buy,3900.0,17.117454473316236,66758.07244593333,20.027421733779995,0.0,33.362355045450386,3985.161050065086
20230224,20230227,002425.SZ,sell,9800.0,5.697150000000001,55832.07000000001,16.749621,27.916035000000004,27.929999999993015,59772.56539406509
20230224,20230227,300069.SZ,sell,4200.0,14.09295,59190.39,17.757116999999997,29.595195,29.610000000000582,118915.60308206509
20230224,20230227,300314.SZ,sell,3900.0,16.903050902581686,65921.89852006857,19.77656955602057,32.96094926003428,32.9774379790324,184784.7640833176
20230224,20230227,301211.SZ,sell,3800.0,19.250402190016104,73151.52832206119,21.945458496618354,36.5757641610306,36.59406119163032,257877.77118272113
20230224,20230227,688466.SH,sell,3900.0,16.11333524702866,62842.00746341178,18.852602239023533,31.421003731705888,31.43672209275246,320669.5050401622
20230224,20230227,300862.SZ,buy,3100.0,20.52806023446823,63636.986726851515,19.091096018055453,0.0,31.802592067382648,257013.4272172926
20230224,20230227,300943.SZ,buy,4300.0,14.593616189986502,62752.54961694196,18.825764885082584,0.0,31.360594511214003,194242.05183546557
20230224,20230227,301070.SZ,buy,3100.0,21.30726884163305,66052.53340906245,19.815760022718734,0.0,33.00976182361774,128169.7026663804
20230224,20230227,603093.SH,buy,5300.0,11.689371750365675,61953.67027693808,18.586101083081424,0.0,30.961354461236624,66197.44628835924
20230224,20230227,603272.SH,buy,3100.0,20.40605592842866,63258.77337812885,18.977632013438654,0.0,31.613579899109027,2919.6952782169465
20230303,20230306,300862.SZ,sell,3100.0,20.379325773253775,63175.909897086705,18.95277296912601,31.587954948543352,31.60375682695303,66045.06444738599
20230303,20230306,300943.SZ,sell,4300.0,13.79123705893695,59302.31935342889,17.790695806028666,29.651159676714446,29.665992673042638,125299.94194533213
20230303,20230306,301070.SZ,sell,3100.0,23.020279901238005,71362.86769383782,21.408860308151343,35.681433846918914,35.69928348866233,196605.7193450149
20230303,20230306,603093.SH,sell,5300.0,11.90320193076548,63086.97023305704,18.92609106991711,31.543485116528522,31.559264748902933,259642.2200018855
20230303,20230306,603272.SH,sell,3100.0,21.081944475111833,65354.02787284668,19.606208361854,32.67701393642334,32.69336061672948,324943.9646524339
20230303,20230306,300139.SZ,buy,7200.0,9.2046,66273.12,19.881935999999996,0.0,33.11999999999534,258650.96271643386
20230303,20230306,300192.SZ,buy,7600.0,8.391134450710938,63772.62182540313,19.131786547620937,0.0,31.8703757248295,194859.2091044831
20230303,20230306,300374.SZ,buy,3900.0,16.36818,63835.901999999995,19.150770599999998,0.0,31.901999999994587,131004.15633388312
20230303,20230306,603042.SH,buy,4200.0,15.68784,65888.928,19.7666784,0.0,32.927999999999884,65095.461655483115
20230303,20230306,688230.SH,buy,1300.0,47.27806874890639,61461.48937357831,18.43844681207349,0.0,30.715386993295397,3615.533835092727
20230310,20230313,300139.SZ,sell,7200.0,9.5952,69085.44,20.725631999999997,34.54272,34.55999999999767,72645.70548309272
20230310,20230313,300192.SZ,sell,7600.0,7.863545805862262,59762.948124553186,17.928884437365955,29.881474062276595,29.89642227341392,132360.84324914627
20230310,20230313,300374.SZ,sell,3900.0,16.591700000000003,64707.63000000001,19.412289,32.353815000000004,32.36999999999534,197016.70714514627
20230310,20230313,603042.SH,sell,4200.0,13.77311,57847.062000000005,17.3541186,28.923531000000004,28.937999999994645,254817.49149554627
20230310,20230313,688230.SH,sell,1300.0,45.37607576552931,58988.8984951881,17.69666954855643,29.49444924759405,29.509203849520418,313759.1988719382
20230310,20230313,000890.SZ,buy,12500.0,4.962479999999999,62030.99999999999,18.609299999999998,0.0,30.999999999992724,251709.58957193824
20230310,20230313,300399.SZ,buy,4300.0,14.553301880905861,62579.1980878952,18.77375942636856,0.0,31.27396206290723,189111.61772461666
20230310,20230313,300561.SZ,buy,4400.0,13.657888804554078,60094.71074003795,18.028413222011384,0.0,30.03233920042112,128998.8785713567
20230310,20230313,300605.SZ,buy,3400.0,17.894367732558138,60840.850290697665,18.2522550872093,0.0,30.405222534078348,68139.77602557183
20230310,20230313,301010.SZ,buy,2900.0,23.074788957654718,66916.88797719868,20.075066393159602,0.0,33.44172312703449,1202.8129819799942
20230317,20230320,000890.SZ,sell,12500.0,5.827085,72838.5625,21.85156875,36.41928125,36.4375,73983.10463198
20230317,20230320,300399.SZ,sell,4300.0,13.457032720385948,57865.240697659574,17.35957220929787,28.932620348829786,28.947093895782018,131802.05313708144
20230317,20230320,300561.SZ,sell,4400.0,13.020444578943925,57289.956147353274,17.18698684420598,28.644978073676636,28.659307727531996,189046.17731951684
20230317,20230320,300605.SZ,sell,3400.0,16.863481643444267,57335.837587710506,17.20075127631315,28.667918793855254,28.682259923814854,246336.14623715717
20230317,20230320,301010.SZ,sell,2900.0,20.329536986970684,58955.65726221498,17.68669717866449,29.477828631107492,29.49257491856406,305244.6389735624
20230317,20230320,002282.SZ,buy,6900.0,9.187898918143897,63396.50253519289,19.018950760557868,0.0,31.68241006255994,241829.11748760895
20230317,20230320,300134.SZ,buy,5200.0,10.715355,55719.846000000005,16.7159538,0.0,27.84599999999773,186092.55553380895
20230317,20230320,300628.SZ,buy,1200.0,51.05462189562798,61265.54627475358,18.379663882426073,0.0,30.61746440517163,124808.62959517294
20230317,20230320,688088.SH,buy,1800.0,33.12506722478386,59625.121004610955,17.887536301383285,0.0,29.79766167147318,65165.6210542606
20230317,20230320,688369.SH,buy,900.0,63.62245135292972,57260.20621763675,17.178061865291024,0.0,28.615795211211662,7888.2367747585595
20230324,20230327,002282.SZ,sell,6900.0,7.844489939607228,54126.98058328987,16.23809417498696,27.063490291644936,27.077028806052112,61971.9157735818
20230324,20230327,300134.SZ,sell,5200.0,10.674660000000001,55508.232,16.6524696,27.754116000000003,27.76799999999639,117435.74118798181
20230324,20230327,300628.SZ,sell,1200.0,51.37954064667634,61655.44877601161,18.49663463280348,30.827724388005805,30.84314596097829,179041.8656049726
20230324,20230327,688088.SH,sell,1800.0,36.33588636887608,65404.59546397695,19.621378639193082,32.70229773198847,32.71865706051176,244394.13739257838
20230324,20230327,688369.SH,sell,900.0,63.818148936149505,57436.33404253455,17.230900212760364,28.718167021267277,28.732533287911792,301784.52236787893
20230324,20230327,300115.SZ,buy,4100.0,14.03834735161852,57557.22414163593,17.26716724249078,0.0,28.764229955835617,244210.03105900052
20230324,20230327,600839.SH,buy,15400.0,3.856747673262198,59393.91416823785,17.81817425047135,0.0,29.68211602610245,184798.29871651222
20230324,20230327,688191.SH,buy,4500.0,13.498706381234628,60744.17871555583,18.223253614666746,0.0,30.356910902322852,124035.89674734173
20230324,20230327,920207.BJ,buy,8000.0,7.253222617586911,58025.78094069529,17.407734282208583,0.0,28.998391274704773,65992.70807236424
20230331,20230403,300115.SZ,sell,4100.0,13.507839792569785,55382.14314953612,16.614642944860833,27.69107157476806,27.704924036785087,121330.54550738074
20230331,20230403,600839.SH,sell,15400.0,4.769783810421631,73454.67068049312,22.036401204147932,36.72733534024656,36.74570819432847,194726.45245132945
20230331,20230403,688191.SH,sell,4500.0,11.687185831389115,52592.33624125102,15.777700872375304,26.29616812062551,26.309322782013624,247276.71482358745
20230331,20230403,920207.BJ,sell,8000.0,6.870184525391957,54961.47620313565,16.488442860940694,27.480738101567827,27.494485344235727,302194.2218457606
20230331,20230403,000513.SZ,buy,1700.0,33.70024112292718,57290.40990897621,17.187122972692862,0.0,28.630889509731787,244886.62481381168
20230331,20230403,000566.SZ,buy,11400.0,5.132565,58511.240999999995,17.553372299999996,0.0,29.24099999999453,186357.8304415117
20230331,20230403,002595.SZ,buy,2000.0,30.031179876993754,60062.359753987505,18.01870792619625,0.0,30.016171791095985,126277.451979598
20230331,20230403,300926.SZ,buy,4800.0,12.639402295746116,60669.13101958136,18.200739305874407,0.0,30.31940580688388,65590.12022071077
20230331,20230403,301186.SZ,buy,1800.0,33.195472017045454,59751.84963068182,17.925554889204545,0.0,29.86099431818002,5820.345035139748
20230407,20230410,000513.SZ,sell,1700.0,33.9722087148522,57752.75481524874,17.32582644457462,28.87637740762437,28.890822819026653,63526.897646536294
20230407,20230410,000566.SZ,sell,11400.0,5.287355000000001,60275.84700000001,18.082754100000002,30.137923500000007,30.152999999991152,123754.5239689363
20230407,20230410,002595.SZ,sell,2000.0,28.083543781571933,56167.08756314387,16.85012626894316,28.083543781571933,28.09759257785481,179876.67786202964
20230407,20230410,300926.SZ,sell,4800.0,12.101441188386227,58086.91770425389,17.426075311276165,29.043458852126943,29.057987846055767,237917.12603212014
20230407,20230410,301186.SZ,sell,1800.0,29.35756766098485,52843.621789772726,15.853086536931816,26.421810894886363,26.43502840909059,290718.47292446106
20230407,20230410,300493.SZ,buy,5500.0,10.526781733254992,57897.299532902456,17.369189859870737,0.0,28.93418267510424,232803.80420169875
20230407,20230410,301221.SZ,buy,900.0,57.37475147058823,51637.276323529404,15.49118289705882,0.0,25.80573529411049,181151.03669527228
20230407,20230410,600203.SH,buy,8200.0,6.790504087193461,55682.13351498638,16.70464005449591,0.0,27.827153180900495,125452.19854023142
20230407,20230410,688578.SH,buy,2100.0,27.415661764705877,57572.88970588234,17.2718669117647,0.0,28.772058823524276,67862.0369674373
20230414,20230417,300493.SZ,sell,5500.0,9.803293418229194,53918.113800260566,16.175434140078167,26.95905690013028,26.97254317170882,121737.01627665767
20230414,20230417,301221.SZ,sell,900.0,56.319291953431375,50687.36275808824,15.20620882742647,25.34368137904412,25.35635955882026,172383.82914453943
20230414,20230417,600203.SH,sell,8200.0,7.082998607984837,58080.58858547566,17.424176575642697,29.040294292737833,29.054821703583002,230417.9532591467
20230414,20230417,688578.SH,sell,2100.0,28.426955882352942,59696.60735294118,17.908982205882353,29.84830367647059,29.86323529411311,290066.8033262055
20230414,20230417,300120.SZ,buy,6900.0,8.787592535046727,60634.388491822414,18.190316547546722,0.0,30.302043224284716,229414.22451783557
20230414,20230417,300668.SZ,buy,2000.0,26.669615228413285,53339.23045682657,16.00176913704797,0.0,26.656287084864744,176058.99229187195
20230414,20230417,600326.SH,buy,10300.0,5.414652729405193,55770.92311287349,16.731276933862045,0.0,27.87152579354006,120271.33790206461
20230414,20230417,600629.SH,buy,9800.0,5.879455406536399,57618.66298405671,17.28559889521701,0.0,28.79493402501248,62635.389319112684
20230414,20230417,688488.SH,buy,4300.0,13.866929999999998,59627.79899999999,17.888339699999996,0.0,29.798999999991793,2989.70197941269
20230421,20230424,300120.SZ,sell,6900.0,7.537461860397197,52008.48683674066,15.602546051022196,26.00424341837033,26.017252044388442,54956.58202668396
20230421,20230424,300668.SZ,sell,2000.0,27.379223466236166,54758.44693247233,16.427534079741697,27.379223466236166,27.392919926191098,109671.2222016103
20230421,20230424,600326.SH,sell,10300.0,5.685849686307363,58564.25176896584,17.56927553068975,29.282125884482923,29.29677427162096,168188.62256916097
20230421,20230424,600629.SH,sell,9800.0,6.693591526543316,65597.1969601245,19.679159088037345,32.798598480062246,32.81500598305138,233733.34177171736
20230421,20230424,688488.SH,sell,4300.0,15.052470000000001,64725.62100000001,19.4176863,32.3628105,32.37899999999354,298407.1822749174
20230421,20230424,301048.SZ,buy,4500.0,13.314684008179958,59916.07803680981,17.97482341104294,0.0,29.943067484666244,238473.1294146965
20230421,20230424,301185.SZ,buy,2500.0,23.521961140392907,58804.90285098227,17.641470855294678,0.0,29.387757546712237,179650.58509285894
20230421,20230424,600419.SH,buy,3000.0,18.627812442927116,55883.43732878135,16.765031198634404,0.0,27.92775478699332,123750.38273287895
20230421,20230424,600854.SH,buy,12400.0,4.7035117027351525,58323.54511391589,17.497063534174767,0.0,29.147198957478395,65409.340555428884
20230421,20230424,688282.SH,buy,1000.0,57.43397607421875,57433.97607421875,17.230192822265625,0.0,28.70263671875,7958.134288387868
20230428,20230504,301048.SZ,sell,4500.0,12.465120831629175,56093.04374233129,16.827913122699385,28.046521871165645,28.060552147238923,64006.30359572529
20230428,20230504,301185.SZ,sell,2500.0,24.581952994729278,61454.8824868232,18.43646474604696,30.727441243411597,30.742812649725238,125412.02217655902
20230428,20230504,600419.SH,sell,3000.0,18.95884476532581,56876.534295977435,17.062960288793228,28.438267147988718,28.45249339468137,182243.05524509968
20230428,20230504,600854.SH,sell,12400.0,4.560610231565538,56551.56687141267,16.9654700614238,28.275783435706337,28.28992839989951,238749.38086301522
20230428,20230504,688282.SH,sell,1000.0,58.54388724121094,58543.88724121094,17.56316617236328,29.27194362060547,29.286586914058717,297246.4329944332
20230428,20230504,002563.SZ,buy,10000.0,5.7902027965005916,57902.02796500592,17.370608389501772,0.0,28.93654570965009,239327.0344210378
20230428,20230504,300143.SZ,buy,4800.0,12.186089999999998,58493.23199999999,17.547969599999995,0.0,29.231999999989057,180816.2544514378
20230428,20230504,600488.SH,buy,12300.0,4.943614099418636,60806.45342284923,18.241936026854766,0.0,30.3880326950748,119991.55909256171
20230428,20230504,603808.SH,buy,5000.0,11.72017535066272,58600.8767533136,17.58026302599408,0.0,29.285795478914224,61373.10207622212
20230428,20230504,688410.SH,buy,2200.0,26.352140591966172,57974.70930232558,17.392412790697673,0.0,28.972868217053474,3381.000361105842
20230505,20230508,002563.SZ,sell,10000.0,5.894675606619164,58946.75606619164,17.68402681985749,29.473378033095823,29.488122094138816,62280.599022444534
20230505,20230508,300143.SZ,sell,4800.0,12.003995,57619.176,17.285752799999997,28.809588,28.824000000000524,119853.67968164454
20230505,20230508,600488.SH,sell,12300.0,5.005283188436716,61564.98321777161,18.46949496533148,30.782491608885806,30.797890554160404,181369.41091284194
20230505,20230508,603808.SH,sell,5000.0,12.455198530862608,62275.99265431304,18.68279779629391,31.13799632715652,31.1535731137119,243595.58277303152
20230505,20230508,688410.SH,sell,2200.0,26.140904686398876,57509.99031007753,17.252997093023257,28.754995155038763,28.76937984495453,301059.565090861
20230505,20230508,300500.SZ,buy,2600.0,22.143055193519352,57571.943503150316,17.271583050945093,0.0,28.771585958595097,243470.35000465973
20230505,20230508,920427.BJ,buy,10900.0,5.358613887114535,58408.89136954843,17.52266741086453,0.0,29.1898507593869,185043.93596770044
20230505,20230508,920799.BJ,buy,6400.0,9.420918947066511,60293.88126122567,18.0881643783677,0.0,30.131874693273858,124731.9665420964
20230505,20230508,920885.BJ,buy,10100.0,6.114841283775048,61759.896966127984,18.527969089838393,0.0,30.864516224944964,62953.54160687858
20230505,20230508,920925.BJ,buy,5600.0,10.81987776712985,60591.315495927156,18.177394648778144,0.0,30.280517489212798,2344.048716302641
20230512,20230515,300500.SZ,sell,2600.0,18.106024367236724,47075.663354815486,14.122699006444645,23.537831677407745,23.549606480650255,49382.05154043427
20230512,20230515,920427.BJ,sell,10900.0,5.100063318368572,55590.69017021744,16.677207051065228,27.795345085108718,27.80924970995693,104928.26915851554
20230512,20230515,920799.BJ,sell,6400.0,8.363663362758533,53527.44552165461,16.058233656496384,26.763722760827307,26.77711131648539,158412.89272375283
20230512,20230515,920885.BJ,sell,10100.0,5.808703331394097,58667.90364708038,17.60037109412411,29.33395182354019,29.348626136597886,217033.86204791555
20230512,20230515,920925.BJ,sell,5600.0,9.521802122184953,53322.091884235735,15.99662756527072,26.66104594211787,26.674383133686206,270313.2962586439
20230512,20230515,301078.SZ,buy,4200.0,12.47452036219081,52392.98552120141,15.71789565636042,0.0,26.18340106006508,217904.59284178616
20230512,20230515,301088.SZ,buy,3000.0,18.00579041169132,54017.37123507396,16.205211370522186,0.0,26.99518802352395,163871.01639534166
20230512,20230515,600609.SH,buy,9900.0,5.08254,50317.146,15.095143799999999,0.0,25.14600000000064,113538.77525154167
20230512,20230515,920227.BJ,buy,3700.0,14.941570878278258,55283.812249629555,16.585143674888865,0.0,27.628092078775808,58238.377858237225
20230519,20230522,301078.SZ,sell,4200.0,11.921931615626228,50072.11278563016,15.021633835689046,25.03605639281508,25.04858068314934,108270.43295363888
20230519,20230522,301088.SZ,sell,3000.0,16.16203256727856,48486.09770183567,14.545829310550701,24.243048850917837,24.255176439139177,156717.7417773131
20230519,20230522,600609.SH,sell,9900.0,4.6476750000000004,46011.982500000006,13.80359475,23.005991250000005,23.01749999999447,202692.91469131308
20230519,20230522,920227.BJ,sell,3700.0,19.072404856635085,70567.89796954981,21.17036939086494,35.28394898477491,35.301599784666905,273204.35834248725
20230519,20230522,002406.SZ,buy,10000.0,5.5705929620563035,55705.92962056304,16.71177888616891,0.0,27.839045287641056,217481.71694303805
20230519,20230522,300549.SZ,buy,3300.0,16.224324324324325,53540.27027027027,16.062081081081082,0.0,26.75675675675302,163925.38459168668
20230519,20230522,603662.SH,buy,2400.0,22.377077183600708,53704.9852406417,16.111495572192506,0.0,26.839073083770927,110204.2878554728
20230519,20230522,688322.SH,buy,1300.0,40.370174999999996,52481.22749999999,15.744368249999997,0.0,26.227499999993597,57707.3159872228
20230519,20230522,920425.BJ,buy,7900.0,6.83129920809306,53967.263743935175,16.190179123180553,0.0,26.970146798572387,3723.8620641644447
20230526,20230529,002406.SZ,sell,10000.0,5.263193280293757,52631.932802937576,15.789579840881272,26.31596640146879,26.329130966951197,56313.689320859674
20230526,20230529,300549.SZ,sell,3300.0,17.60298771498772,58089.859459459476,17.42695783783784,29.044929729729738,29.05945945945132,114357.07689275159
20230526,20230529,603662.SH,sell,2400.0,26.145292768865115,62748.70264527627,18.82461079358288,31.374351322638137,31.390046345812152,177055.58057591165
20230526,20230529,688322.SH,sell,1300.0,39.480250000000005,51324.325000000004,15.3972975,25.662162500000004,25.674999999995634,228338.84611591167
20230526,20230529,920425.BJ,sell,7900.0,6.771568444356068,53495.39071041293,16.04861721312388,26.747695355206467,26.761075893155066,281791.4405137563
20230526,20230529,003037.SZ,buy,4300.0,12.572724337748342,54062.714652317874,16.21881439569536,0.0,27.017848401956144,227712.50704704272
20230526,20230529,300510.SZ,buy,7300.0,8.014005,58502.23649999999,17.550670949999997,0.0,29.236499999991793,169192.71987609274
20230526,20230529,301151.SZ,buy,3400.0,16.845203811101904,57273.69295774647,17.18210788732394,0.0,28.622535211259674,111901.84481045895
20230526,20230529,605580.SH,buy,4000.0,14.070093809494184,56280.37523797673,16.88411257139302,0.0,28.12612455670751,55604.58545991082
20230602,20230605,003037.SZ,sell,4300.0,12.273560696803917,52776.31099625685,15.832893298877053,26.388155498128423,26.401356176211266,108338.67540737067
20230602,20230605,300510.SZ,sell,7300.0,7.6161900000000005,55598.187000000005,16.6794561,27.799093500000005,27.812999999994645,163892.38385777068
20230602,20230605,301151.SZ,sell,3400.0,17.200637761207766,58482.1683881064,17.54465051643192,29.2410841940532,29.255712050078728,222327.76651116658
20230602,20230605,605580.SH,sell,4000.0,12.538243389535248,50152.97355814099,15.045892067442296,25.076486779070496,25.089031294715824,272440.61769046105
20230602,20230605,300509.SZ,buy,7900.0,6.880397816983592,54355.14275417038,16.306542826251114,0.0,27.163989382388536,218069.1683934644
20230602,20230605,300948.SZ,buy,3400.0,15.883013046618517,54002.24435850296,16.200673307550886,0.0,26.987628365066485,164050.7233616539
20230602,20230605,301121.SZ,buy,1400.0,38.86397344445229,54409.56282223321,16.322868846669962,0.0,27.191185818206577,109624.83767057401
20230602,20230605,603527.SH,buy,4200.0,12.493207767857141,52471.472624999995,15.741441787499998,0.0,26.222625000002154,57137.62360378652
20230602,20230605,605366.SH,buy,5400.0,9.938198038656855,53666.269408747015,16.099880822624105,0.0,26.819724841945572,3455.2543142168797
20230609,20230612,300509.SZ,sell,7900.0,6.066380180087412,47924.40342269056,14.377321026807167,23.96220171134528,23.974188805746962,51341.31821416929
20230609,20230612,300948.SZ,sell,3400.0,15.777773614576496,53644.430289560085,16.093329086868025,26.822215144780042,26.835632961257943,104942.83295949773
20230609,20230612,301121.SZ,sell,1400.0,36.63680344657109,51291.52482519953,15.387457447559857,25.645762412599765,25.65859170845215,156193.3245648371
20230609,20230612,603527.SH,sell,4200.0,11.894505129464287,49956.92154375,14.987076463125,24.978460771875003,24.990956250003364,206110.2805713521
20230609,20230612,605366.SH,sell,5400.0,9.4521841771168,51041.79455643072,15.312538366929216,25.52089727821536,25.53366411026218,257111.24169213767
20230609,20230612,300175.SZ,buy,11900.0,4.50225,53576.775,16.0730325,0.0,26.775000000001455,203518.39365963766
20230609,20230612,600278.SH,buy,6700.0,7.621561570035916,51064.46251924064,15.31933875577219,0.0,25.51947152385401,152438.61180164124
20230609,20230612,600676.SH,buy,9800.0,5.102549999999999,50004.98999999999,15.001496999999995,0.0,24.989999999990687,102418.62030464126
20230609,20230612,603033.SH,buy,3100.0,16.04576308633582,49741.86556764105,14.922559670292314,0.0,24.858503532050236,52661.83217732992
20230609,20230612,688118.SH,buy,1600.0,31.754220430107523,50806.75268817204,15.242025806451611,0.0,25.390681003584177,1839.837463351425
20230616,20230619,300175.SZ,sell,11900.0,3.8880550000000005,46267.85450000001,13.880356350000001,23.133927250000006,23.145499999991443,48070.67767975144
20230616,20230619,600278.SH,sell,6700.0,7.17105352103643,48046.05859094408,14.413817577283222,24.02302929547204,24.03504681888444,96078.29942382275
20230616,20230619,600676.SH,sell,9800.0,4.427785,43392.293,13.017687899999999,21.6961465,21.707000000002154,139435.87858942276
20230616,20230619,603033.SH,sell,3100.0,15.46352024650489,47936.91276416516,14.381073829249546,23.96845638208258,23.980446605382895,187334.44182337658
20230616,20230619,688118.SH,sell,1600.0,33.19038575268817,53104.617204301074,15.93138516129032,26.552308602150536,26.56559139784804,240396.5753339142
20230616,20230619,000036.SZ,buy,11100.0,4.22211,46865.420999999995,14.059626299999998,0.0,23.42099999999482,193517.09470761422
20230616,20230619,300823.SZ,buy,3400.0,14.196993686710837,48269.77853481685,14.480933560445052,0.0,24.122827853483614,145232.83523923694
20230616,20230619,300901.SZ,buy,3200.0,14.645355591915303,46865.137894128966,14.059541368238689,0.0,23.42085851779848,98353.63780373974
20230616,20230619,600215.SH,buy,6100.0,7.953732652162424,48517.769178190785,14.555330753457234,0.0,24.24676120848744,49821.313294795495
20230616,20230619,603767.SH,buy,6100.0,7.817235308598557,47685.1353824512,14.305540614735358,0.0,23.830652365038986,2121.872371729565
20230621,20230626,000036.SZ,sell,11100.0,3.9680150000000003,44044.9665,13.21348995,22.02248325,22.03349999999773,46131.60289852956
20230621,20230626,300823.SZ,sell,3400.0,13.628999068633577,46338.59683335416,13.901579050006246,23.16929841667708,23.18088886111218,92433.12885441704
20230621,20230626,300901.SZ,sell,3200.0,14.904921097208858,47695.747511068344,14.308724253320502,23.847873755534174,23.859803657360317,140090.71976747652
20230621,20230626,600215.SH,sell,6100.0,8.74232796177222,53328.20056681055,15.998460170043163,26.664100283405276,26.677439002902247,193376.2577738336
20230621,20230626,603767.SH,sell,6100.0,10.198871988746264,62213.11913135221,18.66393573940566,31.106559565676104,31.122120625994285,255539.60640988074
20230621,20230626,300258.SZ,buy,4600.0,11.087069399341921,51000.51923697284,15.30015577109185,0.0,25.487515860557323,204523.7870171368
20230621,20230626,603052.SH,buy,2600.0,18.12338951776019,47120.812746176496,14.136243823852947,0.0,23.548632057048962,157388.83802713646
20230621,20230626,920418.BJ,buy,5500.0,9.392863431015527,51660.7488705854,15.498224661175618,0.0,25.817465702435584,105712.59093188989
20230621,20230626,920662.BJ,buy,4800.0,10.281478449612958,49351.0965581422,14.805328967442659,0.0,24.663216670727707,56346.68904478025
20230621,20230626,920981.BJ,buy,3100.0,16.913378908178203,52431.474615352425,15.729442384605726,0.0,26.202635989669943,3899.4849870432226
20230630,20230703,300258.SZ,sell,4600.0,14.350205337749198,66010.94455364632,19.803283366093893,33.00547227682316,33.02198326845246,69857.62078504662
20230630,20230703,603052.SH,sell,2600.0,16.58141452397005,43111.67776232213,12.933503328696638,21.555838881161066,21.566622192258365,112934.80920515888
20230630,20230703,920418.BJ,sell,5500.0,9.643325345838486,53038.28940211167,15.9114868206335,26.519144701055836,26.53241090651136,165930.66797574886
20230630,20230703,920662.BJ,sell,4800.0,9.465427274669329,45434.05091841278,13.630215275523833,22.71702545920639,22.72838965403207,211328.3716534269
20230630,20230703,920981.BJ,sell,3100.0,15.512496442864117,48088.73897287877,14.426621691863629,24.044369486439383,24.056397685271804,259378.6396351274
20230630,20230703,002560.SZ,buy,5400.0,9.149810382094547,49408.976063310554,14.822692818993165,0.0,24.692141960673325,209954.84087899784
20230630,20230703,300254.SZ,buy,6900.0,7.4537249999999995,51430.7025,15.42921075,0.0,25.702499999999418,158508.70916824785
20230630,20230703,300412.SZ,buy,9400.0,5.6852967557711285,53441.789504248605,16.032536851274582,0.0,26.70754098163161,105050.88712714797
20230630,20230703,301206.SZ,buy,1600.0,31.82737821658327,50923.80514653323,15.277141543959969,0.0,25.449177984271955,54111.804839070785
20230630,20230703,603042.SH,buy,2100.0,23.901944999999998,50194.0845,15.058225349999997,0.0,25.084499999997206,3902.662113720784
20230707,20230710,002560.SZ,sell,5400.0,8.472315434853343,45750.50334820805,13.725151004462413,22.875251674104025,22.886695021617925,49616.56505925027
20230707,20230710,300254.SZ,sell,6900.0,7.6161900000000005,52551.711,15.7655133,26.275855500000002,26.28899999999703,102126.23469045028
20230707,20230710,300412.SZ,sell,9400.0,5.531450448932431,51995.63421996485,15.598690265989454,25.997817109982424,26.010822521246155,154080.27240303915
20230707,20230710,301206.SZ,sell,1600.0,29.515184989278055,47224.29598284489,14.167288794853466,23.612147991422443,23.623959971402655,201266.78894909777
20230707,20230710,603042.SH,sell,2100.0,18.05097,37907.037,11.372111099999998,18.953518499999998,18.963000000003376,239143.50031949778
20230707,20230710,001313.SZ,buy,5400.0,8.53437268496073,46085.61249878794,13.82568374963638,0.0,23.031290604092646,193044.06213696022
20230707,20230710,300189.SZ,buy,13200.0,3.58179,47279.628,14.183888399999997,0.0,23.627999999996973,145750.25024856022
20230707,20230710,301016.SZ,buy,3700.0,13.245263285148413,49007.47415504913,14.702242246514738,0.0,24.49149133186438,96728.07385126458
20230707,20230710,301298.SZ,buy,2700.0,17.611267937535168,47550.42343134495,14.265127029403484,0.0,23.763330050642253,49163.38529289023
20230707,20230710,920087.BJ,buy,7000.0,6.760859618800887,47326.01733160621,14.197805199481861,0.0,23.65118307426019,1823.1701560845395
20230714,20230717,001313.SZ,sell,5400.0,8.290916949481238,44770.95152719868,13.431285458159604,22.38547576359934,22.39667410065158,46558.30492206146
20230714,20230717,300189.SZ,sell,13200.0,3.65817,48287.844000000005,14.4863532,24.143922000000003,24.1559999999954,94807.51864686146
20230714,20230717,301016.SZ,sell,3700.0,13.179579042131797,48764.44245588765,14.629332736766294,24.382221227943823,24.394418437157583,143532.9495487844
20230714,20230717,301298.SZ,sell,2700.0,16.30608973457137,44026.442283342694,13.207932685002808,22.013221141671348,22.024233258307504,187524.17067830043
20230714,20230717,920087.BJ,sell,7000.0,6.82154680977054,47750.82766839378,14.325248300518133,23.87541383419689,23.887357512947347,235236.79768455948
20230714,20230717,300097.SZ,buy,6100.0,7.7838899999999995,47481.729,14.244518699999999,0.0,23.72899999999936,187740.8241658595
20230714,20230717,301106.SZ,buy,1600.0,27.797931481856878,44476.690370971,13.3430071112913,0.0,22.227231569690048,143250.7907877772
20230714,20230717,301218.SZ,buy,1400.0,32.916092820309395,46082.529948433155,13.824758984529945,0.0,23.02975009916554,97154.4360803595
20230714,20230717,301379.SZ,buy,2400.0,19.20540666699157,46092.976000779774,13.827892800233931,0.0,23.03497051513841,51047.6321867795
20230714,20230717,920225.BJ,buy,4800.0,9.533413671451989,45760.385622969545,13.728115686890861,0.0,22.86875843226153,5273.518448123061
20230721,20230724,300097.SZ,sell,6100.0,6.61669,40361.809,12.1085427,20.1809045,20.190999999998894,45603.038000923065
20230721,20230724,301106.SZ,sell,1600.0,23.98583877289006,38377.3420366241,11.513202610987229,19.18867101831205,19.198270153377962,83949.67816391787
20230721,20230724,301218.SZ,sell,1400.0,32.22552931376438,45115.741039270135,13.534722311781039,22.557870519635067,22.569155097182374,129029.32661035658
20230721,20230724,301379.SZ,sell,2400.0,19.8035149958575,47528.435990058,14.2585307970174,23.764217995029,23.77610604804795,176519.73985162255
20230721,20230724,920225.BJ,sell,4800.0,9.540137385624162,45792.659450995976,13.737797835298792,22.89632972549799,22.907783617301902,222275.76517505775
20230721,20230724,002076.SZ,buy,15400.0,2.911455,44836.407,13.450922099999998,0.0,22.406999999999243,177425.90725295775
20230721,20230724,002431.SZ,buy,14900.0,2.911455,43380.6795,13.014203849999998,0.0,21.67949999999837,134032.21354910775
20230721,20230724,300877.SZ,buy,2100.0,20.23290057548437,42489.09120851717,12.74672736255515,0.0,21.233928639936494,91530.37561322803
20230721,20230724,301098.SZ,buy,3100.0,14.34275717292746,44462.54723607512,13.338764170822536,0.0,22.220163536265318,47054.48961298208
20230721,20230724,301281.SZ,buy,1300.0,32.37858042118431,42092.154547539605,12.62764636426188,0.0,21.035559494019253,4949.707419078208
20230728,20230731,002076.SZ,sell,15400.0,2.628685,40481.748999999996,12.144524699999998,20.240874499999997,20.25100000000384,45399.0710198782
20230728,20230731,002431.SZ,sell,14900.0,2.788605,41550.2145,12.465064349999999,20.77510725,20.785499999998137,86916.0453482782
20230728,20230731,300877.SZ,sell,2100.0,18.16283040475734,38141.94384999041,11.442583154997124,19.070971924995206,19.080512181084487,125027.47564318863
20230728,20230731,301098.SZ,sell,3100.0,13.22020006476684,40982.6202007772,12.29478606023316,20.4913101003886,20.5015608808244,165977.3097478052
20230728,20230731,301281.SZ,sell,1300.0,27.49379418265221,35741.932437447875,10.722579731234362,17.870966218723936,17.87990617180185,201690.6486393031
20230728,20230731,000572.SZ,buy,7100.0,5.50275,39069.525,11.7208575,0.0,19.525000000001455,162609.4027818031
20230728,20230731,002671.SZ,buy,7600.0,5.28264,40148.064,12.044419199999998,0.0,20.063999999998487,122449.2943626031
20230728,20230731,300375.SZ,buy,7900.0,5.123266125262911,40473.802389577,12.142140716873099,0.0,20.226787800886086,81963.34983230924
20230728,20230731,300740.SZ,buy,2100.0,18.98474694583173,39867.968586246636,11.96039057587399,0.0,19.924022281978978,42083.42085548673
20230728,20230731,603132.SH,buy,3400.0,11.7888999341412,40082.259776080085,12.024677932824025,0.0,20.031114330879063,1989.136401473821
20230804,20230807,000572.SZ,sell,7100.0,5.55722,39456.262,11.8368786,19.728131,19.737999999997555,41413.83339187382
20230804,20230807,002671.SZ,sell,7600.0,4.787605,36385.798,10.9157394,18.192899,18.201999999997497,77770.52275347382
20230804,20230807,300375.SZ,sell,7900.0,4.409479130638,34834.8851320402,10.45046553961206,17.417442566020103,17.42615564384323,112577.53997740839
20230804,20230807,300740.SZ,sell,2100.0,21.418413365347675,44978.668067230115,13.493600420169033,22.48933403361506,22.50058432577498,157520.22511018472
20230804,20230807,603132.SH,sell,3400.0,12.690779992096944,43148.65197312961,12.944595591938882,21.574325986564805,21.585118545845035,200634.3581617358
20230804,20230807,002084.SZ,buy,8100.0,4.83267436680572,39144.66237112633,11.743398711337898,0.0,19.562549910602684,161477.95239189814
20230804,20230807,300465.SZ,buy,3700.0,11.18559,41386.683,12.416004899999997,0.0,20.682999999997264,120078.85338699815
20230804,20230807,301208.SZ,buy,1100.0,34.03973765856804,37443.711424424844,11.233113427327453,0.0,18.712499462475535,82623.90884914598
20230804,20230807,600613.SH,buy,5500.0,7.330806950018241,40319.438225100326,12.095831467530097,0.0,20.149644290402648,42292.37479257813
20230804,20230807,600851.SH,buy,5700.0,7.0824121119154215,40369.7490379179,12.110924711375368,0.0,20.17478712539014,1910.51482994885
20230811,20230814,002084.SZ,sell,8100.0,4.107123003575686,33267.69632896306,9.980308898688916,16.63384816448153,16.642169249098515,35151.59700184874
20230811,20230814,300465.SZ,sell,3700.0,10.624685000000001,39311.334500000004,11.79340035,19.655667250000004,19.665499999995518,74431.48243424876
20230811,20230814,301208.SZ,sell,1100.0,33.40840569501182,36749.24626451301,11.024773879353901,18.374623132256502,18.383815039771434,111151.32930175014
20230811,20230814,600613.SH,sell,5500.0,7.851384641980928,43182.615530895106,12.954784659268531,21.591307765447553,21.60210881985404,154299.39874022052
20230811,20230814,600851.SH,sell,5700.0,7.14402579496062,40720.94703127554,12.21628410938266,20.360473515637768,20.370658845058642,194987.76901387103
20230811,20230814,000903.SZ,buy,13200.0,2.86143,37770.876,11.331262799999998,0.0,18.875999999996566,157205.56175107104
20230811,20230814,001299.SZ,buy,3000.0,13.437651177593889,40312.95353278166,12.093886059834498,0.0,20.146403564605862,116880.51433222955
20230811,20230814,002786.SZ,buy,5400.0,7.223609999999999,39007.49399999999,11.702248199999996,0.0,19.4939999999915,77861.31808402955
20230811,20230814,301075.SZ,buy,1100.0,33.09022616504854,36399.2487815534,10.919774634466018,0.0,18.19052912621555,41451.14952784169
20230811,20230814,301130.SZ,buy,1200.0,32.362199825140856,38834.63979016903,11.650391937050708,0.0,19.407616087046335,2604.859345735611
20230818,20230821,000903.SZ,sell,13200.0,2.9985,39580.2,11.874059999999998,19.7901,19.80000000000291,42153.39518573561
20230818,20230821,001299.SZ,sell,3000.0,13.99681731381286,41990.45194143858,12.597135582431573,20.99522597071929,21.005728835130867,84110.25476562104
20230818,20230821,002786.SZ,sell,5400.0,6.736630000000001,36377.802,10.9133406,18.188901,18.197999999996682,120458.95452402104
20230818,20230821,301075.SZ,sell,1100.0,26.604555145631068,29265.010660194173,8.77950319805825,14.632505330097088,14.639825242717052,149700.55317568706
20230818,20230821,301130.SZ,sell,1200.0,27.911440445890804,33493.72853506896,10.048118560520688,16.746864267534484,16.75524188848067,183167.48672792796
20230818,20230821,301137.SZ,buy,1500.0,22.743531656717874,34115.29748507681,10.234589245523042,0.0,17.04912418044114,149041.95465360564
20230818,20230821,600292.SH,buy,5300.0,6.623021349464867,35102.013152163796,10.530603945649139,0.0,17.54223545834975,113929.4108974962
20230818,20230821,601022.SH,buy,3100.0,11.830759984756096,36675.3559527439,11.002606785823168,0.0,18.328513719512557,77243.05233796648
20230818,20230821,688285.SH,buy,3900.0,9.657635283808784,37664.77760685426,11.299433282056278,0.0,18.822977314775926,39566.97529783016
20230818,20230821,688485.SH,buy,2200.0,16.213193955179868,35669.02670139571,10.700708010418714,0.0,17.825600550422678,3887.2478884240336
20230825,20230828,301137.SZ,sell,1500.0,17.08999266073001,25634.98899109502,7.690496697328505,12.817494495547509,12.823906448771595,29501.72888832618
20230825,20230828,600292.SH,sell,5300.0,7.043586728711029,37331.00966216845,11.199302898650535,18.665504831084224,18.674842252206872,66802.8737427649
20230825,20230828,601022.SH,sell,3100.0,9.752552686737806,30232.9133288872,9.069873998666159,15.1164566644436,15.124018673777755,97011.600740989
20230825,20230828,688285.SH,sell,3900.0,8.724873040599748,34027.004858339016,10.208101457501703,17.01350242916951,17.0220134358824,131011.38399544134
20230825,20230828,688485.SH,sell,2200.0,14.898454260861016,32776.599373894234,9.832979812168269,16.388299686947118,16.39649793591525,163761.76208983647
20230825,20230828,002790.SZ,buy,2400.0,12.222482546950179,29333.95811268043,8.800187433804128,0.0,14.65964923172578,134419.00378972222
20230825,20230828,300457.SZ,buy,800.0,31.361751637461722,25089.401309969377,7.526820392990812,0.0,12.538431439264969,109322.07565935985
20230825,20230828,600187.SH,buy,10500.0,3.16158,33196.59,9.958976999999997,0.0,16.589999999996508,76115.52668235985
20230825,20230828,688466.SH,buy,1600.0,20.67218130971801,33075.49009554881,9.922647028664644,0.0,16.529480307610356,43030.11393978237
20230901,20230904,002790.SZ,sell,2400.0,12.031119410212634,28874.68658451032,8.662405975353096,14.43734329225516,14.444565575046,71881.70077502509
20230901,20230904,300457.SZ,sell,800.0,22.378861113473974,17903.088890779178,5.370926667233753,8.951544445389588,8.956022456615756,89770.46719469165
20230901,20230904,600187.SH,sell,10500.0,2.908545,30539.7225,9.16191675,15.26986125,15.277500000000146,120285.75791669165
20230901,20230904,688466.SH,sell,1600.0,18.31414293870893,29302.62870193429,8.790788610580286,14.651314350967144,14.658643672799371,149564.9445156644
20230901,20230904,300050.SZ,buy,5500.0,5.4027,29714.850000000002,8.914455,0.0,14.849999999998545,119841.1800606644
20230901,20230904,920195.BJ,buy,3200.0,9.500315291172107,30401.008931750745,9.120302679525222,0.0,15.192908011871623,89431.05082623413
20230901,20230904,920837.BJ,buy,6100.0,4.81426257073565,29367.001681487465,8.810100504446238,0.0,14.676162759362342,60055.23904424222
20230908,20230911,300050.SZ,sell,5500.0,4.7976,26386.8,7.916039999999999,13.1934,13.200000000000728,86420.92960424222
20230908,20230911,920195.BJ,sell,3200.0,8.454577161999259,27054.64691839763,8.116394075519288,13.527323459198815,13.534090504446795,113453.93280510514
20230908,20230911,920837.BJ,sell,6100.0,4.2856491511721915,26142.45982215037,7.84273794664511,13.071229911075186,13.077768795468728,139575.4786593978
20230908,20230911,001296.SZ,buy,1500.0,17.837626972769854,26756.440459154783,8.026932137746433,0.0,13.371534462345153,112811.01126810527
20230908,20230911,003015.SZ,buy,2800.0,9.676092560073936,27093.059168207023,8.127917750462107,0.0,13.539759704250173,85709.82418214779
20230908,20230911,300581.SZ,buy,2500.0,11.091424395828033,27728.560989570084,8.318568296871025,0.0,13.857351818875031,57972.94462428083
20230908,20230911,300990.SZ,buy,600.0,47.71549985710953,28629.299914265717,8.588789974279715,0.0,14.307496209028614,29335.055920040835
20230908,20230911,605488.SH,buy,2200.0,11.924857626421817,26234.686778127998,7.870406033438399,0.0,13.110787995065039,3092.4987358793987
20230915,20230918,001296.SZ,sell,1500.0,15.42883908992639,23143.258634889586,6.942977590466875,11.571629317444794,11.577418026456144,26217.24276386107
20230915,20230918,003015.SZ,sell,2800.0,9.402791631238449,26327.816567467657,7.898344970240296,13.163908283733829,13.170493530498788,52523.99707807475
20230915,20230918,300581.SZ,sell,2500.0,10.231844123632664,25579.610309081658,7.6738830927244965,12.78980515454083,12.796203256169974,78083.14369890915
20230915,20230918,300990.SZ,sell,600.0,46.22745793479529,27736.474760877172,8.320942428263152,13.868237380438586,13.875174967924977,105797.42927997762
20230915,20230918,605488.SH,sell,2200.0,10.338079025626971,22743.773856379335,6.8231321569138,11.371886928189667,11.377575716047431,128523.00811727185
20230915,20230918,002194.SZ,buy,2000.0,11.684088964766177,23368.177929532354,7.010453378859705,0.0,11.678249839846103,105147.81973436064
20230915,20230918,300006.SZ,buy,6100.0,4.48224,27341.664,8.2024992,0.0,13.663999999997031,77797.95323516065
20230915,20230918,300667.SZ,buy,1300.0,20.441898882955996,26574.468547842796,7.972340564352838,0.0,13.280593976931414,51215.5123467535
20230915,20230918,600408.SH,buy,7900.0,3.10155,24502.245,7.350673499999999,0.0,12.244999999998981,26705.9166732535
20230915,20230918,600973.SH,buy,5000.0,4.992495,24962.475,7.488742499999999,0.0,12.474999999998545,1735.9529307535013
20230922,20230925,002194.SZ,sell,2000.0,10.553272934016658,21106.545868033314,6.331963760409994,10.553272934016658,10.558552210120979,22825.61356209239
20230922,20230925,300006.SZ,sell,6100.0,3.7881050000000003,23107.4405,6.93223215,11.553720250000001,11.559499999999389,45914.56810969239
20230922,20230925,300667.SZ,sell,1300.0,16.96003346860316,22048.04350918411,6.614413052755232,11.024021754592056,11.029536522848502,67944.97318406915
20230922,20230925,600408.SH,sell,7900.0,2.648675,20924.532499999998,6.277359749999999,10.462266249999999,10.467500000002474,88852.76605806914
20230922,20230925,600973.SH,sell,5000.0,4.937530000000001,24687.65,7.406295,12.343825,12.350000000002183,113520.66593806914
20230922,20230925,002513.SZ,buy,3000.0,7.5637799999999995,22691.34,6.807402,0.0,11.340000000000146,90822.51853606914
20230922,20230925,300461.SZ,buy,900.0,23.51175,21160.575,6.3481724999999996,0.0,10.575000000000728,69655.59536356914
20230922,20230925,301042.SZ,buy,600.0,37.44121403321065,22464.72841992639,6.739418525977916,0.0,11.226750834546692,47184.127525116775
20230922,20230925,603123.SH,buy,1900.0,11.515754999999999,21879.934499999996,6.563980349999998,0.0,10.93449999999575,25297.629044766778
20230928,20231009,002513.SZ,sell,3000.0,8.295850000000002,24887.550000000003,7.466265,12.443775000000002,12.450000000000728,50165.269004766786
20230928,20231009,300461.SZ,sell,900.0,22.54872,20293.847999999998,6.088154399999999,10.146923999999999,10.152000000001863,70442.88192636678
20230928,20231009,301042.SZ,sell,600.0,34.52150490028246,20712.902940169475,6.213870882050842,10.356451470084737,10.361632286228996,91139.21454418413
20230928,20231009,603123.SH,sell,1900.0,15.762115,29948.0185,8.984405549999998,14.97400925,14.981500000001688,121063.27462938413
20230928,20231009,001298.SZ,buy,1500.0,14.716904016923523,22075.356025385285,6.622606807615584,0.0,11.032161931725568,98981.29599719124
20230928,20231009,300136.SZ,buy,1200.0,19.63630909665716,23563.570915988592,7.069071274796577,0.0,11.775897509240167,75410.65600992784
20230928,20231009,300201.SZ,buy,5300.0,4.441024627672851,23537.43052666611,7.061229157999833,0.0,11.762833846409194,51866.16425410373
20230928,20231009,600545.SH,buy,7800.0,3.331665,25986.987,7.7960961,0.0,12.98700000000099,25871.38115800373
20230928,20231009,605167.SH,buy,2400.0,9.8632625,23671.829999999998,7.101548999999999,0.0,11.830000000001746,2192.449609003732
20231013,20231016,001298.SZ,sell,1500.0,18.34833869566617,27522.508043499252,8.256752413049774,13.761254021749627,13.76813809079249,29692.939646068186
20231013,20231016,300136.SZ,sell,1200.0,21.639838945886748,25967.806735064096,7.790342020519228,12.983903367532049,12.990398566813383,55639.97213574423
20231013,20231016,300201.SZ,sell,5300.0,4.683062812583779,24820.23290669403,7.446069872008208,12.410116453347015,12.416324615653139,80440.3488561129
20231013,20231016,600545.SH,sell,7800.0,2.7986,21829.079999999998,6.548723999999999,10.914539999999999,10.920000000001892,102251.9655921129
20231013,20231016,605167.SH,sell,2400.0,9.026545075757575,21663.70818181818,6.499112454545453,10.83185409090909,10.837272727272648,123898.34280738563
20231013,20231016,002099.SZ,buy,2500.0,9.554775,23886.9375,7.1660812499999995,0.0,11.9375,100004.23922613563
20231013,20231016,002364.SZ,buy,2800.0,8.645266268124024,24206.745550747266,7.262023665224179,0.0,12.097324113314244,75790.23165172314
20231013,20231016,002728.SZ,buy,2000.0,11.79852340604027,23597.046812080538,7.079114043624161,0.0,11.792627092494513,52186.10572559897
20231013,20231016,300003.SZ,buy,1400.0,18.261051873289837,25565.472622605772,7.669641786781731,0.0,12.77634813723489,26612.96346120642
20231013,20231016,688260.SH,buy,1000.0,23.731859999999998,23731.859999999997,7.119557999999999,0.0,11.859999999996944,2873.983903206423
20231020,20231023,002099.SZ,sell,2500.0,6.8365800000000005,17091.45,5.127435,8.545725000000001,8.549999999999272,19951.760743206425
20231020,20231023,002364.SZ,sell,2800.0,8.292340713807718,23218.55399866161,6.9655661995984826,11.609276999330804,11.61508454160139,43151.739898669104
20231020,20231023,002728.SZ,sell,2000.0,12.136017978091493,24272.035956182986,7.281610786854896,12.136017978091493,12.142089022599976,67404.35822608715
20231020,20231023,300003.SZ,sell,1400.0,15.142469179120186,21199.45685076826,6.359837055230478,10.59972842538413,10.605030940852885,88586.8555113748
20231020,20231023,688260.SH,sell,1000.0,21.149420000000003,21149.420000000002,6.344826,10.574710000000001,10.579999999998108,109719.3559753748
20231020,20231023,000712.SZ,buy,1300.0,15.50775,20160.075,6.0480225,0.0,10.075000000000728,89553.2329528748
20231020,20231023,002490.SZ,buy,4600.0,4.522259999999999,20802.395999999997,6.240718799999999,0.0,10.39600000000064,68744.5962340748
20231020,20231023,002771.SZ,buy,900.0,25.9964541474913,23396.80873274217,7.019042619822651,0.0,11.69255808732487,45340.7684587128
20231020,20231023,300681.SZ,buy,1000.0,20.745213039138065,20745.213039138063,6.223563911741419,0.0,10.367422808161791,24589.331855662997
20231020,20231023,605111.SH,buy,800.0,27.424767082961637,21939.813666369308,6.581944099910792,0.0,10.964424620869977,2642.9362451937777
20231027,20231030,000712.SZ,sell,1300.0,15.192400000000001,19750.120000000003,5.925036,9.875060000000001,9.87999999999738,22377.25614919378
20231027,20231030,002490.SZ,sell,4600.0,4.577710000000001,21057.466000000004,6.3172398,10.528733000000003,10.533999999996013,43417.87617639379
20231027,20231030,300681.SZ,sell,1000.0,20.634804970569,20634.804970569,6.1904414911706995,10.3174024852845,10.322563767171232,64036.17330298633
20231027,20231030,605111.SH,sell,800.0,26.1938545941124,20955.08367528992,6.2865251025869755,10.47754183764496,10.48278322925762,84974.49291133601
20231027,20231030,300100.SZ,buy,2900.0,7.246975926982315,21016.23018824871,6.304869056474613,0.0,10.50286366229193,63951.95785403083
20231027,20231030,300123.SZ,buy,2100.0,9.8049,20590.29,6.177086999999999,0.0,10.290000000000873,43355.49076703083
20231027,20231030,301151.SZ,buy,800.0,27.457337752002207,21965.870201601767,6.589761060480529,0.0,10.977446377612068,21383.030804368584
20231027,20231030,688636.SH,buy,800.0,25.603385497208702,20482.70839776696,6.144812519330087,0.0,10.236236080840172,894.1775940822918
20231103,20231106,002771.SZ,sell,900.0,25.161390636809223,22645.251573128302,6.79357547193849,11.322625786564151,11.328289931527252,23521.31296595209
20231103,20231106,300100.SZ,sell,2900.0,7.352853394181404,21323.27484312607,6.39698245293782,10.661637421563036,10.666970907015639,44827.52918920366
20231103,20231106,300123.SZ,sell,2100.0,8.35582,17547.221999999998,5.2641665999999985,8.773610999999999,8.778000000002066,62360.71341160366
20231103,20231106,301151.SZ,sell,800.0,20.903471048513303,16722.77683881064,5.016833051643192,8.361388419405321,8.365571205009473,79070.11202894326
20231103,20231106,688636.SH,sell,800.0,23.89046393408365,19112.37114726692,5.733711344180075,9.55618557363346,9.560966056662437,98167.19327929236
20231103,20231106,002119.SZ,buy,1300.0,13.96735506930589,18157.56159009766,5.447268477029297,0.0,9.074243673214369,80004.18442071768
20231103,20231106,002963.SZ,buy,1300.0,15.247573156457278,19821.845103394462,5.946553531018338,0.0,9.905969566912972,60176.392763792195
20231103,20231106,300276.SZ,buy,4600.0,4.2021,19329.66,5.798897999999999,0.0,9.659999999999854,40840.93386579219
20231103,20231106,920445.BJ,buy,3700.0,5.219471588173569,19312.044876242206,5.793613462872661,0.0,9.651196839698969,21523.095376087113
20231110,20231113,002119.SZ,sell,1300.0,14.291779444502783,18579.313277853616,5.573793983356085,9.28965663892681,9.294303790822596,40087.54520331844
20231110,20231113,002963.SZ,sell,1300.0,15.242160515021462,19814.8086695279,5.94444260085837,9.907404334763951,9.912360515019827,59886.50202591072
20231110,20231113,300276.SZ,sell,4600.0,4.03798,18574.708000000002,5.5724124,9.287354,9.291999999997643,78446.35025951071
20231110,20231113,920445.BJ,sell,3700.0,5.324415036108882,19700.335633602863,5.910100690080858,9.85016781680143,9.855095364484441,98130.9256246067
20231110,20231113,002238.SZ,buy,1500.0,12.976658606521031,19464.987909781546,5.839496372934463,0.0,9.727630139819667,78660.09821845221
20231110,20231113,002584.SZ,buy,2300.0,8.445947748749305,19425.679822123402,5.82770394663702,0.0,9.707985918103077,59228.590692382175
20231110,20231113,300554.SZ,buy,500.0,34.24561069436851,17122.805347184254,5.136841604155276,0.0,8.557124111535813,42100.648503593766
20231110,20231113,601515.SH,buy,4200.0,4.536429333317912,19053.00319993523,5.715900959980568,0.0,9.521740729600424,23041.929402698555
20231117,20231120,002238.SZ,sell,1500.0,12.227115226580745,18340.672839871117,5.502201851961335,9.170336419935559,9.174923881877476,41367.92970429777
20231117,20231120,002584.SZ,sell,2300.0,12.408097090976469,28538.62330924588,8.561586992773762,14.269311654622939,14.276449879562279,69883.72211489626
20231117,20231120,300554.SZ,sell,500.0,34.73908978130127,17369.544890650635,5.21086346719519,8.684772445325319,8.689117003825231,87239.37136963438
20231117,20231120,601515.SH,sell,4200.0,4.125313766221749,17326.31781813135,5.197895345439404,8.663158909065675,8.66749265539329,104551.82813351123
20231117,20231120,000632.SZ,buy,4300.0,4.752375,20435.212499999998,6.1305637499999985,0.0,10.212499999997817,84110.48506976123
20231117,20231120,002239.SZ,buy,5700.0,3.675773610974045,20951.909582552056,6.2855728747656165,0.0,10.4707194315597,63152.289914334404
20231117,20231120,300242.SZ,buy,4200.0,5.2026,21850.920000000002,6.555276,0.0,10.920000000001892,41294.8146383344
20231117,20231120,600288.SH,buy,1700.0,11.987971011338658,20379.550719275718,6.113865215782715,0.0,10.184683018123906,20909.1500538429
20231117,20231120,688733.SH,buy,500.0,38.07442014092777,19037.210070463887,5.711163021139166,0.0,9.513848111178959,1866.2288203578719
20231124,20231127,000632.SZ,sell,4300.0,4.957520000000001,21317.336000000003,6.3952008000000005,10.658668000000002,10.663999999997031,23166.510951557873
20231124,20231127,002239.SZ,sell,5700.0,3.283991578670351,18718.751998421,5.6156255995263,9.359375999210501,9.364058028226282,41870.28794838014
20231124,20231127,300242.SZ,sell,4200.0,4.65767,19562.214000000004,5.8686642,9.781107000000002,9.78599999999642,61416.852177180146
20231124,20231127,600288.SH,sell,1700.0,13.263407852183944,22547.793348712705,6.764338004613811,11.273896674356353,11.2795364425765,83946.60729121388
20231124,20231127,688733.SH,sell,500.0,31.16018036797808,15580.09018398904,5.0,7.79004509199452,7.793942063024588,99513.90743011092
20231124,20231127,301111.SZ,buy,600.0,31.92245133784181,19153.470802705087,5.746041240811525,0.0,9.571949426641368,80354.69058616503
20231124,20231127,920017.BJ,buy,1100.0,17.13933752429806,18853.271276727868,5.65598138301836,0.0,9.421924676029448,61495.76332805415
20231124,20231127,920478.BJ,buy,1200.0,15.962832818231012,19155.399381877214,5.7466198145631635,0.0,9.572913234318548,42334.61732636237
20231124,20231127,920826.BJ,buy,2900.0,6.89281925773196,19989.175847422684,5.996752754226804,0.0,9.98959312714942,22339.44472618546
20231201,20231204,301111.SZ,sell,600.0,27.067347530138193,16240.408518082915,5.0,8.120204259041458,8.124266392236677,38566.733040009334
20231201,20231204,920017.BJ,sell,1100.0,14.349301241900651,15784.231366090717,5.0,7.8921156830453585,7.8960637149029935,54338.072290417
20231201,20231204,920478.BJ,sell,1200.0,11.330158355079872,13596.190026095846,5.0,6.798095013047924,6.8014957609266276,67922.4642214998
20231201,20231204,002575.SZ,buy,2600.0,6.553274999999999,17038.515,5.1115545,0.0,8.514999999999418,50878.8376669998
20231201,20231204,002767.SZ,buy,900.0,18.35588263648816,16520.294372839344,5.0,0.0,8.256019176827976,34353.54329416046
20231201,20231204,600730.SH,buy,2700.0,6.3930832704944525,17261.324830335023,5.1783974491005065,0.0,8.626349240548734,17087.040066376336
20231201,20231204,603697.SH,buy,2000.0,8.386695637413004,16773.391274826008,5.032017382447802,0.0,8.382504385223001,308.61677416788007
20231208,20231211,002575.SZ,sell,2600.0,5.907045,15358.317000000001,5.0,7.679158500000001,7.682999999999083,15654.254615667882
20231208,20231211,002767.SZ,sell,900.0,15.779041500880568,14201.137350792511,5.0,7.100568675396255,7.104120735764809,29843.291397784997
20231208,20231211,600730.SH,sell,2700.0,6.127233963517542,16543.531701497363,5.0,8.27176585074868,8.275903802648827,46373.551333431606
20231208,20231211,603697.SH,sell,2000.0,8.49418342103774,16988.36684207548,5.0965100526226434,8.494183421037741,8.498432637356018,63348.327482033426
20231208,20231211,920826.BJ,sell,2900.0,8.180581800089646,23723.687220259973,7.117106166077991,11.861843610129988,11.86777749887915,87053.03575251719
20231208,20231211,300548.SZ,buy,500.0,30.07859037639007,15039.295188195036,5.0,0.0,7.51588964927214,72008.74056432216
20231208,20231211,600678.SH,buy,2000.0,8.704349999999998,17408.699999999997,5.222609999999999,0.0,8.69999999999709,54594.81795432216
20231208,20231211,603038.SH,buy,1800.0,9.64688914036545,17364.40045265781,5.209320135797342,0.0,8.677861295680486,37225.20818152856
20231208,20231211,603938.SH,buy,800.0,19.905275048006324,15924.22003840506,5.0,0.0,7.958130953724321,21295.988143123497
20231208,20231211,920802.BJ,buy,1800.0,9.001908305405063,16203.434949729113,5.0,0.0,8.097668640542906,5087.553193394384
20231215,20231218,300548.SZ,sell,500.0,28.725635700028512,14362.817850014257,5.0,7.181408925007129,7.185001425719747,19438.189634483635
20231215,20231218,600678.SH,sell,2000.0,10.184905,20369.81,6.110943,10.184905,10.18999999999869,39791.70378648364
20231215,20231218,603038.SH,sell,1800.0,9.233153642805233,16619.676557049417,5.0,8.309838278524708,8.313995276163041,56398.07050525453
20231215,20231218,603938.SH,sell,800.0,17.39970725554426,13919.765804435408,5.0,6.9598829022177044,6.963364584509691,70305.87642678773
20231215,20231218,920802.BJ,sell,1800.0,9.000411238503213,16200.740229305784,5.0,8.100370114652891,8.104422325814085,86493.51628597885
20231215,20231218,600579.SH,buy,1900.0,9.22461,17526.759000000002,5.2580277,0.0,8.759000000001834,68961.49925827885
20231215,20231218,600712.SH,buy,2300.0,7.193595,16545.268500000002,5.0,0.0,8.26850000000195,52411.23075827885
20231215,20231218,603066.SH,buy,1200.0,13.437087073943005,16124.504488731605,5.0,0.0,8.058223132798958,36281.726269547245
20231215,20231218,605488.SH,buy,1300.0,13.228044182540769,17196.457437303,5.1589372311909,0.0,8.593931752773642,19080.109895013054
20231215,20231218,920237.BJ,buy,1800.0,9.356203426060732,16841.16616690932,5.052349850072796,0.0,8.416374896005436,2233.891378253662
20231222,20231225,600579.SH,sell,1900.0,7.046475,13388.3025,5.0,6.69415125,6.697500000000218,15610.499727003662
20231222,20231225,600712.SH,sell,2300.0,5.107445,11747.1235,5.0,5.87356175,5.876500000000306,27346.74966525366
20231222,20231225,603066.SH,sell,1200.0,10.778118519898182,12933.742223877818,5.0,6.466871111938909,6.470106165021207,40269.02501801954
20231222,20231225,605488.SH,sell,1300.0,11.786949952035084,15323.034937645609,5.0,7.6615174688228045,7.665350143894102,55579.39843819633
20231222,20231225,920237.BJ,sell,1800.0,8.69194033329867,15645.492599937605,5.0,7.822746299968802,7.826659629783535,71212.06829183397
20231222,20231225,002306.SZ,buy,2900.0,4.762379999999999,13810.901999999998,5.0,0.0,6.901999999998225,57396.16629183397
20231222,20231225,300530.SZ,buy,600.0,24.012,14407.2,5.0,0.0,7.200000000000728,42983.966291833975
20231222,20231225,301327.SZ,buy,200.0,51.36757979990471,10273.515959980941,5.0,0.0,5.134190884546115,32705.450331853033
20231222,20231225,603193.SH,buy,700.0,18.22800815771584,12759.605710401089,5.0,0.0,6.376614547925783,19940.844621451943
20231229,20240102,002306.SZ,sell,2900.0,5.997,17391.3,5.217389999999999,8.69565,8.700000000000728,37318.23158145194
20231229,20240102,300530.SZ,sell,600.0,27.936025,16761.615,5.0284845,8.380807500000001,8.3849999999984,54066.43728945194
20231229,20240102,301327.SZ,sell,200.0,52.956675003970155,10591.335000794032,5.0,5.295667500397016,5.2983166587255255,64647.47662274558
20231229,20240102,603193.SH,sell,700.0,17.569146353306788,12298.402447314751,5.0,6.149201223657376,6.152277362338282,76934.72986883667
20231229,20240102,001217.SZ,buy,1100.0,13.270514192870113,14597.565612157125,5.0,0.0,7.295135238458897,62332.16425667955
20231229,20240102,603333.SH,buy,2500.0,6.254986440677966,15637.466101694914,5.0,0.0,7.814825638028196,46689.69815498464
20231229,20240102,605056.SH,buy,900.0,15.435774798927612,13892.19731903485,5.0,0.0,6.942627345842993,32792.50083594979
20231229,20240102,688496.SH,buy,600.0,22.461225,13476.734999999999,5.0,0.0,6.734999999998763,19310.765835949787
20231229,20240102,920509.BJ,buy,1400.0,11.040587247377267,15456.822146328175,5.0,0.0,7.724548798763863,3848.943689621612
20240105,20240108,001217.SZ,sell,1100.0,15.506072770715857,17056.680047787442,5.117004014336232,8.52834002389372,8.532606327054964,20891.978393370824
20240105,20240108,603333.SH,sell,2500.0,5.3631655075004865,13407.913768751216,5.0,6.703956884375608,6.707310539644823,34288.18820523766
20240105,20240108,605056.SH,sell,900.0,14.205994432529044,12785.39498927614,5.0,6.39269749463807,6.395895442357869,47062.19049701916
20240105,20240108,688496.SH,sell,600.0,20.62968,12377.808,5.0,6.188904000000001,6.191999999999098,59428.80959301916
20240105,20240108,920509.BJ,sell,1400.0,10.599829365547938,14839.761111767113,5.0,7.419880555883557,7.423592352059131,74256.1508242304
20240105,20240108,301238.SZ,buy,700.0,18.499758975481605,12949.831282837124,5.0,0.0,6.471679801516075,61301.31954139327
20240105,20240108,301503.SZ,buy,300.0,41.21228086981512,12363.684260944536,5.0,0.0,6.178752754094603,48932.63528044873
20240105,20240108,301511.SZ,buy,700.0,19.74633547008547,13822.434829059828,5.0,0.0,6.907763532761237,35105.200451388904
20240105,20240108,601528.SH,buy,3000.0,4.820626482091396,14461.879446274188,5.0,0.0,7.227326060106861,20638.321005114718
20240105,20240108,603177.SH,buy,1000.0,13.597704545454546,13597.704545454546,5.0,0.0,6.795454545454049,7035.616459660172
20240112,20240115,301238.SZ,sell,700.0,18.276029626386453,12793.220738470518,5.0,6.396610369235259,6.399810274371703,19817.440587761455
20240112,20240115,301503.SZ,sell,300.0,33.760293131526005,10128.087939457802,5.0,5.0640439697289015,5.066577258356119,29935.46448324953
20240112,20240115,301511.SZ,sell,700.0,19.22115384615385,13454.807692307695,5.0,6.727403846153848,6.730769230767692,43378.544771711066
20240112,20240115,601528.SH,sell,3000.0,4.732297138740222,14196.891416220666,5.0,7.098445708110333,7.10199670646216,57563.33774222362
20240112,20240115,603177.SH,sell,1000.0,11.643525974025975,11643.525974025975,5.0,5.8217629870129874,5.8246753246748995,69196.04195326258
20240112,20240115,002140.SZ,buy,1500.0,9.215557990887302,13823.336986330953,5.0,0.0,6.908214385972315,55367.70496693163
20240112,20240115,002606.SZ,buy,1500.0,8.606989263580449,12910.483895370673,5.0,0.0,6.452015939714329,42452.22107156096
20240112,20240115,300810.SZ,buy,600.0,22.271274376117034,13362.764625670221,5.0,0.0,6.678043291189169,29084.45644589074
20240112,20240115,600744.SH,buy,3500.0,4.002,14007.0,5.0,0.0,7.0,15072.45644589074
20240112,20240115,600828.SH,buy,2700.0,4.9478300817615155,13359.141220756092,5.0,0.0,6.67623249413009,1708.3152251346492
20240119,20240122,002140.SZ,sell,1500.0,8.867165831695784,13300.748747543676,5.0,6.650374373771838,6.65370122438253,14997.413598304553
20240119,20240122,002606.SZ,sell,1500.0,7.975028285365511,11962.542428048266,5.0,5.981271214024133,5.984263345695581,26948.97475513879
20240119,20240122,300810.SZ,sell,600.0,18.80690216455948,11284.141298735689,5.0,5.642070649367844,5.644893095914085,38222.473983225114
20240119,20240122,600744.SH,sell,3500.0,3.4082950000000003,11929.032500000001,5.0,5.964516250000001,5.967499999998836,50140.54196697511
20240119,20240122,600828.SH,sell,2700.0,4.359624326884158,11770.985682587227,5.0,5.885492841293614,5.888437059822536,61900.64215672105
20240119,20240122,001216.SZ,buy,600.0,18.056212127894156,10833.727276736494,5.0,0.0,5.4141565600893955,51061.91487998456
20240119,20240122,003027.SZ,buy,500.0,22.871344589165773,11435.672294582886,5.0,0.0,5.714978657961183,39621.24258540167
20240119,20240122,601566.SH,buy,1100.0,11.360825654870093,12496.908220357102,5.0,0.0,6.245331444455587,27119.334365044568
20240119,20240122,920765.BJ,buy,1600.0,7.288023506624747,11660.837610599596,5.0,0.0,5.827505052771812,15453.496754444972
20240119,20240122,920926.BJ,buy,900.0,13.115753121801431,11804.177809621287,5.0,0.0,5.899139335142536,3644.3189448236844
20240126,20240129,001216.SZ,sell,600.0,14.54660031238515,8727.96018743109,5.0,4.363980093715545,4.366163175303882,12362.915152161058
20240126,20240129,003027.SZ,sell,500.0,20.811414459230434,10405.707229615216,5.0,5.2028536148076086,5.205456342979232,22758.419528161467
20240126,20240129,601566.SH,sell,1100.0,10.037392991553514,11041.132290708865,5.0,5.520566145354433,5.523327809258262,33789.03125272498
20240126,20240129,920765.BJ,sell,1600.0,5.839299864136538,9342.87978261846,5.0,4.67143989130923,4.673776779698528,43122.23959545213
20240126,20240129,920926.BJ,sell,900.0,9.532515857772239,8579.264271995014,5.0,4.289632135997508,4.2917780250099895,51692.21423531114
20240126,20240129,300374.SZ,buy,600.0,17.008499999999998,10205.099999999999,5.0,0.0,5.099999999998545,41482.11423531114
20240126,20240129,300917.SZ,buy,300.0,29.082678496343696,8724.803548903108,5.0,0.0,4.360221663619086,32752.310686408033
20240126,20240129,600657.SH,buy,2300.0,4.2021,9664.83,5.0,0.0,4.829999999999927,23082.48068640803
20240126,20240129,600675.SH,buy,2300.0,4.242997364531738,9758.893938422998,5.0,0.0,4.877008464980463,13318.586747985033
20240126,20240129,601665.SH,buy,2400.0,4.113339116590463,9872.013879817112,5.0,0.0,4.933540169822663,3441.572868167921
20240202,20240205,300374.SZ,sell,600.0,15.11244,9067.464,5.0,4.533732,4.536000000000058,12499.503136167921
20240202,20240205,300917.SZ,sell,300.0,21.572503599177335,6471.7510797532,5.0,3.2358755398766004,3.2374942870201266,18963.018340381244
20240202,20240205,600657.SH,sell,2300.0,3.3483250000000004,7701.147500000001,5.0,3.8505737500000006,3.852499999999054,26655.315266631245
20240202,20240205,600675.SH,sell,2300.0,3.1321347472517416,7203.909918679005,5.0,3.6019549593395026,3.6037568377587377,33850.62323035091
20240202,20240205,601665.SH,sell,2400.0,3.6983050498040493,8875.932119529718,5.0,4.437966059764859,4.440186152840397,42717.11738382086
20240202,20240205,000755.SZ,buy,2000.0,4.743380740987984,9486.761481975967,5.0,0.0,4.741010235869908,33225.355901844894
20240202,20240205,000972.SZ,buy,1900.0,4.632314999999999,8801.3985,5.0,0.0,4.398499999999331,24418.957401844895
20240202,20240205,002173.SZ,buy,900.0,7.8939449999999995,7104.550499999999,5.0,0.0,3.5504999999993743,17309.406901844894
20240202,20240205,603230.SH,buy,400.0,13.619900701147326,5447.96028045893,5.0,0.0,2.7226188308131896,11856.446621385963
20240202,20240205,603767.SH,buy,500.0,18.27910743801653,9139.553719008265,5.0,0.0,4.567493112946977,2711.892902377698
20240208,20240219,000755.SZ,sell,2000.0,4.1296579179646935,8259.315835929387,5.0,4.1296579179646935,4.131723779855747,10962.07908038912
20240208,20240219,000972.SZ,sell,1900.0,3.8080950000000002,7235.3805,5.0,3.6176902500000003,3.619499999999789,18188.84189013912
20240208,20240219,002173.SZ,sell,900.0,7.666165,6899.5485,5.0,3.44977425,3.4515000000001237,25079.94061588912
20240208,20240219,603230.SH,sell,400.0,10.764702372063375,4305.88094882535,5.0,2.152940474412675,2.154017483154348,29378.66862424006
20240208,20240219,603767.SH,sell,500.0,12.559182363284684,6279.591181642342,5.0,3.139795590821171,3.1413662739578285,35650.12001029158
20240208,20240219,002085.SZ,buy,1400.0,5.781987760131435,8094.782864184009,5.0,0.0,4.045368747717475,27550.337146107573
20240208,20240219,002203.SZ,buy,300.0,9.988082787687212,2996.4248363061633,5.0,0.0,1.4974636863098567,24548.91230980141
20240208,20240219,600167.SH,buy,800.0,5.729769443571909,4583.815554857527,5.0,0.0,2.290762396230093,19960.096754943883
20240208,20240219,600378.SH,buy,200.0,31.98744741790084,6397.489483580168,5.0,0.0,3.19714616870624,13557.607271363715
20240223,20240226,002085.SZ,sell,1400.0,6.753570533649751,9454.998747109652,5.0,4.727499373554826,4.729864305705632,23002.87851909981
20240223,20240226,002203.SZ,sell,300.0,8.832289204987331,2649.6867614961993,5.0,1.3248433807480997,1.3255061338145424,25646.24043721526
20240223,20240226,600167.SH,sell,800.0,5.287231660309625,4229.7853282477,5.0,2.11489266412385,2.1159506394433265,29868.910872798835
20240223,20240226,600378.SH,sell,200.0,30.988016592401806,6197.603318480361,5.0,3.0988016592401806,3.100351835158108,36058.41538961996
20240223,20240226,300523.SZ,buy,300.0,23.731859999999998,7119.557999999999,5.0,0.0,3.5579999999990832,28933.85738961996
20240223,20240226,300781.SZ,buy,200.0,33.527915470192056,6705.583094038411,5.0,0.0,3.351115989024038,22223.27429558155
20240223,20240226,600579.SH,buy,900.0,8.424209999999999,7581.788999999999,5.0,0.0,3.7889999999988504,14636.48529558155
20240223,20240226,603011.SH,buy,800.0,7.8039,6243.12,5.0,0.0,3.119999999999891,8388.365295581549
20240223,20240226,603931.SH,buy,200.0,22.06456197337624,4412.912394675248,5.0,0.0,2.205353520576864,3970.452900906301
20240301,20240304,300523.SZ,sell,300.0,21.059465000000003,6317.839500000001,5.0,3.1589197500000004,3.160499999999047,10280.133481156303
20240301,20240304,300781.SZ,sell,200.0,35.464663387378394,7092.932677475679,5.0,3.5464663387378397,3.548240458966575,17364.519692293245
20240301,20240304,600579.SH,sell,900.0,7.476260000000001,6728.634000000001,5.0,3.3643170000000007,3.365999999999076,24084.789375293247
20240301,20240304,603011.SH,sell,800.0,7.196400000000001,5757.120000000001,5.0,2.8785600000000007,2.8799999999991996,29834.03081529325
20240301,20240304,603931.SH,sell,200.0,21.621064301735906,4324.212860347181,5.0,2.1621064301735906,2.163188024185729,34151.081569210255
20240301,20240304,000723.SZ,buy,900.0,7.553774999999999,6798.397499999999,5.0,0.0,3.397499999999127,27347.684069210256
20240301,20240304,002733.SZ,buy,400.0,14.317358513779526,5726.943405511811,5.0,0.0,2.862040682414772,21615.740663698445
20240301,20240304,300152.SZ,buy,2100.0,3.0015,6303.150000000001,5.0,0.0,3.1500000000005457,15307.590663698444
20240301,20240304,301020.SZ,buy,300.0,19.028913393279698,5708.674017983909,5.0,0.0,2.852910553714537,9593.916645714535
20240301,20240304,688187.SH,buy,100.0,41.13322057590159,4113.322057590159,5.0,0.0,2.055633212187786,5475.594588124376
20240308,20240311,000723.SZ,sell,900.0,6.826585000000001,6143.9265000000005,5.0,3.0719632500000005,3.0734999999995125,11611.449124874376
20240308,20240311,002733.SZ,sell,400.0,13.65647215387139,5462.5888615485555,5.0,2.7312944307742777,2.732660761154875,17066.30669199216
20240308,20240311,300152.SZ,sell,2100.0,2.81859,5919.039,5.0,2.9595195,2.96100000000024,22977.38617249216
20240308,20240311,301020.SZ,sell,300.0,17.842281211547565,5352.684363464269,5.0,2.6763421817321347,2.6776810222436325,28322.394193774697
20240308,20240311,688187.SH,sell,100.0,43.003368744758184,4300.336874475818,5.0,2.1501684372379093,2.1512440592678104,32615.580899813278
20240308,20240311,002306.SZ,buy,1600.0,3.72186,5954.976,5.0,0.0,2.975999999999658,26655.60489981328
20240308,20240311,300810.SZ,buy,300.0,18.72584728933607,5617.754186800821,5.0,0.0,2.8074733567218573,21032.850713012456
20240308,20240311,603261.SH,buy,100.0,37.89894,3789.8940000000002,5.0,0.0,1.893999999999778,17237.956713012456
20240308,20240311,688183.SH,buy,700.0,9.391904973357015,6574.3334813499105,5.0,0.0,3.2855239786858874,10658.623231662546
20240315,20240318,002306.SZ,sell,1600.0,3.6981500000000005,5917.040000000001,5.0,2.9585200000000005,2.959999999999127,16567.704711662547
20240315,20240318,300810.SZ,sell,300.0,18.218251115376983,5465.475334613095,5.0,2.7327376673065475,2.734104719665993,22025.447308608334
20240315,20240318,603261.SH,sell,100.0,39.510235,3951.0235000000002,5.0,1.9755117500000001,1.97649999999976,25969.495296858335
20240315,20240318,688183.SH,sell,700.0,8.829443030756286,6180.6101215294,5.0,3.0903050607647002,3.091850986256759,32142.01511332697
20240315,20240318,920030.BJ,buy,1400.0,4.5101088311688295,6314.152363636362,5.0,0.0,3.1554984326012345,25822.862749690605
20240315,20240318,920436.BJ,buy,700.0,9.0045,6303.150000000001,5.0,0.0,3.1500000000005457,19514.712749690603
20240315,20240318,920475.BJ,buy,600.0,9.698575887395567,5819.14553243734,5.0,0.0,2.9081187068641157,13690.567217253263
20240315,20240318,920725.BJ,buy,400.0,15.19472542080356,6077.8901683214235,5.0,0.0,3.037426370974572,7607.67704893184
20240315,20240318,920834.BJ,buy,900.0,6.878324170845163,6190.491753760647,5.0,0.0,3.0936990273667107,1412.1852951711926
20240322,20240325,920030.BJ,sell,1400.0,4.535505407523511,6349.707570532915,5.0,3.174853785266458,3.176442006269099,7753.7180119188415
20240322,20240325,920436.BJ,sell,700.0,10.1949,7136.43,5.0,3.5682150000000004,3.5699999999987995,14881.579796918842
20240322,20240325,920475.BJ,sell,600.0,8.817861439084634,5290.716863450781,5.0,2.6453584317253904,2.646681772611373,20164.651301937898
20240322,20240325,920725.BJ,sell,400.0,14.235732799480374,5694.29311979215,5.0,2.847146559896075,2.848570845318136,25851.097275170152
20240322,20240325,920834.BJ,sell,900.0,6.165980490948267,5549.3824418534405,5.0,2.7746912209267203,2.776079260555889,31392.705025802665
20240322,20240325,300133.SZ,buy,600.0,10.205061362451485,6123.036817470891,5.0,0.0,3.059988414527652,25264.668208331772
20240322,20240325,300738.SZ,buy,400.0,13.114461392557022,5245.784557022809,5.0,0.0,2.6215814877677985,20013.883651308963
20240322,20240325,301025.SZ,buy,400.0,13.768916781292983,5507.566712517193,5.0,0.0,2.7524071526813714,14501.31693879177
20240322,20240325,301369.SZ,buy,100.0,56.72349364335573,5672.349364335573,5.0,0.0,2.834757303515289,8823.967574456197
20240322,20240325,600577.SH,buy,1300.0,4.717146866210487,6132.290926073633,5.0,0.0,3.0646131564590178,2686.676648382564
20240329,20240401,300133.SZ,sell,600.0,9.650475598099984,5790.28535885999,5.0,2.8951426794299953,2.896590974916762,8469.066864563123
20240329,20240401,300738.SZ,sell,400.0,13.26088290350623,5304.353161402492,5.0,2.652176580701246,2.653503332366199,13765.767849384914
20240329,20240401,301025.SZ,sell,400.0,12.878014442916092,5151.205777166437,5.0,2.5756028885832185,2.576891334249922,18909.39802366277
20240329,20240401,301369.SZ,sell,100.0,50.25634839710445,5025.634839710446,5.0,2.512817419855223,2.5140744570826428,23927.52004595336
20240329,20240401,600577.SH,sell,1300.0,4.902833372768872,6373.683384599533,5.0,3.1868416922997667,3.1884359102541566,30293.01658886059
20240329,20240401,300818.SZ,buy,200.0,24.76311392171344,4952.622784342688,5.0,0.0,2.475073855242954,25335.393804517902
20240329,20240401,300989.SZ,buy,300.0,15.351915914221218,4605.574774266365,5.0,0.0,2.301636568848153,20724.819030251536
20240329,20240401,301232.SZ,buy,100.0,35.85556588235294,3585.556588235294,5.0,0.0,1.7918823529403198,17134.262442016243
20240329,20240401,600881.SH,buy,3200.0,1.790895,5730.864,5.0,0.0,2.863999999999578,11398.398442016243
20240329,20240401,603058.SH,buy,700.0,8.377589236790607,5864.312465753425,5.0,0.0,2.9306908874332294,5529.085976262818
20240403,20240408,300818.SZ,sell,200.0,28.5480711133678,5709.61422267356,5.0,2.8548071113367803,2.8562352289509363,11230.845391825042
20240403,20240408,300989.SZ,sell,300.0,15.10652309537246,4531.956928611738,5.0,2.265978464305869,2.2671120203158353,15755.536341972474
20240403,20240408,301232.SZ,sell,100.0,31.697616652661072,3169.7616652661072,5.0,1.5848808326330537,1.5856736694677238,18918.71312640595
20240403,20240408,600881.SH,sell,3200.0,1.6091950000000002,5149.424000000001,5.0,2.5747120000000003,2.5759999999991123,24060.56241440595
20240403,20240408,603058.SH,sell,700.0,8.778897728239599,6145.228409767719,5.0,3.07261420488386,3.074151280523438,30197.718209968785
20240403,20240408,000701.SZ,buy,900.0,6.32316,5690.844,5.0,0.0,2.844000000000051,24501.874209968784
20240403,20240408,001255.SZ,buy,100.0,29.887251311491635,2988.7251311491636,5.0,0.0,1.4936157576958067,21508.14907881962
20240403,20240408,603006.SH,buy,300.0,16.166410164098462,4849.923049229538,5.0,0.0,2.4237496497898974,16653.22602959008
20240403,20240408,688196.SH,buy,200.0,28.407807143498157,5681.5614286996315,5.0,0.0,2.8393610338325743,10966.66460089045
20240412,20240415,000701.SZ,sell,900.0,4.55772,4101.947999999999,5.0,2.0509739999999996,2.0520000000005894,15061.561626890449
20240412,20240415,001255.SZ,sell,100.0,25.92615742848659,2592.615742848659,5.0,1.2963078714243295,1.296956349598986,17647.881061867683
20240412,20240415,603006.SH,sell,300.0,11.166061164698819,3349.8183494096456,5.0,1.6749091747048228,1.6757470482289136,20991.024502102624
20240412,20240415,688196.SH,sell,200.0,28.72192369649107,5744.384739298214,5.0,2.8721923696491074,2.873629184240599,26727.53704903119
20240412,20240415,002059.SZ,buy,800.0,6.1930950000000005,4954.476000000001,5.0,0.0,2.4760000000005675,21768.06104903119
20240412,20240415,300823.SZ,buy,300.0,15.109657566570817,4532.897269971245,5.0,0.0,2.265315976996135,17230.16377905994
20240412,20240415,300931.SZ,buy,800.0,6.759989956310679,5407.991965048543,5.0,0.0,2.702644660193073,11817.171814011399
20240412,20240415,601179.SH,buy,700.0,6.791479582484725,4754.035707739307,5.0,0.0,2.3758299389000967,7058.136106272092
20240412,20240415,920471.BJ,buy,500.0,9.982895527681661,4991.447763840831,5.0,0.0,2.4944766435983183,2061.688342431261
20240419,20240422,002059.SZ,sell,800.0,5.247375,4197.9,5.0,2.09895,2.100000000000364,6252.489392431261
20240419,20240422,300823.SZ,sell,300.0,10.819453175396923,3245.835952619077,5.0,1.6229179763095385,1.6237298412297605,9491.70242707403
20240419,20240422,300931.SZ,sell,800.0,5.406518689320388,4325.21495145631,5.0,2.162607475728155,2.1636893203885847,13809.754771054611
20240419,20240422,601179.SH,sell,700.0,7.941393915478616,5558.9757408350315,5.0,2.779487870417516,2.7808783095715626,19360.951024019225
20240419,20240422,920471.BJ,sell,500.0,9.177049318339103,4588.524659169551,5.0,2.2942623295847757,2.295410034602355,23942.18142085919
20240419,20240422,002590.SZ,buy,300.0,14.631981966327823,4389.594589898346,5.0,0.0,2.1937004447254367,19547.58683096084
20240419,20240422,002984.SZ,buy,100.0,25.07133731545424,2507.133731545424,5.0,0.0,1.252940395575024,17035.45309941542
20240419,20240422,300719.SZ,buy,200.0,19.706442091410167,3941.2884182820335,5.0,0.0,1.9696593794515138,13089.164681133385
20240419,20240422,300960.SZ,buy,300.0,12.084333869423702,3625.3001608271106,5.0,0.0,1.811744208309392,9458.864520306273
20240419,20240422,688015.SH,buy,200.0,19.625640710256178,3925.1281420512355,5.0,0.0,1.9615832793861046,5528.736378255038
20240426,20240429,002590.SZ,sell,300.0,16.50796171219822,4952.388513659466,5.0,2.476194256829733,2.477432973316354,10473.648697657674
20240426,20240429,002984.SZ,sell,100.0,24.81543723097553,2481.543723097553,5.0,1.2407718615487766,1.2413925578275666,12948.951648893679
20240426,20240429,300719.SZ,sell,200.0,20.582940515265992,4116.588103053198,5.0,2.058294051526599,2.059323713383492,17058.481457895352
20240426,20240429,300960.SZ,sell,300.0,11.770281421915886,3531.084426574766,5.0,1.765542213287383,1.7664254259998415,20582.80034225683
20240426,20240429,688015.SH,sell,200.0,18.067721076482016,3613.5442152964033,5.0,1.8067721076482017,1.8076759456207583,24189.537785445584
20240426,20240429,300529.SZ,buy,100.0,25.11779146262589,2511.7791462625887,5.0,0.0,1.2552619421599047,21672.758639182994
20240426,20240429,600727.SH,buy,700.0,6.562228338068182,4593.559836647727,5.0,0.0,2.295632102272066,17074.198802535266
20240426,20240429,920592.BJ,buy,300.0,13.510076885644768,4053.0230656934305,5.0,0.0,2.0254987834546228,13016.175736841835
20240426,20240429,920699.BJ,buy,200.0,20.402873944797495,4080.574788959499,5.0,0.0,2.0392677605991594,8930.600947882336
20240430,20240506,300529.SZ,sell,100.0,26.728752194400812,2672.8752194400813,5.0,1.3364376097200408,1.3371061628013194,11597.139729712697
20240430,20240506,600727.SH,sell,700.0,7.497743360690237,5248.4203524831655,5.0,2.624210176241583,2.6255229377102296,16837.93587201962
20240430,20240506,920592.BJ,sell,300.0,14.186739253852393,4256.021776155718,5.0,2.128010888077859,2.1290754257906883,21086.82963728726
20240430,20240506,920699.BJ,sell,200.0,17.91762306743811,3583.524613487622,5.0,1.791762306743811,1.7926586360617875,24663.56248846814
20240430,20240506,300177.SZ,buy,700.0,6.993495,4895.4465,5.0,0.0,2.4465000000000146,19763.11598846814
20240430,20240506,300381.SZ,buy,600.0,7.7743890352145915,4664.633421128755,5.0,0.0,2.3311511349966167,15093.482567339386
20240430,20240506,600789.SH,buy,600.0,7.584889736140543,4550.933841684326,5.0,0.0,2.2743297559645725,10537.54872565506
20240430,20240506,688089.SH,buy,200.0,19.553789763938394,3910.7579527876787,5.0,0.0,1.954401775506085,6621.790772867382
20240430,20240506,920230.BJ,buy,500.0,9.450658451612902,4725.329225806451,5.0,0.0,2.3614838709681862,1891.4615470609306
20240510,20240513,300177.SZ,sell,700.0,7.326335,5128.4345,5.0,2.56421725,2.5654999999997017,7012.331829810931
20240510,20240513,300381.SZ,sell,600.0,8.597011707747821,5158.207024648693,5.0,2.5791035123243464,2.5803937091786793,12162.959750947299
20240510,20240513,600789.SH,sell,600.0,9.174581922892884,5504.74915373573,5.0,2.752374576867865,2.7537514525938604,17659.95653010616
20240510,20240513,688089.SH,sell,200.0,16.945958184814046,3389.1916369628093,5.0,1.6945958184814047,1.6954435402508352,21042.453571250488
20240510,20240513,920230.BJ,sell,500.0,8.92419373548387,4462.096867741935,5.0,2.2310484338709675,2.23216451612916,25497.31939055855
20240510,20240513,300040.SZ,buy,800.0,5.873889984693797,4699.111987755037,5.0,0.0,2.348381802975382,20793.207402803513
20240510,20240513,300215.SZ,buy,1000.0,5.022448212561412,5022.448212561412,5.0,0.0,2.5099691217201325,15765.7591902421
20240510,20240513,300766.SZ,buy,300.0,13.006499999999999,3901.95,5.0,0.0,1.949999999999818,11858.8091902421
20240510,20240513,603823.SH,buy,400.0,11.615536409395972,4646.214563758389,5.0,0.0,2.321946308724364,7207.594626483711
20240510,20240513,920058.BJ,buy,300.0,16.599974293936878,4979.9922881810635,5.0,0.0,2.4887517682063844,2222.6023383026477
20240517,20240520,300040.SZ,sell,800.0,5.564838046960062,4451.870437568049,5.0,2.2259352187840244,2.227048743156047,6667.246840651913
20240517,20240520,300215.SZ,sell,1000.0,5.166460797317517,5166.460797317517,5.0,2.5832303986587584,2.584522659988579,11826.124407570771
20240517,20240520,300766.SZ,sell,300.0,11.91404,3574.212,5.0,1.787106,1.788000000000011,15393.54930157077
20240517,20240520,603823.SH,sell,400.0,13.568715604026846,5427.486241610738,5.0,2.7137431208053693,2.7151006711410446,20813.3218000607
20240517,20240520,920058.BJ,sell,300.0,18.029822099165894,5408.946629749768,5.0,2.704473314874884,2.7058262279888368,26214.563956495593
20240517,20240520,300155.SZ,buy,1000.0,5.192595,5192.595,5.0,0.0,2.5950000000002547,21016.96895649559
20240517,20240520,300162.SZ,buy,700.0,7.523759999999999,5266.632,5.0,0.0,2.631999999999607,15745.336956495592
20240517,20240520,301591.SZ,buy,100.0,47.21659620489628,4721.659620489628,5.0,0.0,2.359649985251963,11018.677336005963
20240517,20240520,688170.SH,buy,100.0,29.341259042553187,2934.125904255319,5.0,0.0,1.4663297872339172,8079.551431750644
20240524,20240527,300155.SZ,sell,1000.0,5.207395,5207.395,5.0,2.6036975000000004,2.6049999999995634,13279.342734250644
20240524,20240527,300162.SZ,sell,700.0,9.165415000000001,6415.790500000001,5.0,3.2078952500000004,3.209499999999025,19686.925339000645
20240524,20240527,301591.SZ,sell,100.0,53.10488644184447,5310.488644184447,5.0,2.6552443220922237,2.656572608395436,24989.758738862998
20240524,20240527,688170.SH,sell,100.0,24.87073056092843,2487.0730560928428,5.0,1.2435365280464215,1.244158607350073,27470.588258427793
20240524,20240527,000620.SZ,buy,2200.0,2.491245,5480.7390000000005,5.0,0.0,2.738999999999578,21984.849258427792
20240524,20240527,300106.SZ,buy,700.0,7.883939999999999,5518.757999999999,5.0,0.0,2.7579999999989013,16461.091258427794
20240524,20240527,300731.SZ,buy,300.0,17.055093205804752,5116.527961741425,5.0,0.0,2.5569854881259744,11339.563296686369
20240524,20240527,301182.SZ,buy,200.0,20.410199999999996,4082.039999999999,5.0,0.0,2.039999999999509,7252.52329668637
20240524,20240527,301389.SZ,buy,200.0,21.19436838508739,4238.873677017478,5.0,0.0,2.11837764968368,3008.6496196688913
20240531,20240603,000620.SZ,sell,2200.0,2.048975,4507.745,5.0,2.2538725,2.255000000000109,7509.140747168891
20240531,20240603,300106.SZ,sell,700.0,6.416790000000001,4491.753000000001,5.0,2.2458765000000005,2.246999999999389,11993.64787066889
20240531,20240603,300731.SZ,sell,300.0,15.403988362033054,4621.196508609916,5.0,2.310598254304958,2.311754131370435,16607.533781024504
20240531,20240603,301182.SZ,sell,200.0,16.29185,3258.37,5.0,1.6291849999999999,1.6300000000001091,19859.274596024505
20240531,20240603,301389.SZ,sell,200.0,18.278479840089258,3655.6959680178516,5.0,1.827847984008926,1.8287623651913236,23508.142716058348
20240531,20240603,300539.SZ,buy,500.0,9.313282755962831,4656.641377981416,5.0,0.0,2.3271571104351096,18846.50133807693
20240531,20240603,301232.SZ,buy,100.0,34.71729394957983,3471.7293949579835,5.0,0.0,1.7349971988792277,15369.771943118947
20240531,20240603,301550.SZ,buy,100.0,25.997568123393314,2599.7568123393316,5.0,0.0,1.2992287917736576,12765.015130779615
20240531,20240603,688286.SH,buy,100.0,45.78288,4578.288,5.0,0.0,2.287999999999556,8181.727130779615
20240607,20240611,300539.SZ,sell,500.0,7.819297405044321,3909.648702522161,5.0,1.9548243512610806,1.9558022523865475,12084.421008950516
20240607,20240611,301232.SZ,sell,100.0,26.344202261904766,2634.4202261904766,5.0,1.3172101130952383,1.3178690476188422,14712.524025027897
20240607,20240611,301550.SZ,sell,100.0,21.721688057957465,2172.1688057957463,5.0,1.0860844028978731,1.0866277167565386,16878.606746420744
20240607,20240611,688286.SH,sell,100.0,43.1784,4317.84,5.0,2.15892,2.1599999999998545,21189.287826420747
20240607,20240611,003008.SZ,buy,200.0,17.730454855778795,3546.0909711557592,5.0,0.0,1.772159405874845,17638.19685526499
20240607,20240611,003026.SZ,buy,100.0,26.51823835392171,2651.823835392171,5.0,0.0,1.3252492930496373,14981.373019872817
20240607,20240611,300739.SZ,buy,200.0,13.908867027154109,2781.7734054308216,5.0,0.0,1.3901916069112303,12194.599614441995
20240607,20240611,603172.SH,buy,200.0,15.343636363636362,3068.7272727272725,5.0,0.0,1.5335968379449696,9120.872341714723
20240607,20240611,605058.SH,buy,100.0,19.34038965037559,1934.0389650375591,5.0,0.0,0.9665362144114624,7181.833376677164
20240614,20240617,003008.SZ,sell,200.0,17.481133715933957,3496.2267431867913,5.0,1.7481133715933956,1.7489878655264874,10671.312006492362
20240614,20240617,003026.SZ,sell,100.0,24.74502567346331,2474.502567346331,5.0,1.2372512836731655,1.2378702187825184,13139.57732255502
20240614,20240617,300739.SZ,sell,200.0,14.310626460561894,2862.1252921123787,5.0,1.4310626460561895,1.4317785353237014,15995.271552021342
20240614,20240617,603172.SH,sell,200.0,15.496200592885375,3099.240118577075,5.0,1.5496200592885376,1.5503952569169996,19087.96205053913
20240614,20240617,605058.SH,sell,100.0,19.685969581749053,1968.5969581749052,5.0,0.9842984790874526,0.9847908745246059,21050.574710234945
20240614,20240617,000793.SZ,buy,3200.0,1.32066,4226.112,5.0,0.0,2.11200000000008,16819.462710234944
20240614,20240617,002767.SZ,buy,300.0,13.482904021264103,4044.871206379231,5.0,0.0,2.021424890744129,12769.591503855714
20240614,20240617,301082.SZ,buy,300.0,12.834781670081968,3850.4345010245906,5.0,0.0,1.9242551229508535,8914.157002831123
20240614,20240617,688597.SH,buy,700.0,5.035483900503967,3524.8387303527766,5.0,0.0,1.7615385958783918,5384.318272478347
20240614,20240617,688693.SH,buy,100.0,31.80786097852028,3180.786097852028,5.0,0.0,1.589598249800929,2198.5321746263194
20240621,20240624,000793.SZ,sell,3200.0,1.29935,4157.92,5.0,2.07896,2.0799999999999272,6349.373214626319
20240621,20240624,002767.SZ,sell,300.0,12.105561176700803,3631.668353010241,5.0,1.8158341765051205,1.816742547778631,9974.225733460054
20240621,20240624,301082.SZ,sell,300.0,10.703197636612021,3210.9592909836065,5.0,1.6054796454918032,1.6062827868850036,13178.579544798169
20240621,20240624,688597.SH,sell,700.0,5.23915347537548,3667.4074327628364,5.0,1.8337037163814183,1.834621026894638,16839.153273844626
20240621,20240624,688693.SH,sell,100.0,48.175035277446305,4817.50352774463,5.0,2.4087517638723153,2.409956742243594,21649.248049825383
20240621,20240624,002243.SZ,buy,700.0,6.276672143609064,4393.670500526345,5.0,0.0,2.195737381572144,17250.577549299036
20240621,20240624,002766.SZ,buy,700.0,6.2031,4342.17,5.0,0.0,2.1700000000000728,12903.407549299036
20240621,20240624,301519.SZ,buy,200.0,17.469982342554445,3493.996468510889,5.0,0.0,1.7461251716695187,9404.411080788148
20240621,20240624,920505.BJ,buy,300.0,11.466124686912961,3439.8374060738884,5.0,0.0,1.719059173450205,5959.57367471426
20240628,20240701,002243.SZ,sell,700.0,5.468636689013241,3828.0456823092686,5.0,1.9140228411546343,1.9149803313207485,9780.705334182374
20240628,20240701,002766.SZ,sell,700.0,4.827585,3379.3095,5.0,1.6896547499999999,1.6905000000001564,13153.325179432373
20240628,20240701,301519.SZ,sell,200.0,16.266141848145967,3253.2283696291934,5.0,1.6266141848145967,1.6274278987639264,16399.926934876752
20240628,20240701,920505.BJ,sell,300.0,11.952693174702567,3585.80795241077,5.0,1.792903976205385,1.7938008766436724,19978.941983311317
20240628,20240701,300717.SZ,buy,200.0,16.863469537815128,3372.6939075630257,5.0,0.0,1.685504201680942,16601.24807574829
20240628,20240701,300977.SZ,buy,100.0,21.700845,2170.0845,5.0,0.0,1.0844999999999345,14426.16357574829
20240628,20240701,301326.SZ,buy,100.0,31.368105781878864,3136.810578187886,5.0,0.0,1.56762147835434,11284.352997560405
20240628,20240701,301357.SZ,buy,100.0,30.014999999999997,3001.4999999999995,5.0,0.0,1.4999999999995453,8277.852997560405
20240628,20240701,301388.SZ,buy,100.0,27.591575196623825,2759.1575196623826,5.0,0.0,1.3788893151736374,5513.695477898023
20240705,20240708,300717.SZ,sell,200.0,14.68146861869748,2936.293723739496,5.0,1.468146861869748,1.4688813025209129,8443.521054775649
20240705,20240708,300977.SZ,sell,100.0,16.87156,1687.156,5.0,0.8435779999999999,0.8440000000000509,10124.83347677565
20240705,20240708,301326.SZ,sell,100.0,28.665781662903708,2866.578166290371,5.0,1.4332890831451854,1.4340060861877646,12984.978353982875
20240705,20240708,301357.SZ,sell,100.0,30.50474,3050.474,5.0,1.5252370000000002,1.52599999999984,16028.927116982875
20240705,20240708,301388.SZ,sell,100.0,22.110903337809326,2211.0903337809327,5.0,1.1055451668904663,1.1060982159979176,18233.911905596917
20240705,20240708,002689.SZ,buy,1400.0,2.46123,3445.722,5.0,0.0,1.7220000000002074,14783.189905596917
20240705,20240708,300111.SZ,buy,1500.0,2.30115,3451.725,5.0,0.0,1.7250000000003638,11326.464905596917
20240705,20240708,300147.SZ,buy,1000.0,3.50175,3501.75,5.0,0.0,1.75,7819.714905596917
20240705,20240708,300287.SZ,buy,1600.0,2.001,3201.6,5.0,0.0,1.599999999999909,4613.114905596916
20240705,20240708,920370.BJ,buy,1900.0,1.9309649999999998,3668.8334999999997,5.0,0.0,1.8334999999997308,939.2814055969166
20240712,20240715,002689.SZ,sell,1400.0,2.248875,3148.4249999999997,5.0,1.5742124999999998,1.5750000000002728,4081.132193096916
20240712,20240715,300111.SZ,sell,1500.0,2.2888550000000003,3433.2825000000003,5.0,1.7166412500000001,1.7174999999997453,7507.698051846916
20240712,20240715,300147.SZ,sell,1000.0,3.4182900000000003,3418.2900000000004,5.0,1.7091450000000001,1.7099999999995816,10919.278906846917
20240712,20240715,300287.SZ,sell,1600.0,2.01899,3230.384,5.0,1.615192,1.6159999999999854,14143.047714846918
20240712,20240715,920370.BJ,sell,1900.0,1.91904,3646.176,5.0,1.823088,1.8240000000000691,17782.400626846917
20240712,20240715,300582.SZ,buy,300.0,9.940398561705404,2982.1195685116213,5.0,0.0,1.4903146269421086,14795.281058335295
20240712,20240715,301007.SZ,buy,200.0,14.513850821089024,2902.770164217805,5.0,0.0,1.4506597522326956,11887.51089411749
20240712,20240715,301157.SZ,buy,100.0,35.65518783330041,3565.518783330041,5.0,0.0,1.7818684574358485,8316.992110787449
20240712,20240715,600684.SH,buy,1100.0,2.831415,3114.5564999999997,5.0,0.0,1.5564999999996871,5197.435610787449
20240712,20240715,920146.BJ,buy,900.0,4.012004999999999,3610.8044999999993,5.0,0.0,1.8044999999992797,1581.6311107874499
20240719,20240722,300582.SZ,sell,300.0,9.442406266855015,2832.7218800565042,5.0,1.4163609400282522,1.4170694747658672,4407.936629903926
20240719,20240722,301007.SZ,sell,200.0,13.037557476231633,2607.511495246327,5.0,1.3037557476231634,1.3044079515989324,7009.144369402629
20240719,20240722,301157.SZ,sell,100.0,35.30116342089671,3530.1163420896705,5.0,1.7650581710448352,1.7659411416157127,10532.495653321255
20240719,20240722,600684.SH,sell,1100.0,2.628685,2891.5535,5.0,1.44577675,1.4465000000000146,13417.603376571256
20240719,20240722,920146.BJ,sell,900.0,5.997,5397.3,5.0,2.69865,2.699999999999818,18807.204726571257
20240719,20240722,300011.SZ,buy,600.0,5.512754999999999,3307.653,5.0,0.0,1.6529999999997926,15494.551726571257
20240719,20240722,300565.SZ,buy,300.0,11.155574999999999,3346.6724999999997,5.0,0.0,1.6724999999996726,12142.879226571258
20240719,20240722,300960.SZ,buy,200.0,15.088528431935671,3017.7056863871344,5.0,0.0,1.5080987937963073,9120.173540184123
20240719,20240722,920407.BJ,buy,400.0,7.900031098923842,3160.0124395695366,5.0,0.0,1.5792166114788415,5955.161100614587
20240719,20240722,920553.BJ,buy,600.0,5.414975589646897,3248.985353788138,5.0,0.0,1.6236808364756143,2701.1757468264486
20240726,20240729,300011.SZ,sell,600.0,5.477260000000001,3286.3560000000007,5.0,1.6431780000000005,1.643999999999778,5980.888568826449
20240726,20240729,300565.SZ,sell,300.0,9.265365000000001,2779.6095000000005,5.0,1.3898047500000004,1.3904999999995198,8754.108264076449
20240726,20240729,300960.SZ,sell,200.0,15.352585359627293,3070.5170719254584,5.0,1.5352585359627293,1.5360265492372491,11818.090077465944
20240726,20240729,920407.BJ,sell,400.0,7.5629771054083905,3025.190842163356,5.0,1.512595421081678,1.513352097130337,14836.768324208218
20240726,20240729,920553.BJ,sell,600.0,4.527784683750429,2716.6708102502575,5.0,1.3583354051251288,1.3590149125811877,17547.08079905335
20240726,20240729,300971.SZ,buy,200.0,15.774048899919508,3154.8097799839015,5.0,0.0,1.5766165817008186,14387.271019069449
20240726,20240729,301008.SZ,buy,100.0,18.43136744284504,1843.136744284504,5.0,0.0,0.9211078182327128,12539.134274784945
20240726,20240729,600187.SH,buy,1400.0,2.52126,3529.7639999999997,5.0,0.0,1.763999999999669,9004.370274784946
20240802,20240805,300971.SZ,sell,200.0,13.426339549235314,2685.2679098470626,5.0,1.3426339549235313,1.343305607727416,11683.295550677085
20240802,20240805,301008.SZ,sell,100.0,17.44698763759526,1744.698763759526,5.0,0.872349381879763,0.8727857747669532,13422.121965054732
20240802,20240805,600187.SH,sell,1400.0,2.57871,3610.194,5.0,1.805097,1.80600000000004,17025.51086805473
20240802,20240805,000518.SZ,buy,1500.0,2.251125,3376.6875,5.0,0.0,1.6875,13643.823368054731
20240802,20240805,001231.SZ,buy,200.0,14.380742268342589,2876.148453668518,5.0,0.0,1.4373555490597028,10762.674914386213
20240802,20240805,300147.SZ,buy,600.0,5.352675,3211.6049999999996,5.0,0.0,1.6049999999995634,7546.069914386213
20240802,20240805,300204.SZ,buy,400.0,7.433714999999999,2973.486,5.0,0.0,1.4859999999998763,4567.583914386213
20240802,20240805,603703.SH,buy,300.0,10.14507,3043.521,5.0,0.0,1.5210000000001855,1519.062914386213
20240809,20240812,000518.SZ,sell,1500.0,2.05897,3088.455,5.0,1.5442275,1.5450000000000728,4600.973686886213
20240809,20240812,001231.SZ,sell,200.0,13.85538979830459,2771.0779596609177,5.0,1.385538979830459,1.386232095878313,7365.6661075673
20240809,20240812,300147.SZ,sell,600.0,9.1954,5517.24,5.0,2.75862,2.7600000000002183,12875.147487567301
20240809,20240812,300204.SZ,sell,400.0,7.066465000000001,2826.5860000000002,5.0,1.4132930000000001,1.41399999999976,15695.3201945673
20240809,20240812,603703.SH,sell,300.0,9.075460000000001,2722.6380000000004,5.0,1.3613190000000002,1.3619999999996253,18411.596875567302
20240809,20240812,000597.SZ,buy,600.0,5.778959527309071,3467.3757163854425,5.0,0.0,1.732821447468723,14939.22115918186
20240809,20240812,300328.SZ,buy,700.0,5.252625,3676.8375,5.0,0.0,1.837500000000091,11257.38365918186
20240809,20240812,300653.SZ,buy,100.0,21.573774458380843,2157.3774458380844,5.0,0.0,1.07814964809495,9095.006213343775
20240809,20240812,300675.SZ,buy,200.0,14.998796636381211,2999.7593272762424,5.0,0.0,1.499130098588921,6090.246886067533
20240809,20240812,688613.SH,buy,200.0,15.007499999999999,3001.4999999999995,5.0,0.0,1.4999999999995453,3083.746886067533
20240816,20240819,000597.SZ,sell,600.0,4.391148027514846,2634.6888165089076,5.0,1.3173444082544539,1.3180034099591467,5712.118358168186
20240816,20240819,300328.SZ,sell,700.0,5.267365,3687.1555,5.0,1.84357775,1.844499999999698,9392.430280418186
20240816,20240819,300653.SZ,sell,100.0,19.93042220736838,1993.042220736838,5.0,0.9965211103684191,0.9970196201784347,11379.475980044655
20240816,20240819,300675.SZ,sell,200.0,11.797249400734586,2359.449880146917,5.0,1.1797249400734586,1.1803150976220422,13732.746135251498
20240816,20240819,688613.SH,sell,200.0,15.682155,3136.431,5.0,1.5682155,1.56899999999996,16862.6089197515
20240816,20240819,300131.SZ,buy,600.0,4.88244,2929.464,5.0,0.0,1.4639999999999418,13928.1449197515
20240816,20240819,300184.SZ,buy,500.0,6.603299999999999,3301.6499999999996,5.0,0.0,1.6499999999996362,10621.4949197515
20240816,20240819,300371.SZ,buy,300.0,9.57712908101572,2873.138724304716,5.0,0.0,1.4358514364344046,7743.356195446784
20240816,20240819,301568.SZ,buy,100.0,28.056644262295084,2805.6644262295085,5.0,0.0,1.4021311475407856,4932.691769217276
20240816,20240819,301578.SZ,buy,100.0,33.09686632546842,3309.686632546842,5.0,0.0,1.654016308118571,1618.0051366704338
20240823,20240826,300131.SZ,sell,600.0,4.867565000000001,2920.5390000000007,5.0,1.4602695000000003,1.4609999999993306,4532.083867170435
20240823,20240826,300184.SZ,sell,500.0,8.375810000000001,4187.905000000001,5.0,2.0939525000000003,2.094999999999345,8712.894914670436
20240823,20240826,300371.SZ,sell,300.0,9.121401242546805,2736.4203727640415,5.0,1.3682101863820209,1.368894633698801,11442.947077248096
20240823,20240826,301568.SZ,sell,100.0,29.110027868852463,2911.002786885246,5.0,1.455501393442623,1.4562295081964294,14347.4943627399
20240823,20240826,301578.SZ,sell,100.0,34.16591219928291,3416.5912199282907,5.0,1.7082956099641453,1.7091501850563873,17757.377287058225
20240823,20240826,000561.SZ,buy,500.0,6.715099361896081,3357.54968094804,5.0,0.0,1.677935872537546,14394.827606110186
20240823,20240826,002084.SZ,buy,1000.0,3.0115049999999997,3011.5049999999997,5.0,0.0,1.5049999999996544,11378.322606110187
20240823,20240826,300106.SZ,buy,400.0,7.66383,3065.532,5.0,0.0,1.5320000000001528,8307.790606110186
20240823,20240826,300588.SZ,buy,300.0,9.914954999999999,2974.4864999999995,5.0,0.0,1.4864999999995234,5328.304106110187
20240823,20240826,605183.SH,buy,200.0,15.839197047738695,3167.8394095477393,5.0,0.0,1.583128140703593,2155.4646965624474
20240830,20240902,000561.SZ,sell,500.0,6.259165233244818,3129.582616622409,5.0,1.5647913083112046,1.5655740953584427,5278.482521876545
20240830,20240902,002084.SZ,sell,1000.0,2.5287349999999997,2528.7349999999997,5.0,1.2643674999999999,1.2650000000003274,7800.953154376545
20240830,20240902,300106.SZ,sell,400.0,7.396300000000001,2958.5200000000004,5.0,1.4792600000000002,1.4799999999995634,10752.993894376545
20240830,20240902,300588.SZ,sell,300.0,8.495750000000001,2548.7250000000004,5.0,1.2743625000000003,1.2749999999996362,13295.444531876545
20240830,20240902,605183.SH,sell,200.0,15.96096025125628,3192.1920502512558,5.0,1.596096025125628,1.5968944723617824,16481.040486102676
20240830,20240902,002194.SZ,buy,300.0,8.772619864189624,2631.785959256887,5.0,0.0,1.3152353619475434,13844.254526845789
20240830,20240902,300384.SZ,buy,200.0,12.539825891854045,2507.965178370809,5.0,0.0,1.2533559112293915,11331.28934847498
20240830,20240902,301419.SZ,buy,100.0,20.441880114449212,2044.1880114449211,5.0,0.0,1.0215832141152532,9282.101337030059
20240830,20240902,688733.SH,buy,200.0,14.743245801526719,2948.6491603053437,5.0,0.0,1.4735877862594862,6328.452176724715
20240830,20240902,920212.BJ,buy,300.0,9.272887655687793,2781.866296706338,5.0,0.0,1.390238029338434,3541.5858800183773
20240906,20240909,002194.SZ,sell,300.0,7.987937409352979,2396.3812228058937,5.0,1.1981906114029468,1.1987900064059431,5931.768912212869
20240906,20240909,300384.SZ,sell,200.0,12.73090931338229,2546.181862676458,5.0,1.273090931338229,1.2737277952355726,8471.677683957989
20240906,20240909,301419.SZ,sell,100.0,18.945791797806393,1894.5791797806394,5.0,0.9472895898903197,0.9477634716258763,10360.309574148738
20240906,20240909,688733.SH,sell,200.0,13.963263456645139,2792.6526913290277,5.0,1.3963263456645139,1.3970248580935731,13146.5659391321
20240906,20240909,920212.BJ,sell,300.0,8.24760953224467,2474.282859673401,5.0,1.2371414298367005,1.2377603099916996,15614.611657375664
20240906,20240909,000850.SZ,buy,1000.0,3.133198229217904,3133.198229217904,5.0,0.0,1.5658162065055876,12476.41342815776
20240906,20240909,300386.SZ,buy,300.0,9.68484,2905.4519999999998,5.0,0.0,1.4519999999997708,9565.961428157761
20240906,20240909,300561.SZ,buy,300.0,9.164758064516127,2749.427419354838,5.0,0.0,1.3740266963291106,6811.534008802923
20240906,20240909,600826.SH,buy,500.0,5.558887755075997,2779.4438775379986,5.0,0.0,1.3890274250566108,4027.090131264925
20240906,20240909,603123.SH,buy,400.0,6.72336,2689.344,5.0,0.0,1.344000000000051,1332.7461312649248
20240913,20240918,000850.SZ,sell,1000.0,3.5213249214055042,3521.324921405504,5.0,1.7606624607027521,1.7615432323191271,4847.310390209726
20240913,20240918,300386.SZ,sell,300.0,8.5957,2578.71,5.0,1.289355,1.2899999999999636,7419.7310352097265
20240913,20240918,300561.SZ,sell,300.0,9.075810541124124,2722.743162337237,5.0,1.3613715811686187,1.3620526074719237,10136.112825965796
20240913,20240918,600826.SH,sell,500.0,5.208642094973138,2604.321047486569,5.0,1.3021605237432845,1.3028119297077865,12734.131712928622
20240913,20240918,603123.SH,sell,400.0,6.29685,2518.7400000000002,5.0,1.25937,1.2599999999997635,15246.612342928622
20240913,20240918,000536.SZ,buy,900.0,3.271635,2944.4714999999997,5.0,0.0,1.4714999999996508,12297.140842928622
20240913,20240918,300072.SZ,buy,1300.0,2.231115,2900.4495,5.0,0.0,1.449500000000171,9391.691342928621
20240913,20240918,300746.SZ,buy,300.0,10.555275,3166.5825,5.0,0.0,1.5824999999999818,6220.108842928621
20240913,20240918,600082.SH,buy,1300.0,2.2011000000000003,2861.4300000000003,5.0,0.0,1.4299999999998363,3353.6788429286207
20240913,20240918,920198.BJ,buy,500.0,5.852924999999999,2926.4624999999996,5.0,0.0,1.4624999999996362,422.2163429286211
20240920,20240923,000536.SZ,sell,900.0,3.028485,2725.6365,5.0,1.3628182500000001,1.3634999999999309,3141.490024678621
20240920,20240923,300072.SZ,sell,1300.0,2.068965,2689.6545,5.0,1.34482725,1.3454999999999018,5824.799697428622
20240920,20240923,300746.SZ,sell,300.0,11.394300000000001,3418.2900000000004,5.0,1.7091450000000001,1.7099999999995816,9236.380552428622
20240920,20240923,600082.SH,sell,1300.0,2.4887550000000003,3235.3815000000004,5.0,1.6176907500000002,1.61850000000004,12465.144361678622
20240920,20240923,920198.BJ,sell,500.0,6.396800000000001,3198.4000000000005,5.0,1.5992000000000004,1.5999999999994543,15656.945161678623
20240920,20240923,300085.SZ,buy,200.0,12.756374999999998,2551.2749999999996,5.0,0.0,1.2749999999996362,13100.670161678623
20240920,20240923,300311.SZ,buy,700.0,3.931965,2752.3755,5.0,0.0,1.3755000000001019,10343.294661678623
20240920,20240923,600619.SH,buy,400.0,6.677098625856409,2670.839450342564,5.0,0.0,1.334752348996517,7667.455211336059
20240920,20240923,600658.SH,buy,700.0,4.0520249999999995,2836.4174999999996,5.0,0.0,1.4174999999995634,4826.037711336059
20240920,20240923,920876.BJ,buy,300.0,10.485620493515057,3145.686148054517,5.0,0.0,1.5720570455046072,1675.351563281542
20240927,20240930,300085.SZ,sell,200.0,32.793595,6558.719000000001,5.0,3.2793595000000004,3.2809999999990396,8225.791203781542
20240927,20240930,300311.SZ,sell,700.0,4.49775,3148.4249999999997,5.0,1.5742124999999998,1.5750000000002728,11367.641991281542
20240927,20240930,600619.SH,sell,400.0,8.168274758747225,3267.30990349889,5.0,1.633654951749445,1.6344721878435848,14628.318239828683
20240927,20240930,600658.SH,sell,700.0,4.587705,3211.3934999999997,5.0,1.60569675,1.6065000000003238,17833.106043078682
20240927,20240930,920876.BJ,sell,300.0,11.821943842053198,3546.5831526159595,5.0,1.7732915763079797,1.7741786656406475,21372.915904118334
20240927,20240930,301202.SZ,buy,100.0,33.59218902720369,3359.2189027203685,5.0,0.0,1.6787700663262513,18008.697001397966
20240927,20240930,688528.SH,buy,400.0,10.205099999999998,4082.039999999999,5.0,0.0,2.039999999999509,13921.657001397967
20240927,20240930,920262.BJ,buy,400.0,9.723550678939215,3889.420271575686,5.0,0.0,1.9437382666542362,10027.236729822282
20240927,20240930,920786.BJ,buy,700.0,5.72286,4006.002,5.0,0.0,2.0019999999999527,6016.234729822281
20240930,20241008,301202.SZ,sell,100.0,43.36502201288091,4336.502201288091,5.0,2.1682511006440457,2.1693357685280716,10345.568680009728
20240930,20241008,688528.SH,sell,400.0,13.553220000000001,5421.2880000000005,5.0,2.7106440000000003,2.7119999999995343,15759.14603600973
20240930,20241008,920262.BJ,sell,400.0,13.09849532078739,5239.398128314956,5.0,2.619699064157478,2.62100956894119,20990.924465260527
20240930,20241008,920786.BJ,sell,700.0,8.07596,5653.1720000000005,5.0,2.8265860000000003,2.82799999999952,26636.269879260526
20241011,20241014,002256.SZ,buy,1700.0,2.5912949999999997,4405.201499999999,5.0,0.0,2.201499999999214,22226.068379260527
20241011,20241014,300427.SZ,buy,800.0,7.393694999999999,5914.955999999999,5.0,0.0,2.9559999999992215,16306.112379260529
20241011,20241014,301032.SZ,buy,500.0,10.687199853858145,5343.599926929072,5.0,0.0,2.6704647310989458,10957.512452331455
20241011,20241014,301058.SZ,buy,400.0,12.676987190435524,5070.794876174209,5.0,0.0,2.534130372899199,5881.717576157246
20241011,20241014,920971.BJ,buy,300.0,14.399393538744539,4319.818061623361,5.0,0.0,2.158829616003459,1556.899514533885
20241018,20241021,002256.SZ,sell,1700.0,2.4287850000000004,4128.9345,5.0,2.0644672500000003,2.0654999999997017,5678.769547283885
20241018,20241021,300427.SZ,sell,800.0,8.625685,6900.548000000001,5.0,3.4502740000000003,3.4520000000002256,12570.867273283886
20241018,20241021,301032.SZ,sell,500.0,10.012333495713174,5006.166747856587,5.0,2.5030833739282934,2.5043355416983104,17569.530937766544
20241018,20241021,301058.SZ,sell,400.0,11.362377455166525,4544.95098206661,5.0,2.272475491033305,2.2736122971818986,22107.20944434212
20241018,20241021,920971.BJ,sell,300.0,49.76218395033341,14928.655185100022,5.0,7.464327592550012,7.468061623361791,37023.40030184959
20241018,20241021,002628.SZ,buy,1600.0,4.402200000000001,7043.52,5.0,0.0,3.519999999999527,29974.880301849593
20241018,20241021,301161.SZ,buy,200.0,23.92217365623154,4784.434731246308,5.0,0.0,2.391021854695282,25185.445570603286
20241018,20241021,600939.SH,buy,1700.0,4.18209,7109.552999999999,5.0,0.0,3.5529999999998836,18070.892570603286
20241018,20241021,920207.BJ,buy,400.0,19.0095,7603.799999999999,5.0,0.0,3.7999999999992724,10462.092570603287
20241018,20241021,920792.BJ,buy,700.0,10.232682892319469,7162.878024623628,5.0,0.0,3.5796491877181325,3294.2145459796584
20241025,20241028,002628.SZ,sell,1600.0,5.307345,8491.752,5.0,4.245876,4.2479999999995925,11776.720669979659
20241025,20241028,301161.SZ,sell,200.0,21.309284898602087,4261.856979720417,5.0,2.1309284898602088,2.1319944871038388,16031.446721210217
20241025,20241028,600939.SH,sell,1700.0,3.75812,6388.804,5.0,3.194402,3.1959999999999127,22412.056319210216
20241025,20241028,920207.BJ,sell,400.0,20.9895,8395.8,5.0,4.1979,4.200000000000728,30798.658419210216
20241025,20241028,920792.BJ,sell,700.0,13.187066517819172,9230.94656247342,5.0,4.61547328123671,4.617782172323132,40019.9895084024
20241025,20241028,300261.SZ,buy,800.0,8.994495,7195.5960000000005,5.0,0.0,3.5960000000004584,32819.393508402405
20241025,20241028,301059.SZ,buy,600.0,12.539148558941061,7523.489135364637,5.0,0.0,3.7598646353644654,25290.904373037767
20241025,20241028,301281.SZ,buy,100.0,53.050212155963294,5305.021215596329,5.0,0.0,2.6511850152892293,19980.883157441436
20241025,20241028,301297.SZ,buy,100.0,70.18068945022287,7018.068945022287,5.0,0.0,3.5072808320946933,12957.814212419149
20241025,20241028,920110.BJ,buy,200.0,27.3141766229426,5462.83532458852,5.0,0.0,2.7300526359758805,7489.978887830629
20241101,20241104,300261.SZ,sell,800.0,8.105945,6484.756,5.0,3.2423780000000004,3.243999999999687,13966.49250983063
20241101,20241104,301059.SZ,sell,600.0,10.932498049450551,6559.49882967033,5.0,3.279749414835165,3.2813901098897986,20517.711590086124
20241101,20241104,301281.SZ,sell,100.0,38.25532759938837,3825.5327599388374,5.0,1.9127663799694188,1.9137232415901053,24336.33158364499
20241101,20241104,301297.SZ,sell,100.0,53.68321925705794,5368.3219257057945,5.0,2.6841609628528973,2.685503714709739,29696.96934838793
20241101,20241104,920110.BJ,sell,200.0,24.265829100175452,4853.16582003509,5.0,2.426582910017545,2.42779680842159,34542.708585513006
20241101,20241104,000958.SZ,buy,700.0,9.35087453600594,6545.612175204157,5.0,0.0,3.2711705023511968,27992.096410308848
20241101,20241104,000970.SZ,buy,600.0,11.184964222717742,6710.978533630645,5.0,0.0,3.3538123606340378,21276.117876678203
20241101,20241104,002094.SZ,buy,700.0,9.30465,6513.255,5.0,0.0,3.2549999999991996,14757.862876678202
20241101,20241104,600252.SH,buy,2400.0,2.851425,6843.42,5.0,0.0,3.4200000000000728,7909.442876678202
20241101,20241104,600467.SH,buy,2900.0,2.3313725135091405,6760.9802891765075,5.0,0.0,3.3788007442153685,1143.4625875016945
20241108,20241111,000958.SZ,sell,700.0,8.504683087932031,5953.278161552422,5.0,2.976639080776211,2.978128144848597,7088.76410997334
20241108,20241111,000970.SZ,sell,600.0,11.672614528904717,7003.5687173428305,5.0,3.5017843586714155,3.5035361267337066,14083.8310429575
20241108,20241111,002094.SZ,sell,700.0,8.125935000000002,5688.1545000000015,5.0,2.8440772500000007,2.845499999999447,19764.1414657075
20241108,20241111,600252.SH,sell,2400.0,2.93853,7052.472,5.0,3.526236,3.5280000000002474,26808.0872297075
20241108,20241111,600467.SH,sell,2900.0,2.6375906457962577,7649.012872809148,5.0,3.8245064364045738,3.8264196462268956,34448.275596080246
20241108,20241111,300201.SZ,buy,1200.0,5.67169207088776,6806.030485065312,5.0,0.0,3.401314585239561,27637.245111014934
20241108,20241111,301222.SZ,buy,200.0,31.66120210368144,6332.240420736288,5.0,0.0,3.1645379413976116,21300.004690278645
20241108,20241111,688172.SH,buy,200.0,24.502245,4900.449,5.0,0.0,2.4489999999996144,16394.555690278645
20241108,20241111,688584.SH,buy,300.0,21.373254544925285,6411.976363477585,5.0,0.0,3.204385988744434,9977.57932680106
20241115,20241118,300201.SZ,sell,1200.0,5.616321255234768,6739.585506281721,5.0,3.3697927531408607,3.3714784923868137,16708.79504032964
20241115,20241118,301222.SZ,sell,200.0,28.861970510894064,5772.394102178813,5.0,2.8861970510894066,2.887640871524127,22473.302945457366
20241115,20241118,688172.SH,sell,200.0,25.987000000000002,5197.400000000001,5.0,2.5987000000000005,2.5999999999994543,27663.10424545737
20241115,20241118,688584.SH,sell,300.0,20.927027855618086,6278.108356685426,5.0,3.139054178342713,3.14062449058747,33933.07354796445
20241115,20241118,002975.SZ,buy,100.0,35.876038148995185,3587.6038148995185,5.0,0.0,1.792905454722586,30340.469733064932
20241115,20241118,301396.SZ,buy,300.0,22.35246493704246,6705.739481112738,5.0,0.0,3.351194143484463,23629.730251952195
20241115,20241118,301558.SZ,buy,700.0,9.894945,6926.4615,5.0,0.0,3.461500000000342,16698.268751952193
20241115,20241118,600844.SH,buy,2000.0,3.311655,6623.31,5.0,0.0,3.3100000000004,10069.958751952192
20241122,20241125,002975.SZ,sell,100.0,33.639991209673504,3363.9991209673503,5.0,1.6819995604836753,1.682840980974106,13427.275873359058
20241122,20241125,301396.SZ,sell,300.0,20.576225042459736,6172.867512737921,5.0,3.086433756368961,3.0879777452410053,19592.05695234061
20241122,20241125,301558.SZ,sell,700.0,9.875060000000001,6912.542000000001,5.0,3.4562710000000005,3.457999999999629,26496.14268134061
20241122,20241125,600844.SH,sell,2000.0,3.29835,6596.7,5.0,3.29835,3.300000000000182,33084.544331340614
20241122,20241125,000626.SZ,buy,900.0,7.103549999999999,6393.195,5.0,0.0,3.194999999999709,26686.349331340614
20241122,20241125,000973.SZ,buy,600.0,9.758465845131536,5855.079507078922,5.0,0.0,2.9260767151818072,20826.269824261693
20241122,20241125,300082.SZ,buy,800.0,8.34417,6675.336,5.0,0.0,3.33600000000024,14145.933824261694
20241122,20241125,600410.SH,buy,800.0,7.606358970850356,6085.087176680285,5.0,0.0,3.041023076801139,8055.846647581409
20241122,20241125,600979.SH,buy,1400.0,4.546301711693132,6364.822396370384,5.0,0.0,3.1808207877911627,1686.0242512110253
20241129,20241202,000626.SZ,sell,900.0,6.53673,5883.057000000001,5.0,2.9415285000000004,2.9429999999993015,7561.1397227110265
20241129,20241202,000973.SZ,sell,600.0,6.953418231633236,4172.050938979942,5.0,2.0860254694899707,2.087069003991928,11726.104636221478
20241129,20241202,300082.SZ,sell,800.0,7.67616,6140.928,5.0,3.070464,3.0720000000001164,17858.96217222148
20241129,20241202,600410.SH,sell,800.0,11.802536242251213,9442.02899380097,5.0,4.7210144969004855,4.723376184992958,27291.270151525547
20241129,20241202,600979.SH,sell,1400.0,5.025553608991545,7035.775052588163,5.0,3.5178875262940816,3.5196473499681815,34318.52731658742
20241129,20241202,002593.SZ,buy,1500.0,4.339401831849996,6509.102747774993,5.0,0.0,3.2529249114313643,27804.424568812425
20241129,20241202,300211.SZ,buy,600.0,10.835415,6501.249,5.0,0.0,3.2489999999997963,21298.175568812425
20241129,20241202,300997.SZ,buy,300.0,19.28962148079593,5786.8864442387785,5.0,0.0,2.8919972235071327,15506.289124573646
20241129,20241202,301088.SZ,buy,400.0,14.65971436018535,5863.885744074139,5.0,0.0,2.9304776332201072,9637.403380499507
20241129,20241202,920429.BJ,buy,300.0,21.823323645970937,6546.997093791281,5.0,0.0,3.2718626155883612,3085.4062867082257
20241206,20241209,002593.SZ,sell,1500.0,6.265059111725568,9397.588667588352,5.0,4.698794333794176,4.7011449062483734,12473.296159962785
20241206,20241209,300211.SZ,sell,600.0,9.265365000000001,5559.219000000001,5.0,2.7796095000000007,2.7809999999990396,18024.735550462785
20241206,20241209,300997.SZ,sell,300.0,16.344068209162423,4903.220462748727,5.0,2.4516102313743637,2.4528366496988383,22920.504402980136
20241206,20241209,301088.SZ,sell,400.0,14.03245807253609,5612.983229014436,5.0,2.806491614507218,2.80789556228774,28525.681140380064
20241206,20241209,920429.BJ,sell,300.0,18.63038232256515,5589.114696769545,5.0,2.7945573483847723,2.795955326047988,34107.001279801225
20241206,20241209,002526.SZ,buy,1300.0,5.219027164158121,6784.7353134055575,5.0,0.0,3.390672320541853,27317.265966395666
20241206,20241209,300352.SZ,buy,900.0,7.073535,6366.1815,5.0,0.0,3.181499999999687,20946.084466395667
20241206,20241209,600983.SH,buy,600.0,10.701975921691911,6421.185553015147,5.0,0.0,3.208988282365681,14519.898913380519
20241206,20241209,603278.SH,buy,600.0,11.46573,6879.438,5.0,0.0,3.4379999999991924,7635.460913380519
20241213,20241216,002526.SZ,sell,1300.0,4.446194249255707,5780.052524032419,5.0,2.8900262620162094,2.891471998014822,13407.623411150922
20241213,20241216,300352.SZ,sell,900.0,6.806595,6125.9355,5.0,3.06296775,3.0645000000004075,19525.49594340092
20241213,20241216,600983.SH,sell,600.0,9.942889743498142,5965.733846098885,5.0,2.9828669230494427,2.984359102601047,25483.246922576756
20241213,20241216,603278.SH,sell,600.0,9.295350000000001,5577.210000000001,5.0,2.7886050000000004,2.789999999999054,31052.668317576758
20241213,20241216,300795.SZ,buy,300.0,18.91075195691203,5673.225587073609,5.0,0.0,2.835195195938468,25374.44273050315
20241213,20241216,301010.SZ,buy,200.0,24.70484864629239,4940.969729258478,5.0,0.0,2.469250239509165,20428.47300124467
20241213,20241216,301353.SZ,buy,200.0,27.40044834437086,5480.089668874172,5.0,0.0,2.738675496688302,14943.383332370498
20241213,20241216,603682.SH,buy,1000.0,5.658902803738317,5658.902803738317,5.0,0.0,2.828037383177616,9279.480528632183
20241220,20241223,300795.SZ,sell,300.0,16.522824654862873,4956.847396458862,5.0,2.478423698229431,2.4796635299944683,14228.849501392815
20241220,20241223,301010.SZ,sell,200.0,25.204004071661238,5040.800814332248,5.0,2.520400407166124,2.5216612377844285,19262.129915317895
20241220,20241223,301353.SZ,sell,200.0,23.559406456953642,4711.881291390729,5.0,2.355940645695364,2.3571192052977494,23966.655266062928
20241220,20241223,603682.SH,sell,1000.0,5.153876601246106,5153.876601246106,5.0,2.576938300623053,2.5782274143302857,29112.95492900841
20241220,20241223,002277.SZ,buy,700.0,7.70385,5392.695,5.0,0.0,2.694999999999709,23715.25992900841
20241220,20241223,600490.SH,buy,1400.0,3.8018999999999994,5322.659999999999,5.0,0.0,2.659999999998945,18387.59992900841
20241220,20241223,603421.SH,buy,600.0,8.98449,5390.6939999999995,5.0,0.0,2.6939999999995052,12991.905929008411
20241220,20241223,688365.SH,buy,400.0,13.916955,5566.782,5.0,0.0,2.782000000000153,7420.123929008411
20241220,20241223,688693.SH,buy,100.0,42.90144,4290.144,5.0,0.0,2.144000000000233,3124.979929008411
20241227,20241230,002277.SZ,sell,700.0,6.796600000000001,4757.620000000001,5.0,2.3788100000000005,2.3799999999991996,7875.221119008412
20241227,20241230,600490.SH,sell,1400.0,3.6981500000000005,5177.410000000001,5.0,2.5887050000000005,2.589999999999236,13045.042414008412
20241227,20241230,603421.SH,sell,600.0,8.09595,4857.57,5.0,2.428785,2.430000000000291,17895.18362900841
20241227,20241230,688365.SH,sell,400.0,11.5942,4637.68,5.0,2.3188400000000002,2.319999999999709,22525.54478900841
20241227,20241230,688693.SH,sell,100.0,38.850565,3885.0565,5.0,1.94252825,1.9434999999994034,26403.65876075841
20241227,20241230,001313.SZ,buy,500.0,9.16660952196257,4583.304760981285,5.0,0.0,2.290507126926059,21815.353999777126
20241227,20241230,002518.SZ,buy,200.0,24.160579033023666,4832.115806604733,5.0,0.0,2.414850478063272,16978.238193172394
20241227,20241230,002577.SZ,buy,200.0,23.011499999999998,4602.299999999999,5.0,0.0,2.2999999999992724,12370.938193172395
20241227,20241230,605066.SH,buy,700.0,6.754888343851863,4728.421840696304,5.0,0.0,2.3630294056447383,7637.516352476091
20250103,20250106,001313.SZ,sell,500.0,8.172775719965092,4086.3878599825457,5.0,2.043193929991273,2.0442160380102905,11716.861018528645
20250103,20250106,002518.SZ,sell,200.0,21.77224737404218,4354.449474808436,5.0,2.177224737404218,2.1783138943510494,16064.133268599679
20250103,20250106,002577.SZ,sell,200.0,17.421285,3484.257,5.0,1.7421285,1.7429999999999382,19541.648140099678
20250103,20250106,605066.SH,sell,700.0,5.39464233788751,3776.249636521257,5.0,1.8881248182606285,1.8890693529374403,23311.009651802673
20250103,20250106,000533.SZ,buy,600.0,7.48374,4490.244,5.0,0.0,2.243999999999687,18815.765651802674
20250103,20250106,002184.SZ,buy,300.0,14.22711,4268.133,5.0,0.0,2.132999999999811,14542.632651802674
20250103,20250106,300615.SZ,buy,300.0,16.987800280465006,5096.340084139501,5.0,0.0,2.5468965937725443,9441.292567663173
20250103,20250106,301568.SZ,buy,100.0,39.90518852459016,3990.5188524590158,5.0,0.0,1.994262295081171,5445.773715204157
20250110,20250113,000533.SZ,sell,600.0,6.23688,3742.128,5.0,1.871064,1.8719999999998436,9181.030651204157
20250110,20250113,002184.SZ,sell,300.0,16.761615,5028.4845,5.0,2.5142422499999997,2.5155000000004293,14202.000908954156
20250110,20250113,300615.SZ,sell,300.0,12.929675331273883,3878.9025993821647,5.0,1.9394512996910824,1.9404215104464129,18073.964057036632
20250110,20250113,301568.SZ,sell,100.0,36.670180327868856,3667.0180327868857,5.0,1.8335090163934429,1.8344262295081535,21734.148580807123
20250110,20250113,000573.SZ,buy,700.0,5.138355362921598,3596.8487540451188,5.0,0.0,1.7975256142149192,18132.299826762006
20250110,20250113,002050.SZ,buy,100.0,26.960653303541267,2696.0653303541267,5.0,0.0,1.347358985683968,15431.23449640788
20250110,20250113,301000.SZ,buy,100.0,29.926063263179724,2992.6063263179726,5.0,0.0,1.4955553854665595,12433.628170089907
20250117,20250120,000573.SZ,sell,700.0,4.353365063027911,3047.3555441195376,5.0,1.523677772059769,1.5244399920557044,15474.460036437385
20250117,20250120,002050.SZ,sell,100.0,28.537845973849674,2853.7845973849676,5.0,1.426892298692484,1.4276061017430948,18321.81774152366
20250117,20250120,301000.SZ,sell,100.0,29.54794406048156,2954.794406048156,5.0,1.477397203024078,1.4781362711596557,21270.134750368794
20250117,20250120,002543.SZ,buy,300.0,11.748294431319607,3524.488329395882,5.0,0.0,1.7613634829558578,17740.646420972913
20250117,20250120,300926.SZ,buy,100.0,25.36153781228899,2536.153781228899,5.0,0.0,1.2674431690293204,15199.492639744014
20250117,20250120,603177.SH,buy,400.0,10.479696103896103,4191.878441558441,5.0,0.0,2.0948917748919484,11002.614198185573
20250117,20250120,603511.SH,buy,200.0,17.418439455609256,3483.6878911218514,5.0,0.0,1.7409734588313768,7513.926307063721
20250117,20250120,688138.SH,buy,100.0,27.36278973020017,2736.278973020017,5.0,0.0,1.3674557586305127,4772.647334043704
20250124,20250127,002543.SZ,sell,300.0,10.670481867364158,3201.144560209247,5.0,1.6005722801046236,1.60137296658786,7967.191321972847
20250124,20250127,300926.SZ,sell,100.0,25.16728102258234,2516.7281022582342,5.0,1.2583640511291172,1.258993547902719,10477.661060179951
20250124,20250127,603177.SH,sell,400.0,7.45384696969697,2981.5387878787883,5.0,1.4907693939393942,1.4915151515147045,13452.7090786648
20250124,20250127,603511.SH,sell,200.0,12.793159280929366,2558.6318561858734,5.0,1.2793159280929367,1.2799559060454158,16005.06161892258
20250124,20250127,688138.SH,sell,100.0,27.226495018373463,2722.649501837346,5.0,1.3613247509186732,1.362005753795529,18721.349796009006
20250124,20250127,300250.SZ,buy,200.0,16.50825,3301.65,5.0,0.0,1.650000000000091,15414.699796009007
20250124,20250127,300378.SZ,buy,100.0,34.46774257374947,3446.774257374947,5.0,0.0,1.7225258657549603,11962.92553863406
20250124,20250127,300634.SZ,buy,100.0,26.608329861446364,2660.8329861446364,5.0,0.0,1.329751617263355,9297.092552489423
20250124,20250127,301397.SZ,buy,100.0,24.074432658366224,2407.4432658366222,5.0,0.0,1.2031200728815747,6884.649286652801
20250124,20250127,920976.BJ,buy,100.0,25.53225014948431,2553.2250149484307,5.0,0.0,1.275974520213822,4326.42427170437
20250127,20250205,300250.SZ,sell,200.0,16.301845,3260.369,5.0,1.6301845000000001,1.6309999999994034,7580.16308720437
20250127,20250205,300378.SZ,sell,100.0,35.002519912355716,3500.2519912355715,5.0,1.7501259956177857,1.7510014963654612,11073.664952444324
20250127,20250205,300634.SZ,sell,100.0,29.81129139712272,2981.129139712272,5.0,1.4905645698561358,1.4913102249688563,14048.303527586739
20250127,20250205,301397.SZ,sell,100.0,21.59486737443061,2159.486737443061,5.0,1.0797433687215305,1.08028351047642,16201.710521661078
20250127,20250205,920976.BJ,sell,100.0,23.828527141302935,2382.8527141302934,5.0,1.1914263570651467,1.1920223682491269,18578.371809434306
20250127,20250205,002398.SZ,buy,700.0,5.3746585544125605,3762.260988088792,5.0,0.0,1.880190398844661,14811.110821345514
20250127,20250205,301248.SZ,buy,100.0,20.395526959022284,2039.5526959022284,5.0,0.0,1.0192667145936412,12766.558125443285
20250207,20250210,002398.SZ,sell,700.0,5.369286581844433,3758.500607291103,5.0,1.8792503036455515,1.880190398844661,16518.179482430744
20250207,20250210,301248.SZ,sell,100.0,18.946884148094895,1894.6884148094896,5.0,0.9473442074047448,0.9478181164627131,18406.92055303283
20250207,20250210,920146.BJ,buy,300.0,10.135065,3040.5195000000003,5.0,0.0,1.51949999999988,15361.401053032829
20250207,20250210,920344.BJ,buy,100.0,20.600295,2060.0295,5.0,0.0,1.0295000000000982,13296.371553032828
20250207,20250210,920871.BJ,buy,200.0,14.206459575440888,2841.2919150881776,5.0,0.0,1.4199359895492307,10450.079637944651
20250207,20250210,920978.BJ,buy,100.0,18.662799767171126,1866.2799767171127,5.0,0.0,0.9326736515326957,8578.799661227538
20250214,20250217,920146.BJ,sell,300.0,9.27536,2782.6079999999997,5.0,1.3913039999999999,1.3920000000002801,11355.016357227538
20250214,20250217,920344.BJ,sell,100.0,21.469260000000002,2146.9260000000004,5.0,1.0734630000000003,1.0739999999996144,13495.868894227538
20250214,20250217,920871.BJ,sell,200.0,13.19520902318746,2639.0418046374916,5.0,1.3195209023187457,1.3201809928154944,16128.591177962711
20250214,20250217,920978.BJ,sell,100.0,17.967069402405897,1796.7069402405898,5.0,0.8983534701202949,0.8988028715559722,17919.39976473318
20250214,20250217,300298.SZ,buy,100.0,26.770469443235513,2677.046944323551,5.0,0.0,1.337854544889069,15237.352820409631
20250214,20250217,300530.SZ,buy,100.0,24.49224,2449.2239999999997,5.0,0.0,1.2239999999997053,12783.12882040963
20250214,20250217,688560.SH,buy,200.0,15.557775,3111.555,5.0,0.0,1.5549999999998363,9666.57382040963
20250221,20250224,300298.SZ,sell,100.0,25.407516509419303,2540.75165094193,5.0,1.2703758254709652,1.2710113311363784,12201.05509552609
20250221,20250224,300530.SZ,sell,100.0,23.08845,2308.8450000000003,5.0,1.1544225000000001,1.1549999999997453,14503.74567302609
20250221,20250224,688560.SH,sell,200.0,14.892550000000002,2978.51,5.0,1.4892550000000002,1.4899999999997817,17475.76641802609
20250221,20250224,300214.SZ,buy,400.0,7.883939999999999,3153.5759999999996,5.0,0.0,1.575999999999567,14317.190418026092
20250221,20250224,300217.SZ,buy,600.0,5.459675898605151,3275.8055391630905,5.0,0.0,1.637084227467767,11036.384878863002
20250221,20250224,688172.SH,buy,100.0,24.31215,2431.2149999999997,5.0,0.0,1.2149999999996908,8600.169878863002
20250221,20250224,920837.BJ,buy,200.0,13.83589140393425,2767.17828078685,5.0,0.0,1.3828976915474414,5827.9915980761525
20250228,20250303,300214.SZ,sell,400.0,7.396300000000001,2958.5200000000004,5.0,1.4792600000000002,1.4799999999995634,8780.032338076153
20250228,20250303,300217.SZ,sell,600.0,5.066760774320458,3040.0564645922746,5.0,1.5200282322961374,1.5207886266093738,11813.568774436131
20250228,20250303,688172.SH,sell,100.0,22.138925,2213.8925,5.0,1.10694625,1.1075000000000728,14021.354328186131
20250228,20250303,920837.BJ,sell,200.0,13.219815421270098,2643.9630842540196,5.0,1.3219815421270098,1.32264286355894,16658.995430898023
20250228,20250303,300076.SZ,buy,400.0,7.98399,3193.596,5.0,0.0,1.5960000000000036,13460.399430898024
20250228,20250303,300191.SZ,buy,200.0,16.48824,3297.648,5.0,0.0,1.6480000000001382,10157.751430898024
20250228,20250303,300746.SZ,buy,200.0,14.337164999999999,2867.433,5.0,0.0,1.4329999999999927,7285.318430898024
20250307,20250310,300076.SZ,sell,400.0,8.15592,3262.368,5.0,1.631184,1.6320000000000618,10541.055246898024
20250307,20250310,300191.SZ,sell,200.0,15.322335,3064.467,5.0,1.5322335,1.5329999999999018,13598.990013398025
20250307,20250310,300746.SZ,sell,200.0,14.162915,2832.583,5.0,1.4162915,1.4169999999999163,16425.156721898024
20250307,20250310,300248.SZ,buy,100.0,17.656525733355068,1765.6525733355068,5.0,0.0,0.8823850941205365,14654.504148562517
20250307,20250310,300938.SZ,buy,100.0,28.904456401709403,2890.4456401709404,5.0,0.0,1.4445005698003115,11759.058508391576
20250307,20250310,301268.SZ,buy,100.0,21.2106,2121.06,5.0,0.0,1.0599999999999454,9632.998508391576
20250307,20250310,603048.SH,buy,100.0,22.08396795207787,2208.396795207787,5.0,0.0,1.1036465743168264,7419.601713183789
20250314,20250317,300248.SZ,sell,100.0,18.741928995694327,1874.1928995694327,5.0,0.9370964497847164,0.9375652324006296,9287.857516303437
20250314,20250317,300938.SZ,sell,100.0,30.418805780626784,3041.8805780626785,5.0,1.5209402890313393,1.5217011396007365,12323.217154077083
20250314,20250317,301268.SZ,sell,100.0,20.3898,2038.98,5.0,1.01949,1.0199999999997544,14356.177664077084
20250314,20250317,603048.SH,sell,100.0,18.71321452639461,1871.3214526394609,5.0,0.9356607263197304,0.9361287907149745,16221.563455990225
20250314,20250317,300086.SZ,buy,500.0,5.602799999999999,2801.3999999999996,5.0,0.0,1.3999999999996362,13415.163455990225
20250314,20250317,300314.SZ,buy,200.0,14.850377306877771,2970.0754613755544,5.0,0.0,1.4842955828962658,10440.08799461467
20250314,20250317,300966.SZ,buy,100.0,18.6093,1860.93,5.0,0.0,0.9299999999998363,8574.15799461467
20250314,20250317,301126.SZ,buy,200.0,12.773656721408203,2554.7313442816408,5.0,0.0,1.2767273084864428,6014.426650333029
20250314,20250317,920547.BJ,buy,100.0,29.80896809232858,2980.8968092328582,5.0,0.0,1.489703552840183,3028.529841100171
20250321,20250324,300086.SZ,sell,500.0,5.227385000000001,2613.6925000000006,5.0,1.3068462500000002,1.3074999999994361,5635.915494850171
20250321,20250324,300314.SZ,sell,200.0,12.642455360024202,2528.4910720048406,5.0,1.2642455360024203,1.2648779749897585,8158.142321319009
20250321,20250324,300966.SZ,sell,100.0,16.941525,1694.1525,5.0,0.84707625,0.8475000000000819,9846.447745069008
20250321,20250324,301126.SZ,sell,200.0,11.61161679614515,2322.32335922903,5.0,1.161161679614515,1.1617425508898123,12162.609942618423
20250321,20250324,920547.BJ,sell,100.0,21.063802424379574,2106.3802424379573,5.0,1.0531901212189787,1.053716979708497,14262.93699493516
20250321,20250324,300700.SZ,buy,200.0,10.205099999999998,2041.0199999999995,5.0,0.0,1.0199999999997544,12216.91699493516
20250321,20250324,301136.SZ,buy,200.0,13.82691,2765.382,5.0,0.0,1.3820000000000618,9446.53499493516
20250321,20250324,301137.SZ,buy,100.0,20.61773888736667,2061.773888736667,5.0,0.0,1.0303717584888545,7379.7611061984935
20250321,20250324,301331.SZ,buy,100.0,26.394707558399997,2639.4707558399996,5.0,0.0,1.3190758399996412,4735.290350358494
20250321,20250324,603949.SH,buy,100.0,19.460394774470295,1946.0394774470294,5.0,0.0,0.9725334719873899,2784.2508729114643
20250328,20250331,300700.SZ,sell,200.0,9.49525,1899.0500000000002,5.0,0.9495250000000001,0.9499999999998181,4677.3513479114645
20250328,20250331,301136.SZ,sell,200.0,11.804095000000002,2360.8190000000004,5.0,1.1804095000000003,1.1809999999995853,7031.989938411465
20250328,20250331,301137.SZ,sell,100.0,21.434575325374304,2143.4575325374303,5.0,1.0717287662687152,1.0722648987180037,9169.375742182627
20250328,20250331,301331.SZ,sell,100.0,24.412542822400003,2441.25428224,5.0,1.22062714112,1.2212377599998945,11604.409397281506
20250328,20250331,603949.SH,sell,100.0,25.613145684388407,2561.3145684388405,5.0,1.2806572842194204,1.2812979331861243,14159.443308436126
20250328,20250331,000953.SZ,buy,400.0,6.16308,2465.232,5.0,0.0,1.231999999999971,11689.211308436126
20250328,20250331,001217.SZ,buy,100.0,14.447715325432474,1444.7715325432475,5.0,0.0,0.7220247538946296,10239.439775892879
20250328,20250331,300230.SZ,buy,500.0,5.654073606275262,2827.036803137631,5.0,0.0,1.4128119955707916,7407.402972755248
20250403,20250407,000953.SZ,sell,400.0,5.527235,2210.8940000000002,5.0,1.105447,1.1059999999997672,9612.191525755248
20250403,20250407,001217.SZ,sell,100.0,10.678840265698174,1067.8840265698175,5.0,0.5339420132849088,0.5342091178436021,10674.54161031178
20250403,20250407,300230.SZ,sell,500.0,4.502938103813983,2251.4690519069914,5.0,1.1257345259534957,1.1262976747907487,12919.884927692818
20250403,20250407,300005.SZ,buy,300.0,8.49496435989426,2548.489307968278,5.0,0.0,1.273607850058852,10366.395619724539
20250403,20250407,300240.SZ,buy,300.0,7.503749999999999,2251.125,5.0,0.0,1.125,8110.270619724539
20250403,20250407,300485.SZ,buy,300.0,8.254125,2476.2375,5.0,0.0,1.237500000000182,5629.033119724539
20250403,20250407,603836.SH,buy,100.0,14.11967608931477,1411.9676089314771,5.0,0.0,0.7056309889712793,4212.065510793062
20250411,20250414,300005.SZ,sell,300.0,9.48488230452844,2845.464691358532,5.0,1.422732345679266,1.4234440677128077,7051.107469805915
20250411,20250414,300240.SZ,sell,300.0,9.505245,2851.5735,5.0,1.42578675,1.4265000000000327,9896.255183055915
20250411,20250414,300485.SZ,sell,300.0,7.63618,2290.8540000000003,5.0,1.1454270000000002,1.1459999999997308,12180.963756055915
20250411,20250414,603836.SH,sell,100.0,14.056139631169772,1405.6139631169772,5.0,0.7028069815584886,0.7031585608388013,13580.874912191333
20250411,20250414,002286.SZ,buy,300.0,8.365074933397917,2509.522480019375,5.0,0.0,1.2541341729229316,11066.352432171958
20250411,20250414,600278.SH,buy,300.0,6.803843183683939,2041.1529551051817,5.0,0.0,1.0200664443304959,9020.199477066777
20250411,20250414,600697.SH,buy,200.0,12.70189819861432,2540.379639722864,5.0,0.0,1.2695550423400164,6474.819837343914
20250411,20250414,601008.SH,buy,400.0,6.787182835434294,2714.8731341737175,5.0,0.0,1.3567581879924546,3754.946703170196
20250418,20250421,002286.SZ,sell,300.0,7.521042635020586,2256.3127905061756,5.0,1.1281563952530878,1.1287207556310932,6005.131337281118
20250418,20250421,600278.SH,sell,300.0,6.274193299127758,1882.2579897383273,5.0,0.9411289948691637,0.9415997947664891,7881.448198024576
20250418,20250421,600697.SH,sell,200.0,12.639635450346422,2527.9270900692845,5.0,1.2639635450346423,1.264595842955714,10403.111324548827
20250418,20250421,601008.SH,sell,400.0,5.1198931560467384,2047.9572624186953,5.0,1.0239786312093477,1.0244908766476328,12445.044608336313
20250418,20250421,000025.SZ,buy,100.0,20.23842858536233,2023.8428585362328,5.0,0.0,1.0114157214072748,10416.20174980008
20250418,20250421,000514.SZ,buy,500.0,4.402200000000001,2201.1000000000004,5.0,0.0,1.1000000000003638,8210.10174980008
20250418,20250421,002564.SZ,buy,400.0,5.16258,2065.032,5.0,0.0,1.0320000000001528,6140.06974980008
20250418,20250421,920892.BJ,buy,100.0,18.721379782396447,1872.1379782396448,5.0,0.0,0.9356011885256521,4262.931771560436
20250418,20250421,920961.BJ,buy,100.0,21.5435818822792,2154.35818822792,5.0,0.0,1.076640773726922,2103.5735833325157
20250425,20250428,000025.SZ,sell,100.0,16.908140934542303,1690.8140934542303,5.0,0.8454070467271152,0.8458299617079774,3788.542269740019
20250425,20250428,000514.SZ,sell,500.0,4.427785,2213.8925,5.0,1.10694625,1.1075000000000728,5996.327823490019
20250425,20250428,002564.SZ,sell,400.0,5.277360000000001,2110.9440000000004,5.0,1.0554720000000002,1.0559999999995853,8101.216351490019
20250425,20250428,920961.BJ,sell,100.0,19.437661552920428,1943.7661552920429,5.0,0.9718830776460214,0.9723692622769704,10039.010623704417
20250425,20250428,003003.SZ,buy,100.0,15.754766198347111,1575.476619834711,5.0,0.0,0.7873446375983804,8458.534003869705
20250425,20250428,300040.SZ,buy,300.0,7.597801073169962,2279.3403219509887,5.0,0.0,1.1391006106700843,6174.193681918716
20250425,20250428,600726.SH,buy,800.0,2.70135,2161.08,5.0,0.0,1.0799999999999272,4008.113681918716
20250430,20250506,003003.SZ,sell,100.0,11.59044582217156,1159.044582217156,5.0,0.579522291108578,0.579812197207275,5161.5787418447635
20250430,20250506,300040.SZ,sell,300.0,7.005582764820981,2101.6748294462946,5.0,1.0508374147231474,1.0513630962709613,7257.202733876335
20250430,20250506,600726.SH,sell,800.0,2.37881,1903.048,5.0,0.951524,0.9519999999999982,9154.299209876335
20250430,20250506,920892.BJ,sell,100.0,15.585556465521613,1558.5556465521613,5.0,0.7792778232760806,0.7796676571044827,10707.075578605221
20250430,20250506,000565.SZ,buy,200.0,7.9952289508701435,1599.0457901740288,5.0,0.0,0.7991233334203116,9103.029788431193
20250430,20250506,688280.SH,buy,300.0,7.303649999999999,2191.095,5.0,0.0,1.0949999999998,6906.934788431194
20250430,20250506,920810.BJ,buy,100.0,14.434655631071417,1443.4655631071416,5.0,0.0,0.7213720955057852,5458.469225324052
20250509,20250512,688280.SH,sell,300.0,7.866065000000001,2359.8195,5.0,1.17990975,1.1804999999999382,7812.108815574052
20250509,20250512,920810.BJ,sell,100.0,17.368522368430416,1736.8522368430415,5.0,0.8684261184215207,0.8688605486959204,9543.092626298672
20250509,20250512,300663.SZ,buy,100.0,18.039015,1803.9015,5.0,0.0,0.9014999999999418,7734.191126298672
20250509,20250512,300962.SZ,buy,100.0,15.969835058757694,1596.9835058757694,5.0,0.0,0.7980927065846117,6132.207620422903
20250509,20250512,920363.BJ,buy,100.0,18.348142150550792,1834.8142150550793,5.0,0.0,0.91694863321095,4292.393405367824
20250516,20250519,300663.SZ,sell,100.0,17.991,1799.1,5.0,0.89955,0.900000000000091,6085.593855367824
20250516,20250519,300962.SZ,sell,100.0,15.458411303861219,1545.841130386122,5.0,0.772920565193061,0.7733072188023016,7625.662065188753
20250516,20250519,920363.BJ,sell,100.0,19.220893109751117,1922.0893109751116,5.0,0.9610446554875558,0.961525418196743,9541.790331508377
20250516,20250519,002909.SZ,buy,200.0,8.214105,1642.821,5.0,0.0,0.8209999999996853,7893.969331508377
20250516,20250519,300434.SZ,buy,200.0,8.640902170859064,1728.180434171813,5.0,0.0,0.8636583878919737,6160.788897336564
20250516,20250519,920946.BJ,buy,200.0,11.568206265366864,2313.641253073373,5.0,0.0,1.156242505283899,3842.1476442631915
20250523,20250526,000565.SZ,sell,200.0,10.313520702768283,2062.7041405536565,5.0,1.0313520702768284,1.0318680042792039,5898.820432746572
20250523,20250526,002909.SZ,sell,200.0,6.246875,1249.375,5.0,0.6246875000000001,0.625,7142.570745246572
20250523,20250526,300434.SZ,sell,200.0,9.535180723089564,1907.0361446179127,5.0,0.9535180723089564,0.9539950698440407,9043.653371792176
20250523,20250526,920946.BJ,sell,200.0,12.37381,2474.762,5.0,1.237381,1.237999999999829,11512.177990792175
20250523,20250526,000561.SZ,buy,200.0,9.6048,1920.9599999999998,5.0,0.0,0.959999999999809,9586.217990792176
20250523,20250526,000695.SZ,buy,100.0,15.767879999999998,1576.7879999999998,5.0,0.0,0.7879999999997835,8004.429990792177
20250523,20250526,002099.SZ,buy,300.0,6.213105,1863.9315,5.0,0.0,0.9314999999999145,6135.498490792177
20250530,20250603,000561.SZ,sell,200.0,9.295350000000001,1859.0700000000002,5.0,0.9295350000000001,0.9300000000000637,7988.6389557921775
20250530,20250603,000695.SZ,sell,100.0,14.51274,1451.2740000000001,5.0,0.7256370000000001,0.7259999999998854,9434.187318792177
20250530,20250603,002099.SZ,sell,300.0,6.21689,1865.067,5.0,0.9325335,0.9329999999999927,11293.321785292177
20250530,20250603,600551.SH,buy,200.0,8.897346166498387,1779.4692332996774,5.0,0.0,0.8892899716638567,9508.852551992499
20250530,20250603,600676.SH,buy,400.0,5.112555,2045.0220000000002,5.0,0.0,1.0219999999999345,7458.830551992499
20250530,20250603,920047.BJ,buy,100.0,19.919954999999998,1991.9954999999998,5.0,0.0,0.9954999999997654,5461.835051992499
20250606,20250609,600551.SH,sell,200.0,8.651768261651956,1730.3536523303912,5.0,0.8651768261651956,0.8656096309805434,7186.323527496725
20250606,20250609,600676.SH,sell,400.0,4.69765,1879.0600000000002,5.0,0.9395300000000001,0.9399999999998272,9059.443997496724
20250606,20250609,920047.BJ,sell,100.0,22.258865,2225.8865,5.0,1.11294325,1.1134999999999309,11279.217554246725
20250606,20250609,300921.SZ,buy,100.0,22.857110383874982,2285.7110383874983,5.0,0.0,1.1422843770055806,8988.506515859226
20250606,20250609,603585.SH,buy,100.0,18.709349999999997,1870.9349999999997,5.0,0.0,0.9349999999997181,7112.571515859227
20250613,20250616,300921.SZ,sell,100.0,21.435228784962067,2143.522878496207,5.0,1.0717614392481034,1.0722975880416925,9250.022632916185
20250613,20250616,603585.SH,sell,100.0,20.16991,2016.9910000000002,5.0,1.0084955000000002,1.0089999999997872,11261.005137416185
20250613,20250616,300483.SZ,buy,100.0,11.555775,1155.5775,5.0,0.0,0.5775000000001,10100.427637416185
20250613,20250616,300645.SZ,buy,100.0,18.509249999999998,1850.9249999999997,5.0,0.0,0.9249999999997272,8244.502637416186
20250613,20250616,300962.SZ,buy,100.0,17.457707890318968,1745.7707890318968,5.0,0.0,0.8724491699308601,6493.731848384289
20250620,20250623,300483.SZ,sell,100.0,15.322335,1532.2335,5.0,0.76611675,0.7664999999999509,8020.199231634289
20250620,20250623,300645.SZ,sell,100.0,17.641175,1764.1175,5.0,0.88205875,0.882499999999709,9778.43467288429
20250620,20250623,300962.SZ,sell,100.0,18.183451758067523,1818.3451758067524,5.0,0.9091725879033762,0.9096274016039843,11590.870676103139
20250620,20250623,002579.SZ,buy,200.0,10.30515,2061.0299999999997,5.0,0.0,1.0299999999997453,9524.84067610314
20250620,20250623,300429.SZ,buy,100.0,14.277135,1427.7134999999998,5.0,0.0,0.7134999999998399,8092.12717610314
20250620,20250623,300480.SZ,buy,100.0,14.497245,1449.7245,5.0,0.0,0.7245000000000346,6637.40267610314
20250620,20250623,300589.SZ,buy,100.0,14.83816880990953,1483.816880990953,5.0,0.0,0.7415376716596711,5148.585795112187
20250620,20250623,301150.SZ,buy,100.0,21.03051,2103.051,5.0,0.0,1.0509999999999309,3040.534795112187
20250627,20250630,002579.SZ,sell,200.0,14.382805000000001,2876.561,5.0,1.4382805,1.4389999999998508,5910.657514612187
20250627,20250630,300429.SZ,sell,100.0,14.502745,1450.2745,5.0,0.72513725,0.7255000000000109,7355.206877362187
20250627,20250630,300480.SZ,sell,100.0,15.402295,1540.2295000000001,5.0,0.7701147500000001,0.7704999999998563,8889.666262612187
20250627,20250630,300589.SZ,sell,100.0,14.66351770007228,1466.351770007228,5.0,0.733175885003614,0.7335426563317924,10350.284856734412
20250627,20250630,301150.SZ,sell,100.0,19.910040000000002,1991.0040000000001,5.0,0.9955020000000001,0.9960000000000946,12335.293354734411
20250627,20250630,300414.SZ,buy,100.0,13.156781677743847,1315.6781677743847,5.0,0.0,0.6575103287227648,11014.615186960025
20250627,20250630,300650.SZ,buy,100.0,17.789966321140238,1778.9966321140237,5.0,0.0,0.8890537891622898,9230.618554846002
20250627,20250630,300697.SZ,buy,100.0,14.297144999999999,1429.7144999999998,5.0,0.0,0.7144999999998163,7795.904054846002
20250627,20250630,301408.SZ,buy,100.0,14.007,1400.7,5.0,0.0,0.7000000000000455,6390.204054846002
20250627,20250630,600643.SH,buy,300.0,6.603299999999999,1980.9899999999998,5.0,0.0,0.9899999999997817,4404.214054846002
20250704,20250707,300414.SZ,sell,100.0,12.58432800431112,1258.432800431112,5.0,0.6292164002155559,0.6295311657984257,5657.017638876899
20250704,20250707,300650.SZ,sell,100.0,15.355966801887106,1535.5966801887107,5.0,0.7677983400943553,0.7681824313099241,7186.846520725515
20250704,20250707,300697.SZ,sell,100.0,14.322835000000001,1432.2835000000002,5.0,0.7161417500000001,0.716499999999769,8613.413878975516
20250704,20250707,301408.SZ,sell,100.0,14.1929,1419.29,5.0,0.709645,0.7100000000000364,10026.994233975516
20250704,20250707,600643.SH,sell,300.0,6.53673,1961.019,5.0,0.9805095,0.9809999999999945,11982.032724475517
20250704,20250707,001210.SZ,buy,100.0,15.000988150563128,1500.0988150563128,5.0,0.0,0.7496745702428598,10476.933909419204
20250704,20250707,002623.SZ,buy,100.0,20.380185,2038.0185000000001,5.0,0.0,1.018500000000131,8433.915409419204
20250704,20250707,600191.SH,buy,200.0,8.354175,1670.835,5.0,0.0,0.8350000000000364,6758.0804094192035
20250704,20250707,600231.SH,buy,1100.0,2.001,2201.1,5.0,0.0,1.099999999999909,4551.980409419204
20250704,20250707,688553.SH,buy,100.0,20.840414999999997,2084.0415,5.0,0.0,1.0414999999998145,2462.9389094192043
20250711,20250714,001210.SZ,sell,100.0,14.11724134558388,1411.724134558388,5.0,0.705862067279194,0.7062151748664292,3868.957181910313
20250711,20250714,002623.SZ,sell,100.0,26.736625,2673.6625,5.0,1.33683125,1.337500000000091,6536.282850660313
20250711,20250714,600191.SH,sell,200.0,7.9860050000000005,1597.201,5.0,0.7986005,0.7989999999999782,8127.6852501603125
20250711,20250714,600231.SH,sell,1100.0,2.008995,2209.8945,5.0,1.10494725,1.1054999999996653,10331.474802910312
20250711,20250714,688553.SH,sell,100.0,19.900045000000002,1990.0045000000002,5.0,0.9950022500000001,0.9954999999997654,12315.484300660311
20250711,20250714,300066.SZ,buy,400.0,5.912955,2365.1820000000002,5.0,0.0,1.1820000000002437,9945.30230066031
20250711,20250714,605122.SH,buy,100.0,18.339164999999998,1833.9164999999998,5.0,0.0,0.9165000000000418,8106.385800660311
20250718,20250721,300066.SZ,sell,400.0,6.456770000000001,2582.708,5.0,1.2913540000000001,1.2919999999999163,10682.802446660311
20250718,20250721,605122.SH,sell,100.0,14.342825000000001,1434.2825,5.0,0.7171412500000001,0.7174999999999727,12111.367805410311
20250718,20250721,300654.SZ,buy,200.0,11.435714999999998,2287.1429999999996,5.0,0.0,1.1429999999995744,9819.224805410311
20250718,20250721,688350.SH,buy,100.0,19.72986,1972.9859999999999,5.0,0.0,0.9859999999998763,7841.238805410311
20250718,20250721,688660.SH,buy,200.0,10.004999999999999,2000.9999999999998,5.0,0.0,0.9999999999997726,5835.238805410311
20250725,20250728,300654.SZ,sell,200.0,11.57421,2314.842,5.0,1.157421,1.1579999999999018,8143.923384410311
20250725,20250728,688350.SH,sell,100.0,19.03048,1903.048,5.0,0.951524,0.9519999999999982,10041.019860410312
20250725,20250728,688660.SH,sell,200.0,12.883555000000001,2576.7110000000002,5.0,1.2883555000000002,1.28899999999976,12611.442504910312
20250725,20250728,300593.SZ,buy,100.0,15.657824999999999,1565.7824999999998,5.0,0.0,0.7824999999997999,11040.660004910313
20250725,20250728,300869.SZ,buy,100.0,18.02901,1802.9009999999998,5.0,0.0,0.9009999999998399,9232.759004910313
20250725,20250728,600326.SH,buy,100.0,14.777384999999999,1477.7385,5.0,0.0,0.7384999999999309,7750.020504910313
20250801,20250804,300593.SZ,sell,100.0,16.55172,1655.172,5.0,0.827586,0.8279999999997472,9399.364918910313
20250801,20250804,300869.SZ,sell,100.0,19.520235000000003,1952.0235000000002,5.0,0.9760117500000002,0.9764999999997599,11345.412407160313
20250801,20250804,600326.SH,sell,100.0,18.590700000000002,1859.0700000000002,5.0,0.9295350000000001,0.9300000000000637,13198.552872160313
20250801,20250804,002203.SZ,buy,200.0,11.964624615037254,2392.9249230074506,5.0,0.0,1.195864529238861,10800.627949152862
20250801,20250804,300289.SZ,buy,200.0,8.90445,1780.89,5.0,0.0,0.8900000000001,9014.737949152863
20250801,20250804,300858.SZ,buy,100.0,20.410199999999996,2041.0199999999995,5.0,0.0,1.0199999999997544,6968.717949152863
20250801,20250804,920266.BJ,buy,200.0,13.006499999999999,2601.2999999999997,5.0,0.0,1.2999999999997272,4362.417949152863
20250808,20250811,002203.SZ,sell,200.0,12.15088596924312,2430.177193848624,5.0,1.2150885969243121,1.215696445146932,6786.3800544045625
20250808,20250811,300289.SZ,sell,200.0,11.05447,2210.8940000000002,5.0,1.105447,1.1059999999997672,8991.168607404563
20250808,20250811,300858.SZ,sell,100.0,19.53023,1953.023,5.0,0.9765115,0.9770000000000891,10938.215095904563
20250808,20250811,920266.BJ,sell,200.0,11.77411,2354.822,5.0,1.177411,1.1779999999998836,13286.859684904563
20250808,20250811,301048.SZ,buy,100.0,14.317155,1431.7155,5.0,0.0,0.71550000000002,11850.144184904562
20250808,20250811,600503.SH,buy,800.0,3.0915449999999995,2473.2359999999994,5.0,0.0,1.2359999999994216,9371.908184904563
20250808,20250811,688569.SH,buy,100.0,25.462725,2546.2725,5.0,0.0,1.2725000000000364,6820.635684904563
20250815,20250818,301048.SZ,sell,100.0,12.903545000000001,1290.3545000000001,5.0,0.64517725,0.6454999999998563,8105.345007654563
20250815,20250818,600503.SH,sell,800.0,2.95852,2366.816,5.0,1.183408,1.1840000000001965,10465.977599654563
20250815,20250818,688569.SH,sell,100.0,23.038475000000002,2303.8475000000003,5.0,1.1519237500000001,1.1524999999996908,12763.673175904563
20250815,20250818,002871.SZ,buy,100.0,13.364154175023485,1336.4154175023484,5.0,0.0,0.6678737718650609,11422.257758402215
20250815,20250818,603158.SH,buy,200.0,11.835915,2367.183,5.0,0.0,1.1829999999999927,9050.074758402214
20250815,20250818,688306.SH,buy,100.0,14.007,1400.7,5.0,0.0,0.7000000000000455,7644.374758402214
20250822,20250825,002871.SZ,sell,100.0,19.42839818223362,1942.8398182233623,5.0,0.9714199091116812,0.971905862042604,9581.243156716464
20250822,20250825,603158.SH,sell,200.0,12.303845,2460.7690000000002,5.0,1.2303845000000002,1.2309999999997672,12035.781772216464
20250822,20250825,688306.SH,sell,100.0,12.733630000000002,1273.363,5.0,0.6366815,0.6369999999999436,13303.508090716463
20250822,20250825,002109.SZ,buy,600.0,3.9619799999999996,2377.1879999999996,5.0,0.0,1.1879999999996471,10921.320090716463
20250822,20250825,600979.SH,buy,400.0,5.552775,2221.1099999999997,5.0,0.0,1.1099999999996726,8695.210090716464
20250829,20250901,002109.SZ,sell,600.0,4.027985,2416.791,5.0,1.2083955000000002,1.2089999999998327,11105.792695216463
20250829,20250901,600979.SH,sell,400.0,5.29735,2118.94,5.0,1.0594700000000001,1.0599999999999454,13218.673225216464
20250829,20250901,300035.SZ,buy,100.0,21.250619999999998,2125.062,5.0,0.0,1.0619999999998981,11088.611225216464
20250829,20250901,300111.SZ,buy,500.0,4.522259999999999,2261.1299999999997,5.0,0.0,1.1299999999996544,8822.481225216465
20250905,20250908,300035.SZ,sell,100.0,23.988,2398.8,5.0,1.1994,1.199999999999818,11215.081825216464
20250905,20250908,300390.SZ,buy,100.0,25.0125,2501.25,5.0,0.0,1.25,8708.831825216464
20250905,20250908,600376.SH,buy,800.0,3.371685,2697.348,5.0,0.0,1.3479999999999563,6006.4838252164645
20250905,20250908,920871.BJ,buy,100.0,27.013499999999997,2701.35,5.0,0.0,1.349999999999909,3300.1338252164646
20250912,20250915,300390.SZ,sell,100.0,23.48825,2348.8250000000003,5.0,1.1744125,1.1749999999997272,5642.784412716464
20250912,20250915,600376.SH,sell,800.0,6.006995,4805.596,5.0,2.4027979999999998,2.404000000000451,10440.977614716463
20250912,20250915,920871.BJ,sell,100.0,18.97051,1897.0510000000002,5.0,0.9485255000000001,0.9489999999998417,12332.080089216463
20250912,20250915,002772.SZ,buy,200.0,10.015004999999999,2003.0009999999997,5.0,0.0,1.000999999999749,10324.079089216462
20250912,20250915,300252.SZ,buy,100.0,16.048019999999998,1604.8019999999997,5.0,0.0,0.8019999999996799,8714.277089216463
20250912,20250915,300697.SZ,buy,100.0,17.66883,1766.883,5.0,0.0,0.8830000000000382,6942.394089216463
20250912,20250915,688593.SH,buy,100.0,23.811899999999998,2381.1899999999996,5.0,0.0,1.1899999999995998,4556.204089216463
20250919,20250922,002772.SZ,sell,200.0,10.024985,2004.9969999999998,5.0,1.0024985,1.002999999999929,6555.1985907164635
20250919,20250922,300111.SZ,sell,500.0,5.947025000000001,2973.5125000000003,5.0,1.4867562500000002,1.4874999999997272,9522.224334466464
20250919,20250922,300252.SZ,sell,100.0,15.29235,1529.2350000000001,5.0,0.7646175000000001,0.7649999999998727,11045.694716966464
20250919,20250922,300697.SZ,sell,100.0,17.25137,1725.1370000000002,5.0,0.8625685000000001,0.8630000000000564,12764.969148466464
20250919,20250922,688593.SH,sell,100.0,25.157415000000004,2515.7415000000005,5.0,1.2578707500000004,1.258499999999458,15274.452777716464
20250919,20250922,600706.SH,buy,200.0,12.8064,2561.28,5.0,0.0,1.2800000000002,12708.172777716463
20250919,20250922,603843.SH,buy,600.0,4.70235,2821.41,5.0,0.0,1.4099999999998545,9881.762777716463
20250919,20250922,920145.BJ,buy,100.0,25.502744999999997,2550.2744999999995,5.0,0.0,1.2744999999995343,7326.488277716464
20250926,20250929,600706.SH,sell,200.0,10.7946,2158.92,5.0,1.07946,1.0799999999999272,9479.328817716465
20250926,20250929,603843.SH,sell,600.0,5.167415,3100.449,5.0,1.5502245000000001,1.5509999999999309,12573.227593216465
20250926,20250929,920145.BJ,sell,100.0,27.986,2798.6,5.0,1.3993,1.400000000000091,15365.428293216464
20250926,20250929,300490.SZ,buy,200.0,12.616304999999999,2523.261,5.0,0.0,1.2609999999999673,12837.167293216464
20250926,20250929,600769.SH,buy,200.0,12.86643,2573.286,5.0,0.0,1.2860000000000582,10258.881293216464
20250926,20250929,601218.SH,buy,500.0,5.9934590023636805,2996.72950118184,5.0,0.0,1.4976159426196318,7257.151792034623
20250926,20250929,603218.SH,buy,200.0,14.607299999999999,2921.4599999999996,5.0,0.0,1.4599999999995816,4330.691792034624
20250926,20250929,688251.SH,buy,100.0,29.79489,2979.489,5.0,0.0,1.4890000000000327,1346.202792034624
20250930,20251009,300490.SZ,sell,200.0,13.443275,2688.6549999999997,5.0,1.3443275,1.3450000000002547,4028.513464534624
20250930,20251009,600769.SH,sell,200.0,12.883555000000001,2576.7110000000002,5.0,1.2883555000000002,1.28899999999976,6598.936109034625
20250930,20251009,601218.SH,sell,500.0,5.617190000000001,2808.5950000000003,5.0,1.4042975000000002,1.4049999999997453,9401.126811534625
20250930,20251009,603218.SH,sell,200.0,14.682655,2936.531,5.0,1.4682655,1.469000000000051,12331.189546034624
20250930,20251009,688251.SH,sell,100.0,32.593695000000004,3259.3695000000002,5.0,1.6296847500000002,1.6304999999997563,15583.929361284625
20250930,20251009,601618.SH,buy,700.0,4.002,2801.3999999999996,5.0,0.0,1.3999999999996362,12777.529361284625
20250930,20251009,688175.SH,buy,100.0,26.012999999999998,2601.2999999999997,5.0,0.0,1.2999999999997272,10171.229361284626
20251010,20251013,601618.SH,sell,700.0,3.9080450000000004,2735.6315000000004,5.0,1.3678157500000003,1.3684999999995853,12900.493045534626
20251010,20251013,688175.SH,sell,100.0,23.018485000000002,2301.8485,5.0,1.15092425,1.1514999999999418,15196.190621284626
20251010,20251013,300055.SZ,buy,400.0,6.313154999999999,2525.2619999999997,5.0,0.0,1.2619999999997162,12665.928621284627
20251010,20251013,300541.SZ,buy,100.0,16.818405,1681.8404999999998,5.0,0.0,0.84050000000002,10979.088121284627
20251010,20251013,300948.SZ,buy,100.0,19.199595,1919.9595,5.0,0.0,0.9594999999997071,9054.128621284628
20251010,20251013,301120.SZ,buy,100.0,16.008,1600.8,5.0,0.0,0.7999999999999545,7448.328621284628
20251010,20251013,301179.SZ,buy,100.0,17.48874,1748.874,5.0,0.0,0.8740000000000236,5694.454621284628
20251017,20251020,300055.SZ,sell,400.0,6.95652,2782.608,5.0,1.391304,1.3919999999998254,8470.671317284628
20251017,20251020,300541.SZ,sell,100.0,16.21189,1621.189,5.0,0.8105945000000001,0.8109999999999218,10086.049722784628
20251017,20251020,300948.SZ,sell,100.0,19.160415000000004,1916.0415000000005,5.0,0.9580207500000003,0.9584999999997308,11996.133202034629
20251017,20251020,301120.SZ,sell,100.0,18.01099,1801.099,5.0,0.9005495,0.9010000000000673,13791.331652534629
20251017,20251020,301179.SZ,sell,100.0,16.621685,1662.1685,5.0,0.83108425,0.8315000000000055,15447.66906828463
20251017,20251020,002004.SZ,buy,500.0,5.102549999999999,2551.2749999999996,5.0,0.0,1.2749999999996362,12891.39406828463
20251017,20251020,002678.SZ,buy,600.0,5.04252,3025.5119999999997,5.0,0.0,1.5119999999997162,9860.88206828463
20251017,20251020,300389.SZ,buy,100.0,20.230109999999996,2023.0109999999995,5.0,0.0,1.0109999999995125,7832.871068284631
20251017,20251020,600748.SH,buy,400.0,6.013005,2405.2019999999998,5.0,0.0,1.2019999999997708,5422.669068284631
20251024,20251027,002004.SZ,sell,500.0,4.927535,2463.7675,5.0,1.23188375,1.2325000000000728,7880.20468453463
20251024,20251027,002678.SZ,sell,600.0,6.826585000000001,4095.9510000000005,5.0,2.0479755,2.0489999999995234,11969.10770903463
20251024,20251027,300389.SZ,sell,100.0,16.67166,1667.166,5.0,0.833583,0.83400000000006,13630.44012603463
20251024,20251027,600748.SH,sell,400.0,6.71664,2686.656,5.0,1.343328,1.344000000000051,16310.75279803463
20251024,20251027,001231.SZ,buy,100.0,25.672829999999998,2567.283,5.0,0.0,1.2829999999999018,13738.46979803463
20251024,20251027,002160.SZ,buy,500.0,5.50275,2751.375,5.0,0.0,1.375,10982.09479803463
20251024,20251027,301313.SZ,buy,100.0,25.822905,2582.2905,5.0,0.0,1.2905000000000655,8394.804298034629
20251024,20251027,600551.SH,buy,300.0,9.274077283897338,2782.2231851692013,5.0,0.0,1.3904163843922106,5607.581112865428
20251024,20251027,920642.BJ,buy,200.0,15.90795,3181.59,5.0,0.0,1.5900000000001455,2420.9911128654276
20251031,20251103,001231.SZ,sell,100.0,22.72863,2272.863,5.0,1.1364315,1.137000000000171,4687.717681365428
20251031,20251103,002160.SZ,sell,500.0,5.3573200000000005,2678.6600000000003,5.0,1.3393300000000001,1.3399999999996908,7360.038351365429
20251031,20251103,301313.SZ,sell,100.0,30.084950000000003,3008.4950000000003,5.0,1.5042475000000002,1.5049999999996544,10362.029103865429
20251031,20251103,600551.SH,sell,300.0,9.007726727274207,2702.318018182262,5.0,1.3511590090911312,1.3518349265541474,13057.9959630386
20251031,20251103,920642.BJ,sell,200.0,16.911540000000002,3382.3080000000004,5.0,1.6911540000000003,1.6920000000000073,16433.6128090386
20251031,20251103,002374.SZ,buy,900.0,3.411705,3070.5345,5.0,0.0,1.5345000000002074,13358.078309038601
20251031,20251103,300071.SZ,buy,600.0,5.36268,3217.608,5.0,0.0,1.6080000000001746,10135.470309038601
20251031,20251103,600469.SH,buy,400.0,6.90345,2761.38,5.0,0.0,1.3800000000001091,7369.090309038601
20251031,20251103,920344.BJ,buy,100.0,28.99449,2899.449,5.0,0.0,1.4490000000000691,4464.641309038601
20251107,20251110,002374.SZ,sell,900.0,3.1384300000000005,2824.5870000000004,5.0,1.4122935000000003,1.4129999999995562,7282.816015538601
20251107,20251110,300071.SZ,sell,600.0,5.647175000000001,3388.3050000000003,5.0,1.6941525000000002,1.694999999999709,10664.426863038601
20251107,20251110,600469.SH,sell,400.0,7.116440000000001,2846.5760000000005,5.0,1.4232880000000003,1.4239999999995234,13504.579575038602
20251107,20251110,920344.BJ,sell,100.0,27.66616,2766.616,5.0,1.383308,1.3840000000000146,16264.812267038602
20251107,20251110,002255.SZ,buy,100.0,15.667829999999999,1566.783,5.0,0.0,0.7829999999999018,14693.029267038602
20251107,20251110,300102.SZ,buy,200.0,15.90795,3181.59,5.0,0.0,1.5900000000001455,11506.439267038602
20251107,20251110,300821.SZ,buy,200.0,11.66583,2333.166,5.0,0.0,1.1660000000001673,9168.273267038603
20251107,20251110,301238.SZ,buy,100.0,25.689837915936952,2568.983791593695,5.0,0.0,1.2838499708113886,6594.289475444908
20251107,20251110,301286.SZ,buy,100.0,31.305645,3130.5645,5.0,0.0,1.5644999999999527,3458.724975444908
20251114,20251117,002255.SZ,sell,100.0,13.483255000000002,1348.3255000000001,5.0,0.67416275,0.6744999999998527,4801.376312694908
20251114,20251117,300102.SZ,sell,200.0,13.77311,2754.6220000000003,5.0,1.3773110000000002,1.3779999999997017,7549.621001694908
20251114,20251117,300821.SZ,sell,200.0,12.933530000000001,2586.706,5.0,1.2933530000000002,1.293999999999869,10130.033648694909
20251114,20251117,301238.SZ,sell,100.0,25.08721466335863,2508.721466335863,5.0,1.2543607331679316,1.2549882272810464,12632.500754297604
20251114,20251117,301286.SZ,sell,100.0,32.64367,3264.367,5.0,1.6321835000000002,1.632999999999356,15890.235570797604
20251114,20251117,000633.SZ,buy,400.0,7.8039,3121.56,5.0,0.0,1.5599999999999454,12763.675570797604
20251114,20251117,300268.SZ,buy,200.0,13.92696,2785.392,5.0,0.0,1.3919999999998254,9973.283570797605
20251114,20251117,300867.SZ,buy,100.0,22.721355,2272.1355,5.0,0.0,1.1354999999998654,7696.148070797604
20251114,20251117,600327.SH,buy,500.0,6.12306,3061.5299999999997,5.0,0.0,1.5299999999997453,4629.618070797605
20251121,20251124,000633.SZ,sell,400.0,7.856070000000001,3142.4280000000003,5.0,1.571214,1.5719999999996617,7765.474856797605
20251121,20251124,300268.SZ,sell,200.0,13.083455,2616.6910000000003,5.0,1.3083455000000002,1.3089999999997417,10375.857511297605
20251121,20251124,300867.SZ,sell,100.0,21.64917,2164.9170000000004,5.0,1.0824585000000002,1.082999999999629,12534.692052797605
20251121,20251124,600327.SH,sell,500.0,4.91754,2458.77,5.0,1.229385,1.2300000000000182,14987.232667797605
20251121,20251124,000859.SZ,buy,300.0,8.76438,2629.314,5.0,0.0,1.3139999999998508,12352.918667797605
20251121,20251124,300087.SZ,buy,200.0,11.775884999999999,2355.1769999999997,5.0,0.0,1.1769999999996799,9992.741667797605
20251121,20251124,300200.SZ,buy,200.0,12.096044999999998,2419.209,5.0,0.0,1.2089999999998327,7568.532667797605
20251121,20251124,603216.SH,buy,100.0,21.19059,2119.059,5.0,0.0,1.0590000000001965,5444.473667797605
20251128,20251201,000859.SZ,sell,300.0,7.766115,2329.8345,5.0,1.16491725,1.1655000000000655,7768.143250547605
20251128,20251201,300087.SZ,sell,200.0,11.484255000000001,2296.851,5.0,1.1484255,1.1489999999998872,10058.845825047605
20251128,20251201,300200.SZ,sell,200.0,11.544225,2308.8450000000003,5.0,1.1544225000000001,1.1549999999997453,12361.536402547605
20251128,20251201,603216.SH,sell,100.0,28.915535000000002,2891.5535,5.0,1.44577675,1.4465000000000146,15246.644125797604
20251128,20251201,002732.SZ,buy,100.0,19.719855,1971.9855,5.0,0.0,0.9855000000000018,13269.658625797603
20251128,20251201,300509.SZ,buy,200.0,13.56678,2713.3559999999998,5.0,0.0,1.3559999999997672,10551.302625797603
20251128,20251201,688173.SH,buy,100.0,17.34867,1734.8669999999997,5.0,0.0,0.8669999999997344,8811.435625797603
20251128,20251201,688244.SH,buy,100.0,23.041515,2304.1515,5.0,0.0,1.1514999999999418,6502.284125797603
20251205,20251208,002732.SZ,sell,100.0,17.751120000000004,1775.1120000000003,5.0,0.8875560000000001,0.88799999999992,8271.508569797603
20251205,20251208,300509.SZ,sell,200.0,13.003495000000001,2600.699,5.0,1.3003495,1.3009999999999309,10865.907220297602
20251205,20251208,688173.SH,sell,100.0,15.262365,1526.2365,5.0,0.76311825,0.7635000000000218,12386.380602047602
20251205,20251208,688244.SH,sell,100.0,24.407790000000002,2440.779,5.0,1.2203895,1.2210000000000036,14820.939212547602
20251205,20251208,002300.SZ,buy,200.0,10.995495,2199.099,5.0,0.0,1.09900000000016,12616.840212547602
20251205,20251208,300940.SZ,buy,100.0,30.555269999999997,3055.5269999999996,5.0,0.0,1.526999999999589,9556.313212547602
20251205,20251208,301526.SZ,buy,400.0,7.70385,3081.54,5.0,0.0,1.5399999999999636,6469.773212547602
20251205,20251208,603386.SH,buy,100.0,16.70835,1670.835,5.0,0.0,0.8350000000000364,4793.938212547602
20251212,20251215,002300.SZ,sell,200.0,11.75412,2350.824,5.0,1.1754120000000001,1.1759999999999309,7138.586800547602
20251212,20251215,300940.SZ,sell,100.0,31.074455,3107.4455,5.0,1.55372275,1.5545000000001892,10239.478577797603
20251212,20251215,301526.SZ,sell,400.0,6.966515,2786.606,5.0,1.3933030000000002,1.393999999999778,13019.691274797604
20251212,20251215,603386.SH,sell,100.0,15.722135000000002,1572.2135,5.0,0.7861067500000001,0.7864999999999327,14586.118668047604
20251212,20251215,300265.SZ,buy,200.0,14.517254999999999,2903.4509999999996,5.0,0.0,1.450999999999567,11677.667668047605
20251212,20251215,300445.SZ,buy,100.0,25.422704999999997,2542.2704999999996,5.0,0.0,1.270499999999629,9130.397168047606
20251219,20251222,300265.SZ,sell,200.0,13.1934,2638.6800000000003,5.0,1.3193400000000002,1.319999999999709,11762.757828047606
20251219,20251222,300445.SZ,sell,100.0,24.487750000000002,2448.775,5.0,1.2243875,1.224999999999909,14205.308440547607
20251219,20251222,300446.SZ,buy,100.0,25.682835,2568.2835,5.0,0.0,1.2835000000000036,11632.024940547608
20251219,20251222,300703.SZ,buy,100.0,27.513749999999998,2751.375,5.0,0.0,1.375,8875.649940547608
20251219,20251222,300947.SZ,buy,100.0,21.890939999999997,2189.0939999999996,5.0,0.0,1.0939999999995962,6681.555940547609
20251219,20251222,603585.SH,buy,100.0,21.420704999999998,2142.0705,5.0,0.0,1.0704999999998108,4534.485440547609
20251219,20251222,688150.SH,buy,100.0,25.412699999999997,2541.2699999999995,5.0,0.0,1.269999999999527,1988.2154405476094
20251226,20251229,300446.SZ,sell,100.0,24.84757,2484.757,5.0,1.2423785,1.2429999999999382,4466.730062047609
20251226,20251229,300703.SZ,sell,100.0,25.647170000000003,2564.717,5.0,1.2823585000000002,1.2829999999999018,7025.164703547609
20251226,20251229,300947.SZ,sell,100.0,20.599695,2059.9695,5.0,1.0299847500000001,1.0304999999998472,9079.104218797609
20251226,20251229,603585.SH,sell,100.0,19.320335,1932.0335,5.0,0.96601675,0.966499999999769,11005.17170204761
20251226,20251229,688150.SH,sell,100.0,28.975505,2897.5505,5.0,1.44877525,1.449500000000171,13896.27342679761
20251226,20251229,605007.SH,buy,100.0,14.707349999999998,1470.735,5.0,0.0,0.7349999999999,12420.53842679761
20251226,20251229,688511.SH,buy,100.0,27.49374,2749.374,5.0,0.0,1.3739999999997963,9666.16442679761
20251230,20251231,605007.SH,sell,100.0,13.7931,1379.3100000000002,5.0,0.6896550000000001,0.6899999999998272,11039.784771797611
20251230,20251231,688511.SH,sell,100.0,27.986,2798.6,5.0,1.3993,1.400000000000091,13831.98547179761
20251230,20251231,300291.SZ,buy,300.0,7.683839999999999,2305.1519999999996,5.0,0.0,1.151999999999589,11521.83347179761
20251230,20251231,920270.BJ,buy,100.0,21.520755,2152.0755,5.0,0.0,1.07549999999992,9364.757971797611
