signal_date,trade_date,ts_code,side,shares,price,gross_amount,commission,stamp_duty,slippage,cash_after
20060106,20060109,000721.SZ,buy,166100.0,1.1938844904051171,198304.21385628995,59.49126415688698,0.0,99.10255565028638,801636.2948795531
20060106,20060109,600138.SH,buy,95500.0,2.1034812592047127,200882.46025405006,60.26473807621501,0.0,100.39103460969636,600693.5698874269
20060106,20060109,600551.SH,buy,197200.0,1.009940277823014,199160.22278669834,59.7480668360095,0.0,99.53034622021369,401473.59903389256
20060106,20060109,600581.SH,buy,229500.0,0.8622791937433882,197893.0749641076,59.36792248923227,0.0,98.89708893757779,203521.15614729573
20060106,20060109,600663.SH,buy,102700.0,1.9800943567919644,203355.69044253475,61.00670713276042,0.0,101.62703170540044,104.458997628215
20060113,20060116,000721.SZ,sell,166100.0,1.2915330149253732,214523.63377910448,64.35709013373133,107.26181688955224,107.31547462684102,214456.4738697094
20060113,20060116,600138.SH,sell,95500.0,2.299880412371134,219638.5793814433,65.89157381443299,109.81928969072165,109.87422680409509,433919.34238764754
20060113,20060116,600551.SH,sell,197200.0,0.9991353971924567,197029.50032635246,59.10885009790573,98.51475016317623,98.56403217927436,630791.219113739
20060113,20060116,600663.SH,sell,102700.0,2.0689139848656932,212477.4662457067,63.743239873712,106.23873312285335,106.29187906239531,843098.7033864491
20060113,20060116,000998.SZ,buy,211000.0,1.025061506775068,216287.97792953934,64.8863933788618,0.0,108.0899439927889,626745.8390635309
20060113,20060116,600185.SH,buy,344300.0,0.6028437137185103,207559.0906332831,62.267727189984925,0.0,103.72768147589522,419124.48070305784
20060113,20060116,600230.SH,buy,87200.0,2.438877727754237,212670.13786016946,63.80104135805083,0.0,106.28192796604708,206390.54180153031
20060113,20060116,600602.SH,buy,72000.0,2.8656459802419243,206326.51057741855,61.89795317322556,0.0,103.11169943897403,2.1332709385314956
20060120,20060123,000998.SZ,sell,211000.0,1.0316790243902443,217684.27414634154,65.30528224390245,108.84213707317078,108.89658536581555,217512.259997963
20060120,20060123,600185.SH,sell,344300.0,0.5886567839539978,202674.53071536144,60.80235921460843,101.33726535768072,101.38795933735673,420024.6510887522
20060120,20060123,600230.SH,sell,87200.0,2.697820612641243,235249.9574223164,70.57498722669492,117.6249787111582,117.68382062148885,655086.4085451307
20060120,20060123,600602.SH,sell,72000.0,2.648258068113607,190674.5809041797,57.2023742712539,95.33729045208985,95.38498294356395,845608.4497845871
20060120,20060123,000598.SZ,buy,495400.0,0.43682943925233647,216405.30420560748,64.92159126168224,0.0,108.148577813874,629138.223987718
20060120,20060123,000680.SZ,buy,187300.0,1.0514340359231118,196933.59492839884,59.080078478519646,0.0,98.41758866986493,432145.5489808406
20060120,20060123,600186.SH,buy,180800.0,1.1122965975027541,201103.22482849794,60.33096744854938,0.0,100.50136173336068,230981.99318489412
20060120,20060123,600236.SH,buy,161100.0,1.3433103166796618,216407.2920170935,64.92218760512804,0.0,108.14957122292253,14509.778980195493
20060120,20060123,600803.SH,buy,9700.0,1.4904132885744474,14457.00889917214,5.0,0.0,7.22489200358541,47.77008102335276
20060125,20060206,000680.SZ,sell,187300.0,1.0793592136129686,202163.98070970902,60.649194212912704,101.08199035485451,101.13255663315067,202050.0196061646
20060125,20060206,600186.SH,sell,180800.0,1.1406853396988614,206235.90941755415,61.87077282526624,103.11795470877708,103.16953947852016,408120.94029618474
20060125,20060206,600236.SH,sell,161100.0,1.3129664115636062,211518.88890289696,63.45566667086908,105.75944445144849,105.81235062674386,619470.6140879594
20060125,20060206,600803.SH,sell,9700.0,1.4130177100747618,13706.27178772519,5.0,6.8531358938625955,6.8565641759487335,633165.0327397907
20060125,20060206,000598.SZ,sell,112300.0,0.5046236286062578,56669.233492482745,17.000770047744822,28.334616746241373,28.3487911418124,689788.9308454795
20060125,20060206,000576.SZ,buy,133300.0,1.8864406050500238,251462.53265316816,75.43875979595045,0.0,125.6684321105131,438250.9594325154
20060125,20060206,000655.SZ,buy,107700.0,2.0040449718318976,215835.64346629535,64.7506930398886,0.0,107.86388978824834,222350.56527318014
20060125,20060206,600132.SH,buy,53000.0,4.188952964883779,222014.50713884027,66.60435214165207,0.0,110.95177768057329,269.45378219822305
20060125,20060206,600488.SH,buy,100.0,1.6093100398687927,160.93100398687926,5.0,0.0,0.08042528934873872,103.52277821134379
20060210,20060213,000598.SZ,sell,383100.0,0.5842262291751322,223817.06839699316,67.14512051909794,111.90853419849658,111.96451645670459,223741.5375204869
20060210,20060213,000655.SZ,sell,107700.0,2.2689808521660297,244369.23777828141,73.31077133348442,122.18461888914071,122.24574176000897,467915.27990854566
20060210,20060213,600132.SH,sell,53000.0,4.565199387653087,241955.56754561362,72.58667026368408,120.97778377280682,121.03830292422208,709677.2830001228
20060210,20060213,600488.SH,sell,100.0,1.6824028174835988,168.24028174835988,5.0,0.08412014087417995,0.08416222198516721,709840.4391617302
20060210,20060213,000820.SZ,buy,120300.0,2.0383069558441558,245208.32678805193,73.56249803641558,0.0,122.54289194801822,464558.5498756419
20060210,20060213,000886.SZ,buy,140000.0,1.6791860406331955,235086.04568864737,70.5258137065942,0.0,117.48428070396767,229401.97837328792
20060210,20060213,600121.SH,buy,80400.0,2.8522037959967648,229317.1851981399,68.79515555944197,0.0,114.60129195309128,15.99801958858734
20060217,20060220,000820.SZ,sell,120300.0,1.8488828883116886,222420.61146389614,66.72618343916884,111.21030573194807,111.26593870128272,222258.67299431362
20060217,20060220,000886.SZ,sell,140000.0,1.580728403741035,221301.9765237449,66.39059295712346,110.65098826187246,110.70634143255302,443383.6079368395
20060217,20060220,600121.SH,sell,80400.0,2.7088369783663575,217790.49306065514,65.33714791819654,108.89524653032757,108.94972139102174,660999.868603046
20060217,20060220,600581.SH,sell,229500.0,0.9059620862928821,207918.29880421644,62.37548964126493,103.95914940210822,104.01115497958381,868751.832768219
20060217,20060220,000019.SZ,buy,145600.0,1.6443574475963216,239418.44437002443,71.82553331100732,0.0,119.64939748623874,629261.5628648836
20060217,20060220,600259.SH,buy,98400.0,2.468017407231208,242852.91287155086,72.85587386146526,0.0,121.36577354898327,386335.7941194712
20060217,20060220,600537.SH,buy,133100.0,1.384940151071026,184335.53410755357,55.30066023226607,0.0,92.12170620067627,201944.9593516854
20060224,20060227,000019.SZ,sell,145600.0,1.6220322619463932,236167.89733939484,70.85036920181845,118.08394866969742,118.14302017976297,437923.9223732087
20060224,20060227,600259.SH,sell,98400.0,2.151407107516651,211698.45937963846,63.509537813891534,105.84922968981923,105.90218078019097,649453.0229853434
20060224,20060227,600537.SH,sell,133100.0,1.3746584374295379,182967.0380218715,54.890111406561445,91.48351901093575,91.52928365275147,832273.6873767973
20060224,20060227,000301.SZ,buy,143600.0,1.401280365699874,201223.8605145019,60.36715815435056,0.0,100.56164943252224,630989.4597041411
20060224,20060227,000830.SZ,buy,134100.0,1.4334850672916122,192230.3475238052,57.669104257141555,0.0,96.06714019179344,438701.4430760788
20060224,20060227,000951.SZ,buy,119300.0,1.9779262313860249,235966.59940435278,70.78997982130582,0.0,117.92433753338992,202664.0536919047
20060224,20060227,600449.SH,buy,140600.0,1.4409470207253887,202597.15111398965,60.77914533419689,0.0,101.24795158120105,6.123432580847293
20060303,20060306,000301.SZ,sell,143600.0,1.3257428499369484,190376.67325094578,57.11300197528373,95.18833662547289,95.23595460277284,190230.49534492588
20060303,20060306,000830.SZ,sell,134100.0,1.3746493583690742,184340.47895729286,55.30214368718785,92.17023947864644,92.21634765245835,374423.5019190529
20060303,20060306,000951.SZ,sell,119300.0,1.9295425735013363,230194.42901870943,69.05832870561282,115.09721450935471,115.15479190528276,604433.7753945474
20060303,20060306,600449.SH,sell,140600.0,1.4559448811863502,204705.85029480085,61.41175508844025,102.35292514740043,102.40412721098983,808975.8610091124
20060303,20060306,000534.SZ,buy,123600.0,2.035057785249002,251533.14225677663,75.45994267703298,0.0,125.70371926872758,557367.2588096588
20060303,20060306,000709.SZ,buy,180800.0,1.2105900141075658,218874.6745506479,65.66240236519437,0.0,109.38264595234068,338426.9218566457
20060303,20060306,000791.SZ,buy,216400.0,0.9398532366344879,203384.24040770318,61.01527212231095,0.0,101.64129955405951,134981.66617682023
20060303,20060306,600148.SH,buy,53100.0,2.540850434357883,134919.15806440357,40.47574741932107,0.0,67.42586609913269,22.032364997343393
20060310,20060313,000534.SZ,sell,123600.0,1.8353686582148445,226851.56615535478,68.05546984660643,113.4257830776774,113.48252433983725,226692.11726742782
20060310,20060313,000709.SZ,sell,180800.0,1.1847824691723563,214208.67042636202,64.2626011279086,107.10433521318102,107.15791417023866,440729.42075744877
20060310,20060313,000791.SZ,sell,216400.0,0.8287126966237076,179333.42754937033,53.8000282648111,89.66671377468516,89.71156955944025,619919.3815647796
20060310,20060313,600148.SH,sell,53100.0,2.3408866762027696,124301.08250636706,37.29032475191011,62.15054125318353,62.181632069230545,744121.0232051415
20060310,20060313,000020.SZ,buy,86000.0,2.7396396832191776,235609.01275684926,70.68270382705477,0.0,117.7456335616007,508441.3277444652
20060310,20060313,000419.SZ,buy,373400.0,0.8940838118327081,333850.8953383332,100.15526860149996,0.0,166.84202665579505,174490.2771375305
20060310,20060313,000544.SZ,buy,118400.0,1.4727313188419922,174371.38815089187,52.311416445267554,0.0,87.14212301390944,66.57757019335986
20060317,20060320,000020.SZ,sell,86000.0,2.6847699571917802,230890.2163184931,69.26706489554792,115.44510815924654,115.5028595890326,230772.08171563168
20060317,20060320,000419.SZ,sell,373400.0,0.8592209735591277,320833.1115269783,96.2499334580935,160.41655576348916,160.49680416553747,551348.5267533883
20060317,20060320,000544.SZ,sell,118400.0,1.582571706550346,187376.49005556095,56.21294701666828,93.68824502778048,93.73511258407962,738575.1156169048
20060317,20060320,000576.SZ,sell,133300.0,1.8756965880578056,250030.3551881055,75.00910655643165,125.01517759405274,125.0777164522442,988405.4465208598
20060317,20060320,000070.SZ,buy,137400.0,1.3836794388633755,190117.5548998278,57.03526646994834,0.0,95.01127181400079,798230.8563545621
20060317,20060320,600685.SH,buy,73200.0,2.5970211320754713,190101.9468679245,57.03058406037734,0.0,95.00347169811721,608071.8789025772
20060317,20060320,600817.SH,buy,41800.0,5.421166240854721,226604.74886772735,67.9814246603182,0.0,113.24575155807543,381399.14861018956
20060317,20060320,600826.SH,buy,160700.0,1.1833272374583645,190160.6870595592,57.04820611786775,0.0,95.03282711622887,191181.4133445125
20060317,20060320,600844.SH,buy,171200.0,1.116231953857246,191098.91050036054,57.32967315010816,0.0,95.50170439798967,25.173171001835726
20060324,20060327,000070.SZ,sell,137400.0,1.370135485074627,188256.61564925374,56.47698469477612,94.12830782462687,94.17539552238304,188131.18352773617
20060324,20060327,600817.SH,sell,41800.0,5.31998799984516,222375.49839352767,66.7126495180583,111.18774919676383,111.24337088220636,410328.781522549
20060324,20060327,600826.SH,sell,160700.0,1.1973489324774436,192413.9734491252,57.72419203473755,96.2069867245626,96.25511428169557,602588.8237929149
20060324,20060327,600844.SH,sell,171200.0,1.36890136409517,234355.9135330931,70.30677405992792,117.17795676654654,117.236575054063,836757.2525951815
20060324,20060327,000605.SZ,buy,73800.0,2.7854318374118625,205564.86960099544,61.66946088029863,0.0,102.73106926586479,631130.7135333057
20060324,20060327,000652.SZ,buy,124600.0,1.6807801131063431,209425.20209305035,62.8275606279151,0.0,104.66027091105934,421642.6838796274
20060324,20060327,000695.SZ,buy,66600.0,3.303446976470588,220009.56863294117,66.00287058988235,0.0,109.94980941177346,201567.11237609634
20060324,20060327,000897.SZ,buy,98800.0,1.904269493900562,188141.82599737553,56.442547799212655,0.0,94.02390104814549,13368.8438309216
20060324,20060327,600478.SH,buy,26100.0,0.5106433987654683,13327.792707778723,5.0,0.0,6.660566070853747,36.05112314287726
20060331,20060403,000605.SZ,sell,73800.0,2.421086652841145,178676.1949796765,53.60285849390295,89.33809748983826,89.38278888424975,178569.30514683566
20060331,20060403,000652.SZ,sell,124600.0,1.6474190376243782,205268.41208799754,61.580523626399255,102.63420604399877,102.68554881837917,383673.5025051628
20060331,20060403,000695.SZ,sell,66600.0,3.3392001529411766,222390.73018588236,66.7172190557647,111.19536509294119,111.25099058821797,605886.3201068965
20060331,20060403,000897.SZ,sell,98800.0,1.9159061488489644,189291.5275062777,56.7874582518833,94.64576375313885,94.69311030826066,795026.4143911691
20060331,20060403,600478.SH,sell,26100.0,0.47632901588508914,12432.187314600826,5.0,6.216093657300413,6.219203258930065,807447.3856121126
20060331,20060403,000952.SZ,buy,129000.0,1.565396793224299,201936.18632593457,60.58085589778037,0.0,100.9176343457948,605450.6184302802
20060331,20060403,600089.SH,buy,278800.0,0.6706497005265697,186977.13650680764,56.09314095204229,0.0,93.44184732975555,418417.38878252055
20060331,20060403,600219.SH,buy,178900.0,1.2539018895909,224323.04804781202,67.2969144143436,0.0,112.10547128826147,194027.04382029417
20060331,20060403,600547.SH,buy,176800.0,1.0964989504178273,193861.01443387187,58.158304330161556,0.0,96.88206618383992,107.87108209214057
20060407,20060410,000952.SZ,sell,129000.0,1.5638321787383176,201734.35105724298,60.52030531717289,100.86717552862149,100.9176343457948,201680.8346584893
20060407,20060410,600219.SH,sell,178900.0,1.375163149473881,246016.68744087731,73.80500623226318,123.00834372043866,123.06987865973497,447500.70874941396
20060407,20060410,600547.SH,sell,176800.0,1.1594957281337048,204998.844734039,61.4996534202117,102.4994223670195,102.55069771586568,652335.5544076657
20060407,20060410,600685.SH,sell,73200.0,3.479517232704402,254700.66143396223,76.41019843018866,127.35033071698112,127.4140377358417,906832.4553124808
20060407,20060410,600151.SH,buy,60400.0,3.7138039714824904,224313.7598775424,67.29412796326272,0.0,112.10082952398807,682451.4013069752
20060407,20060410,600222.SH,buy,99300.0,2.2259559063334136,221037.42149890796,66.31122644967239,0.0,110.4634790099226,461347.66858161753
20060407,20060410,600337.SH,buy,213500.0,1.0267310618270904,219207.0817000838,65.76212451002513,0.0,109.54876646678895,242074.8247570237
20060407,20060410,600502.SH,buy,651800.0,0.3589148086522463,233940.67227953413,70.18220168386023,0.0,116.91188019968104,8063.97027580571
20060414,20060417,600151.SH,sell,60400.0,3.593107139861606,217023.671247641,65.1071013742923,108.5118356238205,108.56611868317123,224914.02258644858
20060414,20060417,600337.SH,sell,213500.0,1.0659285632418574,227575.74825213655,68.27272447564096,113.78787412606827,113.84479652429582,452307.7102399834
20060414,20060417,000563.SZ,buy,258000.0,0.7957474719680813,205302.84776776496,61.590854330329485,0.0,102.60012382196146,246943.2716178881
20060414,20060417,000802.SZ,buy,150400.0,1.6144787109374998,242817.598125,72.8452794375,0.0,121.34812500001863,4052.8282134506153
20060414,20060417,002015.SZ,buy,1800.0,2.196138440969127,3953.0491937444285,5.0,0.0,1.9755368284577344,94.77901970618677
20060421,20060424,000563.SZ,sell,258000.0,0.7755630460204993,200095.26587328882,60.02857976198664,100.04763293664442,100.09768177752267,200029.96868029638
20060421,20060424,002015.SZ,sell,1800.0,2.490019256948383,4482.03466250709,5.0,2.241017331253545,2.2421384004537686,204504.76232547223
20060421,20060424,000599.SZ,buy,78100.0,2.6162483108935133,204328.99308078337,61.29869792423501,0.0,102.11343982047401,114.47054676461266
20060428,20060508,000599.SZ,sell,78100.0,2.27230065381477,177466.68106293352,53.240004318880054,88.73334053146677,88.77772939615534,177439.17826484778
20060428,20060508,600089.SH,sell,278800.0,1.0459019872238657,291597.4740380138,87.47924221140413,145.7987370190069,145.87167285539908,468803.3743236312
20060428,20060508,600502.SH,sell,651800.0,0.44579404638103165,290568.55943115643,87.17056782934692,145.2842797155782,145.3569581946358,759139.4789072427
20060428,20060508,000680.SZ,buy,160500.0,1.6097817653443507,258369.9733377683,77.51099200133048,0.0,129.12042645562906,500691.99457747303
20060428,20060508,000810.SZ,buy,104900.0,2.2295718874435884,233882.0909928324,70.16462729784972,0.0,116.88260419428116,266739.7389573428
20060428,20060508,600156.SH,buy,159900.0,1.640259602021478,262277.5103632343,78.68325310897029,0.0,131.07321857230272,4383.545340999495
20060428,20060508,600861.SH,buy,900.0,4.745374782860452,4270.8373045744065,5.0,0.0,2.134351476548545,107.70803642508872
20060512,20060515,000810.SZ,sell,104900.0,2.2797515104857973,239145.93344996014,71.74378003498803,119.57296672498008,119.63278311653994,239062.32473962524
20060512,20060515,600217.SH,buy,140700.0,1.6978176491258892,238882.9432320126,71.66488296960377,0.0,119.38178072564187,107.71662464304245
20060519,20060522,000547.SZ,buy,100.0,0.9020439820275205,90.20439820275205,5.0,0.0,0.045079659271735295,12.512226440290405
20060526,20060529,600156.SH,sell,159900.0,2.233163760791746,357082.8853506002,107.12486560518005,178.5414426753001,178.63075805432163,356809.73126876
20060526,20060529,600217.SH,sell,140700.0,1.8686075287709742,262913.0792980761,78.87392378942282,131.45653964903806,131.52230079937726,619512.4801033976
20060526,20060529,600222.SH,sell,99300.0,2.85766775782577,283766.40835209895,85.12992250562968,141.88320417604947,141.95418126665754,903051.8753288148
20060526,20060529,000521.SZ,buy,146200.0,1.6935118860979517,247591.43774752054,74.27743132425616,0.0,123.73385194779257,655386.1601499701
20060526,20060529,600020.SH,buy,192900.0,1.8041184548801756,348014.44994638587,104.40433498391575,0.0,173.9202648407081,307267.3058686003
20060526,20060529,600382.SH,buy,303100.0,1.0131585012344275,307088.341724155,92.1265025172465,0.0,153.46743714349577,86.83764192805393
20060602,20060605,000521.SZ,sell,146200.0,1.7871329794485535,261278.84159537853,78.38365247861356,130.63942079768927,130.70477318426128,261156.65616403028
20060602,20060605,000680.SZ,sell,160500.0,2.163705253667589,347274.69321364805,104.18240796409441,173.63734660682402,173.72420871112263,608153.5296231074
20060602,20060605,000802.SZ,sell,150400.0,2.529587938701923,380450.02598076925,114.13500779423076,190.22501299038464,190.32017307693604,988299.195583092
20060602,20060605,000518.SZ,buy,148200.0,2.2509852620269784,333596.0158323982,100.07880474971945,0.0,166.71465059090406,654603.1009459442
20060602,20060605,000735.SZ,buy,153600.0,2.161807839765527,332053.6841879849,99.61610525639546,0.0,165.94387015886605,322449.8006527029
20060602,20060605,600742.SH,buy,416000.0,0.7747138027870502,322280.9419594129,96.68428258782386,0.0,161.0599410092109,72.17441070219502
20060609,20060612,000518.SZ,sell,148200.0,2.091416464127969,309947.919983765,92.9843759951295,154.9739599918825,155.0514857348171,309772.1360584802
20060609,20060612,000547.SZ,sell,100.0,0.9154832444070019,91.54832444070018,5.0,0.04577416222035009,0.0457970607507292,309858.6386087587
20060609,20060612,000735.SZ,sell,153600.0,1.9544317758276015,300200.7207671196,90.06021623013588,150.1003603835598,150.17544810759136,609819.1987992646
20060609,20060612,600742.SH,sell,416000.0,0.6648469436055034,276576.3285398894,82.97289856196682,138.2881642699447,138.35734294139547,886174.2662763221
20060609,20060612,600861.SH,sell,900.0,4.684859640995947,4216.373676896353,5.0,2.1081868384481766,2.1092414591776105,890383.53176638
20060609,20060612,600236.SH,buy,145600.0,1.6366891045402745,238301.93362106397,71.49058008631918,0.0,119.09142109996174,652010.1075652296
20060609,20060612,600376.SH,buy,262400.0,1.2260175225946148,321706.99792882695,96.51209937864807,0.0,160.77311240817653,330206.59753702406
20060609,20060612,600725.SH,buy,251200.0,1.313919533697632,330056.5868648451,99.01697605945353,0.0,164.94582052214537,50.993696119461674
20060616,20060619,600376.SH,sell,262400.0,1.1320734842779139,297056.0822745246,89.11682468235738,148.5280411372623,148.6023423083825,296869.43110482447
20060616,20060619,600725.SH,sell,251200.0,1.323170506375228,332380.4312014573,99.71412936043717,166.19021560072864,166.27335227682488,628983.9579613206
20060616,20060619,000655.SZ,buy,103700.0,2.972666708217315,308265.5376421356,92.47966129264067,0.0,154.05574095062912,320625.94065789244
20060616,20060619,000713.SZ,buy,195600.0,1.6381330822069575,320418.83087968087,96.12564926390425,0.0,160.1293507643859,110.98412894766079
20060623,20060626,000713.SZ,sell,195600.0,2.066238688233991,404156.2874185686,121.24688622557058,202.07814370928432,202.17923332593637,403943.9465175814
20060623,20060626,600020.SH,sell,192900.0,1.8886940927588658,364329.0904931852,109.29872714795556,182.1645452465926,182.25567308312748,767981.5737383721
20060623,20060626,000301.SZ,buy,193400.0,1.820354867591425,352056.63139218156,105.61698941765445,0.0,175.94034552329686,415819.32535677287
20060623,20060626,600057.SH,buy,205100.0,1.7345716753850404,355760.6506214718,106.72819518644154,0.0,177.79142959596356,59951.946540114644
20060623,20060626,600536.SH,buy,17800.0,3.3579031821727017,59770.67664267409,17.931202992802223,0.0,29.870403119770344,163.33869444775337
20060630,20060703,000301.SZ,sell,193400.0,1.7618424716267342,340740.33401261043,102.22210020378311,170.37016700630522,170.45539470360382,340631.08043984807
20060630,20060703,600057.SH,sell,205100.0,1.7067802567190282,350060.6306530727,105.01818919592179,175.03031532653634,175.11787426366936,690411.6625883983
20060630,20060703,600382.SH,sell,303100.0,1.2972879763897955,393207.98564374703,117.9623956931241,196.60399282187353,196.70234399387846,1083305.0818436304
20060630,20060703,600536.SH,sell,17800.0,3.468969939832869,61747.664929025064,18.52429947870752,30.87383246451253,30.889277103058703,1145003.3486407122
20060630,20060703,000726.SZ,buy,157300.0,2.2179903639176644,348889.8842442486,104.66696527327457,0.0,174.3577632404631,796008.7974311903
20060630,20060703,600335.SH,buy,243800.0,1.3351139293356296,325500.77597202646,97.65023279160793,0.0,162.66905345924897,470410.3712263722
20060630,20060703,600710.SH,buy,156200.0,2.133224462618076,333209.6610609435,99.96289831828304,0.0,166.52156974555692,137100.7472671104
20060630,20060703,600815.SH,buy,49800.0,2.7501567949725056,136957.80838963078,41.08734251688923,0.0,68.44468185389997,101.85153496271232
20060707,20060710,000726.SZ,sell,157300.0,2.241016471030091,352511.8908930333,105.75356726790999,176.25594544651665,176.34411750530126,352331.7329152816
20060707,20060710,600236.SH,sell,145600.0,1.7616042127991367,256489.5733835543,76.94687201506628,128.24478669177714,128.30894116236595,608616.114640129
20060707,20060710,600335.SH,sell,243800.0,1.3161135292173338,320868.478423186,96.26054352695579,160.434239211593,160.51449645980028,929227.8982805765
20060707,20060710,600710.SH,sell,156200.0,2.3907426309574924,373433.9989555603,112.03019968666808,186.71699947778018,186.81040468008723,1302363.1500369725
20060707,20060710,600815.SH,sell,49800.0,3.1417119402985074,156457.25462686567,46.9371763880597,78.22862731343284,78.26776119400165,1458695.2388601366
20060707,20060710,000778.SZ,buy,255200.0,1.4117537256866404,360279.5507952306,108.08386523856917,0.0,180.04975052236114,1098307.6041996675
20060707,20060710,600039.SH,buy,703400.0,0.5022585041487879,353288.63181825745,105.98658954547723,0.0,176.55603789020097,744912.9857918646
20060707,20060710,600776.SH,buy,132100.0,2.727299573661772,360276.27368072007,108.08288210421601,0.0,180.04811278393026,384528.6292290403
20060707,20060710,600803.SH,buy,111300.0,3.099909507028125,345019.9281322303,103.50597843966908,0.0,172.42375218996312,39405.19511837035
20060707,20060710,600883.SH,buy,6300.0,6.159895340286408,38807.34064380437,11.642202193141308,0.0,19.393973335238115,586.2122723728389
20060714,20060717,000778.SZ,sell,255200.0,1.5009925057837952,383053.28747602453,114.91598624280735,191.52664373801227,191.62245496542891,383333.05711841653
20060714,20060717,600039.SH,sell,703400.0,0.4665749058984189,328188.78880894784,98.45663664268434,164.09439440447392,164.17648264579475,711259.2948963172
20060714,20060717,600803.SH,sell,111300.0,2.6814741223201506,298448.06981423276,89.53442094426983,149.2240349071164,149.2986842492246,1009468.6062546985
20060714,20060717,600883.SH,sell,6300.0,5.367376691246868,33814.473154855266,10.14434194645658,16.907236577427632,16.915694424642425,1043256.0278310298
20060714,20060717,000708.SZ,buy,128400.0,2.2560949881834294,289682.59648275236,86.9047789448257,0.0,144.7689137844718,753486.5265693327
20060714,20060717,600193.SH,buy,194200.0,1.5484525974025973,300709.4944155844,90.21284832467532,0.0,150.27960740413982,452686.8193054236
20060714,20060717,600303.SH,buy,140100.0,2.8870619436875566,404477.37831062666,121.34321349318799,0.0,202.13762034510728,48088.097781303746
20060714,20060717,600379.SH,buy,21000.0,2.2845195542117844,47974.91063844747,14.39247319153424,0.0,23.975467585427396,98.79466966474138
20060721,20060724,000708.SZ,sell,128400.0,1.9378162273326365,248815.60358951052,74.64468107685315,124.40780179475526,124.47003681317437,248715.34577630367
20060721,20060724,600193.SH,sell,194200.0,1.449737524257352,281539.02721077774,84.46170816323331,140.76951360538888,140.8399335721624,530029.1417653128
20060721,20060724,600303.SH,sell,140100.0,3.0330876021798368,424935.5730653951,127.48067191961853,212.46778653269757,212.57407356944168,954624.7663722555
20060721,20060724,600379.SH,sell,21000.0,2.686456690338912,56415.590497117155,16.924677149135146,28.20779524855858,28.22190620165202,1010995.224396975
20060721,20060724,600063.SH,buy,513200.0,0.7453878939410016,382533.067170522,114.75992015115659,0.0,191.17094811116112,628347.3973063019
20060721,20060724,600159.SH,buy,164000.0,1.9319593572524945,316841.3345894091,95.05240037682273,0.0,158.3414965464617,311411.0103165159
20060721,20060724,600838.SH,buy,96900.0,3.21022527370236,311070.8290217587,93.3212487065276,0.0,155.45768566802144,246.86004605068592
20060728,20060731,600159.SH,sell,164000.0,2.0335030775134304,333494.5047122026,100.04835141366077,166.74725235610128,166.8306676899665,333474.5691544835
20060728,20060731,600776.SH,sell,132100.0,2.356788598026899,311331.77379935334,93.399532139806,155.66588689967668,155.74375877907733,644557.2775347973
20060728,20060731,600838.SH,sell,96900.0,3.3503470059341853,324648.62487502256,97.39458746250676,162.32431243751128,162.40551519510336,968946.1835099198
20060728,20060731,600853.SH,buy,266700.0,1.2942155338029455,345167.2828652456,103.55018485957368,0.0,172.49739273625892,623675.3504598147
20060804,20060807,600063.SH,sell,513200.0,0.5981846820617572,306988.3788340938,92.09651365022813,153.4941894170469,153.57097490446176,930418.1385908412
20060804,20060807,600853.SH,sell,266700.0,1.2485932119659684,332999.8096313238,99.89994288939712,166.4999048156619,166.58319641381968,1263151.5483744598
20060804,20060807,600141.SH,buy,221900.0,2.5715796082500972,570633.5150706966,171.19005452120896,0.0,285.174170450191,692346.843249242
20060804,20060807,600439.SH,buy,82600.0,1.9185758640183919,158474.36636791917,47.54230991037575,0.0,79.1975843917462,533824.9345714125
20060804,20060807,600658.SH,buy,225400.0,1.8281385138097326,412062.42101271375,123.61872630381411,0.0,205.92824638314778,121638.89483239496
20060804,20060807,600688.SH,buy,63100.0,1.9267429374251719,121577.47935152835,36.4732438054585,0.0,60.75836049551435,24.942237061142805
20060811,20060814,600141.SH,sell,221900.0,2.6175516409391624,580834.7091244002,174.25041273732003,290.4173545622001,290.56263588008005,580394.9835941617
20060811,20060814,600439.SH,sell,82600.0,1.9737108255128832,163028.51418736417,48.90855425620925,81.51425709368209,81.55503461096669,743293.074970176
20060811,20060814,600658.SH,sell,225400.0,2.014476694432267,454063.046925033,136.21891407750988,227.0315234625165,227.1450960104703,1196992.871457669
20060811,20060814,600688.SH,sell,63100.0,2.027817406601999,127955.27835658613,38.38658350697584,63.97763917829307,64.00964400029625,1324845.7855915697
20060811,20060814,000551.SZ,buy,80700.0,2.1774637677910427,175721.32606073713,52.71639781822113,0.0,87.81675465300214,1149071.7431330143
20060811,20060814,000571.SZ,buy,192300.0,2.627883625377643,505342.0211601208,151.60260634803623,0.0,252.54473821091233,643578.1193665455
20060811,20060814,600249.SH,buy,66700.0,2.96174192503574,197548.18639988385,59.26445591996515,0.0,98.72473083451041,445970.66851074167
20060811,20060814,600278.SH,buy,128000.0,2.746198819907645,351513.44894817856,105.45403468445356,0.0,175.66889002901735,94351.76552787866
20060818,20060821,000551.SZ,sell,80700.0,2.150624269850373,173555.37857692508,52.06661357307752,86.77768928846254,86.82109983838745,267768.2998019422
20060818,20060821,000571.SZ,sell,192300.0,2.625257055037436,504836.9316836989,151.45107950510965,252.41846584184947,252.54473821097054,772201.3619402942
20060818,20060821,600249.SH,sell,66700.0,2.7098465968995713,180746.7680132014,54.22403040396041,90.3733840066007,90.41859330327134,952803.532539085
20060818,20060821,600278.SH,sell,128000.0,2.5065193304258595,320834.47429451003,96.250342288353,160.417237147255,160.49748589016963,1273381.3392541595
20060818,20060821,000506.SZ,buy,332300.0,1.2166421396239553,404290.18299704033,121.28705489911209,0.0,202.04406946373638,868969.8692022201
20060818,20060821,600050.SH,buy,159200.0,1.7371414218215386,276552.91435398895,82.96587430619668,0.0,138.20735350024188,592333.9889739249
20060818,20060821,600208.SH,buy,185400.0,1.2627886130136987,234121.00885273973,70.23630265582192,0.0,117.00200342465541,358142.7438185293
20060818,20060821,600446.SH,buy,255100.0,1.4031490798096775,357943.33025944873,107.38299907783461,0.0,178.882224017696,92.03056000272045
20060818,20060821,600759.SH,buy,100.0,0.8340674412094063,83.40674412094063,5.0,0.0,0.04168253079507167,3.6238158817798194
20060825,20060828,600050.SH,sell,159200.0,1.7731313474175854,282282.5105088796,84.68475315266387,141.1412552544398,141.2118611849728,282060.3083163543
20060825,20060828,600208.SH,sell,185400.0,1.3585669520547947,251878.31291095895,75.56349387328768,125.93915645547948,126.00215753421071,533737.1185769845
20060825,20060828,600446.SH,sell,255100.0,1.4155769817757429,361113.68805099203,108.3341064152976,180.55684402549602,180.64716760924784,894561.9156775358
20060825,20060828,600759.SH,sell,100.0,0.8998924938409854,89.98924938409854,5.0,0.04499462469204927,0.04501713325866774,894646.8599322952
20060825,20060828,000612.SZ,buy,128800.0,2.6848871663637235,345813.4670276476,103.74404010829427,0.0,172.82032335211989,548729.6488645393
20060825,20060828,600725.SH,buy,189600.0,1.4672542076502733,278191.39777049184,83.45741933114755,0.0,139.02618579240516,270454.7936747164
20060825,20060828,600802.SH,buy,143400.0,1.8844027152317877,270223.3493642384,81.06700480927151,0.0,135.044152605813,150.3773056687205
20060825,20060828,600845.SH,buy,100.0,1.1371268583998697,113.71268583998697,5.0,0.0,0.056827928955513585,31.664619828733535
20060901,20060904,000506.SZ,sell,332300.0,1.300933469707521,432300.1919838092,129.69005759514275,216.1500959919046,216.2582251044223,431986.0164500509
20060901,20060904,600725.SH,sell,189600.0,1.4208896854887676,269400.68436867034,80.8202053106011,134.70034218433517,134.76772604737198,701171.1802712263
20060901,20060904,600802.SH,sell,143400.0,1.8980772646127269,272184.279745465,81.6552839236395,136.0921398727325,136.1602199827321,973137.7125928949
20060901,20060904,600845.SH,sell,100.0,1.077759693661398,107.7759693661398,5.0,0.053887984683069906,0.053914942154136725,973240.4346742764
20060901,20060904,000055.SZ,buy,212100.0,1.6231112876043623,344261.90410088527,103.27857123026557,0.0,172.04492958565243,628875.2520021609
20060901,20060904,000559.SZ,buy,277300.0,1.0718158624978187,297214.5386706451,89.16436160119352,0.0,148.533002833894,331571.5489699146
20060901,20060904,600010.SH,buy,424700.0,0.7803852357142855,331429.60960785707,99.42888288235712,0.0,165.63198880950222,42.51047917519463
20060908,20060911,000055.SZ,sell,212100.0,1.5780562467311083,334705.7299316681,100.41171897950042,167.35286496583404,167.4365832574549,334480.47582689795
20060908,20060911,000559.SZ,sell,277300.0,1.02847834876456,285197.04611241247,85.55911383372373,142.59852305620623,142.66985798522364,619449.3643024205
20060908,20060911,600010.SH,sell,424700.0,0.7528376785714285,319730.1620892857,95.9190486267857,159.86508104464284,159.9450535714277,938923.7422620347
20060908,20060911,002056.SZ,buy,181300.0,1.7698709443975396,320877.6022192739,96.26328066578216,0.0,160.35862179868855,617949.8767620949
20060908,20060911,600108.SH,buy,154500.0,2.134102168321783,329718.7850057155,98.91563550171465,0.0,164.77700400084723,288132.1761208777
20060908,20060911,600246.SH,buy,119600.0,2.407557987643424,287943.9353221535,86.38318059664604,0.0,143.90001765219495,101.85761812754208
20060915,20060918,002056.SZ,sell,181300.0,1.7188763920717245,311632.2898826036,93.48968696478109,155.81614494130181,155.8940919872839,311484.8416688251
20060915,20060918,600108.SH,sell,154500.0,2.1024949050306705,324835.4628272386,97.45063884817158,162.4177314136193,162.49898090399802,636060.4361258019
20060915,20060918,600246.SH,sell,119600.0,2.2161103586616386,265046.798895932,79.51403966877959,132.523399447966,132.58969429513672,900895.1975826172
20060915,20060918,000504.SZ,buy,69200.0,4.356851611982882,301494.1315492154,90.44823946476461,0.0,150.67172990960535,599310.617793937
20060915,20060918,002015.SZ,buy,97600.0,3.097588859897901,302324.6727260351,90.69740181781053,0.0,151.08679296652554,296895.24766608403
20060915,20060918,600026.SH,buy,50000.0,5.927568831203127,296378.44156015635,88.9135324680469,0.0,148.1151631984976,427.892573459656
20060915,20060918,600854.SH,buy,100.0,3.1844147102319313,318.4414710231931,5.0,0.0,0.15914116492911035,104.45110243646286
20060922,20060925,000504.SZ,sell,69200.0,4.752372981455065,328864.2103166905,98.65926309500715,164.43210515834525,164.51436233945424,328705.5700508736
20060922,20060925,000612.SZ,sell,128800.0,2.7165210944226543,349887.91696163785,104.96637508849135,174.94395848081894,175.0314742179471,678313.5766789422
20060922,20060925,000655.SZ,sell,103700.0,3.498012147089296,362743.85965316,108.82315789594799,181.37192982658,181.46266115712933,1040767.2412443797
20060922,20060925,002015.SZ,sell,97600.0,3.0002007941009645,292819.59750425414,87.84587925127623,146.40979875212707,146.48304027225822,1333352.5830706304
20060922,20060925,600026.SH,sell,50000.0,6.132862107848316,306643.10539241583,91.99293161772474,153.32155269620793,153.39825182210188,1639750.3739787324
20060922,20060925,600854.SH,sell,100.0,3.103218025945883,310.3218025945883,5.0,0.15516090129729415,0.15523852055753196,1640055.5406204257
20060922,20060925,000926.SZ,buy,111000.0,2.8266449609902624,313757.59066991915,94.12727720097574,0.0,156.80039513739757,1326203.8226733056
20060922,20060925,600667.SH,buy,314400.0,1.0452551316808676,328628.2134004648,98.58846402013943,0.0,164.231990704895,997477.0208088207
20060922,20060925,600713.SH,buy,184100.0,1.851449323425382,340851.8204426128,102.25554613278383,0.0,170.34073985135183,656522.9448200751
20060929,20061009,000926.SZ,sell,111000.0,3.054335624861399,339031.2543596153,101.70937630788458,169.51562717980767,169.60042739345226,995282.9741762027
20060929,20061009,600667.SH,sell,314400.0,1.3108856700232379,412142.454655306,123.64273639659179,206.07122732765302,206.17431448487332,1407095.7148677844
20060929,20061009,600713.SH,sell,184100.0,1.8164518674757442,334408.7888022845,100.32263664068535,167.20439440114225,167.2880384203163,1741236.976639027
20060929,20061009,000420.SZ,buy,257300.0,1.3606800000000001,350102.96400000004,105.0308892,0.0,174.96400000003632,1391028.981749827
20060929,20061009,600376.SH,buy,149500.0,2.148965114855959,321270.28467096586,96.38108540128975,0.0,160.55486490298063,1069662.31599346
20060929,20061009,600435.SH,buy,298000.0,1.150836151604566,342949.1731781607,102.8847519534482,0.0,171.38889214303344,726610.2580633457
20061013,20061016,000420.SZ,sell,257300.0,1.3393300000000001,344609.60900000005,103.38288270000001,172.30480450000002,172.39099999994505,1070944.1793761458
20061013,20061016,600376.SH,sell,149500.0,1.9058155855771044,284919.4300437771,85.47582901313312,142.45971502188854,142.53098051215056,1355635.6738758879
20061013,20061016,600435.SH,sell,298000.0,1.1864630470277275,353565.9880142628,106.06979640427883,176.7829940071314,176.87142972199945,1708918.8090997394
20061013,20061016,000776.SZ,buy,98800.0,3.710807430796921,366627.7741627358,109.98833224882073,0.0,183.22227594337892,1342181.0466047549
20061013,20061016,000807.SZ,buy,133000.0,2.339004597319978,311087.6114435571,93.32628343306712,0.0,155.46607268543448,1031000.1088777648
20061013,20061016,000922.SZ,buy,143700.0,2.3815428734439834,342227.7109139004,102.66831327417012,0.0,171.02834128629183,688669.7296505902
20061013,20061016,000948.SZ,buy,97300.0,3.7363919477250724,363550.93651364953,109.06528095409485,0.0,181.68462594383163,325009.72785598657
20061013,20061016,600173.SH,buy,240800.0,1.348982830867653,324835.06567293085,97.45051970187924,0.0,162.33636465412565,77.21166335383896
20061020,20061023,000807.SZ,sell,133000.0,2.7255220472387656,362494.4322827558,108.74832968482673,181.2472161413779,181.33788508392172,362281.6484002834
20061020,20061023,000922.SZ,sell,143700.0,2.48104101659751,356525.59408506216,106.95767822551863,178.26279704253108,178.35197302908637,718522.0220100775
20061020,20061023,000948.SZ,sell,97300.0,3.6245566118102612,352669.3583291384,105.80080749874152,176.33467916456922,176.42289060988696,1070909.2448525527
20061020,20061023,600173.SH,sell,240800.0,1.1974337704918034,288342.05193442624,86.50261558032787,144.17102596721313,144.24314754101215,1359020.6231454313
20061020,20061023,000678.SZ,buy,99800.0,3.471735,346479.153,103.94374589999998,0.0,173.15299999999115,1012437.5263995313
20061020,20061023,600222.SH,buy,98200.0,3.6569064037854884,359108.20885173493,107.73246265552046,0.0,179.46437223965768,653221.5850851408
20061020,20061023,600499.SH,buy,532100.0,0.6272917559981851,333781.9433666343,100.13458300999028,0.0,166.80756789934821,319339.5071354965
20061020,20061023,600867.SH,buy,292600.0,1.0909938311811502,319224.79500360455,95.76743850108136,0.0,159.53263118618634,18.944693390862085
20061027,20061030,000678.SZ,sell,99800.0,3.548225,354112.855,106.23385649999999,177.05642749999998,177.14500000001863,353848.50940939086
20061027,20061030,600222.SH,sell,98200.0,2.9404217981072556,288749.42057413247,86.62482617223974,144.37471028706625,144.4469337539631,642366.930447064
20061027,20061030,600499.SH,sell,532100.0,0.6091927114376963,324151.4417559982,97.24543252679945,162.0757208779991,162.15679927763995,966259.0510496574
20061027,20061030,600867.SH,sell,292600.0,1.09858787167845,321446.8112531145,96.43404337593434,160.72340562655725,160.80380753031932,1287448.7048537694
20061027,20061030,600019.SH,buy,166400.0,2.1072260701979793,350642.41808094375,105.19272542428311,0.0,175.2335922443308,936701.0940474013
20061027,20061030,600379.SH,buy,90800.0,3.473329102798481,315378.2825341021,94.61348476023062,0.0,157.6103360989946,621228.1980285391
20061027,20061030,600409.SH,buy,277900.0,1.0724303387217895,298028.3911307853,89.40851733923557,0.0,148.93972570251208,323110.3983804146
20061027,20061030,600491.SH,buy,122500.0,2.5465616512712637,311953.8022807298,93.58614068421893,0.0,155.8989516645088,11063.00995900057
20061027,20061030,600881.SH,buy,5400.0,2.0292727346627712,10958.072767178965,5.0,0.0,5.47629823447096,99.93719182160567
20061103,20061106,600019.SH,sell,166400.0,2.379700753372657,395982.2053612101,118.79466160836301,197.99110268060505,198.0901477544685,395765.3567887427
20061103,20061106,600379.SH,sell,90800.0,3.4483944733511467,313114.21818028414,93.93426545408524,156.55710909014206,156.635426803492,708629.0835944826
20061103,20061106,600409.SH,sell,277900.0,1.0892144184024346,302692.68687403656,90.80780606221096,151.34634343701828,151.42205446428852,1011079.6163190199
20061103,20061106,600491.SH,sell,122500.0,2.539711766050851,311114.69134122925,93.33440740236877,155.55734567061464,155.6351632521837,1321945.4159071762
20061103,20061106,600881.SH,sell,5400.0,2.1274280693509464,11488.111574495111,5.0,5.7440557872475555,5.746929251872643,1333422.783425884
20061103,20061106,000429.SZ,buy,152300.0,2.1732768878366744,330990.0700175255,99.29702100525765,0.0,165.41232884436613,1002333.4163873533
20061103,20061106,600733.SH,buy,178300.0,1.5257625,272043.45375,81.613036125,0.0,135.95374999998603,730208.3496012283
20061103,20061106,600839.SH,buy,217400.0,1.6683125888324875,362691.15681218274,108.80734704365481,0.0,181.25495093059726,367408.38544200186
20061103,20061106,600847.SH,buy,99600.0,3.5517749999999997,353756.79,106.12703699999999,0.0,176.78999999997905,13545.468405001855
20061103,20061106,600887.SH,buy,6200.0,2.17181315040628,13465.241532518936,5.0,0.0,6.729256138187338,75.22687248291913
20061110,20061113,000429.SZ,sell,152300.0,2.056836028778748,313256.1271830033,93.97683815490097,156.62806359150164,156.70641679986147,313080.74915373983
20061110,20061113,600733.SH,sell,178300.0,1.5092450000000002,269098.38350000005,80.72951505,134.54919175000003,134.61649999994552,581963.8539469398
20061110,20061113,600839.SH,sell,217400.0,1.599402944162437,347710.2000609138,104.31306001827413,173.8551000304569,173.94207106594695,929395.8858478048
20061110,20061113,600847.SH,sell,99600.0,3.548225,353403.21,106.020963,176.701605,176.78999999997905,1282516.3732798048
20061110,20061113,600016.SH,buy,158100.0,1.2385809497986169,195819.64816316133,58.74589444894839,0.0,97.86089363475912,1086637.9792221945
20061110,20061113,600036.SH,buy,52000.0,4.650693672568472,241836.07097356056,72.55082129206816,0.0,120.85760668345029,844729.3574273419
20061110,20061113,600433.SH,buy,311800.0,1.1818833420914345,368511.2260641093,110.55336781923278,0.0,184.1635312664439,476107.57799541333
20061110,20061113,600690.SH,buy,355600.0,1.0688198756707206,380072.3477885082,114.02170433655246,0.0,189.94120329257566,95921.20850256854
20061110,20061113,600727.SH,buy,26300.0,3.6372606928661617,95659.95622238006,28.697986866714015,0.0,47.80607507364766,232.55429332176573
20061117,20061120,600016.SH,sell,158100.0,1.3020655441162847,205856.56252478462,61.75696875743538,102.92828126239232,102.97977114794776,205924.43156808655
20061117,20061120,600036.SH,sell,52000.0,4.920688375183937,255875.79550956475,76.76273865286942,127.93789775478238,128.00189870412578,461595.52644124365
20061117,20061120,600433.SH,sell,311800.0,1.2389603742013997,386307.84467599646,115.89235340279893,193.15392233799824,193.2505476117367,847594.3248414993
20061117,20061120,600690.SH,sell,355600.0,1.101702355913685,391765.35776290635,117.52960732887189,195.8826788814532,195.98066921602003,1239046.2703181952
20061117,20061120,600727.SH,sell,26300.0,3.5134289948092037,92403.18256348206,27.720954769044614,46.20159128174103,46.224703633546596,1331375.5303356266
20061117,20061120,600887.SH,sell,6200.0,1.8033146332479357,11180.550726137202,5.0,5.590275363068601,5.59307189901665,1342545.4907864006
20061117,20061120,000089.SZ,buy,73600.0,4.963288330999986,365298.02116159897,109.58940634847968,0.0,182.55773171491455,977137.8802184532
20061117,20061120,000848.SZ,buy,285800.0,1.1389784415745943,325520.038602019,97.65601158060569,0.0,162.67867996101268,651520.1856048536
20061117,20061120,600059.SH,buy,106200.0,3.57311381968611,379464.6876506649,113.83940629519945,0.0,189.63752506277524,271941.65854789346
20061117,20061120,600839.SH,buy,148400.0,1.8317783756345178,271835.91094416246,81.55077328324873,0.0,135.85003045684425,24.196830447763205
20061124,20061127,000089.SZ,sell,73600.0,5.042652821084395,371139.2476318114,111.34177428954342,185.56962381590571,185.66245504346443,370866.53306415374
20061124,20061127,000848.SZ,sell,285800.0,1.1971374971497275,342141.89668539213,102.64256900561763,171.07094834269606,171.15652660594787,712734.7162321976
20061124,20061127,600059.SH,sell,106200.0,3.7878737313037263,402272.19026445574,120.68165707933672,201.13609513222787,201.2367134889355,1114685.0887444417
20061124,20061127,600839.SH,sell,148400.0,1.8251445008460239,270851.4439255499,81.25543317766497,135.42572196277496,135.49346869712463,1385319.8515148512
20061124,20061127,600153.SH,buy,371700.0,0.958701921894219,356349.5043680812,106.90485131042436,0.0,178.08570932940347,1028863.4422954596
20061124,20061127,600167.SH,buy,250200.0,1.3484616434821628,337385.10319923714,101.21553095977113,0.0,168.6082474758732,691377.1235652626
20061124,20061127,600638.SH,buy,89400.0,3.702007606519515,330959.4800228446,99.28784400685338,0.0,165.39704149065074,360318.3556984112
20061124,20061127,600648.SH,buy,68400.0,5.135197738563061,351247.5253177134,105.374257595314,0.0,175.53599466150627,8965.456123102456
20061201,20061204,600153.SH,sell,371700.0,1.044811308091342,388356.3632175518,116.50690896526552,194.1781816087759,194.2753192684031,397011.1342500802
20061201,20061204,600167.SH,sell,250200.0,1.3516572414179944,338184.6418027822,101.45539254083465,169.0923209013911,169.17690935602877,734925.2283394202
20061201,20061204,600638.SH,sell,89400.0,3.814735646460019,341037.3667935257,102.3112100380577,170.51868339676284,170.60398538940353,1075689.7652395112
20061201,20061204,600648.SH,sell,68400.0,5.183030381107733,354519.27806776896,106.35578342033068,177.2596390338845,177.34831319045043,1429925.427884826
20061201,20061204,000036.SZ,buy,141500.0,2.2800646962616824,322629.15452102805,96.78874635630841,0.0,161.2339602803695,1107199.4846174417
20061201,20061204,000520.SZ,buy,109100.0,3.4887836367614873,380626.2947706783,114.18788843120348,0.0,190.21803836611798,726459.0019583323
20061201,20061204,000978.SZ,buy,54600.0,6.806912767315672,371657.4370954357,111.4972311286307,0.0,185.7358506223536,354690.06763176795
20061201,20061204,600221.SH,buy,202400.0,1.7517165420560747,354547.42811214953,106.36422843364485,0.0,177.1851214952767,36.275291184778325
20061208,20061211,000036.SZ,sell,141500.0,2.142203284657321,303121.76477901096,90.93652943370329,151.56088238950548,151.63670073985122,302915.54265837255
20061208,20061211,000520.SZ,sell,109100.0,3.1250843785557985,340946.7057004376,102.28401171013127,170.4733528502188,170.5586321662995,643589.4909942497
20061208,20061211,000978.SZ,sell,54600.0,7.027930175550591,383724.9875850623,115.11749627551868,191.86249379253115,191.95847302908078,1027007.498589244
20061208,20061211,600221.SH,sell,202400.0,1.510496710280374,305724.53416074766,91.7173602482243,152.86226708037384,152.93873644858832,1332487.453122663
20061208,20061211,000663.SZ,buy,73200.0,4.275586959743146,312972.9654531983,93.89188963595949,0.0,156.40827858733246,1019420.5957798288
20061208,20061211,000809.SZ,buy,178100.0,2.1306711567679555,379472.53302037285,113.84175990611185,0.0,189.64144578721607,639834.2209995498
20061208,20061211,600760.SH,buy,301900.0,1.0791431441536894,325793.3152199988,97.73799456599964,0.0,162.81524998496752,313943.16778498504
20061208,20061211,600876.SH,buy,83200.0,3.7718849999999997,313820.832,94.14624959999999,0.0,156.83199999999488,28.189535385055933
20061215,20061218,000663.SZ,sell,73200.0,4.569312126450976,334473.64765621145,100.34209429686342,167.23682382810574,167.32048407010734,334234.2582734715
20061215,20061218,000809.SZ,sell,178100.0,2.0716052537983427,368952.8957014848,110.68586871044543,184.4764478507424,184.56873221683782,702891.9916583952
20061215,20061218,600760.SH,sell,301900.0,1.0192610199308318,307714.9019171181,92.31447057513543,153.85745095855907,153.93441816762788,1010360.7216539795
20061215,20061218,600876.SH,sell,83200.0,4.087955,340117.856,102.0353568,170.058928,170.14399999997113,1350206.4833691795
20061215,20061218,000886.SZ,buy,133400.0,2.388125122436728,318575.8913330595,95.57276739991785,0.0,159.20834149577422,1031535.0192687202
20061215,20061218,000999.SZ,buy,166100.0,2.241736008209338,372352.35096357105,111.7057052890713,0.0,186.08313391479896,659070.96259986
20061215,20061218,600096.SH,buy,31700.0,10.192063566263409,323088.4150505501,96.92652451516501,0.0,161.46347578737186,335885.6210247948
20061215,20061218,600212.SH,buy,117700.0,2.8214099999999998,332079.957,99.6239871,0.0,165.95699999999488,3706.0400376947946
20061215,20061218,600612.SH,buy,1000.0,3.4463435370729627,3446.3435370729626,5.0,0.0,1.722310613229638,254.696500621832
20061222,20061225,000886.SZ,sell,133400.0,2.2870798445448512,305096.45126228314,91.52893537868493,152.54822563114158,152.62453790009022,305107.07060189516
20061222,20061225,000999.SZ,sell,166100.0,2.5930999281682916,430713.89806875325,129.21416942062595,215.35694903437664,215.46468137507327,735476.3975521934
20061222,20061225,600096.SH,sell,31700.0,10.072729373864766,319305.5211515131,95.79165634545392,159.65276057575656,159.73262688919203,1054526.4742867853
20061222,20061225,600212.SH,sell,117700.0,2.6686650000000003,314101.8705,94.23056115,157.05093525,157.1294999999809,1368377.0632903853
20061222,20061225,600612.SH,sell,1000.0,3.7307797291489226,3730.779729148923,5.0,1.8653898645744615,1.8663230260872297,1372100.9776296697
20061222,20061225,000533.SZ,buy,85500.0,3.8641410252435775,330384.0576583259,99.11521729749775,0.0,165.10947409208165,1041617.8047540463
20061222,20061225,000887.SZ,buy,188400.0,1.9720702432017625,371538.03381921205,111.46141014576361,0.0,185.6761788201402,669968.3095246884
20061222,20061225,600250.SH,buy,81000.0,4.078698846863468,330374.60659594095,99.11238197878228,0.0,165.1047509224736,339494.5905467687
20061222,20061225,600505.SH,buy,138600.0,2.42205329685037,335696.58694346127,100.70897608303837,0.0,167.76441126602003,3697.294627224386
20061229,20070104,000533.SZ,sell,85500.0,4.3539556798051375,372263.2106233393,111.67896318700177,186.13160531166966,186.22471767041134,375662.69468206505
20061229,20070104,600250.SH,sell,81000.0,3.6405220018450186,294882.2821494465,88.46468464483394,147.44114107472325,147.51489852397935,670309.071005792
20061229,20070104,002028.SZ,buy,89400.0,4.05223664923006,362269.95644116733,108.6809869323502,0.0,181.0444559925818,307930.4335776923
20061229,20070104,002056.SZ,buy,153000.0,2.0112169822699313,307716.1982872995,92.31485948618983,0.0,153.78120853938162,121.92043090664083
20070105,20070108,000887.SZ,sell,188400.0,1.6572507942754449,312226.0496414938,93.66781489244813,156.11302482074692,156.19112038094318,312098.1892326873
20070105,20070108,002028.SZ,sell,89400.0,4.217949094750878,377084.6490707285,113.12539472121854,188.54232453536426,188.63664285675623,688881.1705841592
20070105,20070108,002056.SZ,sell,153000.0,2.097611868290918,320934.61584851047,96.28038475455313,160.46730792425524,160.54758171510184,1009559.0387399909
20070105,20070108,000798.SZ,buy,99200.0,3.259761125108601,323368.30361077323,97.01049108323195,0.0,161.60335013031727,686093.7246381345
20070105,20070108,000966.SZ,buy,183600.0,1.8897838379341052,346964.31264470174,104.08929379341052,0.0,173.39545859309146,339025.3226996393
20070105,20070108,600027.SH,buy,154600.0,2.1237463863566974,328331.1913307454,98.49935739922361,0.0,164.08355388842756,10595.632011494657
20070105,20070108,600510.SH,buy,3300.0,3.1537103930421124,10407.244297038971,5.0,0.0,5.201021637700251,183.38771445568636
20070105,20070108,600863.SH,buy,200.0,0.8784241728705909,175.68483457411818,5.0,0.0,0.08779851802802341,2.7028798815681796
20070112,20070115,000798.SZ,sell,99200.0,3.150522126411816,312531.79494005215,93.75953848201564,156.2658974700261,156.34406950476114,312284.4723839817
20070112,20070115,000966.SZ,sell,183600.0,1.7734771198179482,325610.3991985753,97.68311975957258,162.80519959928765,162.88664292072644,637634.3832631982
20070112,20070115,600027.SH,sell,154600.0,1.9817364243032234,306376.45119727834,91.91293535918349,153.18822559863918,153.2648580276291,943765.7332995187
20070112,20070115,600510.SH,sell,3300.0,3.1161635179005547,10283.33960907183,5.0,5.1416698045359155,5.144241925498136,954038.931238786
20070112,20070115,600863.SH,sell,200.0,0.9346645786050646,186.9329157210129,5.0,0.09346645786050646,0.09351321446774818,954220.7706880491
20070112,20070115,000977.SZ,buy,268100.0,1.1786420814547416,315993.9420380162,94.79818261140485,0.0,157.9180120129604,638132.0304674215
20070112,20070115,600115.SH,buy,83700.0,3.9630475847152122,331707.08284066326,99.51212485219897,0.0,165.77065609226702,306325.43550190603
20070119,20070122,000977.SZ,sell,268100.0,1.2830297688770391,343980.28103593417,103.19408431078024,171.9901405179671,172.07617860729806,650030.5323130115
20070119,20070122,600115.SH,sell,83700.0,3.930117591925019,328950.8424441241,98.68525273323722,164.47542122206207,164.55770007206593,978718.2140831803
20070119,20070122,000661.SZ,buy,115800.0,3.05463409610698,353726.6283291883,106.11798849875647,0.0,176.77492670121137,624885.4677654933
20070119,20070122,000812.SZ,buy,178200.0,1.8573683945727513,330983.04791286425,99.29491437385927,0.0,165.408819546632,293803.12493825523
20070119,20070122,000859.SZ,buy,106700.0,2.751409944922085,293575.44112318644,88.07263233695592,0.0,146.7143633798696,139.6111827318673
20070126,20070129,000661.SZ,sell,115800.0,3.3375442904455417,386487.62883359374,115.94628865007812,193.24381441679688,193.34048465907108,386318.0499132587
20070126,20070129,000812.SZ,sell,178200.0,1.6670615215296922,297070.36313659116,89.12110894097734,148.53518156829557,148.6094863114413,683150.7567593406
20070126,20070129,000859.SZ,sell,106700.0,2.8385343484685657,302871.61498159595,90.86148449447877,151.43580749079797,151.51156327239005,985780.0744489513
20070126,20070129,000411.SZ,buy,123100.0,2.690608571176107,331213.91511177877,99.36417453353363,0.0,165.5241954580997,654466.795162639
20070126,20070129,000813.SZ,buy,124300.0,2.5489195342326294,316830.69810511585,95.04920943153475,0.0,158.3361809620983,337541.04784809164
20070126,20070129,600106.SH,buy,225500.0,1.4957824767429522,337298.9485055357,101.1896845516607,0.0,168.56519165693317,140.90965800423874
20070202,20070205,000411.SZ,sell,123100.0,2.190156472563401,269608.26177255466,80.8824785317664,134.80413088627733,134.8715666695498,269533.4848211409
20070202,20070205,000813.SZ,sell,124300.0,2.6935240328327827,334805.0372811149,100.44151118433446,167.40251864055745,167.48626177140977,604070.6780724309
20070202,20070205,600106.SH,sell,225500.0,1.338823020055888,301904.59102260275,90.57137730678082,150.95229551130137,151.02780941600213,905733.7454222156
20070202,20070205,600505.SH,sell,138600.0,2.6731177586770962,370494.1213526455,111.14823640579364,185.24706067632275,185.33973054157104,1275931.4714777789
20070202,20070205,600149.SH,buy,131600.0,2.764455264797508,363802.312847352,109.1406938542056,0.0,181.81025129795307,912020.0179365727
20070202,20070205,600193.SH,buy,162200.0,2.1125873376623376,342661.6661688312,102.79849985064935,0.0,171.24521047918824,569255.5532678908
20070202,20070205,600566.SH,buy,84100.0,3.3201084224598927,279221.11832887697,83.76633549866308,0.0,139.54078877001302,289950.6686035152
20070209,20070212,600149.SH,sell,131600.0,3.2802904984423686,431686.2295950157,129.50586887850469,215.84311479750787,215.95109034265624,721291.5492148548
20070209,20070212,600193.SH,sell,162200.0,2.091042327213017,339167.06547395134,101.7501196421854,169.58353273697568,169.6683669204358,1060187.281036427
20070209,20070212,600566.SH,sell,84100.0,3.3009957352941175,277613.74133823527,83.28412240147057,138.80687066911764,138.87630882352823,1337578.9313815916
20070209,20070212,000078.SZ,buy,234600.0,1.3358052372583478,313379.9086608084,94.01397259824252,0.0,156.61164850613568,1024105.0087481849
20070209,20070212,600234.SH,buy,168100.0,2.200164555886103,369847.6618444539,110.95429855333616,0.0,184.83141521457583,654146.3926051776
20070209,20070212,600661.SH,buy,33300.0,10.116053542074361,336864.5829510762,101.05937488532285,0.0,168.34811741678277,317180.75027921604
20070209,20070212,600696.SH,buy,88500.0,3.58179,316988.415,95.09652449999999,0.0,158.41499999997905,97.23875471606152
20070216,20070226,000078.SZ,sell,234600.0,1.5096193001611011,354156.6878177943,106.24700634533829,177.07834390889718,177.16692737257108,353970.60122225614
20070216,20070226,600234.SH,sell,168100.0,2.5405055673608157,427058.98587335314,128.11769576200592,213.52949293667658,213.63631109218113,780687.9399069105
20070216,20070226,600661.SH,sell,33300.0,9.910658630136986,330024.9323835616,99.00747971506848,165.01246619178082,165.0950136986212,1110448.8523445653
20070216,20070226,600696.SH,sell,88500.0,3.7181400000000004,329055.39,98.716617,164.52769500000002,164.60999999998603,1439240.9980325652
20070216,20070226,600010.SH,buy,197000.0,1.6913928928571424,333204.39989285707,99.96131996785711,0.0,166.5189404761768,1105936.6368197403
20070216,20070226,600107.SH,buy,72600.0,5.492745,398773.287,119.63198609999999,0.0,199.28700000001118,707043.7178336403
20070216,20070226,600186.SH,buy,116100.0,3.4420047548659563,399616.75203993754,119.88502561198125,0.0,199.7085217590793,307307.0807680908
20070216,20070226,600778.SH,buy,73700.0,4.166500690387678,307071.1008815719,92.12133026447155,0.0,153.45882103027543,143.85855625441764
20070302,20070305,600010.SH,sell,197000.0,1.7700050309523807,348690.991097619,104.60729732928569,174.3454955488095,174.43271190475207,348555.89686099533
20070302,20070305,600107.SH,sell,72600.0,5.567215000000001,404179.80900000007,121.25394270000001,202.08990450000005,202.1909999999334,752412.3620137954
20070302,20070305,600186.SH,sell,116100.0,3.82574867333823,444169.4209745685,133.25082629237053,222.08471048728427,222.195808391436,1196226.4474515843
20070302,20070305,600778.SH,sell,73700.0,4.332776765799256,319325.64763940516,95.79769429182154,159.6628238197026,159.74269516731147,1515296.634572878
20070302,20070305,000555.SZ,buy,129600.0,2.883699701163888,373727.48127083987,112.11824438125196,0.0,186.77035545767285,1141457.035057657
20070302,20070305,000799.SZ,buy,33100.0,11.555969938764145,382502.6049730932,114.75078149192795,0.0,191.15572462417185,758839.6793030718
20070302,20070305,600391.SH,buy,38100.0,8.654857180851062,329750.05859042547,98.92501757712763,0.0,164.79263297870057,428990.6956950692
20070309,20070312,000555.SZ,sell,129600.0,2.9882377540106955,387275.61291978613,116.18268387593582,193.63780645989306,193.73467379674548,815956.4881245195
20070309,20070312,000799.SZ,sell,33100.0,14.506474809797735,480164.31620430504,144.0492948612915,240.08215810215253,240.20225923176622,1295736.6728758612
20070309,20070312,600391.SH,sell,38100.0,8.449339174468085,321919.822547234,96.5759467641702,160.959911273617,161.04043148935307,1617398.9595650574
20070309,20070312,002011.SZ,buy,151800.0,2.4927021798387092,378392.19089951605,113.51765726985481,0.0,189.1015446773963,1238893.2510082715
20070309,20070312,600063.SH,buy,199900.0,2.006956526222941,401190.6095919659,120.35718287758976,0.0,200.4950572673115,837582.284233428
20070309,20070312,600666.SH,buy,279400.0,1.460161053305141,407968.9982934564,122.3906994880369,0.0,203.88255786779337,429490.8952404835
20070316,20070319,002011.SZ,sell,151800.0,2.3793839064516127,361190.4769993548,108.35714309980642,180.5952384996774,180.68558129033772,790392.4198582388
20070316,20070319,600063.SH,sell,199900.0,2.0819951433839132,416190.8291624443,124.85724874873327,208.09541458122214,208.1995143383392,1206250.2963573532
20070316,20070319,600666.SH,sell,279400.0,1.4487105149677275,404769.7178819831,121.43091536459491,202.38485894099153,202.48610199196264,1610696.1984650306
20070316,20070319,000526.SZ,buy,55200.0,7.303649999999999,403161.48,120.94844399999998,0.0,201.47999999998137,1207413.7700210307
20070323,20070326,000526.SZ,sell,55200.0,7.506245,414344.724,124.30341719999998,207.172362,207.27600000001257,1621427.0182418306
20070323,20070326,000545.SZ,buy,171600.0,2.183295049342105,374653.4304671052,112.39602914013155,0.0,187.23309868416982,1246661.1917455853
20070323,20070326,002020.SZ,buy,238900.0,1.6155614754098362,385957.63647540985,115.78729094262295,0.0,192.8823770491872,860587.7679792328
20070330,20070402,000545.SZ,sell,171600.0,2.2966931842105263,394112.5504105263,118.23376512315788,197.05627520526315,197.15485263161827,1254385.0283494308
20070330,20070402,002020.SZ,sell,238900.0,1.7696065573770494,422759.0065573771,126.82770196721312,211.37950327868856,211.4852459016256,1676805.827701562
20070330,20070402,000985.SZ,buy,38600.0,10.770735889243877,415750.4053248137,124.72512159744409,0.0,207.7713170039351,1260930.6972551509
20070330,20070402,002082.SZ,buy,44600.0,8.55136674259681,381390.95671981777,114.41728701594532,0.0,190.60017827077536,879425.3232483172
20070330,20070402,600193.SH,buy,120900.0,3.0190935064935065,365008.40493506496,109.50252148051948,0.0,182.4129959695856,514307.4157917718
20070330,20070402,600400.SH,buy,292300.0,1.2202014937053418,356664.8966100714,106.99946898302142,0.0,178.24332664173562,157535.51971271733
20070406,20070409,000985.SZ,sell,38600.0,11.617120731274406,448420.86022719205,134.5262580681576,224.21043011359603,224.32259140932,605597.6432517276
20070406,20070409,002082.SZ,sell,44600.0,8.242550592585257,367617.75642930245,110.28532692879072,183.80887821465123,183.90082862891722,972921.3054758867
20070406,20070409,600193.SH,sell,120900.0,3.194863927451859,386259.0488289298,115.87771464867892,193.1295244144649,193.22613748320146,1358871.3470657533
20070406,20070409,600400.SH,sell,292300.0,1.2660832119768626,370076.1228608369,111.02283685825107,185.03806143041845,185.130626743834,1728651.4090283015
20070406,20070409,000402.SZ,buy,71700.0,5.610200356650145,402251.3655718154,120.67540967154461,0.0,201.0251702007954,1326279.3680468146
20070406,20070409,600467.SH,buy,128400.0,3.3134177317586153,425442.8367578062,127.63285102734184,0.0,212.61511082347715,900708.898437981
20070406,20070409,600559.SH,buy,232300.0,1.7699625684233122,411162.3046447354,123.34869139342061,0.0,205.4784131157794,489423.24510185217
20070406,20070409,600655.SH,buy,91500.0,4.441685760561806,406414.24709140527,121.92427412742157,0.0,203.10557076026453,82887.0737363195
20070413,20070416,000402.SZ,sell,71700.0,5.374267221909968,385334.95981094474,115.60048794328341,192.66747990547236,192.76386183634168,467913.7655794155
20070413,20070416,600467.SH,sell,128400.0,3.2726873806827377,420213.0596796635,126.06391790389904,210.10652983983175,210.21163565764436,887790.6548113353
20070413,20070416,600559.SH,sell,232300.0,1.9636254024900721,456150.18099844374,136.8450542995331,228.0750904992219,228.18918509176,1343575.9156649802
20070413,20070416,600655.SH,sell,91500.0,5.07492117226693,464355.2872624241,139.30658617872723,232.17764363121208,232.29379052645527,1807559.7186975945
20070413,20070416,000727.SZ,buy,95800.0,4.341399428571429,415906.0652571429,124.77181957714285,0.0,207.8491080745007,1391528.8816208744
20070413,20070416,000833.SZ,buy,59900.0,7.300540884163938,437302.3989614199,131.19071968842596,0.0,218.54192851640983,954095.2919397661
20070413,20070416,600052.SH,buy,44100.0,9.371682680080255,413291.20619153924,123.98736185746176,0.0,206.54233192978427,540680.0983863694
20070420,20070423,000727.SZ,sell,95800.0,4.3220703593611365,414054.3404267969,124.21630212803905,207.02717021339845,207.13073558115866,954403.1953408248
20070420,20070423,000833.SZ,sell,59900.0,7.3827316480661915,442225.62571916485,132.66768771574945,221.11281285958242,221.22342457185732,1396275.0405594143
20070420,20070423,002030.SZ,buy,351500.0,1.0363405364872693,364273.69857527514,109.28210957258253,0.0,182.04582637437852,1031892.0598745665
20070420,20070423,600988.SH,buy,222900.0,2.5529014232032963,569041.7272320148,170.7125181696044,0.0,284.37867427885067,462679.6201243821
20070427,20070430,002030.SZ,sell,351500.0,1.0829287306997513,380649.44884096255,114.19483465228875,190.3247244204813,190.41993438760983,843024.5494062719
20070427,20070430,600052.SH,sell,44100.0,10.142508654308081,447284.63165498635,134.1853894964959,223.64231582749318,223.75419292395236,1289951.3533559344
20070427,20070430,600988.SH,sell,222900.0,2.1438800533701237,477870.86389620055,143.36125916886016,238.93543194810027,239.05495942785637,1767439.920561018
20070427,20070430,000791.SZ,buy,57000.0,6.737115097760572,384015.5605723526,115.20466817170578,0.0,191.91182437393581,1383309.1553204935
20070427,20070430,600604.SH,buy,109900.0,4.253509266030044,467460.66833670187,140.23820050101054,0.0,233.61352740461007,915708.2487832906
20070427,20070430,600810.SH,buy,63000.0,6.089343213604577,383628.6224570884,115.0885867371265,0.0,191.71845200256212,531964.5377394651
20070427,20070430,601318.SH,buy,23100.0,20.18373340143003,466244.2415730337,139.8732724719101,0.0,233.00561797746923,65580.42289395956
20070430,20070508,600604.SH,sell,109900.0,4.906764298447808,539253.396399414,161.7760189198242,269.62669819970705,269.7615789892152,604402.4165762542
20070430,20070508,600810.SH,sell,63000.0,6.2301954863318505,392502.31563890656,117.75069469167195,196.25115781945328,196.34933248569723,996590.7303626495
20070430,20070508,601318.SH,sell,23100.0,21.631160623084778,499679.81039325835,149.9039431179775,249.8399051966292,249.96488764043897,1495870.7969075933
20070430,20070508,000880.SZ,buy,97600.0,6.17462581610921,602643.4796522589,180.79304389567767,0.0,301.17115424899384,893046.5242114387
20070430,20070508,600029.SH,buy,73400.0,5.411287477954144,397188.5008818342,119.15655026455025,0.0,198.495002939424,495738.86677933997
20070430,20070508,600081.SH,buy,42800.0,9.759685189970938,417714.52613075613,125.31435783922683,0.0,208.7528866220382,77899.0262907446
20070430,20070508,600256.SH,buy,56900.0,1.3666937693900778,77764.87547829542,23.329462643488625,0.0,38.8630062360171,110.82134980568662
20070511,20070514,000791.SZ,sell,57000.0,6.331717645905818,360907.9058166316,108.27237174498948,180.4539529083158,180.5442250207998,360730.000841784
20070511,20070514,600081.SH,sell,42800.0,8.214834960308947,351594.93630122294,105.47848089036687,175.79746815061148,175.8854108559899,712043.6611939659
20070511,20070514,600256.SH,sell,56900.0,1.2940046667575438,73628.86553850424,22.08865966155127,36.81443276925212,36.832849193844595,785613.6236400394
20070511,20070514,000880.SZ,sell,43800.0,7.405458535542211,324359.0838567488,97.30772515702463,162.17954192837442,162.2606722644996,1109713.2202297028
20070511,20070514,600188.SH,buy,165400.0,3.3172300497800173,548669.8502336149,164.60095507008447,0.0,274.1978262036573,560878.7690410177
20070511,20070514,600775.SH,buy,38600.0,12.412050439074198,479105.14694826404,143.7315440844792,0.0,239.43285704555456,81629.89054866921
20070511,20070514,600794.SH,buy,48800.0,1.6688321964110129,81439.01118485743,24.431703355457227,0.0,40.69915601442335,166.44766045632423
20070518,20070521,000880.SZ,sell,53800.0,6.831135129355491,367515.0699593254,110.25452098779762,183.75753497966272,183.8494597094832,367387.5055638143
20070518,20070521,600188.SH,sell,165400.0,3.377237684093115,558595.1129490013,167.57853388470036,279.29755647450065,279.4372751120245,925535.7424224564
20070518,20070521,600775.SH,sell,38600.0,11.53046741660994,445076.04228114366,133.52281268434308,222.53802114057183,222.6493458134355,1370255.7238697752
20070518,20070521,600794.SH,sell,48800.0,1.5278633674296227,74559.73233056559,22.367919699169676,37.2798661652828,37.298515422982746,1444755.8084144762
20070518,20070521,000020.SZ,buy,46700.0,11.16558,521432.586,156.4297758,0.0,260.58600000001024,923166.7926386762
20070518,20070521,002097.SZ,buy,47800.0,9.054682578143929,432813.8272352798,129.84414817058394,0.0,216.29876423545647,490223.12125522585
20070518,20070521,600103.SH,buy,63000.0,6.377963385826772,401811.6933070866,120.54350799212597,0.0,200.8054439315456,88290.88444014714
20070518,20070521,600674.SH,buy,47700.0,1.8479485585001523,88147.14624045727,26.44414387213718,0.0,44.05154734654934,117.29405581773608
20070525,20070528,000020.SZ,sell,46700.0,11.024485,514843.4495,154.45303485,257.42172475,257.5504999999539,514548.8687962177
20070525,20070528,002097.SZ,sell,47800.0,11.544180599305388,551811.8326467975,165.54354979403925,275.90591632339874,276.0439382925397,1065919.251976898
20070525,20070528,600103.SH,sell,63000.0,6.900691289709476,434743.551251697,130.42306537550908,217.3717756258485,217.48051588376984,1500315.0083875936
20070525,20070528,600674.SH,sell,47700.0,2.0753258071914016,98993.04100302985,29.697912300908953,49.49652050151493,49.52128114209336,1599228.854957821
20070525,20070528,000735.SZ,buy,59100.0,7.404925496391422,437631.09683673305,131.2893290510199,0.0,218.70619532075943,1161466.468792037
20070525,20070528,600477.SH,buy,120400.0,3.5973629551537245,433122.49980050843,129.9367499401525,0.0,216.45302338857437,728214.0322415885
20070525,20070528,600691.SH,buy,152800.0,3.790939775322478,579255.5976692747,173.77667930078238,0.0,289.4830573060317,148784.65789301298
20070601,20070604,000735.SZ,sell,59100.0,7.094587346254193,419290.1121636228,125.78703364908684,209.64505608181142,209.7499310473213,567739.3379669049
20070601,20070604,600477.SH,sell,120400.0,2.8132263322975306,338712.4504086227,101.61373512258679,169.35622520431136,169.44094567711,906180.8184152006
20070601,20070604,600691.SH,sell,152800.0,3.0785223498625505,470398.21505899774,141.1194645176993,235.19910752949886,235.31676591240102,1376202.7149021511
20070601,20070604,000423.SZ,buy,29100.0,19.590575326630603,570085.7420049505,171.02572260148514,0.0,284.9004207920516,805945.9471745992
20070601,20070604,600157.SH,buy,360600.0,1.0467465589842273,377456.80916971236,113.2370427509137,0.0,188.6340875410242,428375.9009621359
20070601,20070604,600859.SH,buy,11100.0,25.572541486825596,283855.2105037641,85.15656315112922,0.0,141.8566769133904,144435.53389522067
20070608,20070611,000423.SZ,sell,29100.0,19.484715359293666,567005.2169554457,170.10156508663368,283.50260847772284,283.64443069300614,710987.146677102
20070608,20070611,600157.SH,sell,360600.0,0.9867608620794288,355825.96686584206,106.7477900597526,177.91298343292104,178.0019844250637,1066528.4527694513
20070608,20070611,600859.SH,sell,11100.0,23.649398996235888,262508.32885821833,78.7524986574655,131.25416442910918,131.31982434127713,1328826.774964583
20070608,20070611,600111.SH,buy,307100.0,3.1775657975034677,975830.4564133149,292.74913692399446,0.0,487.67139251041226,352703.56941434415
20070608,20070611,600219.SH,buy,69700.0,5.055652329288659,352378.9673514195,105.71369020542583,0.0,176.10143295919988,218.88837271922966
20070615,20070618,600029.SH,sell,73400.0,5.317739564961788,390322.08406819525,117.09662522045856,195.16104203409762,195.25867136969464,390228.71477365994
20070615,20070618,600111.SH,sell,307100.0,3.7254198930057463,1144076.4491420647,343.2229347426194,572.0382245710324,572.3243867643178,1533389.9027564111
20070615,20070618,002003.SZ,buy,235500.0,1.88634819072352,444234.99891538895,133.27049967461667,0.0,222.00649620953482,1089021.6333413476
20070615,20070618,600981.SH,buy,34200.0,11.353198612535499,388279.39254871407,116.48381776461422,0.0,194.04267493687803,700625.756974869
20070622,20070625,002003.SZ,sell,235500.0,1.5914874610933951,374795.2970874946,112.43858912624836,187.3976485437473,187.4913942408166,1075121.2178246935
20070622,20070625,600219.SH,sell,69700.0,5.9282033225501305,413195.7715817441,123.95873147452322,206.59788579087206,206.70123640907696,1487986.4327891723
20070622,20070625,600981.SH,sell,34200.0,10.223762967418743,349652.693485721,104.8958080457163,174.82634674286052,174.91380364465294,1837359.4041201049
20070622,20070625,002054.SZ,buy,60100.0,5.9684192720814195,358701.9982520933,107.61059947562799,0.0,179.26136844186112,1478549.7952685358
20070622,20070625,600376.SH,buy,49500.0,10.87179544812653,538153.8746822632,161.44616240467894,0.0,268.942466108012,940234.4744238679
20070622,20070625,600826.SH,buy,35500.0,10.615700940542885,376857.38338927244,113.05721501678173,0.0,188.33452443243004,563264.0338195786
20070629,20070702,002054.SZ,sell,60100.0,5.069212878125794,304659.6939753602,91.39790819260804,152.3298469876801,152.40605001267977,867680.0000397585
20070629,20070702,600376.SH,sell,49500.0,11.777369525513087,582979.7915128978,174.89393745386934,291.4898957564489,291.63571361324284,1450193.4077194459
20070629,20070702,600826.SH,sell,35500.0,7.149883625365305,253820.86870046833,76.14626061014049,126.91043435023417,126.97392131088418,1703811.2197249539
20070629,20070702,000895.SZ,buy,130700.0,8.394930782733582,1097217.4533032791,329.1652359909837,0.0,548.3345593716949,606264.6011856839
20070706,20070709,000895.SZ,sell,130700.0,7.23990575836314,946255.6826180624,283.87670478541867,473.12784130903117,473.36452357075177,1551763.279257652
20070706,20070709,000049.SZ,buy,121100.0,4.087972987344465,495053.5287674147,148.5160586302244,0.0,247.40306285227416,1056561.234431607
20070706,20070709,600076.SH,buy,64300.0,6.516518499234302,419012.13950076565,125.70364185022969,0.0,209.40136906586122,637423.3912889911
20070706,20070709,600188.SH,buy,77600.0,3.9271500433767788,304746.84336603805,91.4240530098114,0.0,152.2972730465117,332585.1238699432
20070713,20070716,000049.SZ,sell,121100.0,3.975465277039243,481428.8450494523,144.42865351483567,240.71442252472616,240.8348399446113,813628.825843356
20070713,20070716,600076.SH,sell,64300.0,6.6071694946401225,424840.99850535986,127.45229955160795,212.42049925267995,212.5267626339919,1238129.9515499114
20070713,20070716,600188.SH,sell,77600.0,3.802034990601698,295037.91527069174,88.51137458120752,147.51895763534588,147.59275401232298,1532931.8364883866
20070713,20070716,000838.SZ,buy,130900.0,6.72147163150278,879840.6365637139,263.95219096911416,0.0,439.70046804775484,652827.2477337036
20070713,20070716,002093.SZ,buy,115300.0,5.6578926259555455,652355.0197726744,195.7065059318023,0.0,326.0145026349928,276.52145509736147
20070720,20070723,002093.SZ,sell,115300.0,6.4138865938861125,739521.1242750688,221.8563372825206,369.7605621375344,369.9455349049531,739206.028830746
20070720,20070723,000679.SZ,buy,59900.0,6.1522069625195215,368517.1970549193,110.55515911647579,0.0,184.1665152697824,370578.2766167102
20070720,20070723,002011.SZ,buy,67300.0,5.497076196774194,369953.22804290324,110.98596841287096,0.0,184.88417193543864,514.0626053940505
20070727,20070730,000679.SZ,sell,59900.0,6.5538531363873,392575.80286959925,117.77274086087976,196.28790143479964,196.3860944820335,392775.8048326976
20070727,20070730,002011.SZ,sell,67300.0,5.385278594354839,362429.24940008065,108.72877482002419,181.21462470004033,181.30527733865893,754915.1108332581
20070727,20070730,000669.SZ,buy,107000.0,3.7091310969597373,396877.0273746919,119.06310821240756,0.0,198.33934401534498,357919.0203503538
20070727,20070730,002057.SZ,buy,143700.0,2.48863650616445,357617.06593583146,107.28511978074943,0.0,178.71917338122148,194.66929474158678
20070803,20070806,000669.SZ,sell,107000.0,3.764044179676801,402752.72722541774,120.82581816762531,201.37636361270887,201.47710216377163,402625.19433837896
20070803,20070806,002057.SZ,sell,143700.0,2.6241605183962724,377091.86649354437,113.1275599480633,188.5459332467722,188.64025337342173,779415.3873387284
20070803,20070806,000990.SZ,buy,23600.0,16.887644495412843,398548.4100917431,119.56452302752292,0.0,199.1746177370078,380747.4127239578
20070803,20070806,600051.SH,buy,40600.0,9.354447609200337,379790.5729335337,113.93717188006009,0.0,189.80038627365138,842.9026185440598
20070803,20070806,600333.SH,buy,100.0,8.037588483251788,803.7588483251789,5.0,0.0,0.40167858487018293,34.143770218880945
20070810,20070813,000990.SZ,sell,23600.0,15.85598241590214,374201.1850152905,112.26035550458714,187.10059250764525,187.19418960239273,373935.9678374972
20070810,20070813,600051.SH,sell,40600.0,8.395515314383818,340857.92176398303,102.2573765291949,170.42896088199151,170.51421799097443,714521.203264069
20070810,20070813,600333.SH,sell,100.0,7.562720323673316,756.2720323673316,5.0,0.37813601618366577,0.37832517877313876,715272.0971604201
20070810,20070813,600530.SH,buy,129100.0,2.9293788869630393,378182.81430692837,113.4548442920785,0.0,188.9969086991041,336975.8280091997
20070810,20070813,600845.SH,buy,85000.0,3.9626549340068435,336825.6693905817,101.0477008171745,0.0,168.32867036014795,49.1109178008046
20070817,20070820,600530.SH,sell,129100.0,2.8209432519792013,364183.77383051487,109.25513214915445,182.09188691525745,182.18297840445302,363941.53772925126
20070817,20070820,600845.SH,sell,85000.0,3.730706631904839,317110.0637119113,95.13301911357338,158.55503185595566,158.63434903044254,680797.9133901931
20070817,20070820,000720.SZ,buy,46100.0,7.48374,345000.414,103.50012419999999,0.0,172.41399999998976,335693.99926599313
20070817,20070820,000800.SZ,buy,24900.0,13.466255585370336,335309.7640757214,100.5929292227164,0.0,167.5710964896134,283.6422610490117
20070824,20070827,000720.SZ,sell,46100.0,8.395800000000001,387046.38000000006,116.11391400000001,193.52319000000003,193.61999999993714,387020.3851570491
20070824,20070827,000800.SZ,sell,24900.0,14.587082519757397,363218.3547419592,108.96550642258775,181.6091773709796,181.70002738462063,749948.1652152147
20070824,20070827,000559.SZ,buy,96500.0,4.2414502441877895,409299.9485641217,122.7899845692365,0.0,204.54770043177996,340525.4266665238
20070824,20070827,000820.SZ,buy,30900.0,11.0055,340069.95,102.020985,0.0,169.95000000001164,353.4556815237738
20070824,20070827,600400.SH,buy,200.0,1.6422860837019395,328.4572167403879,5.0,0.0,0.1641465351025886,19.99846478338594
20070831,20070903,000559.SZ,sell,96500.0,4.543756936432524,438472.5443657385,131.54176330972155,219.23627218286927,219.34594515542267,438141.76479502924
20070831,20070903,000820.SZ,sell,30900.0,12.43378,384203.802,115.2611406,192.10190100000003,192.19799999997485,822038.2037534292
20070831,20070903,600400.SH,sell,200.0,1.6655658024271294,333.11316048542585,5.0,0.16655658024271294,0.16663990019281982,822366.1503573344
20070831,20070903,000889.SZ,buy,79200.0,5.328258837623762,421998.09993980196,126.59942998194057,0.0,210.89360316825332,400241.4509875505
20070831,20070903,600179.SH,buy,69400.0,5.761683388704319,399860.82717607974,119.95824815282391,0.0,199.8304983388516,260.6655633179471
20070907,20070910,000889.SZ,sell,79200.0,5.913598157425743,468356.97406811884,140.50709222043565,234.17848703405943,234.29563485149993,468242.9540521823
20070907,20070910,600179.SH,sell,69400.0,5.516094393687708,382816.95092192694,114.84508527657808,191.40847546096347,191.50422757468186,850753.6514133718
20070907,20070910,002104.SZ,buy,84400.0,4.957739997421462,418433.2557823714,125.52997673471141,0.0,209.11207185522653,432194.8656542657
20070907,20070910,600506.SH,buy,23000.0,17.858925,410755.27499999997,123.22658249999998,0.0,205.27499999990687,21316.36407176574
20070907,20070910,600575.SH,buy,14000.0,1.514939512612565,21209.15317657591,6.362745952972772,0.0,10.59927694981161,100.84814923685553
20070914,20070917,002104.SZ,sell,84400.0,4.74784191843225,400717.85791568185,120.21535737470454,200.35892895784093,200.45915853709448,400498.1317785862
20070914,20070917,600506.SH,sell,23000.0,17.381305,399770.015,119.9310045,199.8850075,199.98499999998603,799948.3307665861
20070914,20070917,600575.SH,sell,14000.0,1.5554333851176998,21776.067391647797,6.532820217494338,10.888033695823898,10.893480436039681,821706.9773043205
20070914,20070917,000401.SZ,buy,24600.0,16.021391294576283,394126.22584657656,118.23786775397296,0.0,196.96463060798123,427462.51358999003
20070914,20070917,600216.SH,buy,96800.0,3.9786897129725585,385137.16421574366,115.54114926472309,0.0,192.47234593488974,42209.80822498165
20070914,20070917,600527.SH,buy,18000.0,2.332573438674033,41986.3218961326,12.595896568839779,0.0,20.982669613265898,210.89043228021183
20070921,20070924,000401.SZ,sell,24600.0,16.82093856780708,413795.08876805415,124.13852663041624,206.89754438402707,207.00104490644298,413674.94312931993
20070921,20070924,600216.SH,sell,96800.0,4.936337127322429,477837.43392481114,143.35123017744334,238.91871696240557,239.03823608043604,891130.1071069912
20070921,20070924,600527.SH,sell,18000.0,2.04674831959201,36841.46975265619,11.052440925796855,18.420734876328094,18.429949851255515,927942.1036838453
20070921,20070924,600236.SH,buy,72300.0,5.694046944161219,411679.5940628561,123.50387821885683,0.0,205.73692856711568,516139.00574277027
20070921,20070924,600538.SH,buy,36300.0,12.706349999999999,461240.50499999995,138.37215149999997,0.0,230.50499999994645,54760.1285912703
20070921,20070924,600597.SH,buy,4400.0,12.413007548935214,54617.23321531494,16.385169964594482,0.0,27.294969123089686,126.51020599076583
20070928,20071008,600236.SH,sell,72300.0,5.545295298986386,400924.8501167157,120.2774550350147,200.46242505835787,200.56270641158335,400730.6204426131
20070928,20071008,600538.SH,sell,36300.0,12.443775,451709.03250000003,135.51270975,225.85451625000002,225.96749999996973,852078.285716613
20070928,20071008,600597.SH,sell,4400.0,11.721558722257571,51574.85837793331,15.472457513379993,25.78742918896666,25.800329353638517,903611.884207844
20070928,20071008,000917.SZ,buy,34600.0,11.647598511153856,403006.9084859234,120.90207254577702,0.0,201.40275286650285,500484.0736493748
20070928,20071008,002048.SZ,buy,39300.0,10.977277442991898,431407.0035095816,129.42210105287447,0.0,215.59570390282897,68947.64803874033
20070928,20071008,002140.SZ,buy,5200.0,13.211378997603058,68699.1707875359,20.609751236260767,0.0,34.33241918416752,227.86749996816798
20071012,20071015,000917.SZ,sell,34600.0,10.294467987309835,356188.5923609203,106.85657770827608,178.09429618046013,178.1833878743928,356131.5089869997
20071012,20071015,002048.SZ,sell,39300.0,9.708562349078711,381546.50031879335,114.463950095638,190.77325015939667,190.86868450162,737372.772105538
20071012,20071015,002140.SZ,sell,5200.0,11.762886264009158,61167.00857284762,18.350102571854283,30.58350428642381,30.598803688262706,798490.8470715274
20071012,20071015,600188.SH,buy,63500.0,6.213032049242971,394527.53512692865,118.35826053807858,0.0,197.16518497094512,403844.95368406066
20071012,20071015,600293.SH,buy,65500.0,6.156660902798676,403261.2891333133,120.97838673999398,0.0,201.529879626818,462.68616400740575
20071019,20071022,000838.SZ,sell,130900.0,6.171944854901365,807907.5815065886,242.37227445197655,403.9537907532943,404.15586868755054,807723.9416053907
20071019,20071022,600188.SH,sell,63500.0,5.703052485902547,362143.83285481174,108.64314985644351,181.07191642740588,181.16249767621048,1169578.0593939186
20071019,20071022,600293.SH,sell,65500.0,5.806649842010232,380335.5646516702,114.10066939550106,190.1677823258351,190.26291378267342,1549609.3555938676
20071019,20071022,002050.SZ,buy,155400.0,2.2843224992855102,354983.7163889683,106.49511491669048,0.0,177.40315661620116,1194519.1440899826
20071026,20071029,002050.SZ,sell,155400.0,2.144133170191483,333198.2946477565,99.95948839432694,166.59914732387824,166.68248856818536,1527450.880102021
20071026,20071029,000001.SZ,buy,54500.0,9.193618389292865,501052.2022164612,150.31566066493835,0.0,250.40090065792901,1026248.3622248948
20071026,20071029,000900.SZ,buy,97600.0,4.492033277627718,438422.4478964653,131.52673436893957,0.0,219.1016731116688,587694.3875940605
20071026,20071029,600629.SH,buy,98900.0,5.936710603492996,587140.6786854573,176.14220360563718,0.0,293.42362752894405,377.56670499756
20071102,20071105,000001.SZ,sell,54500.0,9.198738514215401,501331.2490247394,150.3993747074218,250.6656245123697,250.79102002235595,501307.75073051715
20071102,20071105,000900.SZ,sell,97600.0,5.1450590188038845,502157.76023525913,150.64732807057771,251.07888011762958,251.20448235882213,1003063.7847575881
20071102,20071105,600629.SH,sell,98900.0,6.193505536918555,612537.6976012451,183.76130928037352,306.26884880062255,306.422059830511,1615111.4522007522
20071102,20071105,000505.SZ,buy,25000.0,17.54300065433347,438575.0163583367,131.572504907501,0.0,219.17791921953904,1176404.863337508
20071102,20071105,000565.SZ,buy,65700.0,7.631713341769509,501403.5665542568,150.42106996627703,0.0,250.5764950296143,674850.8757132848
20071102,20071105,002146.SZ,buy,87300.0,3.1598674698795177,275856.4301204819,82.75692903614456,0.0,137.85928541747853,398911.6886637668
20071102,20071105,600271.SH,buy,59000.0,6.756298422855442,398621.6069484711,119.58648208454132,0.0,199.2111978753237,170.49523321114248
20071109,20071112,000505.SZ,sell,25000.0,16.550735423234784,413768.38558086957,124.13051567426086,206.88419279043478,206.98768663377268,413607.86610561603
20071109,20071112,000565.SZ,sell,65700.0,6.90340074881937,453553.4291974326,136.06602875922977,226.7767145987163,226.89015967852902,866798.4525596907
20071109,20071112,002146.SZ,sell,87300.0,2.491483174075613,217506.48109680103,65.2519443290403,108.75324054840051,108.80764437056496,1084130.9284716144
20071109,20071112,600271.SH,sell,59000.0,6.966025768963465,410995.5203688444,123.29865611065331,205.4977601844222,205.60056046466343,1494797.6524241637
20071109,20071112,000404.SZ,buy,45200.0,6.532955655452436,295289.5956264501,88.58687868793501,0.0,147.57101230701664,1199419.4699190257
20071116,20071119,000404.SZ,sell,45200.0,7.173918055835772,324261.0961237769,97.27832883713307,162.13054806188848,162.21165388880763,1523421.1571659036
20071116,20071119,000553.SZ,buy,28800.0,10.885843618889414,313512.2962240151,94.05368886720453,0.0,156.67780920740915,1209814.8072530213
20071116,20071119,600568.SH,buy,199700.0,2.0700650994575045,413392.00036166364,124.01760010849908,0.0,206.59270382887917,796298.7892912491
20071116,20071119,600981.SH,buy,41000.0,9.892664750315555,405599.2547629378,121.67977642888133,0.0,202.6982782423147,390577.85475188243
20071123,20071126,600568.SH,sell,199700.0,1.8916553188143723,377763.5671672301,113.32907015016903,188.88178358361506,188.97627171949716,768039.2110653787
20071123,20071126,600981.SH,sell,41000.0,9.15194982052698,375229.94264160615,112.56898279248183,187.61497132080308,187.70882573362906,1142968.9697528717
20071123,20071126,600340.SH,buy,536300.0,0.7522078989688192,403409.09621697775,121.02272886509331,0.0,201.60374623537064,739438.8508070288
20071123,20071126,600774.SH,buy,52800.0,5.878707234042553,310395.7419574468,93.11872258723403,0.0,155.1203108233167,428949.9901269948
20071123,20071126,600960.SH,buy,88900.0,3.8620427959413752,343335.60455918824,103.00068136775647,0.0,171.58201127388747,85511.38488643878
20071123,20071126,600969.SH,buy,12800.0,6.654545121951219,85178.1775609756,25.553453268292678,0.0,42.56780487805372,307.6538721948891
20071130,20071203,000553.SZ,sell,28800.0,8.743929123160893,251825.1587470337,75.54754762411011,125.91257937351686,125.97556715706014,251931.352492231
20071130,20071203,600340.SH,sell,536300.0,0.6905036629429577,370317.1144363082,111.09513433089245,185.1585572181541,185.2511828095303,621952.2132369902
20071130,20071203,600774.SH,sell,52800.0,6.142502297255627,324324.1212950971,97.29723638852913,162.16206064754857,162.24318223865703,946016.8752350511
20071130,20071203,600960.SH,sell,88900.0,3.952358795941376,351364.6969591883,105.40940908775649,175.68234847959417,175.77023359638406,1297100.4804366722
20071130,20071203,600969.SH,sell,12800.0,5.943612073170731,76078.23453658535,22.823470360975605,38.03911726829268,38.05814634145645,1373117.8523856283
20071130,20071203,000518.SZ,buy,60600.0,5.66283,343167.49799999996,102.95024939999998,0.0,171.4979999999632,1029847.4041362284
20071130,20071203,600239.SH,buy,136300.0,2.8264842512908777,385249.80345094664,115.57494103528398,0.0,192.52863740676548,644482.0257442464
20071130,20071203,600391.SH,buy,20500.0,17.219669361702127,353003.2219148936,105.90096657446807,0.0,176.41340425529052,291372.90286277834
20071130,20071203,600503.SH,buy,53400.0,5.44735041322314,290888.5120661157,87.2665536198347,0.0,145.37157024792396,397.1242430428392
20071207,20071210,600239.SH,sell,136300.0,3.1739716006884686,432612.32917383825,129.78369875215145,216.30616458691912,216.41437177278567,432663.363553542
20071207,20071210,600391.SH,sell,20500.0,15.734086468085106,322548.7725957447,96.7646317787234,161.27438629787235,161.35506382974563,754954.0971312101
20071207,20071210,600503.SH,sell,53400.0,6.039953719008265,322533.52859504137,96.7600585785124,161.2667642975207,161.34743801649893,1077229.5989033754
20071207,20071210,002110.SZ,buy,54200.0,6.63775852763211,359766.5121976604,107.9299536592981,0.0,179.79335941915633,717355.1567520557
20071207,20071210,600168.SH,buy,61100.0,5.7986443461781425,354297.1695514845,106.28915086544535,0.0,177.0600547483773,362951.69804970577
20071207,20071210,600382.SH,buy,73100.0,4.957215017452255,362372.4177757599,108.71172533272795,0.0,181.09566105739214,470.5685486131697
20071207,20071210,600975.SH,buy,100.0,3.8170415199562604,381.70415199562603,5.0,0.0,0.19075669764896475,83.86439661754366
20071214,20071217,000518.SZ,sell,60600.0,5.997,363418.2,109.02546,181.7091,181.79999999998836,363211.3298366176
20071214,20071217,002110.SZ,sell,54200.0,6.825548810004034,369944.74550221866,110.98342365066559,184.97237275110933,185.06490520370426,732860.1195424345
20071214,20071217,600168.SH,sell,61100.0,6.1534238696868515,375974.19843786664,112.79225953135999,187.9870992189333,188.08113978878828,1108533.538621551
20071214,20071217,600382.SH,sell,73100.0,5.3236798007888995,389160.99343766854,116.74829803130055,194.58049671883427,194.6778356366558,1497383.2032644693
20071214,20071217,600975.SH,sell,100.0,4.9516071569163485,495.16071569163483,5.0,0.24758035784581742,0.24770420995076847,1497873.116399803
20071214,20071217,002043.SZ,buy,223700.0,1.5585875229506425,348656.0288840587,104.59680866521761,0.0,174.2408939949819,1149112.490707079
20071214,20071217,002105.SZ,buy,67500.0,5.2786796874999995,356310.87890624994,106.89326367187498,0.0,178.06640625,792694.7185371572
20071214,20071217,600422.SH,buy,116700.0,3.0542010922749516,356425.26746848685,106.92758024054605,0.0,178.12357194826473,436162.5234884298
20071214,20071217,600480.SH,buy,79500.0,4.618300829816826,367154.9159704377,110.1464747911313,0.0,183.48571512760827,68897.46104320098
20071221,20071224,002043.SZ,sell,223700.0,1.6267917701695649,363913.31898693164,109.17399569607949,181.95665949346582,182.0476833351422,432519.6493749431
20071221,20071224,002105.SZ,sell,67500.0,5.191372922453703,350417.672265625,105.12530167968748,175.20883613281248,175.29648437496508,782656.9875027556
20071221,20071224,600422.SH,sell,116700.0,3.2043104252687487,373943.02662886295,112.18290798865887,186.9715133144315,187.06504583737114,1156300.8597103155
20071221,20071224,600480.SH,sell,79500.0,4.515973279662416,359019.87573316204,107.7059627199486,179.50993786658103,179.59973773540696,1515033.519542891
20071221,20071224,000756.SZ,buy,61700.0,6.096644929906542,376162.99217523367,112.84889765257009,0.0,187.98750233644387,1138757.6784700048
20071221,20071224,002182.SZ,buy,73800.0,5.048249763481551,372560.8325449385,111.76824976348153,0.0,186.18732261116384,766085.0776753029
20071221,20071224,600581.SH,buy,49600.0,7.429386102463352,368497.55068218225,110.54926520465466,0.0,184.15669699257705,397476.977727916
20071221,20071224,600592.SH,buy,44900.0,8.435350828533325,378747.25220114633,113.6241756603439,0.0,189.27898660727078,18616.101351109275
20071221,20071224,600742.SH,buy,7800.0,2.3694704074603927,18481.869178191064,5.5445607534573185,0.0,9.236316430880834,128.68761216475468
20071228,20080102,000756.SZ,sell,61700.0,5.822834789719627,359268.906525701,107.78067195771028,179.6344532628505,179.72431542049162,359110.1790126452
20071228,20080102,002182.SZ,sell,73800.0,5.805988647114475,428481.9621570483,128.54458864711447,214.24098107852416,214.34815515606897,787249.3555999678
20071228,20080102,600581.SH,sell,49600.0,8.236653377663593,408538.0075321142,122.56140225963425,204.26900376605712,204.37118936073966,1195460.5327260564
20071228,20080102,600592.SH,sell,44900.0,8.414557463893539,377813.6301288199,113.34408903864596,188.90681506440995,189.001315722242,1572971.911950773
20071228,20080102,600742.SH,sell,7800.0,2.397977366255144,18704.223456790125,5.611267037037037,9.352111728395062,9.35679012345281,1591661.1720287977
20071228,20080102,000639.SZ,buy,172500.0,2.2847590835320006,394120.9419092701,118.23628257278102,0.0,196.9619899597019,1197421.9938369547
20071228,20080102,002032.SZ,buy,46000.0,8.597333665704046,395477.3486223861,118.64320458671583,0.0,197.63985438400414,801826.0020099819
20071228,20080102,002074.SZ,buy,69000.0,5.707765091316182,393835.7913008166,118.15073739024497,0.0,196.81948590744287,407872.05997177504
20071228,20080102,002086.SZ,buy,79500.0,4.882459394233099,388155.5218415314,116.4466565524594,0.0,193.98077053547604,19600.091473691224
20080104,20080107,000639.SZ,sell,172500.0,2.3872909948652117,411807.696614249,123.5423089842747,205.90384830712452,206.0068517329637,431078.34193064884
20080104,20080107,002032.SZ,sell,46000.0,8.932290253699191,410885.3516701628,123.26560550104884,205.44267583508142,205.54544855939457,841634.9853194754
20080104,20080107,002074.SZ,sell,69000.0,6.2974028887523055,434520.7993239091,130.35623979717272,217.26039966195455,217.36908420396503,1275808.1680039254
20080104,20080107,002086.SZ,sell,79500.0,5.126584928519506,407563.50181730074,122.26905054519021,203.78175090865037,203.88369275495643,1683045.6190197724
20080104,20080107,002186.SZ,buy,12800.0,29.75824568784182,380905.5448043753,114.27166344131258,0.0,190.35759360535303,1302025.8025519557
20080104,20080107,600236.SH,buy,82800.0,5.284893870329275,437589.21246326395,131.27676373897918,0.0,218.68526359979296,864305.3133249527
20080104,20080107,600329.SH,buy,74400.0,5.637378548083315,419420.96397739864,125.82628919321958,0.0,209.60567914915737,444758.52305836085
20080104,20080107,600712.SH,buy,92700.0,3.919359990561585,363324.6711250589,108.99740133751766,0.0,181.57154978759354,81324.85453196446
20080111,20080114,002186.SZ,sell,12800.0,26.343573832562058,337197.7450567943,101.15932351703829,168.59887252839715,168.683214135468,418252.8413927133
20080111,20080114,600236.SH,sell,82800.0,4.758462857913993,394000.72463527863,118.20021739058357,197.00036231763931,197.09891177352984,811938.3654482837
20080111,20080114,600329.SH,sell,74400.0,5.938365471969866,441814.39111455804,132.5443173343674,220.907195557279,221.01770440943073,1253399.3050499503
20080111,20080114,600712.SH,sell,92700.0,3.9852424996067324,369431.9797135441,110.82959391406321,184.71598985677204,184.8083940538345,1622535.7391797234
20080111,20080114,000701.SZ,buy,37300.0,10.088123812282735,376287.018198146,112.8861054594438,0.0,188.04948435683036,1246135.834876118
20080111,20080114,000799.SZ,buy,15600.0,28.300443948320652,441486.9255938022,132.44607767814065,0.0,220.63314622378675,804516.4632046376
20080111,20080114,000955.SZ,buy,68500.0,5.942176920731707,407039.1190701219,122.11173572103657,0.0,203.41785060969414,397355.2323987947
20080111,20080114,600249.SH,buy,14400.0,26.443813047265902,380790.907880629,114.2372723641887,0.0,190.30030378839,16450.087245801464
20080111,20080114,600653.SH,buy,2600.0,6.20200797027489,16125.220722714714,5.0,0.0,8.058581070819855,319.86652308675
20080118,20080121,000701.SZ,sell,37300.0,10.579620637311706,394619.84977172664,118.38595493151799,197.30992488586332,197.40862920042127,394624.020414996
20080118,20080121,000799.SZ,sell,15600.0,25.812124594080537,402669.14366765635,120.8007431002969,201.33457183382816,201.43528947856976,796971.0287677182
20080118,20080121,000955.SZ,sell,68500.0,7.306730985772359,500511.0725254066,150.15332175762197,250.25553626270332,250.38072662596824,1297081.6924351044
20080118,20080121,600249.SH,sell,14400.0,26.67963733582023,384186.77763581136,115.2560332907434,192.0933888179057,192.1894835596322,1680961.1206488071
20080118,20080121,600653.SH,sell,2600.0,6.195809061758874,16109.103560573072,5.0,8.054551780286536,8.058581070821674,1697057.1696575999
20080118,20080121,000720.SZ,buy,38300.0,10.26513,393154.479,117.94634369999999,0.0,196.47899999999208,1303784.7443139
20080118,20080121,000837.SZ,buy,32800.0,11.970083793409408,392618.74842382857,117.78562452714856,0.0,196.21126857755007,911048.2102655442
20080118,20080121,600601.SH,buy,56700.0,6.927242922639854,392774.6737136797,117.8324021141039,0.0,196.28919226070866,518155.7041497504
20080118,20080121,600862.SH,buy,53900.0,8.232213882465512,443716.3282648911,133.1148984794673,0.0,221.74729048716836,74306.26098637981
20080125,20080128,000720.SZ,sell,38300.0,10.324835,395441.1805,118.63235415,197.72059025000001,197.81949999998324,469431.08854197984
20080125,20080128,000837.SZ,sell,32800.0,12.172004759322704,399241.7561057847,119.77252683173539,199.62087805289235,199.72073842206737,868353.45124288
20080125,20080128,600601.SH,sell,56700.0,6.8435120479161915,388027.13311684807,116.40813993505441,194.01356655842403,194.11062186933123,1256070.1626532346
20080125,20080128,600862.SH,sell,53900.0,7.470355928554341,402652.184549079,120.79565536472369,201.3260922745395,201.42680567735806,1658400.225454674
20080125,20080128,000541.SZ,buy,77800.0,5.599535173779147,435643.83652001765,130.6931509560053,0.0,217.71306172915502,1222625.6957837003
20080125,20080128,002076.SZ,buy,100100.0,4.557753928571429,456231.16825,136.86935047499998,0.0,228.00158333330182,766257.6581832253
20080125,20080128,600078.SH,buy,17700.0,12.884448466535172,228054.73785767256,68.41642135730176,0.0,113.97038373697433,538134.5039041955
20080125,20080128,600707.SH,buy,34500.0,7.8039,269234.55,80.77036499999998,0.0,134.54999999998836,268819.1835391955
20080201,20080204,000541.SZ,sell,77800.0,4.857385314562253,377904.5774729433,113.37137324188298,188.95228873647164,189.0468121425365,646421.4373501604
20080201,20080204,002076.SZ,sell,100100.0,3.9786793080357143,398265.798734375,119.47973962031249,199.1328993671875,199.23251562501537,1044368.6234455479
20080201,20080204,600078.SH,sell,17700.0,11.04913164513785,195569.63011893994,58.670889035681974,97.78481505946998,97.83373192543513,1239781.7978603926
20080205,20080213,600707.SH,sell,34500.0,6.146925,212068.9125,63.620673749999995,106.03445625,106.08749999999418,1451681.0552303926
20080205,20080213,000970.SZ,buy,19100.0,6.28199755133624,119986.15323052219,35.995845969156655,0.0,59.96309506770922,1331658.9061539012
20080205,20080213,002079.SZ,buy,119800.0,4.216220330548783,505103.1955997442,151.53095867992326,0.0,252.42538510734448,826404.1795954772
20080205,20080213,600566.SH,buy,41400.0,5.801218487394957,240170.4453781512,72.05113361344536,0.0,120.02521008401527,586161.6830837126
20080205,20080213,600740.SH,buy,59900.0,6.818380792833947,408421.00949075347,122.52630284722603,0.0,204.10845052014338,177618.14729011187
20080205,20080213,600992.SH,buy,17000.0,10.385909583306907,176560.46291621742,52.968138874865225,0.0,88.23611340142088,1004.7162350195867
20080215,20080218,000970.SZ,sell,19100.0,6.25927935151596,119552.23561395484,35.86567068418645,59.77611780697742,59.806020817370154,120461.31006048326
20080215,20080218,002079.SZ,sell,119800.0,4.952225074943043,593276.5639781766,177.98296919345296,296.6382819890883,296.786675326759,713263.2527874772
20080215,20080218,600566.SH,sell,41400.0,6.1168025592054995,253235.62595110768,75.9706877853323,126.61781297555385,126.68115355231566,966296.290237824
20080215,20080218,600740.SH,sell,59900.0,7.385574175105949,442395.89308884635,132.7187679266539,221.1979465444232,221.30860084481537,1408338.2666121991
20080215,20080218,600992.SH,sell,17000.0,10.835437058413142,184202.4299930234,55.260728997907016,92.1012149965117,92.14728864084464,1592393.3346612281
20080215,20080218,000721.SZ,buy,67100.0,5.447908093816629,365554.6330950958,109.66638992852873,0.0,182.6859735607286,1226729.0351762038
20080215,20080218,002115.SZ,buy,45800.0,4.722345569711538,216283.42709278845,64.88502812783653,0.0,108.0876697115309,1010380.7230552875
20080215,20080218,600482.SH,buy,18100.0,21.135357032690695,382549.9622917016,114.76498868751047,0.0,191.17939145007404,627715.9957748984
20080215,20080218,600757.SH,buy,79800.0,6.876050680303168,548708.8442881928,164.61265328645783,0.0,274.21731348731555,78842.53883341921
20080215,20080218,600983.SH,buy,17000.0,4.612104127965132,78405.77017540725,23.521731052622172,0.0,39.18329344097583,413.2469269593421
20080222,20080225,000721.SZ,sell,67100.0,5.442462908315564,365189.26114797435,109.5567783443923,182.5946305739872,182.6859735607286,365310.35666601534
20080222,20080225,002115.SZ,sell,45800.0,4.76449476602564,218213.86028397433,65.4641580851923,109.10693014198716,109.16151089742198,583349.6458617625
20080222,20080225,600482.SH,sell,18100.0,19.662921374685666,355898.87688181055,106.76966306454315,177.94943844090528,178.03845766972518,938963.8036420676
20080222,20080225,600757.SH,sell,79800.0,6.571135215962013,524376.5902337686,157.31297707013056,262.18829511688426,262.31945484434254,1462920.8926036493
20080222,20080225,600983.SH,sell,17000.0,4.781831951986282,81291.14318376679,24.387342955130034,40.645571591883396,40.66590454416291,1544147.0028728691
20080222,20080225,000159.SZ,buy,37800.0,8.309882258164853,314113.5493586314,94.23406480758942,0.0,156.97828553651925,1229939.2194494302
20080222,20080225,000626.SZ,buy,78800.0,5.221243893051131,411434.01877242915,123.43020563172874,0.0,205.61420228501083,818381.7704713694
20080222,20080225,600368.SH,buy,181800.0,2.429473811496359,441678.3389300381,132.5035016790114,0.0,220.72880506241927,376570.9280396523
20080229,20080303,000159.SZ,sell,37800.0,7.845195191290825,296548.37823079317,88.96451346923794,148.27418911539658,148.34836329706013,672882.0675678608
20080229,20080303,000626.SZ,sell,78800.0,5.014082826371979,395109.72671811195,118.53291801543358,197.554863359056,197.65369020414073,1067675.7065045983
20080229,20080303,600368.SH,sell,181800.0,2.640747675873861,480087.92747386795,144.02637824216038,240.043963736934,240.16404575976776,1547379.5636364871
20080229,20080303,002153.SZ,buy,95900.0,3.964414414414415,380187.34234234237,114.0562027027027,0.0,189.9986718352302,1167078.165091442
20080229,20080303,600071.SH,buy,39700.0,9.717800104384134,385796.6641440501,115.73899924321502,0.0,192.80193110648543,781165.7619481486
20080229,20080303,600526.SH,buy,41100.0,9.459912126537784,388802.3884007029,116.64071652021086,0.0,194.30404217919568,392246.7328309255
20080229,20080303,600796.SH,buy,40400.0,8.921002928257685,360408.5183016105,108.12255549048314,0.0,180.11420204973547,31730.091973824543
20080307,20080310,002153.SZ,sell,95900.0,3.825226913570243,366839.2610113863,110.05177830341587,183.41963050569314,183.51138619874837,398275.88157640176
20080307,20080310,600071.SH,sell,39700.0,9.533341591858038,378473.6611967641,113.54209835902921,189.23683059838206,189.3314963465673,776446.7638442084
20080307,20080310,600526.SH,sell,41100.0,9.73397065026362,400066.1937258348,120.01985811775042,200.0330968629174,200.13316344463965,1176192.9046150625
20080307,20080310,600796.SH,sell,40400.0,10.05792606149341,406340.21288433374,121.90206386530011,203.17010644216688,203.27174231334357,1582208.0453290888
20080307,20080310,000014.SZ,buy,43200.0,8.93445318772137,385968.3777095632,115.79051331286894,0.0,192.8877449822612,1196123.8771062128
20080307,20080310,000975.SZ,buy,84100.0,4.14311770111808,348436.1986640305,104.53085959920915,0.0,174.13103381503606,847583.1475825831
20080307,20080310,600039.SH,buy,262900.0,1.3688482867620042,359870.2145897309,107.96106437691925,0.0,179.8451847024844,487604.9719284753
20080307,20080310,600551.SH,buy,70000.0,6.112148120704817,427850.3684493372,128.35511053480116,0.0,213.81827508710558,59626.248368603294
20080314,20080317,000014.SZ,sell,43200.0,7.7994542842384895,336936.42507910274,101.08092752373082,168.4682125395514,168.5524887839565,396293.12430764275
20080314,20080317,000975.SZ,sell,84100.0,4.220855519498229,354973.94918980106,106.4921847569403,177.48697459490054,177.57576247607358,750983.094338092
20080314,20080317,600039.SH,sell,262900.0,1.2655894467589544,332723.4655529291,99.81703966587872,166.36173277646455,166.44495525409002,1083440.3811185788
20080314,20080317,600551.SH,sell,70000.0,6.279876437155979,439591.3506009185,131.87740518027553,219.79567530045927,219.90562811447307,1522680.0586390167
20080314,20080317,000795.SZ,buy,43000.0,4.046761570173866,174010.74751747627,52.20322425524287,0.0,86.96189281233819,1348617.1078972851
20080314,20080317,000893.SZ,buy,82400.0,6.337958550368549,522247.7845503685,156.67433536511052,0.0,260.9933955774177,826212.6490115515
20080314,20080317,000990.SZ,buy,26900.0,13.631648591087808,366691.34710026206,110.00740413007861,0.0,183.25404652691213,459411.2945071594
20080314,20080317,600132.SH,buy,16900.0,18.259812671832037,308590.83415396145,92.57725024618843,0.0,154.2183079230017,150727.88310295175
20080321,20080324,000795.SZ,sell,43000.0,3.576988169922926,153810.4913066858,46.14314739200574,76.9052456533429,76.94371751209837,304415.3260165922
20080321,20080324,000893.SZ,sell,82400.0,5.8485926683046685,481924.03586830467,144.5772107604914,240.96201793415233,241.08255921374075,785953.8226562022
20080321,20080324,000990.SZ,sell,26900.0,12.231757863695936,329034.2865334207,98.7102859600262,164.51714326671035,164.59944298822666,1114724.8817603963
20080321,20080324,600132.SH,sell,16900.0,19.465081385903524,328959.87542176957,98.68796262653086,164.4799377108848,164.56221882026875,1443421.5892818286
20080321,20080324,000753.SZ,buy,213100.0,3.372217556373677,718619.5612632305,215.58586837896914,0.0,359.1302155237645,724586.4421502191
20080321,20080324,002199.SZ,buy,44300.0,9.465216565349541,419309.09384498466,125.79272815349539,0.0,209.54977203643648,305151.55557708093
20080321,20080324,600340.SH,buy,284500.0,1.0720923704885834,305010.279404002,91.50308382120059,0.0,152.42892523942282,49.773089257709216
20080328,20080331,000753.SZ,sell,213100.0,2.567744477680626,547186.3481937414,164.1559044581224,273.5931740968707,273.7300391163444,546798.3722044441
20080328,20080331,600340.SH,sell,284500.0,0.8550751538587448,243268.8812728129,72.98066438184387,121.63444063640645,121.69528828051989,789872.6383722387
20080328,20080331,600575.SH,buy,538200.0,1.466070496076676,789039.140988467,236.71174229654008,0.0,394.3224092895398,596.785641475115
20080328,20080331,600675.SH,buy,100.0,5.862049430901749,586.2049430901749,5.0,0.0,0.29295599354827573,5.580698384940092
20080403,20080407,002199.SZ,sell,44300.0,6.372192249240122,282288.1166413374,84.68643499240122,141.1440583206687,141.2146656534751,282067.8668464093
20080403,20080407,600575.SH,sell,538200.0,1.3079264669018906,703926.0244865975,211.17780734597923,351.96301224329875,352.1390817841748,985430.7505134175
20080403,20080407,600675.SH,sell,100.0,5.788923260160835,578.8923260160834,5.0,0.2894461630080417,0.28959095848733796,986004.3533932706
20080411,20080414,600740.SH,buy,118400.0,7.528309579503549,891351.8542132202,267.40555626396605,0.0,445.45320050627925,94385.09362378647
20080418,20080421,600740.SH,sell,118400.0,7.653444741042435,906167.8573394243,271.85035720182725,453.0839286697122,453.3105839616619,999828.0166773392
20080425,20080428,000609.SZ,buy,11500.0,25.849043456626305,297263.99975120253,89.17919992536075,0.0,148.55772101512412,702474.8377262114
20080425,20080428,000686.SZ,buy,22100.0,11.57267288523964,255756.07076379604,76.7268212291388,0.0,127.81412831772468,446642.0401411862
20080425,20080428,002128.SZ,buy,21900.0,10.802800458513358,236581.33004144256,70.97439901243276,0.0,118.23154924609116,209989.73570073122
20080425,20080428,600030.SH,buy,13900.0,15.033545961087599,208966.28885911763,62.689886657735286,0.0,104.43092896507005,960.7569549558684
20080425,20080428,600881.SH,buy,100.0,8.140687133240187,814.0687133240186,5.0,0.0,0.4068309411912878,141.6882416318498
20080430,20080505,000609.SZ,sell,11500.0,30.39192862829657,349507.17922541057,104.85215376762316,174.7535896127053,174.84101011772873,349369.2617236621
20080430,20080505,000686.SZ,sell,22100.0,12.45425391975898,275239.01162667345,82.57170348800203,137.61950581333673,137.68834998831153,624388.0821410342
20080430,20080505,600030.SH,sell,13900.0,17.37857305970831,241562.1655299455,72.46864965898364,120.78108276497275,120.8415035167418,865756.9979385557
20080430,20080505,600881.SH,sell,100.0,8.721865769084213,872.1865769084212,5.0,0.43609328845421064,0.43631144417622636,866623.7484221756
20080430,20080505,000006.SZ,buy,69300.0,3.8464214947156505,266557.00958379457,79.96710287513837,0.0,133.21189884241903,599986.7717355059
20080430,20080505,000685.SZ,buy,50800.0,6.090927512437811,309419.1176318408,92.82573528955224,0.0,154.63224269455532,290474.82836837554
20080430,20080505,002210.SZ,buy,178900.0,1.622719764296754,290304.5658326893,87.09136974980677,0.0,145.07974304480013,83.17116593645187
20080509,20080512,000006.SZ,sell,69300.0,3.481732847508807,241284.08633236034,72.38522589970809,120.64204316618017,120.70239436335396,241174.2302292309
20080509,20080512,000685.SZ,sell,50800.0,5.6286247784068175,285934.13874306635,85.7802416229199,142.96706937153317,143.03858866583323,526879.6216613027
20080509,20080512,002210.SZ,sell,178900.0,1.63654607805255,292778.0933636012,87.83342800908035,146.3890466818006,146.46227782068308,819423.4925502131
20080509,20080512,000965.SZ,buy,41800.0,6.401428650281191,267579.7175817538,80.27391527452613,0.0,133.72299729223596,551763.5010531847
20080509,20080512,002217.SZ,buy,71200.0,4.1761023842390355,297338.48975781933,89.20154692734579,0.0,148.59494740521768,254335.80974843807
20080509,20080512,600885.SH,buy,46600.0,5.45439440349258,254174.77920275426,76.25243376082628,0.0,127.02387766254833,84.77811192299123
20080516,20080519,000965.SZ,sell,41800.0,6.647164236617371,277851.4650906061,83.35543952718183,138.92573254530308,138.99523016036255,277713.96203045663
20080516,20080519,002217.SZ,sell,71200.0,4.866201013454482,346473.5121579591,103.94205364738772,173.23675607897957,173.32341778784757,623910.2953786894
20080516,20080519,600885.SH,sell,46600.0,5.190714494936002,241887.2954640177,72.56618863920531,120.94364773200884,121.00414980688947,865604.0810063359
20080516,20080519,002153.SZ,buy,70400.0,3.659594594594594,257635.4594594594,77.29063783783782,0.0,128.75335305318004,607891.3309090387
20080516,20080519,600753.SH,buy,69700.0,4.435894634340222,309181.8560135135,92.75455680405405,0.0,154.51367117115296,298616.72033872106
20080523,20080526,002153.SZ,sell,70400.0,3.4979642498570533,246256.68318993656,73.87700495698097,123.12834159496829,123.18993656322709,544676.3981821057
20080523,20080526,600753.SH,sell,69700.0,3.8068926338102815,265340.41657657665,79.60212497297299,132.67020828828834,132.73657657654257,809804.5424254211
20080523,20080526,002174.SZ,buy,77300.0,4.123501149278508,318746.63883922866,95.62399165176859,0.0,159.29367258329876,490962.27959454065
20080523,20080526,600367.SH,buy,25500.0,11.057771168056403,281973.1647854383,84.59194943563148,0.0,140.91612433054252,208904.52285966673
20080523,20080526,600609.SH,buy,36100.0,5.772885,208401.14849999998,62.52034454999999,0.0,104.14850000001024,440.85401511675445
20080530,20080602,002174.SZ,sell,77300.0,3.5896995913676415,277483.7784127187,83.2451335238156,138.74188920635933,138.8112948538037,277702.64540510526
20080530,20080602,600367.SH,sell,25500.0,11.642281160599282,296878.1695952817,89.0634508785845,148.43908479764085,148.51334146835143,574343.3124647108
20080530,20080602,600609.SH,sell,36100.0,5.25737,189791.057,56.937317099999994,94.8955285,94.9429999999993,763982.5366191107
20080530,20080602,000909.SZ,buy,63200.0,4.790016877637131,302729.06666666665,90.81871999999998,0.0,151.28888888889924,461162.6512324441
20080530,20080602,000967.SZ,buy,114800.0,2.0657768431676207,237151.18159564285,71.14535447869285,0.0,118.51633263149415,223940.32428232254
20080530,20080602,600027.SH,buy,60600.0,3.6914509443014785,223701.9272246696,67.11057816740087,0.0,111.79506607927033,171.28647948554135
20080606,20080610,000909.SZ,sell,63200.0,3.9445808720112514,249297.5111111111,74.78925333333332,124.64875555555555,124.71111111110076,249269.35958170774
20080606,20080610,000967.SZ,sell,114800.0,1.6923793001444258,194285.1436565801,58.285543096974024,97.14257182829004,97.1911674119765,443399.0751233626
20080606,20080610,600027.SH,sell,60600.0,3.4704887752431635,210311.61977973572,63.09348593392071,105.15580988986785,105.20841409688,653542.4456072745
20080606,20080610,002161.SZ,buy,34400.0,6.778447461950158,233178.59269108545,69.95357780732563,0.0,116.53103083014139,420293.8993383818
20080606,20080610,002178.SZ,buy,90100.0,2.2036096665646983,198545.2309574793,59.56356928724379,0.0,99.22300397671643,221689.10481161522
20080606,20080610,600648.SH,buy,21500.0,10.30069162897605,221464.8700229851,66.43946100689553,0.0,110.67709646327421,157.79532762322924
20080613,20080616,002128.SZ,sell,21900.0,8.625893871792613,188907.07579225823,56.67212273767746,94.45353789612912,94.50078829022823,188913.74545924764
20080613,20080616,002161.SZ,sell,34400.0,6.005527446990393,206590.1441764695,61.977043252940845,103.29507208823476,103.34674546096358,395338.617520376
20080613,20080616,002178.SZ,sell,90100.0,2.1708320587335574,195591.96849189352,58.67759054756805,97.79598424594677,97.84490669929073,590774.1124374759
20080613,20080616,600648.SH,sell,21500.0,9.98773737673315,214736.35359976275,64.42090607992881,107.36817679988138,107.42188774375245,805338.6769543588
20080704,20080707,000895.SZ,buy,97900.0,6.3016537221734605,616931.8994007818,185.07956982023452,0.0,308.3117938034702,188221.69798375678
20080704,20080707,600438.SH,buy,30700.0,6.124989045422287,188037.1636944642,56.41114910833925,0.0,93.97159604920307,128.12314018423785
20080711,20080714,000895.SZ,sell,97900.0,6.201779973565438,607154.2594120564,182.1462778236169,303.5771297060282,303.72899420314934,606796.659144711
20080711,20080714,600438.SH,sell,30700.0,6.1112989452724555,187616.8776198644,56.28506328595931,93.8084388099322,93.85536649316782,794263.4432624795
20080711,20080714,000919.SZ,buy,43300.0,5.208427124042569,225524.89447104323,67.65746834131296,0.0,112.70609418841195,568670.891323095
20080711,20080714,600505.SH,buy,45600.0,4.900792567587663,223476.14108199743,67.04284232459922,0.0,111.68222942625289,345127.70739877294
20080711,20080714,600643.SH,buy,34500.0,7.404888028668749,255468.63698907185,76.64059109672155,0.0,127.6704832529067,89582.42981860437
20080711,20080714,600791.SH,buy,15100.0,5.897158275580921,89047.08996127191,26.71412698838157,0.0,44.501294333458645,508.6257303440798
20080711,20080714,600845.SH,buy,200.0,1.998201143229591,399.64022864591817,5.0,0.0,0.1997202541958245,103.98550169816161
20080718,20080721,000919.SZ,sell,43300.0,4.7557139285624,205922.41310675195,61.77672393202558,102.96120655337597,103.01271290978184,205861.66067796468
20080718,20080721,600505.SH,sell,45600.0,4.658229456027125,212415.2631948369,63.72457895845107,106.20763159741846,106.26076197836665,418106.9916622457
20080718,20080721,600791.SH,sell,15100.0,5.152518253159396,77803.02562270689,23.340907686812066,38.90151281135345,38.92097329799435,495847.7748644544
20080718,20080721,600845.SH,sell,200.0,1.913691526804628,382.7383053609256,5.0,0.1913691526804628,0.19146488512296855,496225.32180066267
20080718,20080721,000737.SZ,buy,30700.0,7.64350413490289,234655.57694151872,70.3966730824556,0.0,117.26915389380883,261499.34818606148
20080718,20080721,002038.SZ,buy,29600.0,6.598402988632519,195312.72846352257,58.59381853905676,0.0,97.60756045152084,66128.02590399986
20080718,20080721,600346.SH,buy,62300.0,1.0597749582289056,66023.97989766081,19.807193969298243,0.0,32.99549220272456,84.23881236974557
20080725,20080728,000737.SZ,sell,30700.0,8.761664978584706,268983.1148425505,80.69493445276514,134.49155742127525,134.55883683968568,268852.1671630462
20080725,20080728,002038.SZ,sell,29600.0,6.945514647660813,205587.23357076006,61.676170071228015,102.79361678538002,102.84503930501523,474274.93094694964
20080725,20080728,600346.SH,sell,62300.0,1.1334485867446396,70613.84695419105,21.184154086257312,35.30692347709552,35.32458576996578,544832.2868235774
20080725,20080728,600643.SH,sell,34500.0,7.090631640883717,244626.79161048823,73.38803748314646,122.31339580524411,122.37458309679641,789263.3770007772
20080725,20080728,000410.SZ,buy,24800.0,8.836641796469367,219148.7165524403,65.74461496573208,0.0,109.51959847696708,570048.9158333711
20080725,20080728,002076.SZ,buy,93300.0,2.5583618749999997,238695.16293749996,71.60854888124999,0.0,119.28793749999022,331282.1443469899
20080725,20080728,002086.SZ,buy,56200.0,4.234885951054034,238000.5904492367,71.40017713477101,0.0,118.94082481219084,93210.15372061843
20080725,20080728,600241.SH,buy,15700.0,5.907410828025478,92746.35,27.823905,0.0,46.35000000000582,435.9798156184261
20080801,20080804,000410.SZ,sell,24800.0,8.540161843198339,211796.0137113188,63.538804113395635,105.8980068556594,105.95098234681063,212062.55671596818
20080801,20080804,002076.SZ,sell,93300.0,2.4027786644345235,224179.24939174103,67.2537748175223,112.08962469587051,112.14569754464901,436062.46270819585
20080801,20080804,002086.SZ,sell,56200.0,3.903528238429853,219378.28699975772,65.81348609992732,109.68914349987887,109.74401550763287,655265.2470783538
20080801,20080804,600241.SH,sell,15700.0,5.752536305732484,90314.81999999999,27.094445999999994,45.15741,45.179999999993015,745507.8152223538
20080801,20080804,002181.SZ,buy,51400.0,4.55871147984373,234317.7700639677,70.2953310191903,0.0,117.10033486451721,511119.7498273669
20080801,20080804,600165.SH,buy,84300.0,2.4259387437465256,204506.63609783212,61.35199082934963,0.0,102.20221694043721,306551.76173870545
20080801,20080804,600980.SH,buy,19700.0,10.348661442349846,203868.63041429195,61.16058912428758,0.0,101.88337352039525,102621.97073528921
20080808,20080811,002181.SZ,sell,51400.0,5.374334628429142,276240.7999012579,82.87223997037736,138.12039995062895,138.18949469795916,378641.7779966261
20080808,20080811,600165.SH,sell,84300.0,2.1262906001418416,179246.29759195723,53.773889277587166,89.62314879597862,89.6679827873595,557744.6785505097
20080808,20080811,600980.SH,sell,19700.0,8.521865826391934,167880.7567799211,50.36422703397633,83.94037838996054,83.98236957474728,725491.1307250069
20080808,20080811,002165.SZ,buy,102700.0,2.7997683985482027,287536.2145309004,86.26086435927012,0.0,143.69625913584605,437868.65532974724
20080815,20080818,002165.SZ,sell,102700.0,2.932307288818177,301147.9585616268,90.34438756848803,150.5739792808134,150.64930393279064,738775.6955245247
20080822,20080825,600620.SH,buy,63400.0,2.866635732728471,181744.70545498506,54.52341163649551,0.0,90.82693925785134,556976.466657903
20080822,20080825,600650.SH,buy,50000.0,7.259931130286985,362996.55651434924,108.89896695430477,0.0,181.4075744699221,193871.01117659948
20080822,20080825,600689.SH,buy,28600.0,6.768505305195568,193579.25172859323,58.07377551857796,0.0,96.74125523667317,233.68567248768522
20080829,20080901,600620.SH,sell,63400.0,2.745721973415434,174078.77311453852,52.22363193436155,87.03938655726927,87.0829280212929,174173.19576853458
20080829,20080901,600650.SH,sell,50000.0,7.3442134416334355,367210.6720816718,110.16320162450153,183.60533604083588,183.69718463311438,541090.099312541
20080829,20080901,600689.SH,sell,28600.0,6.9307836870130375,198220.4134485729,59.46612403457186,99.11020672428644,99.15978661758709,739151.936430355
20080829,20080901,000550.SZ,buy,102100.0,4.988007887612589,509275.60532524536,152.7826815975736,0.0,254.51054738886887,229723.54842351202
20080829,20080901,600272.SH,buy,32600.0,7.031244634615385,229218.57508846157,68.76557252653846,0.0,114.55201153847156,436.2077625239035
20080905,20080908,000550.SZ,sell,102100.0,4.59460216703775,469108.88125455426,140.73266437636627,234.55444062727713,234.6717765154899,469169.8019120745
20080905,20080908,600272.SH,sell,32600.0,7.263135846153847,236778.2285846154,71.03346857538462,118.3891142923077,118.44833846154506,705758.6079138222
20080919,20080922,000629.SZ,buy,41600.0,5.614183272563872,233550.02413865706,70.06500724159712,0.0,116.71665374242002,472138.5187679235
20080919,20080922,000978.SZ,buy,23400.0,8.03008389403128,187903.96312033196,56.371188936099585,0.0,93.90502904565074,284178.1844586555
20080919,20080922,002261.SZ,buy,76000.0,2.9211678832116785,222008.75912408758,66.60262773722627,0.0,110.94890510948608,62102.82270683069
20080919,20080922,600548.SH,buy,20100.0,3.0766505021614066,61840.675093444275,18.55220252803328,0.0,30.904885104173445,243.59541085838282
20080926,20081006,000629.SZ,sell,41600.0,5.174652360380024,215265.53819180897,64.57966145754268,107.6327690959045,107.68661240211804,215336.9211721139
20080926,20081006,000978.SZ,sell,23400.0,7.172907124162147,167846.02670539424,50.35380801161827,83.92301335269713,83.96499585060519,383048.6710561438
20080926,20081006,002261.SZ,sell,76000.0,2.2084040244624186,167838.7058591438,50.351611757743136,83.9193529295719,83.96133359635132,550753.1059506004
20080926,20081006,600548.SH,sell,20100.0,3.1231491858159717,62775.29863490103,18.83258959047031,31.387649317450517,31.40335099294316,613478.1843465935
20080926,20081006,000680.SZ,buy,26000.0,5.595300015755751,145477.80040964953,43.643340122894855,0.0,72.70254893033416,467956.74059682107
20080926,20081006,600011.SH,buy,49000.0,4.619369021739129,226349.08206521734,67.9047246195652,0.0,113.11798204155639,241539.75380698417
20080926,20081006,600435.SH,buy,60400.0,2.59138209937106,156519.47880201202,46.955843640603604,0.0,78.22062908645603,84973.31916133154
20080926,20081006,600452.SH,buy,167200.0,0.5078452559064078,84911.7267875514,25.473518036265414,0.0,42.434646070731105,36.11885574388725
20081010,20081013,000680.SZ,sell,26000.0,5.289185602745003,137518.82567137008,41.25564770141102,68.75941283568504,68.7938097405422,137444.9294665769
20081010,20081013,600011.SH,sell,49000.0,3.9851897731568995,195274.29888468806,58.582289665406414,97.63714944234404,97.68599243857898,332563.0089121572
20081010,20081013,600435.SH,sell,60400.0,2.1586591825976176,130383.0146288961,39.114904388668826,65.19150731444805,65.22411937413563,462841.7171293502
20081010,20081013,600452.SH,sell,167200.0,0.45417699801223016,75938.39406764488,22.781518220293464,37.96919703382244,37.98819112937781,538719.3604817409
20081010,20081013,000582.SZ,buy,64600.0,3.86248956092623,249516.82563583445,74.85504769075033,0.0,124.69606478550122,289127.67979821574
20081010,20081013,600161.SH,buy,31700.0,2.8118088828411043,89134.341586063,26.7403024758189,0.0,44.544898343854584,199966.5979096769
20081010,20081013,600529.SH,buy,64900.0,3.0772033020171317,199710.49430091184,59.91314829027355,0.0,99.8053444781981,196.19046047478332
20081017,20081020,000582.SZ,sell,64600.0,3.6932591872887337,238584.5434988522,71.57536304965565,119.2922717494261,119.35194772327668,238589.8663245279
20081017,20081020,600161.SH,sell,31700.0,2.784921349338732,88282.0067740378,26.48460203221134,44.1410033870189,44.16308492948883,326801.24749314645
20081017,20081020,600529.SH,sell,64900.0,2.824874044395321,183334.32548125632,55.00029764437689,91.66716274062816,91.71301925025182,509988.9055140178
20081017,20081020,002209.SZ,buy,115400.0,4.415252771053638,509520.16977958975,152.8560509338769,0.0,254.63276850548573,315.8796834941604
20081017,20081020,600495.SH,buy,100.0,2.929899269207979,292.98992692079787,5.0,0.0,0.14642175258404677,17.889756573362547
20081024,20081027,002209.SZ,sell,115400.0,4.474764938208689,516387.8738692827,154.91636216078481,258.1939369346414,258.32309848390287,515992.6533267607
20081024,20081027,600495.SH,sell,100.0,2.857455276845085,285.7455276845085,5.0,0.14287276384225425,0.14294423596021488,516273.25598168134
20081024,20081027,000957.SZ,buy,122200.0,1.4221140683750795,173782.33915543472,52.13470174663041,0.0,86.84774570487207,342438.7821245
20081024,20081027,600488.SH,buy,57500.0,3.3244546122459866,191156.14020414423,57.346842061243265,0.0,95.53030494958512,151225.29507829456
20081024,20081027,600528.SH,buy,36500.0,4.138667496585123,151061.363625357,45.318409087607094,0.0,75.49293534498429,118.61304384996765
20081031,20081103,000957.SZ,sell,122200.0,1.2303384190432116,150347.35480708047,45.10420644212414,75.17367740354024,75.21128304506419,150345.68996708476
20081031,20081103,600488.SH,sell,57500.0,2.817930028268174,162030.97662542,48.609292987626,81.01548831271,81.05601632088656,312247.04181120446
20081031,20081103,600528.SH,sell,36500.0,4.478408708969742,163461.9178773956,49.038575363218676,81.73095893869781,81.77184486109763,475578.19015429815
20081107,20081110,002039.SZ,buy,46400.0,3.124199041356362,144962.8355189352,43.48885065568056,0.0,72.44519516188302,330571.86578470725
20081107,20081110,002066.SZ,buy,59700.0,3.136779651037993,187265.74516696818,56.17972355009045,0.0,93.58607954368927,143249.94089418897
20081107,20081110,002091.SZ,buy,123000.0,1.129003999288383,138867.4919124711,41.66024757374133,0.0,69.3990464330127,4340.788734144124
20081107,20081110,600449.SH,buy,1000.0,4.0805634715025905,4080.5634715025903,5.0,0.0,2.039262104698537,255.2252626415334
20081114,20081117,002039.SZ,sell,46400.0,3.325920320340147,154322.70286378282,46.296810859134844,77.1613514318914,77.19995140758692,154454.4699641333
20081114,20081117,002066.SZ,sell,59700.0,3.5542368341970505,212187.9390015639,63.65638170046917,106.09396950078195,106.14704302229802,366472.658614496
20081114,20081117,002091.SZ,sell,123000.0,1.3813050880626223,169900.52583170254,50.97015774951076,84.95026291585127,84.9927592954773,536237.2640255332
20081114,20081117,600449.SH,sell,1000.0,4.767715003573343,4767.715003573343,5.0,2.3838575017866717,2.385050026799945,540997.5951716048
20081114,20081117,000504.SZ,buy,55200.0,3.3216599999999996,183355.63199999998,55.00668959999999,0.0,91.63199999998324,357586.9564820048
20081114,20081117,000600.SZ,buy,46400.0,3.802268330041517,176425.25051392638,52.92757515417791,0.0,88.16854098645854,181108.77839292423
20081114,20081117,000752.SZ,buy,47400.0,3.7078475476839237,175751.97376021798,52.72559212806539,0.0,87.8320708446845,5304.079040578188
20081114,20081117,600496.SH,buy,4200.0,1.2512351465021732,5255.187615309127,5.0,0.0,2.6262806673212253,43.891425269061074
20081121,20081124,000504.SZ,sell,55200.0,3.09845,171034.44,51.310331999999995,85.51722000000001,85.55999999999767,170941.50387326907
20081121,20081124,000600.SZ,sell,46400.0,3.676916987114891,170608.94820213094,51.18268446063928,85.30447410106547,85.34714767491096,341413.96491683833
20081121,20081124,000752.SZ,sell,47400.0,3.487984751624398,165330.47722699645,49.59914316809893,82.66523861349822,82.70659190946026,506612.1777620532
20081121,20081124,600496.SH,sell,4200.0,1.380302073461377,5797.268708537783,5.0,2.8986343542688915,2.9000843964668093,512401.5478362367
20081121,20081124,000042.SZ,buy,54800.0,2.8428616746925472,155788.8197731516,46.736645931945475,0.0,77.85548214550363,356565.99141715316
20081128,20081201,000042.SZ,sell,54800.0,2.40276749222107,131671.65857371464,39.50149757211439,65.83582928685732,65.86876366869546,488132.3126640088
20081128,20081201,000801.SZ,buy,116300.0,1.394372979030996,162165.57746130484,48.64967323839145,0.0,81.04226759684389,325918.0855294656
20081128,20081201,600369.SH,buy,56800.0,2.9159756769365335,165627.4184499951,49.68822553499853,0.0,82.77232306345832,160240.97885393546
20081128,20081201,600562.SH,buy,175700.0,0.911264789332684,160109.22348575256,48.03276704572576,0.0,80.01460444062832,83.72260113718221
20081205,20081208,000801.SZ,sell,116300.0,1.4401989402761384,167495.13675411488,50.248541026234456,83.74756837705745,83.7894631086092,167444.86324584877
20081205,20081208,600369.SH,sell,56800.0,3.1561429779376033,179268.92114685586,53.78067634405676,89.63446057342793,89.67930022353539,346570.3692557871
20081205,20081208,600562.SH,sell,175700.0,0.9521864385452186,167299.1572523949,50.18974717571847,83.64957862619745,83.69142433835077,513735.6871823801
20081205,20081208,000032.SZ,buy,39900.0,4.3870715428719125,175044.15456058932,52.513246368176794,0.0,87.4783381112502,338639.0193754226
20081205,20081208,002177.SZ,buy,74400.0,2.3498813904265705,174831.17544773684,52.449352634321045,0.0,87.37190177294542,163755.39457505147
20081205,20081208,600749.SH,buy,35900.0,4.550608033258714,163366.82839398785,49.01004851819635,0.0,81.64259290051996,339.5561325454328
20081212,20081215,000032.SZ,sell,39900.0,4.449882881782081,177550.326983105,53.2650980949315,88.7751634915525,88.81957327818964,177747.84285406396
20081212,20081215,002177.SZ,sell,74400.0,2.129790521452071,158456.4147960341,47.536924438810225,79.22820739801706,79.26784131865134,336077.4925182612
20081212,20081215,600749.SH,sell,35900.0,3.9778022369683415,142803.10030716346,42.84093009214904,71.40155015358174,71.43726878796588,478766.3503451789
20081212,20081215,000665.SZ,buy,66000.0,2.4617921956295525,162478.28491155047,48.743485473465135,0.0,81.19854318417492,316239.32194815495
20081212,20081215,002134.SZ,buy,29300.0,5.70285,167093.505,50.1280515,0.0,83.50500000000466,149095.68889665493
20081219,20081222,000665.SZ,sell,66000.0,2.350028005549775,155101.84836628515,46.53055450988554,77.55092418314257,77.58971904264763,304073.455784247
20081219,20081222,002134.SZ,sell,29300.0,5.587205,163705.1065,49.11153194999999,81.85255325,81.89350000000559,467647.59819904703
20081219,20081222,000782.SZ,buy,63200.0,2.6415628959537574,166946.77502427748,50.08403250728324,0.0,83.43167167631327,300650.73914226226
20081219,20081222,002027.SZ,buy,186100.0,0.876127971596545,163047.41551411702,48.9142246542351,0.0,81.48296627390664,137554.409403491
20081219,20081222,002112.SZ,buy,46000.0,2.9865587514379253,137381.70256614455,41.214510769843365,0.0,68.65652302154922,131.49232657661196
20081226,20081229,000782.SZ,sell,63200.0,2.3032293121387286,145564.09252716764,43.669227758150285,72.78204626358382,72.8184554913314,145579.13357972252
20081226,20081229,002027.SZ,sell,186100.0,0.7545278288534585,140417.62894962862,42.12528868488858,70.20881447481432,70.243936443032,285884.42842619144
20081226,20081229,002112.SZ,sell,46000.0,3.1233822228121406,143675.58224935847,43.10267467480754,71.83779112467924,71.87372798865545,429445.07020975044
20081226,20081229,000629.SZ,buy,24600.0,6.035571162536911,148475.050598408,44.5425151795224,0.0,74.20042508665938,280925.4770961629
20081226,20081229,000661.SZ,buy,40200.0,3.5291022933200025,141869.9121914641,42.56097365743923,0.0,70.8995063425682,139013.00393104137
20081226,20081229,002136.SZ,buy,41700.0,2.7876000000000003,116242.92000000001,34.872876,0.0,58.092413793099695,22735.211055041364
20081226,20081229,600248.SH,buy,11500.0,1.9698143861671469,22652.86544092219,6.795859632276656,0.0,11.320772334292997,75.54975448689947
20081231,20090105,000629.SZ,sell,24600.0,5.925916032224934,145777.53439273336,43.733260317820005,72.88876719636669,72.92522981128423,145736.4621197061
20081231,20090105,000661.SZ,sell,40200.0,3.6039210648003497,144877.62680497405,43.46328804149221,72.43881340248703,72.47505092795473,290498.1868232362
20081231,20090105,002136.SZ,sell,41700.0,3.2075908045977015,133756.53655172416,40.12696096551724,66.87826827586208,66.9117241379281,424147.7181457189
20081231,20090105,002014.SZ,buy,131900.0,1.20712070812426,159219.2214015899,47.765766420476965,0.0,79.56982578788302,264880.73097770853
20081231,20090105,002019.SZ,buy,65200.0,3.2959174328529643,214893.81662201328,64.46814498660397,0.0,107.3932117051445,49922.446210708644
20081231,20090105,002198.SZ,buy,26000.0,1.915767878077374,49809.96483001172,14.942989449003514,0.0,24.892536146922794,97.53839124792285
20081231,20090105,600703.SH,buy,100.0,0.8087412296680946,80.87412296680945,5.0,0.0,0.04041685305686826,11.664268281113394
20090109,20090112,002014.SZ,sell,131900.0,1.279776434853696,168802.5117572025,50.64075352716075,84.40125587860125,84.44347761737299,168679.13401607785
20090109,20090112,002019.SZ,sell,65200.0,3.4568892848556896,225389.18137259097,67.6167544117773,112.69459068629548,112.75096616934752,393888.0040435707
20090109,20090112,002198.SZ,sell,26000.0,2.072038882375928,53873.010941774126,16.161903282532236,26.936505470887063,26.94998046111141,447717.91657659144
20090109,20090112,600703.SH,sell,100.0,0.9320380482754486,93.20380482754486,5.0,0.04660190241377243,0.04662521502127959,447806.07377951656
20090109,20090112,000661.SZ,buy,35400.0,4.238843976754358,150055.0767771043,45.016523033131286,0.0,74.99004336685175,297705.9804793792
20090109,20090112,000809.SZ,buy,42700.0,3.7703234461325965,160992.81114986187,48.29784334495856,0.0,80.45617748619406,136664.87148617237
20090109,20090112,002010.SZ,buy,58800.0,2.319711987889513,136399.06488790337,40.919719466371006,0.0,68.16544971906114,224.8868788026448
20090116,20090119,000661.SZ,sell,35400.0,5.053324101730926,178887.67320127477,53.66630196038243,89.44383660063738,89.48858089107671,178969.4499415164
20090116,20090119,000809.SZ,sell,42700.0,3.5125315296961324,149985.09631802485,44.99552889540745,74.99254815901243,75.03006319061387,328834.5581824868
20090116,20090119,002010.SZ,sell,58800.0,2.1990758126072727,129305.65778130763,38.79169733439228,64.65282889065382,64.68517147639068,458036.7714375694
20090116,20090119,600248.SH,sell,11500.0,1.7211217175792508,19792.899752161386,5.937869925648415,9.896449876080693,9.90140057636745,477813.83686992904
20090116,20090119,000617.SZ,buy,43400.0,4.3870817928618235,190399.34981020313,57.119804943060934,0.0,95.1520988556731,287357.3672547828
20090116,20090119,000913.SZ,buy,58800.0,2.6601769841531313,156418.40666820412,46.92552200046123,0.0,78.17011827495298,130892.03506457823
20090116,20090119,600064.SH,buy,92500.0,1.4138803513750675,130783.93250219374,39.23517975065812,0.0,65.35928660776699,68.8673826338345
20090123,20090202,000617.SZ,sell,43400.0,4.333230798507839,188062.21665524022,56.41866499657206,94.03110832762012,94.07814740130561,187980.63426454988
20090123,20090202,000913.SZ,sell,58800.0,2.5412517181168255,149425.60102526934,44.8276803075808,74.71280051263467,74.75017560043489,337286.69480899896
20090123,20090202,600064.SH,sell,92500.0,1.507854571423237,139476.5478566494,41.84296435699482,69.7382739283247,69.77316050857189,476651.66142736305
20090123,20090202,000518.SZ,buy,58000.0,2.911455,168864.39,50.659317,0.0,84.39000000001397,307736.612110363
20090123,20090202,000530.SZ,buy,73000.0,2.3691465435615457,172947.69767999285,51.88430930399785,0.0,86.43063352323952,134737.03012106617
20090123,20090202,000890.SZ,buy,43000.0,3.130381732370905,134606.41449194893,40.38192434758468,0.0,67.26957245974336,90.23370476966375
20090206,20090209,000518.SZ,sell,58000.0,3.3883050000000003,196521.69000000003,58.956507,98.26084500000002,98.30999999996857,196454.7063527697
20090206,20090209,000530.SZ,sell,73000.0,2.6394125076920023,192677.11306151617,57.80313391845485,96.33855653075808,96.38674990570871,388977.6777238366
20090206,20090209,000890.SZ,sell,43000.0,3.6905469183786788,158693.51749028318,47.60805524708495,79.34675874514159,79.386451971106,547544.2404001276
20090206,20090209,000042.SZ,buy,43700.0,4.223923026374277,184585.4362525559,55.37563087576677,0.0,92.24659482884454,362903.428516696
20090206,20090209,000516.SZ,buy,232800.0,0.7497765518019712,174547.9812594989,52.36439437784966,0.0,87.23037544201361,188303.08286281922
20090206,20090209,600075.SH,buy,34000.0,5.388634627269389,183213.57732715923,54.964073198147766,0.0,91.56100815947866,5034.5414624618425
20090206,20090209,600300.SH,buy,2200.0,2.2484759139050223,4946.647010591049,5.0,0.0,2.4720874615650246,82.89445187079309
20090213,20090216,000042.SZ,sell,43700.0,4.669689472514447,204065.42994888133,61.21962898466439,102.03271497444067,102.08375685286592,203985.07205679303
20090213,20090216,000516.SZ,sell,232800.0,0.7597658904521858,176873.49929726886,53.062049789180655,88.43674964863443,88.48099014369654,380717.07255462406
20090213,20090216,600075.SH,sell,34000.0,5.512965521410851,187440.82772796892,56.232248318390674,93.72041386398446,93.76729751273524,568007.9476204106
20090213,20090216,600300.SH,sell,2200.0,2.5111683407356797,5524.570349618495,5.0,2.7622851748092474,2.76366700831295,573524.7556848542
20090213,20090216,000411.SZ,buy,42900.0,4.485762127772378,192439.195281435,57.731758584430494,0.0,96.17151188474963,381027.8286448348
20090213,20090216,000607.SZ,buy,47300.0,4.2012702014218,198720.08052725115,59.61602415817534,0.0,99.31038507106132,182248.1320934255
20090213,20090216,002179.SZ,buy,81600.0,2.0928960412187214,170780.31696344767,51.2340950890343,0.0,85.34748473935178,11416.581034888804
20090213,20090216,600072.SH,buy,800.0,12.717300280636108,10173.840224508886,5.0,0.0,5.084377923290958,1237.740810379919
20090213,20090216,600369.SH,buy,200.0,4.756611736806297,951.3223473612594,5.0,0.0,0.4754234619495037,281.4184630186595
20090220,20090223,000411.SZ,sell,42900.0,4.272152272392566,183275.33248564106,54.98259974569231,91.63766624282053,91.68350799681502,183410.13068267124
20090220,20090223,000607.SZ,sell,47300.0,3.961170082938389,187363.3449229858,56.20900347689573,93.6816724614929,93.72853672984638,370623.58492971864
20090220,20090223,002179.SZ,sell,81600.0,1.9626322866671553,160150.79459203986,48.04523837761195,80.07539729601993,80.11545502350782,530646.2588860849
20090220,20090223,600072.SH,sell,800.0,11.943791253507955,9555.033002806364,5.0,4.7775165014031815,4.779906454630691,540191.5143723899
20090220,20090223,600369.SH,sell,200.0,4.48917231023423,897.834462046846,5.0,0.448917231023423,0.4491418019243838,541083.8999172057
20090220,20090223,000625.SZ,buy,139800.0,1.4905975920597831,208385.54336995768,62.515663010987296,0.0,104.14070133431233,332635.84088423697
20090220,20090223,000752.SZ,buy,30800.0,5.173283315866694,159337.1261286942,47.801137838608255,0.0,79.62874868998188,173250.91361770418
20090220,20090223,000789.SZ,buy,68300.0,2.535425948075705,173169.59225357065,51.95087767607119,0.0,86.54152536406764,29.370486457453808
20090227,20090302,000625.SZ,sell,139800.0,1.328742290536235,185758.17221696564,55.72745166508969,92.87908610848282,92.92554888292216,185638.93616564953
20090227,20090302,000752.SZ,sell,30800.0,4.509816904212953,138902.36064975895,41.670708194927684,69.45118032487947,69.4859232865274,324430.17492688866
20090227,20090302,000789.SZ,sell,68300.0,2.222345669457539,151786.2092239499,45.535862767184966,75.89310461197495,75.9310701470531,476094.9551834594
20090227,20090302,600613.SH,buy,25100.0,7.254009268029816,182075.6326275484,54.62268978826451,0.0,90.99232015368761,293964.69986612274
20090227,20090302,600892.SH,buy,122500.0,2.0288345650798667,248532.23422228367,74.55967026668509,0.0,124.20401510357624,45357.90597357237
20090227,20090302,601918.SH,buy,9200.0,4.923057025986525,45292.12463907603,13.587637391722808,0.0,22.634744947063155,52.193697104623425
20090306,20090309,600613.SH,sell,25100.0,7.0179138665658085,176149.6380508018,52.84489141524053,88.0748190254009,88.11887846462196,176060.91203746578
20090306,20090309,600892.SH,sell,122500.0,1.9818221311086508,242773.21106080973,72.83196331824291,121.38660553040486,121.44732919498347,418639.9045294268
20090306,20090309,601918.SH,sell,9200.0,5.555449951876805,51110.13955726661,15.33304186717998,25.555069778633303,25.567853705484595,469709.1559750476
20090306,20090309,000510.SZ,buy,41000.0,4.093978416810593,167853.1150892343,50.35593452677029,0.0,83.88461523698061,301805.68495128653
20090306,20090309,002249.SZ,buy,86700.0,1.837465564738292,159308.26446280992,47.79247933884297,0.0,79.61432506886194,142449.62800913776
20090306,20090309,600307.SH,buy,40800.0,3.489802672026484,142383.94901868055,42.71518470560416,0.0,71.15639631118393,22.96380575161311
20090313,20090316,000510.SZ,sell,41000.0,3.67295630876991,150591.20865956633,45.177362597869895,75.29560432978316,75.33327096526045,150493.69949839028
20090313,20090316,002249.SZ,sell,86700.0,1.720185161271809,149140.05348226585,44.74201604467975,74.57002674113292,74.60733040631749,299514.4409378703
20090313,20090316,600307.SH,sell,40800.0,2.9575179002128165,120666.73032868291,36.20001909860487,60.33336516434146,60.36354693780595,420084.6378822903
20090313,20090316,000753.SZ,buy,71600.0,1.8697026000920383,133870.70616658995,40.16121184997698,0.0,66.90190213223104,286173.77050385036
20090313,20090316,002151.SZ,buy,24000.0,7.297091584158416,175130.198019802,52.53905940594059,0.0,87.52133834073902,110991.03342464243
20090313,20090316,002167.SZ,buy,41600.0,2.6634712915129146,110800.40572693724,33.24012171808117,0.0,55.37251660514448,157.38757598711527
20090320,20090323,000753.SZ,sell,71600.0,2.12924624175487,152454.0309096487,45.736209272894605,76.22701545482434,76.26514802884776,152489.4552609081
20090320,20090323,002151.SZ,sell,24000.0,6.855326170194607,164527.82808467056,49.35834842540116,82.26391404233529,82.30506657561637,316885.66108311096
20090320,20090323,002167.SZ,sell,41600.0,2.938613938160071,122246.33982745896,36.673901948237685,61.12316991372948,61.15374678710941,439034.20383870794
20090320,20090323,000790.SZ,buy,54800.0,2.969361187233078,162720.99306037268,48.8162979181118,0.0,81.3198366118886,276264.39448041713
20090320,20090323,000933.SZ,buy,30200.0,5.185140076471987,156591.230309454,46.97736909283619,0.0,78.25648691126844,119626.1868018703
20090320,20090323,600219.SH,buy,49100.0,2.4342691849533438,119522.61698120918,35.85678509436275,0.0,59.73144276921812,67.71303556674684
20090327,20090330,000790.SZ,sell,54800.0,3.622360458052931,198505.35310130063,59.55160593039018,99.25267655065032,99.3023277145112,198414.26185438636
20090327,20090330,000933.SZ,sell,30200.0,5.677595368756109,171463.3801364345,51.43901404093035,85.73169006821726,85.77457735687494,369740.47128671175
20090327,20090330,600219.SH,sell,49100.0,2.459442115220667,120758.60785733475,36.22758235720042,60.379303928667376,60.409508682991145,490402.47225776064
20090327,20090330,002129.SZ,buy,78000.0,2.256554267360605,176011.2328541272,52.80336985623816,0.0,87.9616356092738,314338.4360337772
20090327,20090330,600293.SH,buy,49700.0,3.3783901263918144,167905.98928167316,50.371796784501946,0.0,83.91103912124527,146382.07495531952
20090327,20090330,600438.SH,buy,36200.0,4.034083694109297,146033.82972675655,43.81014891802696,0.0,72.98042465103208,304.4350796449289
20090403,20090407,002129.SZ,sell,78000.0,2.327460669311399,181541.93220628912,54.46257966188673,90.77096610314456,90.81637429026887,181701.133740169
20090403,20090407,600293.SH,sell,49700.0,4.415479990972013,219449.35555130907,65.83480666539272,109.72467777565454,109.77956755939522,400974.929807037
20090403,20090407,600438.SH,sell,36200.0,3.92788130352496,142189.30318760354,42.65679095628106,71.09465159380177,71.13021670214948,543050.4815520905
20090403,20090407,000828.SZ,buy,53400.0,3.3895365911799757,181001.2539690107,54.300376190703204,0.0,90.45539928483777,361994.9272068891
20090403,20090407,000885.SZ,buy,32900.0,5.055799774266366,166335.81257336345,49.90074377200903,0.0,83.12634311514557,195609.21388975362
20090403,20090407,002195.SZ,buy,255400.0,0.7322356606012659,187012.98771756332,56.10389631526899,0.0,93.45976397680352,8540.122275875037
20090403,20090407,600683.SH,buy,2000.0,4.187017686939182,8374.035373878363,5.0,0.0,4.1849252243246156,161.086901996674
20090410,20090413,000828.SZ,sell,53400.0,3.2795916200605117,175130.19251123132,52.53905775336939,87.56509625561566,87.6089007059636,175151.175259219
20090410,20090413,000885.SZ,sell,32900.0,5.81830835214447,191422.34478555305,57.426703435665914,95.71117239277653,95.75905191875063,366420.38216894364
20090410,20090413,002195.SZ,sell,255400.0,0.856289731671941,218696.39746901373,65.60891924070411,109.34819873450687,109.402900184592,584941.8225199821
20090410,20090413,600683.SH,sell,2000.0,4.744784945164507,9489.569890329014,5.0,4.744784945164507,4.747158524425686,594421.647625366
20090410,20090413,000571.SZ,buy,32900.0,5.632859682779455,185321.08356344406,55.59632506903321,0.0,92.61423466436099,409044.96773685294
20090410,20090413,000801.SZ,buy,94800.0,2.0348392117723515,192902.75727601894,57.87082718280568,0.0,96.40317704950576,216084.3396336512
20090410,20090413,002202.SZ,buy,17400.0,10.534712204007286,183303.9923497268,54.99119770491803,0.0,91.60619307833258,32725.356086219486
20090410,20090413,002232.SZ,buy,2500.0,12.89350391506304,32233.7597876576,9.670127936297279,0.0,16.108825481089298,481.9261706255893
20090410,20090413,600396.SH,buy,100.0,4.282158285105087,428.2158285105087,5.0,0.0,0.21400091379831565,48.71034211508061
20090417,20090420,000571.SZ,sell,32900.0,5.254628694338631,172877.28404374098,51.863185213122286,86.43864202187049,86.48188296332955,172787.69255862106
20090417,20090420,000801.SZ,sell,94800.0,1.9643369152618806,186219.13956682628,55.86574187004788,93.10956978341315,93.15614785734215,358857.8568137939
20090417,20090420,002202.SZ,sell,17400.0,10.36227225258045,180303.53719489984,54.09106115846995,90.15176859744992,90.19686703095795,539017.1511789378
20090417,20090420,002232.SZ,sell,2500.0,13.001591506303917,32503.97876575979,9.751193629727936,16.251989382879895,16.260119442602445,571495.1267616849
20090417,20090420,600396.SH,sell,100.0,4.28730090618337,428.73009061833704,5.0,0.21436504530916853,0.21447228144984365,571918.642487258
20090417,20090420,000736.SZ,buy,29700.0,6.521036666666666,193674.789,58.10243669999999,0.0,96.78899999998976,378185.75105055794
20090417,20090420,600187.SH,buy,48200.0,4.113604699429573,198275.74651250543,59.48272395375162,0.0,99.08832909166813,179850.52181409876
20090424,20090427,000736.SZ,sell,29700.0,5.523348055555555,164043.43725,49.21303117499999,82.02171862499999,82.06275000001187,343762.7243142987
20090424,20090427,000099.SZ,buy,32200.0,5.180083944281525,166798.7030058651,50.039610901759524,0.0,83.35767266660696,176913.98169753185
20090424,20090427,000531.SZ,buy,55900.0,2.859991130860836,159873.50421512072,47.962051264536214,0.0,79.89680370569113,16992.515431146603
20090424,20090427,000561.SZ,buy,1600.0,10.183881358249772,16294.210173199635,5.0,0.0,8.14303356981327,693.3052579469677
20090424,20090427,000691.SZ,buy,200.0,3.0015,600.3,5.0,0.0,0.2999999999999545,88.00525794696773
20090430,20090504,000099.SZ,sell,32200.0,5.810421276165437,187095.56509252707,56.12866952775812,93.54778254626353,93.59457983617904,187033.8938984
20090430,20090504,000531.SZ,sell,55900.0,2.976803043105597,166403.29010960288,49.92098703288086,83.20164505480145,83.24326668813592,353304.0613759152
20090430,20090504,000420.SZ,buy,87800.0,1.9709849999999998,173052.48299999998,51.915744899999986,0.0,86.48299999997835,180199.6626310152
20090430,20090504,000528.SZ,buy,27900.0,5.594947761363895,156099.04254205266,46.82971276261579,0.0,78.01051601301879,24053.790376199933
20090430,20090504,600303.SH,buy,6700.0,3.571267029972752,23927.489100817438,7.178246730245231,0.0,11.957765667575586,119.12302865225138
20090508,20090511,000420.SZ,sell,87800.0,2.1439275,188236.83450000003,56.471050350000006,94.11841725000002,94.16549999997369,188205.3680610523
20090508,20090511,000528.SZ,sell,27900.0,5.812929834065509,162180.7423704277,48.654222711128305,81.09037118521385,81.1309366535279,350256.36583758367
20090508,20090511,600187.SH,sell,48200.0,3.114100354322071,150099.6370783238,45.02989112349714,75.0498185391619,75.08736222027801,500235.9232062448
20090508,20090511,600303.SH,sell,6700.0,3.6985131244323344,24780.03793369664,7.434011380108991,12.39001896684832,12.396217075383902,524996.1371095945
20090508,20090511,000573.SZ,buy,53500.0,3.3458780915218984,179004.47789642157,53.701343368926466,0.0,89.45751019308227,345937.95786980406
20090508,20090511,002193.SZ,buy,18100.0,10.083766460945034,182516.1729431051,54.754851882931526,0.0,91.21248023142107,163367.03007481602
20090508,20090511,600753.SH,buy,38900.0,4.191771573926868,163059.91422575517,48.91797426772655,0.0,81.48921250662534,258.19787479311344
20090515,20090518,000573.SZ,sell,53500.0,3.2682553547437414,174851.66147879016,52.45549844363705,87.42583073939508,87.46956552212941,174969.97802440025
20090515,20090518,002193.SZ,sell,18100.0,9.105994387656704,164818.49841658634,49.445549524975895,82.40924920829318,82.45047444550437,339656.62164225336
20090515,20090518,600753.SH,sell,38900.0,3.628444541600424,141146.49266825648,42.34394780047694,70.57324633412824,70.60855060943868,480690.1971163752
20090515,20090518,000793.SZ,buy,32500.0,4.979867497454773,161845.6936672801,48.55370810018403,0.0,80.88240563080763,318795.9497409949
20090515,20090518,000890.SZ,buy,38900.0,4.656685868961688,181145.08030260965,54.34352409078289,0.0,90.52727651305031,137596.52591429447
20090515,20090518,002022.SZ,buy,10200.0,13.476995574734591,137465.35486229282,41.239606458687845,0.0,68.69832826699712,89.93144554295577
20090522,20090525,000793.SZ,sell,32500.0,4.6947506750724415,152579.39693985434,45.7738190819563,76.28969846992717,76.32786240111454,152547.26486784543
20090522,20090525,000890.SZ,sell,38900.0,4.341248611882288,168874.571002221,50.662371300666294,84.4372855011105,84.47952526374138,321286.73621326464
20090522,20090525,002022.SZ,sell,10200.0,11.247836951042542,114727.93690063393,34.41838107019017,57.36396845031697,57.392664782717475,435922.89076437807
20090522,20090525,002006.SZ,buy,41900.0,4.356238852424041,182526.40791656732,54.75792237497019,0.0,91.21759516067686,253341.7249254358
20090522,20090525,600293.SH,buy,33700.0,4.491501324104724,151363.5946223292,45.40907838669875,0.0,75.64397532347357,101932.72122471989
20090522,20090525,600621.SH,buy,14900.0,6.820856341706418,101630.75949142563,30.48922784742769,0.0,50.78998475334083,271.472505446829
20090522,20090525,600988.SH,buy,100.0,1.6771247444950714,167.71247444950714,5.0,0.0,0.08381433005970962,98.76003099732188
20090527,20090601,002006.SZ,sell,41900.0,4.716675133344211,197628.68808712243,59.288606426136724,98.81434404356122,98.86377593153156,197569.34516765008
20090527,20090601,600293.SH,sell,33700.0,4.870684113752633,164142.05463346373,49.24261639003912,82.07102731673187,82.1120833583991,361580.08615740703
20090527,20090601,600621.SH,sell,14900.0,6.897136929382285,102767.34024779605,30.83020207433881,51.38367012389803,51.409374811293674,464265.2125330048
20090527,20090601,600988.SH,sell,100.0,1.6432282952420718,164.32282952420718,5.0,0.08216141476210359,0.08220251602011786,464424.45320111426
20090527,20090601,000410.SZ,buy,17600.0,8.558635088265836,150631.9775534787,45.18959326604361,0.0,75.27834960192558,313747.2860543695
20090527,20090601,000537.SZ,buy,25100.0,6.461347302316208,162179.8172881368,48.653945186441035,0.0,81.04938395207864,151518.81482104628
20090527,20090601,002051.SZ,buy,45700.0,3.297522895485969,150696.79632370878,45.20903889711263,0.0,75.31074279046152,776.8094584403734
20090527,20090601,002121.SZ,buy,100.0,4.481822157772622,448.1822157772622,5.0,0.0,0.223979118329396,323.62724266311125
20090605,20090608,000410.SZ,sell,17600.0,8.411216310141919,148037.40705849777,44.41122211754933,74.0187035292489,74.05573139493936,148242.60437551409
20090605,20090608,000537.SZ,sell,25100.0,7.382934869074526,185311.6652137706,55.59349956413118,92.65583260688531,92.70218369871145,333406.0202571137
20090605,20090608,000691.SZ,sell,200.0,4.127935,825.587,5.0,0.4127935,0.4130000000000109,334226.1944636137
20090605,20090608,002051.SZ,sell,45700.0,3.16053857170642,144436.61272698338,43.330983818095014,72.21830636349169,72.25443358029588,478547.25790041545
20090605,20090608,002121.SZ,sell,100.0,4.3211562064965205,432.11562064965204,5.0,0.21605781032482602,0.21616589327146585,478974.15746325476
20090605,20090608,000065.SZ,buy,29800.0,5.742380401234568,171122.93595679014,51.33688078703704,0.0,85.51870862409123,307799.8846256776
20090605,20090608,000631.SZ,buy,47800.0,3.337223817969245,159519.29849892991,47.85578954967897,0.0,79.71978935477091,148232.730337198
20090605,20090608,002007.SZ,buy,26800.0,5.526817799152841,148118.71701729615,44.43561510518884,0.0,74.02234733497608,69.57770479668397
20090612,20090615,000065.SZ,sell,29800.0,5.607997067901234,167118.3126234568,50.135493787037035,83.5591563117284,83.600956790091,167054.1956781547
20090612,20090615,000631.SZ,sell,47800.0,3.739184482006975,178733.01823993342,53.61990547198002,89.36650911996671,89.4112147273263,345644.22750349616
20090612,20090615,002007.SZ,sell,26800.0,5.5046633405400645,147524.97752647373,44.257493257942116,73.76248876323686,73.79938845743891,493051.18504794873
20090612,20090615,000803.SZ,buy,38700.0,3.5712739691159,138208.30260478533,41.4624907814356,0.0,69.06961649414734,354801.419952382
20090612,20090615,002193.SZ,buy,21100.0,9.909407386692383,209088.49585920927,62.72654875776278,0.0,104.4920019286219,145650.19754441496
20090612,20090615,002209.SZ,buy,17200.0,8.44657051853739,145281.0129188431,43.58430387565293,0.0,72.60420435722335,325.6003216961981
20090619,20090622,000803.SZ,sell,38700.0,3.5880913626336337,138859.13573392163,41.657740720176484,69.42956786696082,69.4643000169599,139073.6487470307
20090619,20090622,002193.SZ,sell,21100.0,10.102718534233366,213167.36107232404,63.950208321697204,106.58368053616202,106.63699903566157,352070.4759304969
20090619,20090622,002209.SZ,sell,17200.0,8.42682028283858,144941.30886482357,43.482392659447065,72.47065443241179,72.50690788633074,496895.83174822864
20090619,20090622,000153.SZ,buy,40800.0,4.312013815789474,175930.16368421054,52.779049105263155,0.0,87.92112128148437,320912.8890149128
20090619,20090622,002258.SZ,buy,31200.0,5.447728124498063,169969.11748433957,50.99073524530187,0.0,84.94208769832039,150892.78079532794
20090619,20090622,600073.SH,buy,31200.0,4.8224964490738,150461.88921110253,45.13856676333076,0.0,75.19334793154849,385.7530174620624
20090619,20090622,600350.SH,buy,100.0,2.8557777305649443,285.57777305649444,5.0,0.0,0.14271752776437552,95.17524440556798
20090626,20090629,000153.SZ,sell,40800.0,3.924941105310831,160137.59709668191,48.04127912900457,80.06879854834096,80.10885297483765,160104.66226341014
20090626,20090629,002258.SZ,sell,31200.0,5.5819683855942035,174157.41363053914,52.24722408916174,87.07870681526957,87.12226794924936,334122.7499630449
20090626,20090629,600073.SH,sell,31200.0,4.309437977155709,134454.46488725813,40.336339466177435,67.22723244362906,67.26086287506041,468469.6512783932
20090626,20090629,600350.SH,sell,100.0,2.7704409013359084,277.0440901335908,5.0,0.1385220450667954,0.1385913407371504,468741.55684648175
20090626,20090629,000676.SZ,buy,33400.0,5.040486403184006,168352.2458663458,50.505673759903736,0.0,84.1340559052187,300338.8053063761
20090626,20090629,000761.SZ,buy,29500.0,5.9506385529608,175543.83731234362,52.66315119370308,0.0,87.72805462885299,124742.30484283876
20090626,20090629,600246.SH,buy,16300.0,7.645082766990291,124614.84910194174,37.38445473058252,0.0,62.276286407752195,90.07128616643604
20090703,20090706,000676.SZ,sell,33400.0,4.676863471399482,156207.2399447427,46.862171983422805,78.10361997237135,78.14269131803303,156172.34543895334
20090703,20090706,000761.SZ,sell,29500.0,5.616456422018349,165685.4644495413,49.70563933486238,82.84273222477064,82.88417431191192,321725.261516935
20090703,20090706,600246.SH,sell,16300.0,8.801642872903795,143466.77882833185,43.04003364849955,71.73338941416593,71.76927405121387,465077.2669222042
20090703,20090706,000534.SZ,buy,23700.0,6.737274637528891,159673.40890943471,47.90202267283041,0.0,79.79680605168687,305355.95599009667
20090703,20090706,000949.SZ,buy,45200.0,3.5199624784644383,159102.3040265926,47.73069120797778,0.0,79.51139631512342,146205.92127229608
20090703,20090706,002039.SZ,buy,22100.0,6.589016201869751,145617.2580613215,43.68517741839645,0.0,72.77224290921004,544.9780335561663
20090710,20090713,000534.SZ,sell,23700.0,6.916761224346851,163927.24101702037,49.1781723051061,81.96362050851019,82.00462281989167,164341.07725776293
20090710,20090713,000949.SZ,sell,45200.0,3.888100987088798,175742.16461641368,52.7226493849241,87.87108230820684,87.91503982810536,339942.64814248343
20090710,20090713,002039.SZ,sell,22100.0,6.24390548249089,137990.31116304867,41.397093348914595,68.99515558152433,69.02967041672673,477822.56705660163
20090710,20090713,002073.SZ,buy,17500.0,9.217298277047435,161302.7198483301,48.390815954499026,0.0,80.61105439692619,316471.456392317
20090710,20090713,002230.SZ,buy,64000.0,2.646015715228873,169345.00577464787,50.80350173239436,0.0,84.6301877934311,147075.64711593676
20090710,20090713,600281.SH,buy,17700.0,8.284139999999999,146629.278,43.988783399999996,0.0,73.27799999999115,402.3803325367626
20090710,20090713,600409.SH,buy,100.0,3.3102718864866993,331.02718864866995,5.0,0.0,0.16543087888487662,66.35314388809263
20090717,20090720,002073.SZ,sell,17500.0,9.542925060938769,167001.18856642846,50.100356569928536,83.50059428321423,83.54236546592438,166933.9407594634
20090717,20090720,600281.SH,sell,17700.0,8.985505,159043.4385,47.71303154999999,79.52171924999999,79.56150000001071,325850.1445086634
20090717,20090720,600409.SH,sell,100.0,3.4243702488702685,342.43702488702684,5.0,0.1712185124435134,0.1713041645257931,326187.410315038
20090717,20090720,000793.SZ,buy,35800.0,5.582122425405278,199839.98282950895,59.95199484885268,0.0,99.87005638654227,126287.4754906802
20090717,20090720,002132.SZ,buy,46000.0,2.7439862607173535,126223.36799299826,37.86701039789948,0.0,63.08014392454061,26.240487284041592
20090724,20090727,000793.SZ,sell,35800.0,5.576543092646253,199640.24271673587,59.892072815020754,99.82012135836794,99.87005638654227,199506.77100984653
20090724,20090727,002132.SZ,sell,46000.0,2.6698827250036463,122814.60535016772,36.844381605050316,61.40730267508386,61.438021685928106,322223.1246757341
20090724,20090727,002230.SZ,sell,64000.0,3.7778269843016434,241780.92699530517,72.53427809859154,120.89046349765259,120.95093896714388,563810.626929443
20090724,20090727,000712.SZ,buy,17900.0,10.063007712765955,180127.8380585106,54.03835141755317,0.0,90.01890957442811,383628.75051951484
20090724,20090727,000953.SZ,buy,25000.0,7.813904999999999,195347.62499999997,58.604287499999984,0.0,97.6249999999709,188222.52123201487
20090724,20090727,002033.SZ,buy,48500.0,3.8744096452328156,187908.86779379155,56.37266033813746,0.0,93.90748015677673,257.2807778851711
20090724,20090727,600527.SH,buy,100.0,1.4380004088397789,143.80004088397789,5.0,0.0,0.07186408839777414,108.48073700119323
20090731,20090803,000712.SZ,sell,17900.0,10.057736852963528,180033.48966804714,54.01004690041414,90.01674483402357,90.06177572187153,179997.9436133139
20090731,20090803,000953.SZ,sell,25000.0,7.746125,193653.125,58.0959375,96.82656250000001,96.875,373496.14611331385
20090731,20090803,002033.SZ,sell,48500.0,3.8515871734310236,186801.97791140465,56.040593373421395,93.40098895570233,93.44771281207795,560148.6824423894
20090731,20090803,600527.SH,sell,100.0,1.463704670633234,146.3704670633234,5.0,0.07318523353166169,0.07322184445388302,560289.9797242192
20090731,20090803,002238.SZ,buy,35600.0,4.7901795205297235,170530.39093085815,51.15911727925744,0.0,85.22258417334524,389708.42967608175
20090731,20090803,600027.SH,buy,54600.0,3.7971695860775503,207325.45939983425,62.197637819950266,0.0,103.6109242377861,182320.77263842756
20090731,20090803,600170.SH,buy,94600.0,1.9119176665614142,180867.41125670978,54.26022337701293,0.0,90.38851137264282,1399.1011583407817
20090731,20090803,600719.SH,buy,200.0,4.987183433570258,997.4366867140516,5.0,0.0,0.49846910880262385,396.6644716267301
20090807,20090810,002238.SZ,sell,35600.0,5.067759570191257,180412.24069880875,54.12367220964262,90.20612034940437,90.25124597238027,180664.5753778764
20090807,20090810,600027.SH,sell,54600.0,3.6564078946220615,199639.87104636457,59.89196131390936,99.81993552318228,99.86987045838032,380144.7345274039
20090807,20090810,600170.SH,sell,94600.0,1.78966524149908,169302.33184581297,50.790699553743885,84.65116592290649,84.6935126792232,549311.6245077403
20090807,20090810,600719.SH,sell,200.0,4.854323947512302,970.8647895024604,5.0,0.48543239475123023,0.4856752323673845,550277.0038648479
20090807,20090810,002021.SZ,buy,51900.0,3.6846618567364877,191233.9503646237,57.37018510938711,0.0,95.56919058700441,358985.6833151148
20090807,20090810,600063.SH,buy,52600.0,3.2222491139643457,169490.30339452458,50.84709101835737,0.0,84.70280029709102,189444.53282957186
20090807,20090810,600137.SH,buy,8600.0,18.569155520995334,159694.73748055988,47.90842124416796,0.0,79.8074650077615,29701.886927767802
20090807,20090810,600816.SH,buy,11000.0,2.685749903113293,29543.24893424622,8.862974680273865,0.0,14.764242345947423,149.77501884130834
20090814,20090817,002021.SZ,sell,51900.0,3.1318493767778643,162542.98265477116,48.76289479643134,81.27149132738558,81.31214740106952,162562.72328748865
20090814,20090817,600063.SH,sell,52600.0,2.5952066817434205,136507.87145970392,40.95236143791117,68.25393572985196,68.28807976972894,298961.3884500248
20090814,20090817,600137.SH,sell,8600.0,15.66867807153966,134750.63141524108,40.42518942457232,67.37531570762054,67.40902021771763,433604.21936013375
20090814,20090817,600816.SH,sell,11000.0,2.332925448262499,25662.17993088749,7.698653979266247,12.831089965443745,12.837508719800098,459245.8695470765
20090814,20090817,000589.SZ,buy,59300.0,5.572167605110469,330429.5389830508,99.12886169491523,0.0,165.13220338977408,128717.20170233084
20090814,20090817,002054.SZ,buy,19400.0,6.626835203405599,128560.60294606861,38.56818088382058,0.0,64.24817738433194,118.03057537840505
20090821,20090824,000589.SZ,sell,59300.0,6.6476477320147485,394205.5105084746,118.26165315254237,197.1027552542373,197.201355932164,394008.1766754462
20090821,20090824,002054.SZ,sell,19400.0,6.385123058272956,123871.38733049536,37.161416199148604,61.93569366524768,61.966677003743825,517780.46689607715
20090821,20090824,000519.SZ,buy,33700.0,7.003850192509625,236029.75148757437,70.8089254462723,0.0,117.95589779489092,281679.9064830565
20090821,20090824,002101.SZ,buy,52400.0,4.279713253346922,224256.97447537872,67.27709234261361,0.0,112.07245101217995,57355.65491533515
20090821,20090824,002209.SZ,buy,6200.0,9.244727073512548,57317.3078557778,17.195192356733337,0.0,28.644331762006914,21.151867200620472
20090828,20090831,000519.SZ,sell,33700.0,7.486629331466573,252299.4084704235,75.68982254112704,126.14970423521176,126.21281064051436,252118.72081084782
20090828,20090831,002101.SZ,sell,52400.0,3.8383911428174367,201131.69588363369,60.3395087650901,100.56584794181684,100.61615601982339,453089.5113377746
20090828,20090831,002209.SZ,sell,6200.0,9.10070918588355,56424.39695247801,16.927319085743402,28.212198476239006,28.22631163206097,509468.7687726906
20090828,20090831,002271.SZ,buy,237000.0,0.9872212316873901,233971.43190991145,70.19142957297343,0.0,116.92725232878001,275427.1454332062
20090904,20090907,002271.SZ,sell,237000.0,0.9334005125435847,221215.92147282956,66.36477644184886,110.60796073641478,110.66329238261096,496466.09416885755
20090904,20090907,000902.SZ,buy,77400.0,2.340658999513332,181167.0065623319,54.35010196869956,0.0,90.53823416406522,315244.73750455695
20090904,20090907,600079.SH,buy,33000.0,4.85229764582459,160125.82231221147,48.037746693663436,0.0,80.02289970623679,155070.8774456518
20090904,20090907,600111.SH,buy,29000.0,5.329867881910046,154566.16857539132,46.369850572617395,0.0,77.24446205666754,458.3390196878754
20090904,20090907,600327.SH,buy,100.0,2.6059295178808237,260.59295178808236,5.0,0.0,0.13023136021394066,192.74606789979305
20090911,20090914,000902.SZ,sell,77400.0,2.3967774980149077,185510.57834635387,55.65317350390615,92.75528917317693,92.80169001815375,185554.91595157658
20090911,20090914,600079.SH,sell,33000.0,4.874278664848231,160851.19593999162,48.25535878199748,80.42559796999582,80.46583088542684,346277.43093481625
20090911,20090914,600111.SH,sell,29000.0,5.948510288290073,172506.79836041213,51.75203950812363,86.25339918020606,86.29654745393782,518646.22385654005
20090911,20090914,600327.SH,sell,100.0,2.6563555828940304,265.63555828940304,5.0,0.13281777914470153,0.13288422125532406,518906.7265970503
20090911,20090914,000517.SZ,buy,66000.0,2.8420303748621825,187574.00474090406,56.27220142227121,0.0,93.74013230428682,331276.449654724
20090911,20090914,000529.SZ,buy,25800.0,7.423303952463048,191521.24197354662,57.456372592063985,0.0,95.7127646044537,139697.75130858528
20090911,20090914,000531.SZ,buy,27400.0,5.091083688443373,139495.69306334842,41.84870791900452,0.0,69.71299003667082,160.20953731785994
20090918,20090921,000517.SZ,sell,66000.0,2.5252744345327582,166668.11267916203,50.00043380374861,83.33405633958102,83.3757442116912,166694.98772633658
20090918,20090921,000529.SZ,sell,25800.0,6.935780862278496,178943.1462467852,53.68294387403556,89.4715731233926,89.51633128902176,345494.97945612436
20090918,20090921,000531.SZ,sell,27400.0,4.930423532701532,135093.60479602197,40.52808143880659,67.54680239801098,67.58059269434307,480480.5093683095
20090918,20090921,000766.SZ,buy,21200.0,7.993995,169472.694,50.841808199999996,0.0,84.69399999998859,310956.9735601095
20090918,20090921,002072.SZ,buy,13600.0,12.6063,171445.68,51.43370399999999,0.0,85.67999999999302,139459.8598561095
20090918,20090921,600135.SH,buy,19000.0,7.313159225739848,138950.0252890571,41.68500758671713,0.0,69.44029249827145,468.1495594656735
20090925,20090928,000766.SZ,sell,21200.0,7.026485000000001,148961.48200000002,44.688444600000004,74.48074100000001,74.51799999998184,149310.46237386568
20090925,20090928,002072.SZ,sell,13600.0,10.724635000000001,145855.03600000002,43.7565108,72.927518,72.96399999997811,295048.8143450657
20090925,20090928,600135.SH,sell,19000.0,6.398650416379904,121574.35791121818,36.47230737336545,60.787178955609086,60.81758774946502,416525.9127699549
20090925,20090928,000520.SZ,buy,29300.0,5.342669999999999,156540.23099999997,46.96206929999999,0.0,78.23099999997066,259938.7197006549
20090925,20090928,000752.SZ,buy,15300.0,8.284416809893104,126751.57719136449,38.025473157409344,0.0,63.344116537395166,133149.11703613302
20090925,20090928,002108.SZ,buy,75700.0,1.756900865877363,132997.39554691638,39.89921866407491,0.0,66.46546504090657,111.82227055256953
20090930,20091009,000520.SZ,sell,29300.0,4.747625,139105.4125,41.73162375,69.55270625,69.58749999999418,139105.95044055258
20090930,20091009,000561.SZ,sell,1600.0,7.776538623122351,12442.461796995762,5.0,6.221230898497881,6.2243430700309546,151537.19100664984
20090930,20091009,000752.SZ,sell,15300.0,7.596311032278349,116223.55879385874,34.86706763815762,58.11177939692937,58.14084982183704,267667.7709534735
20090930,20091009,002108.SZ,sell,75700.0,1.4512384402426812,109858.74992637098,32.95762497791129,54.92937496318549,54.95685338987096,377438.6338799034
20090930,20091009,000011.SZ,buy,60400.0,6.240783761051915,376943.33916753565,113.08300175026069,0.0,188.37748084333725,382.2117106174701
20091009,20091012,000011.SZ,sell,38600.0,6.499242518703242,250870.76122194514,75.26122836658354,125.43538061097257,125.4981296758051,251052.27632358504
20091009,20091012,000967.SZ,buy,58000.0,2.352878508413231,136466.9534879674,40.94008604639022,0.0,68.19937705545453,114544.38274957126
20091009,20091012,002004.SZ,buy,42600.0,2.6877615757412996,114498.64312657937,34.34959293797381,0.0,57.22071120768669,11.39003005392442
20091016,20091019,000967.SZ,sell,58000.0,2.4508159494684087,142147.3250691677,42.64419752075031,71.07366253458386,71.10921714315191,142044.9972391663
20091016,20091019,002004.SZ,sell,42600.0,2.6807233337809415,114198.81401906812,34.259644205720434,57.09940700953406,57.12797099501768,256152.45220701915
20091016,20091019,000425.SZ,buy,32400.0,4.9306485869839936,159753.0142182814,47.92590426548442,0.0,79.8365888147382,96351.51208447226
20091016,20091019,000973.SZ,buy,21900.0,4.3901957861198575,96145.28771602488,28.84358631480746,0.0,48.04861954822263,177.3807821325754
20091023,20091026,000425.SZ,sell,32400.0,4.806549747590324,155732.2118219265,46.71966354657795,77.86610591096326,77.90505844017025,155785.00683460152
20091023,20091026,000973.SZ,sell,21900.0,5.619883353995685,123075.4454525055,36.92263363575165,61.53772272625275,61.568506979732774,278761.991930745
20091023,20091026,000797.SZ,buy,73300.0,2.2548830970149254,165282.93101119404,49.58487930335821,0.0,82.6001654228894,113429.47604024762
20091023,20091026,000828.SZ,buy,29300.0,3.8700898494086364,113393.63258767304,34.018089776301906,0.0,56.668482052802574,1.825362798277638
20091030,20091102,000797.SZ,sell,73300.0,1.917303964735148,140538.38061508635,42.1615141845259,70.26919030754318,70.30434247877565,140427.77527339256
20091030,20091102,000828.SZ,sell,29300.0,3.485044906940497,102111.81577335656,30.633544732006964,51.055907886678284,51.081448610988446,242457.90159413044
20091030,20091102,002090.SZ,buy,24700.0,5.572473681975677,137640.09994479924,41.29202998343977,0.0,68.78565714383149,104776.50961934775
20091030,20091102,600513.SH,buy,26700.0,3.908630265182904,104360.42808038354,31.30812842411506,0.0,52.15413697170152,384.77341054008866
20091106,20091109,000011.SZ,sell,21800.0,8.664405145091816,188884.0321630016,56.66520964890047,94.4420160815008,94.4892607118527,189117.6983478113
20091106,20091109,002090.SZ,sell,24700.0,5.542931679292071,136910.41247851416,41.07312374355425,68.45520623925708,68.48945096472744,325918.58249634266
20091106,20091109,600513.SH,sell,26700.0,4.184952173848703,111738.22304176039,33.52146691252811,55.869111520880196,55.897060050891014,437567.41495966964
20091106,20091109,000885.SZ,buy,26200.0,6.051782844243792,158556.71051918736,47.5670131557562,0.0,79.23873589161667,278963.1374273265
20091106,20091109,002235.SZ,buy,31700.0,4.954378006121557,157053.78279405335,47.116134838216,0.0,78.48764757323079,121862.23849843495
20091106,20091109,600150.SH,buy,3100.0,38.18727024490526,118380.5377592063,35.51416132776189,0.0,59.16068853532488,3446.1865779008804
20091106,20091109,600165.SH,buy,1100.0,2.9370642023346303,3230.770622568093,5.0,0.0,1.614578022272326,210.41595533278723
20091113,20091116,000885.SZ,sell,26200.0,6.3773966139954865,167087.79128668175,50.12633738600452,83.54389564334087,83.5856884875684,167164.53700898518
20091113,20091116,002235.SZ,sell,31700.0,5.266189374726717,166938.20317883693,50.081460953651074,83.46910158941847,83.51085701791453,333969.18962527905
20091113,20091116,600150.SH,sell,3100.0,36.62677338815397,113542.9975032773,34.062899250983186,56.77149875163865,56.799898700992344,447421.3527305537
20091113,20091116,600165.SH,sell,1100.0,3.0636875313871688,3370.0562845258855,5.0,1.6850281422629427,1.6858710778014938,450784.7239869373
20091113,20091116,600298.SH,buy,14600.0,10.050506996778179,146737.4021529614,44.02122064588842,0.0,73.33203505896381,304003.30061333
20091113,20091116,600477.SH,buy,116900.0,1.406850324574151,164460.80294271826,49.33824088281548,0.0,82.18930681794882,139493.1594297289
20091113,20091116,600812.SH,buy,14000.0,9.906791864849547,138695.08610789364,41.60852583236809,0.0,69.31288661062717,756.464796002896
20091113,20091116,600839.SH,buy,200.0,3.28078595255361,656.157190510722,5.0,0.0,0.32791463793637377,95.30760549217405
20091120,20091123,600298.SH,sell,14600.0,10.246208674665404,149594.64665011488,44.87839399503446,74.79732332505745,74.83474069539807,149570.27853828698
20091120,20091123,600477.SH,sell,116900.0,1.6632475471280503,194433.6382592691,58.33009147778073,97.21681912963454,97.26545185555005,343848.36988694867
20091120,20091123,600812.SH,sell,14000.0,10.843549069670013,151809.68697538017,45.54290609261405,75.90484348769009,75.9428148951265,495536.6091127485
20091120,20091123,600839.SH,sell,200.0,3.371859274836839,674.3718549673678,5.0,0.33718592748368387,0.33735460478601453,496205.6437817884
20091120,20091123,002047.SZ,buy,32300.0,5.508918265274791,177938.05996837575,53.381417990512716,0.0,88.92456770030549,318214.20239542215
20091120,20091123,002233.SZ,buy,32200.0,5.317681224593495,171229.33543191056,51.368800629573165,0.0,85.57188177507487,146933.49816288202
20091120,20091123,600316.SH,buy,6500.0,22.4168079849983,145709.25190248896,43.712775570746686,0.0,72.81821684283204,1180.5334848223138
20091120,20091123,600894.SH,buy,200.0,5.271090931025324,1054.2181862050647,5.0,0.0,0.5268456702674484,121.31529861724903
20091127,20091130,002047.SZ,sell,32300.0,4.820818351243475,155712.43274516426,46.71372982354927,77.85621637258213,77.89516395452665,155709.17809758536
20091127,20091130,002233.SZ,sell,32200.0,4.609175176434055,148415.44068117658,44.52463220435297,74.2077203405883,74.244842761982,304005.88642621704
20091127,20091130,600316.SH,sell,6500.0,22.6453371974088,147194.6917831572,44.15840753494716,73.5973458915786,73.63416297305957,451082.82245594775
20091127,20091130,600894.SH,sell,200.0,4.86877034708695,973.7540694173899,5.0,0.486877034708695,0.4871205950062176,452051.0896483304
20091127,20091130,000020.SZ,buy,17100.0,11.835915,202394.1465,60.718243949999994,0.0,101.14650000000256,249596.22490438042
20091127,20091130,002039.SZ,buy,21100.0,7.285569343210268,153725.51314173665,46.11765394252099,0.0,76.82434439865756,95824.59410870125
20091127,20091130,002274.SZ,buy,18700.0,5.09787050802209,95330.17850001308,28.59905355000392,0.0,47.64126861569821,465.81655513816804
20091127,20091130,600490.SH,buy,200.0,1.943958303786697,388.7916607573394,5.0,0.0,0.19429868103810577,72.02489438082864
20091204,20091207,000020.SZ,sell,17100.0,11.624185,198773.56350000002,59.63206905,99.38678175000001,99.4364999999816,198686.56954358082
20091204,20091207,002039.SZ,sell,21100.0,7.101502139122168,149841.69513547776,44.95250854064332,74.92084756773887,74.95832673108089,348408.3913229502
20091204,20091207,002274.SZ,sell,18700.0,4.914873236579685,91908.12952404011,27.57243885721203,45.95406476202005,45.97705328866141,440242.9943433711
20091204,20091207,600490.SH,sell,200.0,1.8876388881009791,377.5277776201958,5.0,0.18876388881009792,0.18885831796904995,440615.33335710247
20091204,20091207,000571.SZ,buy,21900.0,7.268206042296071,159173.71232628395,47.75211369788518,0.0,79.54708262180793,281393.8689171206
20091204,20091207,002140.SZ,buy,15700.0,9.566745179122849,150197.89931222872,45.059369793668616,0.0,75.06141894662869,131150.91023509824
20091204,20091207,002142.SZ,buy,19800.0,6.611154058876003,130900.85036574486,39.27025510972346,0.0,65.41771632470773,210.7896142436657
20091211,20091214,000571.SZ,sell,21900.0,6.993433098647051,153156.1848603704,45.946855458111116,76.57809243018521,76.61640063050436,153244.44952672577
20091211,20091214,002140.SZ,sell,15700.0,9.195622307758752,144371.2702318124,43.31138106954372,72.18563511590621,72.22174598890706,297500.22274235275
20091211,20091214,002142.SZ,sell,19800.0,6.57515534830914,130188.07589652098,39.05642276895629,65.09403794826049,65.12660124886315,427584.1481781565
20091211,20091214,000065.SZ,buy,23700.0,6.44712962962963,152796.97222222222,45.83909166666666,0.0,76.36030595813645,274741.33686426765
20091211,20091214,002225.SZ,buy,18000.0,7.677684619238478,138198.3231462926,41.45949694388777,0.0,69.06462925850064,136501.55422103117
20091211,20091214,002230.SZ,buy,31700.0,4.302825220070422,136399.55947623236,40.91986784286971,0.0,68.16569688965683,61.07487695594318
20091218,20091221,000065.SZ,sell,23700.0,6.3716783749329045,151008.77748590984,45.30263324577295,75.50438874295492,75.54215982282767,150949.04534087706
20091218,20091221,002225.SZ,sell,18000.0,6.767656563126253,121817.81813627254,36.54534544088176,60.908909068136275,60.939378757509985,272669.40922264056
20091218,20091221,002230.SZ,sell,31700.0,3.764532578491784,119335.68273818954,35.80070482145686,59.66784136909477,59.69769021420507,391909.62341463956
20091218,20091221,600389.SH,buy,21900.0,5.655796306957042,123861.93912235921,37.15858173670776,0.0,61.90001955140906,268010.5257105436
20091218,20091221,600452.SH,buy,217600.0,1.2311465009180158,267897.4785997602,80.36924357992805,0.0,133.88179840066005,32.67786720348522
20091225,20091228,600389.SH,sell,21900.0,5.801706757906552,127057.37799815349,38.117213399446044,63.52868899907675,63.56046923369286,126988.40996295845
20091225,20091228,600452.SH,sell,217600.0,1.1473790756869944,249669.68686949,74.90090606084699,124.834843434745,124.89729208077188,376458.3610829528
20091225,20091228,000893.SZ,buy,6500.0,19.412448302211303,126180.91396437347,37.85427418931204,0.0,63.05892751843203,250239.59284439002
20091225,20091228,002008.SZ,buy,30900.0,5.88061201348883,181710.91121680485,54.51327336504145,0.0,90.81005058309529,68474.16835422014
20091225,20091228,600360.SH,buy,14300.0,4.772327830010572,68244.28796915118,20.47328639074535,0.0,34.10509143884701,209.40709867821715
20091231,20100104,000893.SZ,sell,6500.0,18.929596805896804,123042.37923832922,36.91271377149876,61.52118961916461,61.5519656019751,123153.35243361678
20091231,20100104,002008.SZ,sell,30900.0,6.169037024026979,190623.24404243365,57.18697321273009,95.31162202121683,95.35930167205515,313624.0978808165
20091231,20100104,600360.SH,sell,14300.0,4.831551952751346,69091.19292434426,20.727357877303277,34.54559646217213,34.562877901116735,382660.01785082126
20091231,20100104,000536.SZ,buy,14900.0,9.464408576095831,141019.6877838279,42.305906335148364,0.0,70.47460658859927,241598.0241606582
20091231,20100104,000779.SZ,buy,20000.0,7.653825,153076.5,45.92294999999999,0.0,76.5,88475.6012106582
20091231,20100104,600638.SH,buy,7500.0,11.719251577474159,87894.3868310562,26.368316049316856,0.0,43.92523080013052,554.8460635526862
20091231,20100104,600730.SH,buy,100.0,3.943117472799741,394.3117472799741,5.0,0.0,0.19705734496750438,155.53431627271215
20100108,20100111,000536.SZ,sell,14900.0,9.10404357745712,135650.2493041111,40.695074791233324,67.82512465205555,67.85905417913455,135697.2634209405
20100108,20100111,000779.SZ,sell,20000.0,7.079791666666668,141595.83333333334,42.47875,70.79791666666668,70.83333333334303,277179.82008760714
20100108,20100111,600638.SH,sell,7500.0,12.6530400785756,94897.800589317,28.4693401767951,47.4489002946585,47.4726366129471,372001.7024364527
20100108,20100111,600730.SH,sell,100.0,3.8959414637868504,389.594146378685,5.0,0.19479707318934253,0.1948945204495658,372386.10178575816
20100108,20100111,000567.SZ,buy,69500.0,2.112274969749891,146803.11039761742,44.04093311928522,0.0,73.36487276243861,225538.95045502146
20100108,20100111,000920.SZ,buy,17800.0,7.217929535368173,128479.14572955348,38.54374371886604,0.0,64.2074691302114,97021.26098174912
20100108,20100111,600158.SH,buy,11300.0,8.546722542955326,96577.96473539519,28.973389420618552,0.0,48.26484994273051,414.32285693331505
20100115,20100118,000567.SZ,sell,69500.0,2.114229576498472,146938.9555666438,44.08168666999313,73.46947778332189,73.50623089875444,147235.72725912379
20100115,20100118,000920.SZ,sell,17800.0,7.111567878815325,126585.90824291279,37.975772472873835,63.2929541214564,63.32461642967246,273720.36677544226
20100115,20100118,600158.SH,sell,11300.0,8.565575321878582,96791.00113722797,29.03730034116839,48.39550056861398,48.41971042381192,370433.93511176045
20100115,20100118,002004.SZ,buy,34200.0,4.26905404250644,146001.64825372025,43.80049447611607,0.0,72.96434195587062,224388.4863635641
20100115,20100118,002023.SZ,buy,21500.0,6.827609533618344,146793.6049727944,44.03808149183831,0.0,73.36012242516153,77550.84330927787
20100115,20100118,600173.SH,buy,10000.0,7.724992113154739,77249.9211315474,23.174976339464216,0.0,38.605657736901776,277.74720139101555
20100122,20100125,002004.SZ,sell,34200.0,4.0210850006714125,137521.1070229623,41.256332106888685,68.76055351148115,68.79495098697953,137688.83733873494
20100122,20100125,002023.SZ,sell,21500.0,6.213059813447338,133580.78598911778,40.07423579673533,66.79039299455889,66.82380489699426,271162.75869906147
20100122,20100125,600173.SH,sell,10000.0,7.494871241503399,74948.712415034,22.484613724510197,37.474356207517,37.49310275889002,346051.5121441634
20100122,20100125,000517.SZ,buy,52300.0,2.732631990244228,142916.6530897731,42.87499592693193,0.0,71.42261523724301,203091.9840584634
20100122,20100125,000520.SZ,buy,25200.0,6.153075,155057.49000000002,46.517247000000005,0.0,77.49000000001979,47987.97681146336
20100122,20100125,000573.SZ,buy,10400.0,4.593353626879446,47770.87771954624,14.33126331586387,0.0,23.87350210871955,202.76782860125968
20100129,20100201,000517.SZ,sell,52300.0,2.4531901735101846,128301.84607458266,38.49055382237479,64.15092303729134,64.1830145445565,128401.97242632427
20100129,20100201,000520.SZ,sell,25200.0,5.147425000000001,129715.11000000003,38.914533000000006,64.85755500000002,64.88999999998487,258013.31033832429
20100129,20100201,000573.SZ,sell,10400.0,4.02754700281552,41886.48882928141,12.56594664878442,20.943244414640702,20.953721275269345,299866.28997654223
20100129,20100201,000786.SZ,buy,22300.0,6.118736206708641,136447.8174096027,40.93434522288081,0.0,68.18981379788602,163377.53822171665
20100129,20100201,002159.SZ,buy,8000.0,15.148815140151275,121190.5211212102,36.357156336363055,0.0,60.56497807157575,42150.65994417008
20100129,20100201,600371.SH,buy,6900.0,6.0821880330895235,41967.09742831771,12.590129228495313,0.0,20.97306218306767,170.972386623871
20100205,20100208,000786.SZ,sell,22300.0,6.134983774176511,136810.1381641362,41.04304144924086,68.40506908206811,68.43928872642573,136871.66244022877
20100205,20100208,002159.SZ,sell,8000.0,14.694740100425857,117557.92080340686,35.267376241022056,58.77896040170343,58.80836458399426,254335.5369069929
20100205,20100208,600371.SH,sell,6900.0,6.041634507980277,41687.27810506391,12.506183431519172,20.843639052531955,20.854066085572413,295989.4651895728
20100205,20100208,000796.SZ,buy,17000.0,7.880822864321608,133973.98869346734,40.1921966080402,0.0,66.95351758794277,161975.2842994974
20100205,20100208,600292.SH,buy,14800.0,8.501619555607258,125823.96942298741,37.74719082689622,0.0,62.88054443926376,36113.5676856831
20100212,20100222,000796.SZ,sell,17000.0,7.1667665829145735,121835.03190954775,36.55050957286432,60.917515954773876,60.94798994973826,157851.13156970323
20100212,20100222,600292.SH,sell,14800.0,8.227936091205214,121773.45414983717,36.53203624495115,60.88672707491859,60.91718566772761,279527.1669562205
20100212,20100222,000776.SZ,sell,72400.0,17.151238859235352,1241749.6934086394,372.5249080225918,620.8748467043197,621.1854394241236,1520283.4606101331
20100212,20100222,000586.SZ,buy,45300.0,7.44372,337200.516,101.16015479999999,0.0,168.51600000000326,1182981.7844553331
20100212,20100222,000779.SZ,buy,64100.0,7.360900833333334,471833.7434166667,141.550123025,0.0,235.79897222219734,711006.4909156414
20100212,20100222,002253.SZ,buy,22600.0,14.478516096423016,327214.46377916017,98.16433913374804,0.0,163.5254691549926,383693.8627973475
20100212,20100222,600228.SH,buy,44300.0,8.64432,382943.37600000005,114.8830128,0.0,191.3760000000475,635.6037845474202
20100226,20100301,000586.SZ,sell,45300.0,7.5762100000000006,343202.313,102.9606939,171.6011565,171.68699999997625,343563.35493414744
20100226,20100301,000779.SZ,sell,64100.0,7.485699722222223,479833.3521944445,143.95000565833334,239.91667609722225,240.03669444436673,823012.8404468364
20100226,20100301,002253.SZ,sell,22600.0,15.143033819336447,342232.5643170037,102.6697692951011,171.11628215850186,171.2018831000314,1164971.6187123866
20100226,20100301,600228.SH,sell,44300.0,8.55572,379018.39600000007,113.70551880000001,189.50919800000003,189.60399999993388,1543686.7999955867
20100226,20100301,000158.SZ,buy,50500.0,7.656231351626016,386639.68325711385,115.99190497713414,0.0,193.22323001356563,1156931.1248334958
20100226,20100301,000530.SZ,buy,99000.0,4.228895454274768,418660.649973202,125.59819499196058,0.0,209.2257121305447,738144.8766653019
20100226,20100301,002191.SZ,buy,79900.0,4.916950641058982,392864.35622061265,117.85930686618379,0.0,196.3340111047146,345162.661137823
20100226,20100301,600769.SH,buy,50000.0,6.893444999999999,344672.24999999994,103.40167499999997,0.0,172.2499999999418,387.0094628231018
20100305,20100308,000158.SZ,sell,50500.0,7.776936144986451,392735.2753218158,117.82058259654472,196.36763766090792,196.4658705961774,392808.09656438144
20100305,20100308,000530.SZ,sell,99000.0,4.321140649502748,427792.9243007721,128.3378772902316,213.89646215038604,214.00346388231264,820258.7865257129
20100305,20100308,000776.SZ,sell,26400.0,17.860246764833665,471510.5145916088,141.45315437748263,235.7552572958044,235.8731938926503,1291392.0927056484
20100305,20100308,002191.SZ,sell,79900.0,4.650825405700614,371600.94991547905,111.48028497464371,185.80047495773954,185.8934216685011,1662695.761861195
20100305,20100308,600769.SH,sell,50000.0,7.2463750000000005,362318.75,108.69562499999999,181.159375,181.25,2024724.656861195
20100305,20100308,000655.SZ,buy,25300.0,16.6565466068769,421410.6291539856,126.42318874619566,0.0,210.60001456964528,1603187.6045184634
20100305,20100308,600367.SH,buy,31700.0,11.29815749779676,358151.5926801573,107.44547780404717,0.0,178.9863031884306,1244928.566360502
20100305,20100308,600382.SH,buy,105200.0,3.9569435717528876,416270.46374840377,124.88113912452111,0.0,208.03121626604116,828533.2214729737
20100305,20100308,600653.SH,buy,91700.0,5.112555,468821.2935,140.64638804999998,0.0,234.29349999997066,359571.2815849237
20100305,20100308,600689.SH,buy,34000.0,10.550905328687207,358730.78117536503,107.6192343526095,0.0,179.27575271128444,732.8811752060428
20100312,20100315,000655.SZ,sell,25300.0,17.22140020964191,435701.4253039403,130.71042759118208,217.85071265197016,217.95969249826157,436085.7453389032
20100312,20100315,600367.SH,sell,31700.0,9.990076243418526,316685.4169163673,95.00562507491018,158.34270845818367,158.4219194178586,752517.8139217375
20100312,20100315,600382.SH,sell,105200.0,3.832445314850025,403173.2471222226,120.95197413666678,201.5866235611113,201.68746729474515,1155368.5224462624
20100312,20100315,600653.SH,sell,91700.0,4.787605,439023.3785,131.70701355,219.51168925,219.62150000000838,1594040.6822434624
20100312,20100315,600689.SH,sell,34000.0,10.003397975803612,340115.5311773228,102.03465935319683,170.0577655886614,170.14283700712258,1933884.1209958433
20100312,20100315,000011.SZ,buy,44100.0,8.528805459079573,376120.3207454092,112.83609622362275,0.0,187.96617728401907,1557650.9641542104
20100312,20100315,002263.SZ,buy,140800.0,2.856676243093922,402220.0150276242,120.66600450828724,0.0,201.00950276240474,1155310.283122078
20100312,20100315,002315.SZ,buy,21300.0,17.747264215661556,378016.72779359116,113.40501833807734,0.0,188.91390694328584,777180.1503101488
20100312,20100315,300042.SZ,buy,27600.0,14.436323713927225,398442.5345043914,119.53276035131742,0.0,199.12170639896067,378618.0830454061
20100312,20100315,600667.SH,buy,108500.0,3.485765101803696,378205.513545701,113.46165406371028,0.0,189.00825264648302,299.1078456413816
20100319,20100322,000011.SZ,sell,44100.0,8.679403309907052,382761.68596690096,114.82850579007028,191.3808429834505,191.47658127412433,382754.5844637688
20100319,20100322,002263.SZ,sell,140800.0,2.9176122872928176,410799.81005082873,123.23994301524861,205.39990502541437,205.50265635352116,793225.7546665568
20100319,20100322,002315.SZ,sell,21300.0,18.230417343182733,388307.8894097922,116.49236682293765,194.1539447048961,194.25107024004683,1181222.9977648212
20100319,20100322,300042.SZ,sell,27600.0,14.13345671267252,390083.40526976157,117.02502158092847,195.04170263488078,195.13927227101522,1570994.3363103669
20100319,20100322,600667.SH,sell,108500.0,3.8091232193574562,413289.869300284,123.98696079008519,206.644934650142,206.74830880446825,1983953.5737152107
20100319,20100322,600234.SH,buy,67700.0,5.500411389715256,372377.85108372284,111.71335532511684,0.0,186.09587760298746,1611464.0092761628
20100319,20100322,600283.SH,buy,53300.0,7.564138923766816,403168.60463677126,120.95058139103136,0.0,201.48356053809403,1208174.4540580006
20100319,20100322,600745.SH,buy,37300.0,9.784246857993395,364952.4078031536,109.48572234094608,0.0,182.38501139584696,843112.5605325061
20100319,20100322,601600.SH,buy,32400.0,12.604776722003116,408394.765792901,122.51842973787029,0.0,204.0953352288343,434595.2763098672
20100326,20100329,600234.SH,sell,67700.0,5.409278708032299,366208.16853378667,109.862450560136,183.10408426689332,183.1956821079366,800510.4783088269
20100326,20100329,600283.SH,sell,53300.0,7.155344304932736,381379.8514529148,114.41395543587444,190.6899257264574,190.78531838563504,1181585.2258805796
20100326,20100329,600745.SH,sell,37300.0,9.527137857574772,355362.242087539,106.6086726262617,177.6811210437695,177.77000604674686,1536663.1781744487
20100326,20100329,601600.SH,sell,32400.0,11.994330019260753,388616.29262404836,116.5848877872145,194.30814631202418,194.40534898656188,1924968.5777643977
20100326,20100329,000520.SZ,buy,57800.0,6.433215,371839.827,111.55194809999999,0.0,185.82699999999022,1553017.1988162978
20100326,20100329,000802.SZ,buy,48100.0,7.884619426081732,379250.1943945313,113.77505831835938,0.0,189.53033203125233,1173653.2293634482
20100326,20100329,002081.SZ,buy,128300.0,2.9730512367252424,381442.4736718486,114.43274210155457,0.0,190.62592387397308,792096.3229494981
20100326,20100329,600136.SH,buy,61300.0,6.5999275280898875,404575.5574719101,121.37266724157301,0.0,202.18668539321516,387399.39281034644
20100326,20100329,600303.SH,buy,61500.0,6.295080572207084,387147.45519073564,116.14423655722068,0.0,193.47698910080362,135.79338305356214
20100402,20100406,000520.SZ,sell,57800.0,6.086955000000001,351825.999,105.5477997,175.9129995,176.0009999999893,351680.3315838536
20100402,20100406,000802.SZ,sell,48100.0,7.950124511718752,382400.98901367193,114.72029670410157,191.20049450683598,191.296142578125,733775.3998063146
20100402,20100406,002081.SZ,sell,128300.0,3.012920735340184,386557.7303441456,115.96731910324368,193.2788651720728,193.37555294850608,1120023.883966185
20100402,20100406,600136.SH,sell,61300.0,6.504097849117175,398701.1981508828,119.61035944526482,199.3505990754414,199.45032423757948,1518406.121158547
20100402,20100406,600303.SH,sell,61500.0,6.595656017257039,405632.8450613079,121.68985351839235,202.81642253065394,202.91788147139596,1923714.4599438058
20100402,20100406,000590.SZ,buy,42300.0,9.2504373488665,391293.4998570529,117.38804995711587,0.0,195.54897544078995,1532303.5720367958
20100402,20100406,600135.SH,buy,33100.0,11.901997577426014,393956.1198128011,118.18683594384031,0.0,196.8796200963552,1138229.2653880508
20100402,20100406,600391.SH,buy,21800.0,17.190292978723406,374748.3869361702,112.42451608085106,0.0,187.2805531914346,763368.4539357997
20100402,20100406,600602.SH,buy,44400.0,9.091785883225675,403675.29321522,121.10258796456598,0.0,201.73677821847377,359572.0581326151
20100402,20100406,600716.SH,buy,37100.0,9.671516727272728,358813.2705818182,107.64398117454544,0.0,179.3169768024818,651.1435696223634
20100409,20100412,000590.SZ,sell,42300.0,9.03799133816121,382307.03360421915,114.69211008126574,191.15351680210958,191.24914137279848,382652.3315469581
20100409,20100412,600135.SH,sell,33100.0,12.440211744666207,411771.0087484515,123.53130262453543,205.88550437422575,205.9884986235411,794093.9234884109
20100409,20100412,600602.SH,sell,44400.0,9.543415238693619,423727.6365979967,127.11829097939899,211.86381829899835,211.969803200569,1217482.5779771293
20100409,20100412,600716.SH,sell,37100.0,8.702902380355278,322877.6783111808,96.86330349335422,161.4388391555904,161.5195989550557,1540101.954145661
20100409,20100412,000547.SZ,buy,89300.0,4.495973344566132,401490.4196697556,120.44712590092668,0.0,200.64488739118678,1138491.0873500046
20100409,20100412,000551.SZ,buy,49100.0,7.7533351337260825,380688.7550659506,114.20662651978517,0.0,190.2492529064766,757688.1256575342
20100409,20100412,000639.SZ,buy,86000.0,4.212475623509993,362272.90362185944,108.68187108655782,0.0,181.04592884652084,395306.54016458825
20100409,20100412,000848.SZ,buy,88100.0,4.302807445948466,379077.3359880599,113.72320079641796,0.0,189.44394602096872,16115.480975731974
20100409,20100412,600444.SH,buy,1000.0,15.462739639723731,15462.739639723732,5.0,0.0,7.727506066828937,647.7413360082428
20100416,20100419,000547.SZ,sell,89300.0,4.758405902836282,424925.64712328,127.47769413698398,212.46282356164,212.56910811568378,425233.44794158963
20100416,20100419,000551.SZ,sell,49100.0,8.39538312913821,412213.3116406861,123.66399349220583,206.10665582034306,206.20976070064353,837116.9889329632
20100416,20100419,000639.SZ,sell,86000.0,4.153510872455529,357201.9350311755,107.16058050935264,178.60096751558774,178.69031267194077,1194033.1624161138
20100416,20100419,000848.SZ,sell,88100.0,4.3336253083476715,381792.38966542983,114.53771689962893,190.8961948327149,190.99169067805633,1575520.1181698113
20100416,20100419,600444.SH,sell,1000.0,14.11658480726153,14116.58480726153,5.0,7.058292403630765,7.061823315289075,1589624.6446846693
20100416,20100419,000570.SZ,buy,27500.0,13.842639776765276,380672.5938610451,114.20177815831352,0.0,190.2411763423588,1208837.849045466
20100416,20100419,600137.SH,buy,19700.0,19.596107309486776,386043.31399688945,115.81299419906682,0.0,192.92519440117758,822678.7220543774
20100416,20100419,600575.SH,buy,78300.0,4.591124790668282,359485.07110932644,107.84552133279793,0.0,179.65270920004696,463085.8054237182
20100416,20100419,600576.SH,buy,44400.0,9.401841428571428,417441.7594285714,125.2325278285714,0.0,208.61657142854529,45518.81346731825
20100423,20100426,000570.SZ,sell,27500.0,13.265337591288615,364796.7837604369,109.43903512813107,182.39839188021847,182.4896366985049,410023.75980074686
20100423,20100426,600137.SH,sell,19700.0,19.2687433903577,379594.24479004665,113.87827343701399,189.79712239502334,189.89206842920976,789314.3291949615
20100423,20100426,600575.SH,sell,78300.0,4.426407522776344,346587.7090333878,103.97631271001632,173.2938545166939,173.38054478907725,1135624.7680611224
20100423,20100426,600576.SH,sell,44400.0,10.082131015873015,447646.6171047619,134.29398513142854,223.82330855238095,223.93527619045926,1582913.2678722003
20100423,20100426,000777.SZ,buy,28300.0,12.949604511134472,366473.80766510556,109.94214229953165,0.0,183.14533116691746,1216329.5180647953
20100423,20100426,600161.SH,buy,45200.0,7.615824000867576,344235.2448392144,103.27057345176432,0.0,172.0316066162777,871991.0026521292
20100423,20100426,600459.SH,buy,60300.0,7.289381110086359,439549.6809382075,131.86490428146223,0.0,219.66500796511536,432309.4568096402
20100430,20100504,000777.SZ,sell,28300.0,10.915308037847655,308903.21747108863,92.67096524132658,154.4516087355443,154.52887317212299,740965.551706752
20100430,20100504,600161.SH,sell,45200.0,7.090206060637359,320477.31394080864,96.14319418224258,160.23865697040432,160.31881637859624,1061186.483796408
20100430,20100504,600391.SH,sell,21800.0,13.486104638297872,293997.0811148936,88.19912433446807,146.9985405574468,147.0720765957376,1354948.3672464096
20100430,20100504,600459.SH,sell,60300.0,6.851613981722144,413152.3230978453,123.94569692935359,206.57616154892267,206.6795012995135,1767770.1684857768
20100430,20100504,600499.SH,buy,197300.0,8.956428221939522,1767103.2881886677,530.1309864566002,0.0,883.1100890499074,136.74931065249257
20100507,20100510,600499.SH,sell,197300.0,9.756816168634183,1925019.8300715243,577.5059490214572,962.5099150357621,962.991410740884,1923616.5635181195
20100507,20100510,002076.SZ,buy,116800.0,3.4398142857142857,401770.3085714286,120.53109257142856,0.0,200.78476190473884,1521725.7238541194
20100507,20100510,002083.SZ,buy,64000.0,7.13879865,456883.1136,137.06493407999997,0.0,228.32739310339093,1064705.5453200394
20100507,20100510,600088.SH,buy,31400.0,14.971665155869998,470110.2858943179,141.03308576829536,0.0,234.93767411005683,594454.2263399533
20100507,20100510,600482.SH,buy,21000.0,12.48348925398156,262153.27433361276,78.64598230008382,0.0,131.01113160100067,332222.3060240404
20100507,20100510,600737.SH,buy,27100.0,12.225432925072043,331309.23226945236,99.3927696808357,0.0,165.57183021953097,813.6809849072015
20100514,20100517,002076.SZ,sell,116800.0,3.1007925781250005,362172.57312500005,108.6517719375,181.08628656250002,181.17687499994645,362696.51605140726
20100514,20100517,600088.SH,sell,31400.0,12.968139593466729,407199.58323485526,122.15987497045657,203.59979161742763,203.70164243865293,769570.3396196747
20100514,20100517,600482.SH,sell,21000.0,11.270794306789606,236686.6804425817,71.0060041327745,118.34334022129086,118.40254149204702,1006067.6707179024
20100514,20100517,600737.SH,sell,27100.0,9.91993569263639,268830.25727044616,80.64907718113385,134.41512863522308,134.48236982012168,1274682.863782532
20100514,20100517,600651.SH,buy,142700.0,8.92752182536095,1273957.3644790074,382.1872093437022,0.0,636.6603520633653,343.3120941808447
20100521,20100524,002083.SZ,sell,64000.0,6.412271570689655,410385.38052413793,123.11561415724137,205.19269026206896,205.29533793102019,410400.3843138995
20100521,20100524,600651.SH,sell,142700.0,8.608040415210771,1228367.367250577,368.5102101751731,614.1836836252886,614.4909290897194,1637785.0576706764
20100521,20100524,000603.SZ,buy,47900.0,11.624089406701222,556793.8825809886,167.03816477429655,0.0,278.2578123843996,1080824.1369249136
20100521,20100524,002137.SZ,buy,78200.0,7.546940321114813,590170.7331111784,177.0512199333535,0.0,294.9378976067528,490476.3525938019
20100521,20100524,600173.SH,buy,45100.0,5.809540663734506,262010.2839344262,78.60308518032785,0.0,130.93967213114956,228387.46557419538
20100521,20100524,600703.SH,buy,32400.0,7.045219990407629,228265.12768920718,68.47953830676215,0.0,114.07552608154947,53.8583466814307
20100528,20100531,002137.SZ,sell,78200.0,7.847004556195093,613635.7562944562,184.09072688833683,306.8178781472281,306.9713638290996,613198.706036102
20100528,20100531,600173.SH,sell,45100.0,5.642519192323071,254477.6155737705,76.34328467213115,127.23880778688526,127.30245901638409,867472.7395174135
20100528,20100531,600703.SH,sell,32400.0,6.963215445560992,225608.18043617613,67.68245413085283,112.80409021808806,112.8605204783089,1092900.4334092408
20100528,20100531,000541.SZ,buy,61500.0,6.987005873295204,429700.86120765505,128.9102583622965,0.0,214.74305907427333,663070.6619432234
20100528,20100531,002090.SZ,buy,42300.0,8.089102656430462,342169.0423670086,102.65071271010257,0.0,170.99902167264372,320798.96886350476
20100528,20100531,002213.SZ,buy,31300.0,9.816799046554756,307265.8101571639,92.17974304714916,0.0,153.5561270150938,13440.978963293717
20100528,20100531,002297.SZ,buy,1000.0,12.495929751243782,12495.929751243782,5.0,0.0,6.244842454394529,940.0492120499348
20100604,20100607,000541.SZ,sell,61500.0,6.37969279108576,392351.10665177426,117.70533199553226,196.17555332588714,196.2736901709577,392977.2749785027
20100604,20100607,002090.SZ,sell,42300.0,7.30730314559413,309098.9230586317,92.7296769175895,154.54946152931586,154.62677491671639,701828.9188986875
20100604,20100607,002213.SZ,sell,31300.0,9.008404286937086,281963.0541811308,84.58891625433922,140.98152709056538,141.05205311713507,983566.4026364733
20100604,20100607,002297.SZ,sell,1000.0,11.88582857379768,11885.82857379768,5.0,5.94291428689884,5.945887230513108,995441.288295984
20100604,20100607,000409.SZ,buy,43000.0,7.482437023255814,321744.792,96.5234376,0.0,160.79200000001583,673599.972858384
20100604,20100607,002030.SZ,buy,192500.0,1.9570562967381302,376733.33712209004,113.020001136627,0.0,188.2725322948536,296753.61573515733
20100604,20100607,002279.SZ,buy,61800.0,4.7963243200920544,296412.84298168897,88.92385289450668,0.0,148.13235531316604,251.848900573852
20100611,20100617,000409.SZ,sell,43000.0,7.400948837209302,318240.8,95.47223999999999,159.1204,159.20000000001164,318238.05626057385
20100611,20100617,000603.SZ,sell,47900.0,13.509818905035173,647120.3255511848,194.13609766535544,323.5601627755924,323.7220237874426,964840.6855513176
20100611,20100617,002030.SZ,sell,192500.0,1.9860268381676272,382310.1663472682,114.69304990418046,191.1550831736341,191.25070852786303,1346845.003765508
20100611,20100617,002279.SZ,sell,61800.0,4.95725797378427,306358.5427798679,91.90756283396036,153.17927138993394,153.25589933962328,1652958.4597111521
20100611,20100617,002149.SZ,buy,37800.0,9.470533843280263,357986.17927599396,107.39585378279818,0.0,178.90363781910855,1294864.8845813754
20100611,20100617,002179.SZ,buy,103800.0,3.078270291167131,319524.4562231482,95.85733686694445,0.0,159.68238691810984,975244.5710213602
20100611,20100617,002261.SZ,buy,59500.0,5.766992333300453,343136.04383137694,102.94081314941307,0.0,171.48228077526437,632005.5863768338
20100611,20100617,300069.SZ,buy,20000.0,15.164216807558427,303284.33615116857,90.98530084535057,0.0,151.56638488319004,328630.26492481993
20100611,20100617,600403.SH,buy,39400.0,8.33405503717472,328361.76846468396,98.50853053940519,0.0,164.09883481491124,169.98792959656566
20100618,20100621,002149.SZ,sell,37800.0,8.300748376767768,313768.2886418216,94.13048659254648,156.8841443209108,156.96262563375058,313687.2619405047
20100618,20100621,002179.SZ,sell,103800.0,2.794601946772465,290079.68207498186,87.02390462249456,145.03984103749093,145.11239723610925,603534.8802698266
20100618,20100621,002261.SZ,sell,59500.0,4.991261258630893,296980.04488853813,89.09401346656144,148.49002244426907,148.56430459656985,900277.3411224539
20100618,20100621,600403.SH,sell,39400.0,7.172873705349927,282611.2239907871,84.78336719723613,141.30561199539355,141.37630014546448,1182662.4761340483
20100618,20100621,000609.SZ,buy,31000.0,8.5500682202687,265052.1148283297,79.5156344484989,0.0,132.45982750039548,917530.84567127
20100618,20100621,600421.SH,buy,59300.0,6.4032,379709.76,113.912928,0.0,189.7600000000093,537707.17274327
20100618,20100621,600679.SH,buy,32200.0,8.225751992173604,264869.21414799005,79.46076424439701,0.0,132.36842286254978,272758.49783103564
20100618,20100621,600841.SH,buy,26400.0,9.018375050985725,238085.10134602315,71.42553040380693,0.0,118.98305914344382,34601.970954608696
20100625,20100628,000609.SZ,sell,31000.0,8.611046444684026,266942.4397852048,80.08273193556144,133.47121989260242,133.53798888705205,301330.85678798537
20100625,20100628,300069.SZ,sell,20000.0,14.259400795624067,285188.01591248135,85.5564047737444,142.5940079562407,142.6653406265541,586290.7222877368
20100625,20100628,600679.SH,sell,32200.0,7.614318135104155,245181.0439503538,73.55431318510614,122.59052197517691,122.65184789910563,831275.6214029304
20100625,20100628,600841.SH,sell,26400.0,8.968409541128485,236766.01188579202,71.0298035657376,118.383005942896,118.4422270563955,1067852.2204792136
20100625,20100628,000518.SZ,buy,68900.0,4.652325,320545.1925,96.16355775,0.0,160.19250000000466,747210.8644214636
20100625,20100628,000576.SZ,buy,43700.0,5.927626457837066,259037.2762074798,77.71118286224393,0.0,129.4539111481572,488095.8770311215
20100625,20100628,002108.SZ,buy,181700.0,1.7639454633809375,320508.8906963163,96.15266720889488,0.0,160.17435816902434,167490.83366759628
20100625,20100628,002392.SZ,buy,38600.0,4.329057644263487,167101.62506857057,50.130487520571165,0.0,83.5090580052638,339.0781115051359
20100702,20100705,000518.SZ,sell,68900.0,4.927535,339507.1615,101.85214844999999,169.75358075,169.83850000001257,339574.6338823051
20100702,20100705,000576.SZ,sell,43700.0,5.411040942512308,236462.48918778787,70.93874675633636,118.23124459389393,118.2903897887445,575847.9530787427
20100702,20100705,002108.SZ,sell,181700.0,1.877639750571629,341167.142678865,102.3501428036595,170.5835713394325,170.6689057922922,916742.1620434646
20100702,20100705,002392.SZ,sell,38600.0,4.488256369738983,173246.69587192475,51.97400876157742,86.62334793596237,86.66668127657613,1089850.2605586918
20100702,20100705,600421.SH,sell,59300.0,5.3673150000000005,318281.7795,95.48453384999999,159.14088975,159.2204999999958,1407877.4146350918
20100702,20100705,000810.SZ,buy,59000.0,5.139759994690734,303245.8396867533,90.97375190602598,0.0,151.54714627022622,1104540.6011964325
20100702,20100705,002126.SZ,buy,79300.0,3.655004417119636,289841.85027758713,86.95255508327614,0.0,144.848500888329,814611.7983637621
20100702,20100705,002319.SZ,buy,21200.0,11.729801511457824,248671.79204290587,74.60153761287175,0.0,124.27375914188451,565865.4047832433
20100702,20100705,002391.SZ,buy,32000.0,7.994612978889759,255827.61532447228,76.74828459734168,0.0,127.8498827208532,309961.0411741737
20100709,20100712,000810.SZ,sell,59000.0,5.898233374037694,347995.76906822395,104.39873072046717,173.997884534112,174.08492699766066,657678.413627143
20100709,20100712,002126.SZ,sell,79300.0,4.1010515145917985,325213.38510712964,97.56401553213888,162.6066925535648,162.6880365718389,982631.628026187
20100709,20100712,002319.SZ,sell,21200.0,11.874644787908338,251742.46950365676,75.52274085109703,125.87123475182838,125.93420185273862,1234172.7035542408
20100709,20100712,002391.SZ,sell,32000.0,8.330469116497264,266575.01172791247,79.97250351837373,133.28750586395623,133.35418295540148,1500534.455272771
20100709,20100712,000829.SZ,buy,21800.0,15.184952204967104,331031.95806828287,99.30958742048485,0.0,165.43326240294846,1169403.1876170677
20100709,20100712,000951.SZ,buy,43600.0,6.333436231386024,276137.81968843064,82.84134590652918,0.0,137.999909889244,893182.5265827305
20100709,20100712,002196.SZ,buy,38200.0,7.307513210582766,279147.0046442617,83.7441013932785,0.0,139.5037504468928,613951.7778370755
20100709,20100712,600828.SH,buy,40300.0,6.927058495507164,279160.4573689387,83.7481372106816,0.0,139.51047344773542,334707.57233092614
20100709,20100712,601888.SH,buy,36000.0,9.279074281770338,334046.6741437322,100.21400224311964,0.0,166.93986713828053,560.6841849508346
20100716,20100719,000829.SZ,sell,21800.0,14.322138096931619,312222.6105131093,93.66678315393278,156.11130525655466,156.1893999564927,312533.51660964964
20100716,20100719,000951.SZ,sell,43600.0,6.4909873234058795,283007.0473004964,84.90211419014891,141.50352365024818,141.57431080559036,595314.1582723056
20100716,20100719,002196.SZ,sell,38200.0,6.925934656775116,264570.7038888094,79.37121116664282,132.2853519444047,132.35152770823333,859673.2055980039
20100716,20100719,600828.SH,sell,40300.0,6.960033178175342,280489.33708046627,84.14680112413987,140.24466854023314,140.31482595321722,1139938.1512088059
20100716,20100719,601888.SH,sell,36000.0,8.946434733845225,322071.65041842806,96.62149512552841,161.03582520921404,161.1163834009203,1461752.144306899
20100716,20100719,002102.SZ,buy,179900.0,1.4268116163699522,256683.40978495442,77.00502293548632,0.0,128.2775661094347,1204991.7294990092
20100716,20100719,002337.SZ,buy,57200.0,5.7247222307256225,327454.11159750563,98.23623347925168,0.0,163.64523318212014,877439.3816680243
20100716,20100719,600293.SH,buy,27400.0,9.946397135118866,272531.2815022569,81.75938445067708,0.0,136.19754198013106,604826.3407813167
20100716,20100719,600520.SH,buy,19400.0,14.907449999999999,289204.52999999997,86.76135899999998,0.0,144.52999999996973,315535.0494223168
20100716,20100719,600712.SH,buy,72200.0,4.368472274657856,315403.6982302972,94.62110946908915,0.0,157.6230375962914,36.730082550493535
20100723,20100726,002102.SZ,sell,179900.0,1.4204476926834564,255538.5399137538,76.66156197412613,127.76926995687691,127.83318655015319,255370.8391643733
20100723,20100726,002337.SZ,sell,57200.0,5.8581163397581255,335084.2546341648,100.52527639024943,167.5421273170824,167.62594028719468,590187.0263948308
20100723,20100726,600293.SH,sell,27400.0,10.07951986157087,276178.84420704184,82.85365326211254,138.08942210352092,138.15850135416258,866144.927526507
20100723,20100726,600520.SH,sell,19400.0,15.522235,301131.359,90.3394077,150.5656795,150.64100000000326,1167035.381439307
20100723,20100726,600712.SH,sell,72200.0,4.58332619317288,330916.1511470819,99.27484534412457,165.45807557354095,165.5408459965256,1497686.7996654713
20100723,20100726,000607.SZ,buy,45800.0,6.739742594786729,308680.21084123215,92.60406325236964,0.0,154.2629739335971,1188913.9847609866
20100723,20100726,002057.SZ,buy,125600.0,2.438279657314824,306247.9249587419,91.87437748762255,0.0,153.0474387599388,882574.1854247572
20100723,20100726,600483.SH,buy,76900.0,3.4555063387307188,265728.4374483923,79.71853123451767,0.0,132.7978198142955,616766.0294451304
20100723,20100726,600507.SH,buy,222000.0,1.4395055049242111,319570.2220931749,95.87106662795246,0.0,159.7052584174089,297099.93628532754
20100723,20100726,600702.SH,buy,24900.0,11.920292947103274,296815.29438287154,89.04458831486146,0.0,148.33348045119783,195.59731414116686
20100730,20100802,000607.SZ,sell,45800.0,6.890273518957346,315574.52716824645,94.67235815047393,157.78726358412322,157.86619668244384,315517.664860653
20100730,20100802,002057.SZ,sell,125600.0,2.4358425961880728,305941.83008122194,91.78254902436657,152.97091504061098,153.04743875999702,621214.74147781
20100730,20100802,600483.SH,sell,76900.0,3.373341263141739,259409.94313559972,77.8229829406799,129.70497156779987,129.76985649601556,880417.1566589013
20100730,20100802,600507.SH,sell,222000.0,1.3924620659958837,309126.5786510862,92.73797359532585,154.5632893255431,154.64060963032534,1189296.4340470666
20100730,20100802,600702.SH,sell,24900.0,12.82019933194612,319222.96336545836,95.7668890096375,159.6114816827292,159.69132734637242,1508264.0190418325
20100730,20100802,000950.SZ,buy,38100.0,8.058142051860203,307015.21217587375,92.10456365276211,0.0,153.4308906425722,1201156.702302306
20100730,20100802,002132.SZ,buy,94600.0,3.42380865167993,323892.2984489214,97.16768953467641,0.0,161.8652166161337,877167.23616385
20100730,20100802,002203.SZ,buy,92300.0,3.300635971250094,304648.70014638366,91.3946100439151,0.0,152.24822596018203,572427.1414074224
20100730,20100802,600392.SH,buy,51800.0,5.679531773215302,294199.74585255265,88.25992375576578,0.0,147.02635974634904,278139.13563111395
20100730,20100802,601600.SH,buy,27500.0,10.089431812345223,277459.37483949366,83.23781245184809,0.0,138.66035724111134,596.5229791684542
20100806,20100809,000950.SZ,sell,38100.0,8.518850056369788,324568.1871476889,97.37045614430666,162.28409357384444,162.3652762119309,324905.05557713914
20100806,20100809,002132.SZ,sell,94600.0,3.7624252094847566,355925.42481725797,106.77762744517739,177.962712408629,178.05173827777617,680545.7400545434
20100806,20100809,002203.SZ,sell,92300.0,3.2299915318230856,298128.2183872708,89.43846551618124,149.0641091936354,149.13867853290867,978435.4558671043
20100806,20100809,600392.SH,sell,51800.0,5.950198280566078,308220.27093332284,92.46608127999684,154.11013546666143,154.18722908117343,1286409.1505836805
20100806,20100809,601600.SH,sell,27500.0,9.967250880491607,274099.3992135192,82.22981976405575,137.0496996067596,137.11825873609632,1560289.270277829
20100806,20100809,002033.SZ,buy,58300.0,5.481000000000001,319542.30000000005,95.86269,0.0,159.6913043478271,1240651.1075878288
20100806,20100809,600108.SH,buy,54000.0,5.546698723195786,299521.73105257243,89.85651931577172,0.0,149.68602251500124,941039.5200159405
20100806,20100809,600359.SH,buy,17700.0,17.30865,306363.105,91.90893149999998,0.0,153.10499999998137,634584.5060844405
20100806,20100809,600749.SH,buy,25800.0,12.32456342340902,317973.7363239527,95.39212089718579,0.0,158.90741445473395,316515.37763959065
20100806,20100809,600993.SH,buy,27400.0,11.54709872108887,316390.5049578351,94.91715148735051,0.0,158.11619438172784,29.955530268198345
20100813,20100816,600108.SH,sell,54000.0,5.118690866920463,276409.306813705,82.9227920441115,138.20465340685251,138.2737903019879,276218.1348985222
20100813,20100816,600359.SH,sell,17700.0,15.872060000000001,280935.462,84.28063859999999,140.46773100000001,140.53800000000047,556928.8485289223
20100813,20100816,600749.SH,sell,25800.0,12.581419606651744,324600.625851615,97.38018775548449,162.3003129258075,162.38150367763592,881269.7938798559
20100813,20100816,600993.SH,sell,27400.0,12.732396065134314,348867.65218468016,104.66029565540404,174.4338260923401,174.52108663565014,1229858.3519427883
20100813,20100816,002334.SZ,buy,42000.0,7.502193339391297,315092.12025443447,94.52763607633034,0.0,157.46732646395685,914671.7040522776
20100813,20100816,600267.SH,buy,15500.0,19.023762869766987,294868.3244813883,88.4604973444165,0.0,147.3604819996981,619714.9190735449
20100813,20100816,600513.SH,buy,63300.0,5.100743722623416,322877.0776420622,96.86312329261865,0.0,161.35785989102442,296740.97830819007
20100813,20100816,600982.SH,buy,113000.0,2.624759535919963,296597.8275589558,88.97934826768673,0.0,148.2248013787903,54.17140096658841
20100820,20100823,002334.SZ,sell,42000.0,8.092644991488697,339891.0896425253,101.96732689275758,169.94554482126264,170.03056010126602,339673.34817177785
20100820,20100823,600267.SH,sell,15500.0,17.359561420572174,269073.2020188687,80.7219606056606,134.53660100943435,134.60390296089463,608531.2916290315
20100820,20100823,600513.SH,sell,63300.0,6.831701417663076,432446.69973807276,129.7340099214218,216.22334986903638,216.33151562680723,1040632.0340073139
20100820,20100823,600982.SH,sell,113000.0,2.5828644646685444,291863.6845075455,87.55910535226364,145.93184225377274,146.00484467612114,1332262.2275672534
20100820,20100823,000959.SZ,buy,89800.0,3.7216568098159497,334204.78152147227,100.26143445644168,0.0,167.01888132008025,997957.1846113247
20100820,20100823,002057.SZ,buy,114900.0,2.8088981652266773,322742.3991845452,96.82271975536355,0.0,161.2905543150846,675117.9627070241
20100820,20100823,002416.SZ,buy,24600.0,12.75391585669869,313746.3300747878,94.12389902243632,0.0,156.79476765356958,361277.5087332139
20100820,20100823,600265.SH,buy,31000.0,11.08554,343651.74,103.09552199999999,0.0,171.7399999999907,17522.6732112139
20100827,20100830,000959.SZ,sell,89800.0,4.060135195684365,364600.140572456,109.38004217173679,182.300070286228,182.391265919141,381831.13367121195
20100827,20100830,002057.SZ,sell,114900.0,2.89183233019448,332271.5347393458,99.68146042180372,166.1357673696729,166.21887680800864,713836.8511827663
20100827,20100830,002416.SZ,sell,24600.0,13.281499117671773,326724.8782947256,98.01746348841768,163.3624391473628,163.44416122796247,1040300.349574856
20100827,20100830,600265.SH,sell,31000.0,10.754620000000001,333393.22000000003,100.017966,166.69661000000002,166.77999999996973,1373426.854998856
20100827,20100830,002234.SZ,buy,42000.0,7.343119266055045,308411.0091743119,92.52330275229356,0.0,154.1284403669415,1064923.3225217918
20100827,20100830,002438.SZ,buy,44000.0,7.783732001857872,342484.20808174636,102.7452624245239,0.0,171.1565257779439,722336.3691776209
20100827,20100830,600081.SH,buy,32400.0,10.341113243841546,335052.0691004661,100.51562073013982,0.0,167.44231339351973,387183.78445642465
20100827,20100830,600869.SH,buy,83100.0,4.3720980669819625,363321.3493662011,108.99640480986032,0.0,181.56988973822445,23753.438685413683
20100903,20100906,002234.SZ,sell,42000.0,7.840114678899083,329284.8165137615,98.78544495412845,164.64240825688077,164.72477064217674,352774.8273459642
20100903,20100906,002438.SZ,sell,44000.0,8.53033557826289,375334.7654435671,112.60042963307014,187.66738272178358,187.76126335345907,727809.3249771765
20100903,20100906,600081.SH,sell,32400.0,13.276500945953853,430158.63064890483,129.04758919467145,215.0793153244524,215.1869087787927,1157623.8287215622
20100903,20100906,600869.SH,sell,83100.0,4.405805783930929,366122.4606446602,109.83673819339806,183.06123032233012,183.15280672570225,1523453.3913977067
20100903,20100906,000570.SZ,buy,31500.0,11.395322247171412,358952.6507858995,107.68579523576983,0.0,179.38663207687205,1164393.0548165715
20100903,20100906,002136.SZ,buy,43400.0,8.579,372328.60000000003,111.69858,0.0,186.07126436784165,791952.7562365715
20100903,20100906,600397.SH,buy,47900.0,8.000485069008784,383223.23480552074,114.96697044165622,0.0,191.5158594729728,408614.5544606091
20100903,20100906,600399.SH,buy,138300.0,2.6124638116797527,361303.7451553098,108.39112354659292,0.0,180.56159178173402,47202.41818175273
20100903,20100906,600965.SH,buy,9400.0,4.989016778222002,46896.75771528682,14.069027314586044,0.0,23.436660527375352,291.59143915132154
20100910,20100913,000570.SZ,sell,31500.0,10.639010854352422,335128.8419121013,100.53865257363039,167.56442095605067,167.64824507856974,335152.3302777229
20100910,20100913,002136.SZ,sell,43400.0,8.074121839080462,350416.88781609206,105.1250663448276,175.20844390804604,175.29609195399098,685288.8845835621
20100910,20100913,600397.SH,sell,47900.0,7.5801101819322465,363087.2777145546,108.92618331436638,181.54363885727733,181.634456085274,1048085.6924759452
20100910,20100913,600399.SH,sell,138300.0,2.6176085305748185,362015.2597784974,108.60457793354921,181.0076298892487,181.09817897871835,1409811.3400466198
20100910,20100913,600965.SH,sell,9400.0,4.743191208840573,44585.997363101385,13.375799208930415,22.292998681550692,22.30415075692872,1454361.6686118306
20100910,20100913,000426.SZ,buy,71400.0,5.232465043140739,373598.00408024876,112.07940122407462,0.0,186.705649215437,1080651.5851303576
20100917,20100920,000426.SZ,sell,71400.0,4.7648259259475765,340208.57111265697,102.06257133379708,170.10428555632848,170.1893802463892,1420587.9893861245
20100917,20100920,000960.SZ,buy,16700.0,22.717212151002755,379377.442921746,113.81323287652378,0.0,189.59392449859297,1041096.733231502
20100917,20100920,002064.SZ,buy,60800.0,4.68720340514246,284981.9670326616,85.49459010979848,0.0,142.4197736295173,756029.2716087305
20100917,20100920,600671.SH,buy,30900.0,14.057025,434362.0725,130.30862175,0.0,217.0725000000093,321536.89048698056
20100917,20100920,601958.SH,buy,21200.0,13.623819381644873,288824.9708908713,86.64749126726139,0.0,144.34031528775813,32625.272104842006
20100921,20100927,000960.SZ,sell,16700.0,22.694506291781366,378998.2550727488,113.69947652182464,189.4991275363744,189.59392449859297,411320.32857353264
20100921,20100927,002064.SZ,sell,60800.0,4.5385713194827195,275945.1362245493,82.78354086736479,137.97256811227467,138.0415889067226,687044.7086891023
20100921,20100927,600671.SH,sell,30900.0,12.833580000000001,396557.62200000003,118.9672866,198.27881100000002,198.37799999996787,1083285.0845915023
20100921,20100927,601958.SH,sell,21200.0,12.822645716729806,271840.0891946719,81.55202675840157,135.92004459733596,135.98803861660417,1354907.7017148184
20100921,20100927,000558.SZ,buy,75300.0,3.1859836679536677,239904.57019691117,71.97137105907335,0.0,119.89233892897028,1114931.160146848
20100921,20100927,600135.SH,buy,28800.0,11.303033413626975,325527.3623124569,97.65820869373705,0.0,162.68233998620417,789306.1396256974
20100921,20100927,600212.SH,buy,46600.0,5.152575,240109.995,72.03299849999999,0.0,119.99499999996624,549124.1116271974
20100921,20100927,600775.SH,buy,43600.0,8.247007760381212,359569.53835262085,107.87086150578624,0.0,179.69492171547608,189446.7024130707
20100930,20101008,000558.SZ,sell,75300.0,3.011597359409099,226773.28116350516,68.03198434905154,113.38664058175259,113.44336226285668,416038.5649516451
20100930,20101008,002033.SZ,sell,58300.0,6.739470572640511,392911.1343849418,117.87334031548252,196.45556719247088,196.5538441145327,808635.3704290789
20100930,20101008,600135.SH,sell,28800.0,12.09277371300757,348271.88293461804,104.4815648803854,174.13594146730904,174.22305299376603,1156628.6358573493
20100930,20101008,600212.SH,sell,46600.0,5.147425000000001,239870.00500000003,71.96100150000001,119.93500250000002,119.99499999999534,1396306.7448533494
20100930,20101008,600775.SH,sell,43600.0,7.817464397549353,340841.4477331518,102.25243431994552,170.42072386657588,170.50597685499815,1736875.5194283146
20100930,20101008,002232.SZ,buy,30800.0,11.959479453028722,368351.96715328464,110.50559014598538,0.0,184.0839416058152,1368413.046684884
20100930,20101008,600095.SH,buy,38000.0,9.412242008658009,357665.1963290043,107.29955889870128,0.0,178.74322655115975,1010640.550796981
20100930,20101008,600578.SH,buy,114100.0,2.9853207945310865,340625.102655997,102.18753079679908,0.0,170.22743760916637,669913.2606101872
20100930,20101008,601117.SH,buy,95800.0,3.8134788288634445,365331.27180511795,109.59938154153538,0.0,182.57434872817248,304472.3894235277
20100930,20101008,601899.SH,buy,83400.0,3.6475986033904535,304209.7235227638,91.26291705682914,0.0,152.02884733770043,171.40298370702658
20101008,20101011,002232.SZ,sell,30800.0,12.134530704332164,373743.54569343064,112.12306370802918,186.87177284671532,186.9652554744389,373615.9538405829
20101008,20101011,600095.SH,sell,38000.0,9.763023694083696,370994.90037518047,111.29847011255413,185.49745018759023,185.59024531015893,744314.0582954632
20101008,20101011,600578.SH,sell,114100.0,3.0889418615461057,352448.2664024107,105.7344799207232,176.22413320120535,176.31228934583487,1096480.3660847521
20101008,20101011,601117.SH,sell,95800.0,3.732859448244064,357607.93514178135,107.2823805425344,178.80396757089068,178.89341427799081,1453802.21487842
20101008,20101011,601899.SH,sell,83400.0,4.176750107961594,348340.9590039969,104.50228770119907,174.17047950199847,174.25760830612853,1801864.5011152138
20101008,20101011,600508.SH,buy,18100.0,19.38020248682099,350781.66501145996,105.23449950343797,0.0,175.30318091524532,1450977.6016042505
20101008,20101011,600971.SH,buy,49200.0,7.136416758817921,351111.7045338417,105.3335113601525,0.0,175.46811820782023,1099760.5635590486
20101008,20101011,601001.SH,buy,24200.0,15.210025268487266,368082.61149739183,110.42478344921754,0.0,183.94933108310215,731567.5272782075
20101008,20101011,601101.SH,buy,43800.0,8.237799861800365,360815.633946856,108.2446901840568,0.0,180.3176581443986,370643.6486411674
20101008,20101011,601898.SH,buy,47800.0,7.739181888121452,369932.89425220544,110.97986827566162,0.0,184.87401012104237,599.7745206863037
20101015,20101018,600508.SH,sell,18100.0,21.627322371202286,391454.5349187614,117.4363604756284,195.7272674593807,195.82518004934536,391741.1458115127
20101015,20101018,600971.SH,sell,49200.0,8.54401360269854,420365.46925276815,126.10964077583043,210.18273462638408,210.28787856566487,811770.3226888786
20101015,20101018,601001.SH,sell,24200.0,17.36437652462412,420217.9118959037,126.0653735687711,210.10895594795184,210.21406297938665,1231652.0602552656
20101015,20101018,601101.SH,sell,43800.0,8.529602445714765,373596.5871223067,112.07897613669199,186.79829356115334,186.89173943089554,1604949.7701078744
20101015,20101018,601898.SH,sell,47800.0,8.825852253299598,421875.7377077208,126.56272131231623,210.93786885386038,211.04339054907905,2026488.007225429
20101015,20101018,000738.SZ,buy,29100.0,15.44843293504236,449549.3984097327,134.8648195229198,0.0,224.66236802079948,1576803.7439961734
20101015,20101018,000783.SZ,buy,71700.0,5.041072017462585,361444.8636520673,108.43345909562018,0.0,180.63211576809408,1215250.4468850105
20101015,20101018,600072.SH,buy,26500.0,14.424678332553789,382253.97581267543,114.67619274380262,0.0,191.0314721702598,832881.7948795912
20101015,20101018,600320.SH,buy,70100.0,5.96602636727717,418218.4483461296,125.46553450383888,0.0,209.00472181214718,414537.8809989577
20101022,20101025,000738.SZ,sell,29100.0,17.46769020204215,508309.78487942653,152.49293546382793,254.15489243971328,254.28203345637303,922441.0180504806
20101022,20101025,000783.SZ,sell,71700.0,5.202017737401656,372984.67177169875,111.89540153150962,186.49233588584937,186.58562870015157,1295127.3020847621
20101022,20101025,600072.SH,sell,26500.0,14.18230193405052,375831.00125233876,112.74930037570162,187.91550062616938,188.0095053788391,1670657.638536099
20101022,20101025,600320.SH,sell,70100.0,5.763660728790693,404032.6170882276,121.20978512646826,202.0163085441138,202.1173672277364,2074367.029530656
20101022,20101025,000795.SZ,buy,63300.0,6.368122423373365,403102.14939953404,120.9306448198602,0.0,201.45034952502465,1671143.9494863022
20101022,20101025,000927.SZ,buy,41200.0,9.717260888971547,400351.14862562774,120.10534458768831,0.0,200.07553654455114,1270672.6955160866
20101022,20101025,600300.SH,buy,69100.0,5.9915554416733094,414016.4810196257,124.2049443058877,0.0,206.9047881157021,856532.0095521552
20101022,20101025,600618.SH,buy,58600.0,7.5152564095649055,440394.0256005035,132.11820768015104,0.0,220.08696931559825,416005.8657439715
20101029,20101101,000927.SZ,sell,41200.0,9.35667323786498,385494.9374000372,115.64848122001115,192.7474687000186,192.84389064530842,801192.4071940887
20101029,20101101,600300.SH,sell,69100.0,5.797449064267549,400603.7303408876,120.18111910226628,200.30186517044382,200.40206620353274,1201475.6545507037
20101029,20101101,600618.SH,sell,58600.0,7.4129283830756325,434397.60324823204,130.3192809744696,217.19880162411602,217.30745535175083,1635525.739716337
20101029,20101101,002331.SZ,buy,59100.0,7.536288507550862,445394.6507962559,133.61839523887676,0.0,222.58603238192154,1189997.4705248424
20101029,20101101,002401.SZ,buy,70100.0,5.79129028758932,405969.44916001137,121.7908347480034,0.0,202.88328293850645,783906.230530083
20101029,20101101,002404.SZ,buy,123000.0,3.4676891945477073,426525.770929368,127.95773127881039,0.0,213.1563073109719,357252.5018694362
20101029,20101101,600702.SH,buy,20900.0,17.086361712846347,357104.95979848865,107.13148793954659,0.0,178.46324827510398,40.410583007964306
20101105,20101108,000795.SZ,sell,63300.0,8.920864455995698,564690.7200645277,169.4072160193583,282.34536003226384,282.486603333964,564279.378071484
20101105,20101108,002331.SZ,sell,59100.0,7.290596499649227,430874.2531292693,129.2622759387808,215.43712656463464,215.5448990141158,994808.93179825
20101105,20101108,002401.SZ,sell,70100.0,5.705542975688466,399958.5625957615,119.98756877872844,199.97928129788076,200.07932095829165,1394447.5275439348
20101105,20101108,002404.SZ,sell,123000.0,3.4925774969021073,429587.0321189592,128.87610963568775,214.7935160594796,214.90096654271474,1823690.8900371988
20101105,20101108,600702.SH,sell,20900.0,20.69833035812069,432595.1044847224,129.77853134541672,216.2975522423612,216.4057551198639,2255939.9184383336
20101105,20101108,000721.SZ,buy,92000.0,5.327899292110873,490166.7348742003,147.05002046226008,0.0,244.96088699356187,1765626.133543671
20101105,20101108,600064.SH,buy,156100.0,2.8233728561826696,440728.5028501147,132.2185508550344,0.0,220.25412436277838,1324765.4121427014
20101105,20101108,600281.SH,buy,38600.0,11.655825,449914.84500000003,134.9744535,0.0,224.84500000003027,874715.5926892015
20101105,20101108,600663.SH,buy,57900.0,7.506933079270378,434651.4252897549,130.39542758692644,0.0,217.2171040928224,439933.7719718597
20101105,20101108,601808.SH,buy,26700.0,16.442635813953487,439018.3762325581,131.70551286976743,0.0,219.39948837202974,783.6902264318196
20101112,20101115,000721.SZ,sell,92000.0,5.239101953091684,481997.3796844349,144.59921390533046,240.99868984221746,241.11924946686486,482395.47200711916
20101112,20101115,600064.SH,sell,156100.0,2.6095277145062017,407347.2762344181,122.20418287032541,203.67363811720907,203.7755258801044,889416.8704205498
20101112,20101115,600281.SH,sell,38600.0,10.1949,393523.14,118.05694199999999,196.76157,196.85999999998603,1282625.1919085498
20101112,20101115,600663.SH,sell,57900.0,6.476174351728951,374970.49496510625,112.49114848953187,187.48524748255312,187.57903700106544,1657295.710477684
20101112,20101115,601808.SH,sell,26700.0,17.606076279069768,470082.2366511628,141.02467099534883,235.0411183255814,235.15869767445838,2127001.881339526
20101112,20101115,000609.SZ,buy,40800.0,9.961823670592135,406442.40576015913,121.93272172804772,0.0,203.11964305851143,1720437.5428576386
20101112,20101115,600261.SH,buy,107000.0,4.235301209931622,453177.22946268355,135.95316883880506,0.0,226.47537704277784,1267124.3602261161
20101112,20101115,600379.SH,buy,42100.0,10.320865911967376,434508.4548938265,130.35253646814795,0.0,217.145654619555,832485.5527958216
20101112,20101115,600706.SH,buy,31400.0,12.670401116259477,397850.59505054756,119.35517851516425,0.0,198.8258845829405,434515.60256675887
20101119,20101122,000609.SZ,sell,40800.0,10.617311014264388,433186.289381987,129.95588681459608,216.5931446909935,216.70149543869775,867355.3429172403
20101119,20101122,600261.SH,sell,107000.0,4.138708428301245,442841.80182823323,132.85254054846996,221.42090091411663,221.5316667475272,1309842.871304011
20101119,20101122,600379.SH,sell,42100.0,9.212779858669668,387858.03204999305,116.3574096149979,193.92901602499654,194.02602903946536,1697390.6169283642
20101119,20101122,600706.SH,sell,31400.0,12.293723694187026,386022.9239974726,115.80687719924178,193.0114619987363,193.10801600670675,2083104.7225866388
20101119,20101122,000739.SZ,buy,145900.0,3.0625965262080594,446832.83317375585,134.04984995212675,0.0,223.30476420477498,1636137.8395629309
20101119,20101122,002049.SZ,buy,52800.0,7.718040529790787,407512.53997295356,122.25376199188605,0.0,203.6544427650515,1228503.0458279855
20101119,20101122,002281.SZ,buy,32700.0,12.960356837986835,423803.6686021695,127.14110058065084,0.0,211.79593633289915,804572.2361252354
20101119,20101122,002374.SZ,buy,75600.0,5.326142361634744,402656.36253958667,120.796908761876,0.0,201.22756748599932,401795.0766768869
20101119,20101122,300013.SZ,buy,66700.0,6.016709589308995,401314.52960690996,120.39435888207298,0.0,200.55698631028645,360.15271109482273
20101126,20101129,000739.SZ,sell,145900.0,3.459603333897819,504756.1264156918,151.42683792470754,252.3780632078459,252.50431536551332,504712.4742256541
20101126,20101129,002049.SZ,sell,52800.0,8.17979955055286,431893.41626919096,129.56802488075726,215.9467081345955,216.05473550240276,936260.3757618297
20101126,20101129,002281.SZ,sell,32700.0,12.99513531922461,424940.92493864475,127.48227748159341,212.47046246932237,212.57675084477523,1360861.3479605236
20101126,20101129,002374.SZ,sell,75600.0,5.423316241894133,410002.70788719645,123.00081236615893,205.00135394359822,205.1039058965398,1770536.0536814104
20101126,20101129,300013.SZ,sell,66700.0,5.961535342242503,397634.40732757497,119.29032219827248,198.8172036637875,198.91666199476458,2167852.3534831232
20101126,20101129,600110.SH,buy,51800.0,8.659142222222222,448543.56711111113,134.56307013333333,0.0,224.1597037037136,1719174.2233018787
20101126,20101129,600211.SH,buy,55400.0,7.411002554175008,410569.54150129546,123.17086245038863,0.0,205.1821796608274,1308481.5109381329
20101126,20101129,600559.SH,buy,34800.0,8.75336021788129,304616.9355822689,91.38508067468067,0.0,152.23235161532648,1003773.1902751892
20101203,20101206,600110.SH,sell,51800.0,8.884021375661376,460192.3072592593,138.05769217777777,230.09615362962964,230.21125925926026,1463597.3436886412
20101203,20101206,600211.SH,sell,55400.0,7.514760349193263,416317.72334530676,124.89531700359201,208.1588616726534,208.26299316919176,1879582.0128552718
20101203,20101206,600559.SH,sell,34800.0,7.969486484383386,277338.1296565418,83.20143889696253,138.6690648282709,138.73843404528452,2156698.2720080884
20101203,20101206,002098.SZ,buy,62600.0,6.420554423748545,401926.7069266589,120.57801207799767,0.0,200.86292200232856,1754650.9870693516
20101203,20101206,002177.SZ,buy,91300.0,6.369569521328557,581541.6972972972,174.46250918918915,0.0,290.6255358806811,1172934.8272628654
20101203,20101206,002391.SZ,buy,49100.0,9.257484912431586,454542.5092003909,136.36275276011725,0.0,227.15767576231156,718255.9553097144
20101203,20101206,002471.SZ,buy,104600.0,3.841728767279139,401844.82905739796,120.55344871721938,0.0,200.82200352690415,316290.57280359924
20101203,20101206,600283.SH,buy,34000.0,9.280080036689768,315522.7212474521,94.65681637423562,0.0,157.6825193639961,673.1947397729382
20101210,20101213,002098.SZ,sell,62600.0,5.890534051222353,368747.4316065193,110.6242294819558,184.37371580325967,184.46594877756434,369125.62840100704
20101210,20101213,002177.SZ,sell,91300.0,6.570772862933561,599911.562385834,179.9734687157502,299.955781192917,300.1058341099415,968557.2615369324
20101210,20101213,002391.SZ,sell,49100.0,9.205427821735732,451986.50604722445,135.59595181416734,225.99325302361223,226.10630617669085,1420182.1783793191
20101210,20101213,002471.SZ,sell,104600.0,3.5536008874224922,371706.6528243927,111.5119958473178,185.85332641219637,185.94629956193967,1791591.4658814524
20101210,20101213,600283.SH,sell,34000.0,8.456267101508358,287513.0814512842,86.25392443538524,143.75654072564208,143.82845495309448,2078874.5368675755
20101210,20101213,000503.SZ,buy,31000.0,11.419075036112933,353991.3261195009,106.19739783585027,0.0,176.90720945497742,1724777.0133502388
20101210,20101213,000708.SZ,buy,68400.0,6.178791164841158,422629.3156751352,126.78879470254054,0.0,211.2090533108567,1302020.908880401
20101210,20101213,002161.SZ,buy,33000.0,13.093786006578577,432094.93821709306,129.62848146512792,0.0,215.9394993588794,869796.3421818428
20101210,20101213,600261.SH,buy,101000.0,4.812501551816109,486062.656733427,145.8187970200281,0.0,242.90987342991866,383587.86665139574
20101210,20101213,601117.SH,buy,82300.0,4.659210020748482,383452.9847076001,115.03589541228001,0.0,191.6306770152878,19.846048383391462
20101217,20101220,000503.SZ,sell,31000.0,12.240337701904135,379450.4687590282,113.83514062770844,189.7252343795141,189.82014445174718,379166.75443240436
20101217,20101220,000708.SZ,sell,68400.0,6.234780427668955,426458.98125255655,127.93769437576695,213.22949062627828,213.33615870558424,805284.5684999588
20101217,20101220,002161.SZ,sell,33000.0,13.51722380925833,446068.3857055249,133.82051571165746,223.03419285276246,223.14576573559316,1250996.0994969192
20101217,20101220,600261.SH,sell,101000.0,5.0236132158964155,507384.934805538,152.21548044166138,253.69246740276898,253.8193770913058,1757975.1263546129
20101217,20101220,601117.SH,sell,82300.0,4.754403289018675,391287.3906862369,117.38621720587106,195.64369534311845,195.74156612617662,2148949.4871283006
20101217,20101220,002160.SZ,buy,58400.0,7.339568424170615,428630.7959715639,128.58923879146917,0.0,214.20829383883392,1720190.1019179453
20101217,20101220,002446.SZ,buy,74500.0,5.90198411102172,439697.8162711182,131.90934488133544,0.0,219.73903861624422,1280360.376301946
20101217,20101220,300051.SZ,buy,60300.0,7.229579570405727,435943.6480954654,130.7830944286396,0.0,217.8628926014062,844285.9451120519
20101217,20101220,600731.SH,buy,78400.0,5.5642920032040575,436240.4930511981,130.87214791535942,0.0,218.01124090509256,407914.57991293847
20101217,20101220,600871.SH,buy,79100.0,5.155238668831168,407779.3787045454,122.33381361136361,0.0,203.78779545449652,12.867394781729672
20101224,20101227,002160.SZ,sell,58400.0,8.005355509478672,467512.76175355446,140.25382852606631,233.75638087677723,233.87331753550097,467151.61893893336
20101224,20101227,002446.SZ,sell,74500.0,5.5643925985518905,414547.2485921158,124.36417457763474,207.2736242960579,207.37731295253616,881367.2297321755
20101224,20101227,300051.SZ,sell,60300.0,6.524354329355609,393418.56606014323,118.02556981804295,196.70928303007162,196.80768687347881,1274471.0609394705
20101224,20101227,600731.SH,sell,78400.0,6.264261669781723,491118.1149108871,147.3354344732661,245.55905745544354,245.68189840461127,1765196.2813584288
20101224,20101227,600871.SH,sell,79100.0,5.3440960957792205,422718.0011761364,126.8154003528409,211.3590005880682,211.46473295451142,2187576.1081336243
20101224,20101227,000056.SZ,buy,88100.0,4.917253489804588,433210.0324517842,129.96300973553525,0.0,216.496767841978,1754236.1126721045
20101224,20101227,002185.SZ,buy,136000.0,2.8905743832353434,393118.1161200067,117.935434836002,0.0,196.46082764613675,1361000.0611172616
20101224,20101227,600168.SH,buy,88600.0,5.882523463586319,521191.57887374784,156.35747366212433,0.0,260.4655566585134,839652.1247698517
20101224,20101227,600295.SH,buy,69500.0,6.341610237028422,440741.91147347534,132.2225734420426,0.0,220.2608253240469,398777.9907229343
20101224,20101227,600771.SH,buy,78400.0,5.079143190975019,398204.8261724415,119.46144785173243,0.0,199.00291163031943,453.70310264109867
20101231,20110104,000056.SZ,sell,88100.0,4.866777373619372,428763.08661586663,128.62892598475997,214.38154330793333,214.48878770176088,428873.77924921503
20101231,20110104,002185.SZ,sell,136000.0,2.849019982229616,387466.7175832278,116.24001527496833,193.7333587916139,193.8302739285282,816030.5234583763
20101231,20110104,600168.SH,sell,88600.0,5.385913823962941,477191.96480311657,143.15758944093497,238.5959824015583,238.7153400715324,1292840.7346896504
20101231,20110104,600295.SH,sell,69500.0,6.296914953654615,437635.58927899576,131.29067678369873,218.8177946394979,218.92725826858077,1730126.215497223
20101231,20110104,600771.SH,sell,78400.0,5.5028609454740804,431424.2981251679,129.42728943755037,215.71214906258396,215.8200590921333,2161205.374183891
20101231,20110104,000630.SZ,buy,71900.0,5.909191286912261,424870.8535289916,127.46125605869746,0.0,212.3292621334549,1736207.0593988406
20101231,20110104,000878.SZ,buy,18700.0,25.65887323943662,479820.92957746476,143.9462788732394,0.0,239.79056950390805,1256242.1835425026
20101231,20110104,002171.SZ,buy,93700.0,4.94559638327601,463402.38111296215,139.02071433388863,0.0,231.58539785753237,792700.7817152066
20101231,20110104,600734.SH,buy,175100.0,2.332122224964739,408354.6015913258,122.50638047739773,0.0,204.07526316406438,384223.6737434034
20110107,20110110,000630.SZ,sell,71900.0,5.387576720047939,387366.76617144677,116.21002985143402,193.6833830857234,193.78027322236449,771280.5465019131
20110107,20110110,000878.SZ,sell,18700.0,23.960321835820416,448058.0183298418,134.41740549895252,224.0290091649209,224.14107970474288,1218980.118417091
20110107,20110110,002171.SZ,sell,93700.0,4.567407400938666,427966.07346795296,128.38982204038587,213.9830367339765,214.09008177486248,1646603.8190262695
20110107,20110110,600734.SH,sell,175100.0,2.3040002209685007,403430.43869158445,121.02913160747532,201.71521934579224,201.81612740946002,2049711.5133669006
20110107,20110110,000558.SZ,buy,150800.0,3.1665094401544405,477509.6235752896,143.25288707258687,0.0,238.63549404061632,1572058.6369045384
20110107,20110110,000668.SZ,buy,37000.0,11.895103075980392,440118.81381127454,132.03564414338234,0.0,219.94943218957633,1131807.7874491205
20110107,20110110,002142.SZ,buy,60200.0,5.574779346768308,335601.71667545213,100.68051500263563,0.0,167.71699983783765,796105.3902586658
20110107,20110110,600851.SH,buy,45500.0,7.637522202522957,347507.26021479454,104.25217806443835,0.0,173.6667967090034,448493.8778658068
20110107,20110110,601166.SH,buy,86900.0,5.1554907085041695,448012.1425690123,134.40364277070367,0.0,223.89412422233727,347.33165402378654
20110114,20110117,000558.SZ,sell,150800.0,3.0933073652845398,466470.7506849086,139.94122520547256,233.2353753424543,233.35205136809964,466444.9057383844
20110114,20110117,000668.SZ,sell,37000.0,11.696463657407408,432769.1553240741,129.8307465972222,216.38457766203706,216.49282407405553,898867.8457381993
20110114,20110117,002142.SZ,sell,60200.0,5.5051934757927175,331412.6472427216,99.42379417281647,165.70632362136078,165.78921823052224,1230015.3628631267
20110114,20110117,600851.SH,sell,45500.0,6.772703493169712,308158.0089392219,92.44740268176656,154.07900446961096,154.15608251083177,1537926.8453951972
20110114,20110117,601166.SH,sell,86900.0,5.110947065424855,444141.2999854199,133.24238999562596,222.07064999270995,222.1817408631323,1981712.8323406288
20110114,20110117,000850.SZ,buy,63400.0,5.774223807181504,366085.78937530733,109.82573681259218,0.0,182.9514189781621,1615517.217228509
20110114,20110117,600179.SH,buy,60500.0,5.928398764534883,358668.12525436044,107.60043757630812,0.0,179.24444040696835,1256741.4915365723
20110114,20110117,600637.SH,buy,63200.0,7.290370509918547,460751.41622685216,138.22542486805563,0.0,230.2605778244906,795851.8498848521
20110114,20110117,600743.SH,buy,159200.0,2.436474048178168,387886.66846996435,116.36600054098929,0.0,193.84641102945898,407848.81541434675
20110121,20110124,000850.SZ,sell,63400.0,6.2469658461472655,396057.6346457366,118.81729039372097,198.0288173228683,198.12788126349915,803589.6039523669
20110121,20110124,600179.SH,sell,60500.0,7.194905730897011,435291.7967192691,130.58753901578072,217.64589835963457,217.7547757474822,1238533.1672342606
20110121,20110124,600637.SH,sell,63200.0,7.033785071381467,444535.2165113087,133.36056495339258,222.26760825565435,222.37879765446996,1682712.7555723602
20110121,20110124,600743.SH,sell,159200.0,2.3207426918415273,369462.23654117115,110.83867096235133,184.73111827058557,184.8235300355591,2051879.4223242984
20110121,20110124,002176.SZ,buy,92800.0,4.508852049085436,418421.4701551285,125.52644104653854,0.0,209.10618198657176,1633332.4257281234
20110121,20110124,600243.SH,buy,47000.0,9.664710967438946,454241.41546963045,136.2724246408891,0.0,227.00720413267845,1178954.737833852
20110121,20110124,601390.SH,buy,124200.0,3.369604919066638,418504.9309480765,125.55147928442294,0.0,209.14789152826415,760324.255406491
20110121,20110124,601668.SH,buy,247000.0,1.5332488692356285,378712.47070120025,113.61374121036006,0.0,189.26160454831552,381498.1709640804
20110121,20110124,601678.SH,buy,77600.0,4.9085347432024165,380902.2960725075,114.27068882175224,0.0,190.3559700511396,481.60420275112847
20110128,20110131,002176.SZ,sell,92800.0,3.7974134560469253,352399.96872115467,105.7199906163464,176.19998436057733,176.2881284247269,352599.6529489288
20110128,20110131,600243.SH,sell,47000.0,11.661167125860992,548074.8549154666,164.42245647463997,274.0374274577333,274.1745147149777,900236.0479804631
20110128,20110131,601390.SH,sell,124200.0,3.4159493588396046,424260.9103678789,127.27827311036366,212.13045518393946,212.23657347064,1324157.5496200477
20110128,20110131,601668.SH,sell,247000.0,1.5783891850915985,389862.1287176248,116.95863861528744,194.93106435881242,195.02857864816906,1713707.7886346984
20110128,20110131,601678.SH,sell,77600.0,4.356592889355927,338071.6082140199,101.42148246420597,169.03580410700997,169.1203642891487,2051508.939562147
20110128,20110131,000809.SZ,buy,68800.0,7.211839614986187,496174.56551104964,148.85236965331487,0.0,247.9633011049009,1555185.521681444
20110128,20110131,000902.SZ,buy,80000.0,4.493229329422914,359458.34635383316,107.83750390614993,0.0,179.63935350021347,1195619.3378237048
20110128,20110131,600262.SH,buy,26900.0,16.836865871264656,452911.69193701923,135.87350758110577,0.0,226.34267463110154,742571.7723791045
20110128,20110131,600640.SH,buy,33100.0,10.841745875379297,358861.7884750547,107.6585365425164,0.0,179.34122362569906,383602.3253675073
20110128,20110131,600967.SH,buy,99200.0,3.864096484218938,383318.37123451865,114.99551137035559,0.0,191.56340391532285,168.95862161827972
20110201,20110209,000809.SZ,sell,68800.0,7.270327106353593,500198.5049171272,150.05955147513814,250.0992524585636,250.22436464083148,499967.30473481177
20110201,20110209,000902.SZ,sell,80000.0,4.250730824005533,340058.46592044266,102.0175397761328,170.02923296022132,170.11429010523716,839753.7238825181
20110201,20110209,600262.SH,sell,26900.0,16.95151243853234,455995.68459652,136.798705378956,227.99784229826,228.1118982473854,1295384.6119313608
20110201,20110209,600640.SH,sell,33100.0,10.995896521064147,363964.1748472233,109.18925245416698,181.98208742361163,182.07312398555223,1659057.6154387062
20110201,20110209,600967.SH,sell,99200.0,3.932164150845073,390070.6837638313,117.02120512914937,195.03534188191563,195.13290833606152,2048816.2426555264
20110201,20110209,600075.SH,buy,51400.0,9.134709542853049,469524.0705026467,140.857221150794,0.0,234.64471289486391,1579151.3149317289
20110201,20110209,600116.SH,buy,78600.0,5.432132206312317,426965.5914161481,128.08967742484444,0.0,213.37610765424324,1152057.6338381558
20110201,20110209,600131.SH,buy,48200.0,7.523055072357841,362611.2544876479,108.78337634629436,0.0,181.21501973393606,789337.5959741615
20110201,20110209,600367.SH,buy,22700.0,18.355900138973627,416678.9331547013,125.00367994641039,0.0,208.23534890281735,372533.6591395138
20110201,20110209,600516.SH,buy,72800.0,5.109555389343503,371975.63234420697,111.59268970326208,0.0,185.89486873772694,446.43410560354823
20110211,20110214,600075.SH,sell,51400.0,9.313668810289391,478722.5768488747,143.6167730546624,239.36128842443733,239.4810289388406,478786.0328929991
20110211,20110214,600116.SH,sell,78600.0,6.18644117924882,486254.27668895724,145.87628300668715,243.12713834447862,243.24876272579422,964651.3061606053
20110211,20110214,600131.SH,sell,48200.0,7.597226383204209,366186.31167044287,109.85589350113285,183.09315583522144,183.18474820931442,1330544.6687817117
20110211,20110214,600367.SH,sell,22700.0,20.07621091225454,455729.987708178,136.71899631245338,227.864993854089,227.97898334573256,1785910.0724997232
20110211,20110214,600516.SH,sell,72800.0,5.1984776998555935,378449.1765494872,113.53475296484616,189.2245882747436,189.3192478986457,2164056.489707971
20110211,20110214,002059.SZ,buy,83100.0,5.2727148896195395,438162.6073273837,131.4487821982151,0.0,218.97181775479112,1725762.4335983892
20110211,20110214,300017.SZ,buy,351000.0,1.2171789508301276,427229.8117413748,128.16894352241243,0.0,213.50815179478377,1298404.452913492
20110211,20110214,600726.SH,buy,114900.0,3.7518749999999996,431090.43749999994,129.32713124999998,0.0,215.4374999999418,867184.688282242
20110218,20110221,002059.SZ,sell,83100.0,5.238713292625646,435337.0746171912,130.60112238515737,217.6685373085956,217.77742602152284,1302173.4932397394
20110218,20110221,300017.SZ,sell,351000.0,1.1500694467143682,403674.3757967432,121.10231273902295,201.8371878983716,201.93815697688842,1705524.9295358453
20110218,20110221,600726.SH,sell,114900.0,3.51824,404245.776,121.27373279999999,202.12288800000002,202.22399999998743,2109447.308915045
20110218,20110221,600152.SH,buy,55100.0,7.50399482055465,413470.1146125612,124.04103438376835,0.0,206.63174143555807,1695853.1532681002
20110218,20110221,600644.SH,buy,28000.0,14.706760964021345,411789.30699259765,123.53679209777928,0.0,205.79175761743682,1283940.3094834047
20110218,20110221,600692.SH,buy,49900.0,8.26198108985797,412272.85638391273,123.68185691517381,0.0,206.03341148624895,871543.7712425769
20110225,20110228,600152.SH,sell,55100.0,7.76107673735726,427635.328228385,128.2905984685155,213.81766411419252,213.92462642741157,1298836.9912083792
20110225,20110228,600644.SH,sell,28000.0,16.223098027199175,454246.7447615769,136.27402342847304,227.12337238078845,227.2369908762048,1752720.3385741469
20110225,20110228,600692.SH,sell,49900.0,7.994860988984846,398943.56335034384,119.68306900510315,199.47178167517194,199.57156745885732,2151344.7470738105
20110225,20110228,002104.SZ,buy,46100.0,8.955870256564527,412865.6188276247,123.8596856482874,0.0,206.32964459148934,1738355.2685605376
20110225,20110228,002329.SZ,buy,49400.0,8.414501368743615,415676.3676159346,124.70291028478036,0.0,207.7343166496139,1322554.1980343182
20110225,20110228,300036.SZ,buy,70300.0,5.915658300835655,415870.77854874654,124.76123356462395,0.0,207.83147353760432,906558.658252007
20110225,20110228,600730.SH,buy,94500.0,4.712506247980179,445331.8404341269,133.59955213023807,0.0,222.55464289558586,461093.21826574986
20110304,20110307,002104.SZ,sell,46100.0,8.81187103012592,406227.2544888049,121.86817634664146,203.11362724440247,203.2152348618256,866995.4909509637
20110304,20110307,002329.SZ,sell,49400.0,8.961808988764046,442713.3640449439,132.81400921348316,221.35668202247194,221.4674157302943,1309354.6843046716
20110304,20110307,300036.SZ,sell,70300.0,5.866799580315694,412436.01049619325,123.73080314885796,206.21800524809663,206.32116583094466,1721460.7459924677
20110304,20110307,600730.SH,sell,94500.0,5.6349436954648295,532502.1792214264,159.7506537664279,266.25108961071317,266.38428175158333,2253536.9234705167
20110304,20110307,002016.SZ,buy,84400.0,5.26823108974359,444638.70397435897,133.3916111923077,0.0,222.2082478632219,1808764.8278849653
20110304,20110307,600058.SH,buy,12700.0,34.35013520155364,436246.71705973125,130.87401511791936,0.0,218.01435135421343,1372387.236810116
20110304,20110307,600185.SH,buy,150300.0,3.036306551204819,456356.87464608427,136.90706239382527,0.0,228.06440512044355,915893.455101638
20110304,20110307,600325.SH,buy,122500.0,3.8936639571768437,476973.83475416334,143.092150426249,0.0,238.36773351026932,438776.5281970484
20110311,20110314,002016.SZ,sell,84400.0,5.163246145299146,435777.97466324794,130.73339239897436,217.88898733162398,217.99798632477177,874205.8804805657
20110311,20110314,600058.SH,sell,12700.0,36.95847981314298,469372.69362691586,140.81180808807474,234.68634681345793,234.80374868772924,1343203.07595258
20110311,20110314,600185.SH,sell,150300.0,2.827989733707558,425046.85697624594,127.51405709287377,212.52342848812296,212.62974335975014,1767909.8954432448
20110311,20110314,600325.SH,sell,122500.0,3.6446185265317386,446465.76950013795,133.93973085004137,223.232884750069,223.34455702855485,2214018.492327783
20110311,20110314,002136.SZ,buy,45100.0,9.715200000000001,438155.5200000001,131.44665600000002,0.0,218.96827586204745,1775731.5256717827
20110311,20110314,002314.SZ,buy,51500.0,8.19450473255328,422016.99372649397,126.60509811794817,0.0,210.90304534055758,1353587.9268471708
20110311,20110314,002343.SZ,buy,39800.0,11.106815862230551,442051.27131677594,132.61538139503276,0.0,220.91517806937918,911404.0401489998
20110311,20110314,300085.SZ,buy,140900.0,3.266994538006372,460319.5304050978,138.09585912152934,0.0,230.0447428311454,450946.4138847804
20110318,20110321,002314.SZ,sell,51500.0,7.724217864605099,397797.2200271626,119.33916600814877,198.8986100135813,198.99810906808125,848425.3961359212
20110318,20110321,002343.SZ,sell,39800.0,10.623489097157139,422814.8660668541,126.84445982005622,211.40743303342705,211.51318962825462,1270902.0103099218
20110318,20110321,300085.SZ,sell,140900.0,3.2955748748293128,464346.4998634502,139.30394995903504,232.1732499317251,232.28939462901326,1734877.0329734813
20110318,20110321,000738.SZ,buy,27500.0,15.755864436237234,433286.27199652395,129.98588159895718,0.0,216.53486856399104,1301460.7750953585
20110318,20110321,600748.SH,buy,68900.0,5.861919809216319,403886.2748550044,121.16588245650131,0.0,201.84221631928813,897453.3343578975
20110318,20110321,600796.SH,buy,52900.0,8.564162811127376,453044.2127086382,135.91326381259145,0.0,226.40890190331265,444273.2083854467
20110325,20110328,000738.SZ,sell,27500.0,15.058684575276994,414113.8258201173,124.23414774603518,207.05691291005866,207.16049315663986,858055.7431449079
20110325,20110328,002136.SZ,sell,45100.0,11.837756321839082,533882.8101149426,160.16484303448277,266.9414050574713,267.07494252873585,1391511.4470117586
20110325,20110328,600748.SH,sell,68900.0,5.770136675961258,397562.41697373067,119.26872509211918,198.78120848686532,198.88064881123137,1788755.8140519103
20110325,20110328,600796.SH,sell,52900.0,9.591102489019034,507369.3216691069,152.21079650073204,253.68466083455345,253.81156661786372,2295719.240263682
20110325,20110328,000767.SZ,buy,93200.0,5.04252,469962.86399999994,140.98885919999998,0.0,234.8639999999432,1825615.3874044819
20110325,20110328,000899.SZ,buy,83500.0,5.390142511030571,450076.89967105264,135.02306990131578,0.0,224.9259868420777,1375403.464663528
20110325,20110328,600078.SH,buy,43800.0,9.86125110857346,431922.79855551757,129.57683956665525,0.0,215.85347254143562,943351.0892684436
20110325,20110328,600295.SH,buy,59900.0,7.736636505113382,463424.52665629156,139.02735799688745,0.0,231.5964650955284,479787.53525415517
20110401,20110406,000767.SZ,sell,93200.0,5.15742,480671.544,144.20146319999998,240.335772,240.4560000000056,960074.5420189551
20110401,20110406,000899.SZ,sell,83500.0,5.2650938386385135,439635.3355263159,131.89060065789477,219.81766776315794,219.92763157887384,1399358.1692768498
20110401,20110406,600078.SH,sell,43800.0,9.774730234765459,428133.1842827271,128.4399552848181,214.06659214136354,214.173678980791,1827148.8470121508
20110401,20110406,600295.SH,sell,59900.0,7.000123730204877,419307.41143927217,125.79222343178164,209.6537057196361,209.7585850120522,2246120.8125222716
20110401,20110406,000555.SZ,buy,62400.0,5.430153166089966,338841.55756401387,101.65246726920415,0.0,169.33611072663916,1907177.6024909886
20110401,20110406,600476.SH,buy,27200.0,14.447219999999998,392964.38399999996,117.88931519999998,0.0,196.38399999996182,1514095.3291757887
20110401,20110406,600643.SH,buy,77300.0,6.257719736375248,483721.73562180664,145.11652068654197,0.0,241.7399978119647,1030228.4770332954
20110401,20110406,600768.SH,buy,47200.0,11.426817503612183,539345.786170495,161.80373585114847,0.0,269.5381240231218,490720.88712694927
20110401,20110406,601801.SH,buy,87100.0,5.626641516429196,490080.47608098295,147.02414282429487,0.0,244.9177791509428,493.3869031420327
20110408,20110411,000555.SZ,sell,62400.0,5.419842985215477,338198.20227744576,101.45946068323371,169.0991011387229,169.1836929852143,338421.03061876586
20110408,20110411,600476.SH,sell,27200.0,14.492750000000001,394202.80000000005,118.26084,197.10140000000004,197.19999999995343,732308.468378766
20110408,20110411,600643.SH,sell,77300.0,6.427104643296434,496815.18892681436,149.0445566780443,248.40759446340718,248.53186039353022,1228726.205154439
20110408,20110411,600768.SH,sell,47200.0,13.137546715123994,620092.2049538526,186.02766148615575,310.0461024769263,310.2012030783808,1848322.3363443285
20110408,20110411,601801.SH,sell,87100.0,5.518684464960745,480677.4168980809,144.20322506942426,240.33870844904047,240.45893791795243,2328615.211308891
20110408,20110411,002034.SZ,buy,67200.0,7.001838591829956,470523.55337097304,141.1570660112919,0.0,235.14420458319364,1857950.5008719065
20110408,20110411,002075.SZ,buy,65200.0,7.703595015390725,502274.39500347525,150.68231850104257,0.0,251.01169165584724,1355525.42354993
20110408,20110411,002219.SZ,buy,165000.0,2.7230607506992692,449305.02386537945,134.79150715961381,0.0,224.54024181177374,906085.6081773911
20110408,20110411,600966.SH,buy,117800.0,3.876954404449731,456705.2288441783,137.01156865325348,0.0,228.23849517444614,449243.3677645595
20110415,20110418,002034.SZ,sell,67200.0,7.286291929591498,489638.81766854867,146.8916453005646,244.81940883427433,244.94187977415277,938490.4743789734
20110415,20110418,002075.SZ,sell,65200.0,6.973991152815013,454704.22316353885,136.41126694906166,227.35211158176944,227.46584450401133,1392830.9341639814
20110415,20110418,002219.SZ,sell,165000.0,2.8939777136154476,477506.32274654886,143.25189682396464,238.75316137327442,238.87259767210344,1869955.251852333
20110415,20110418,600966.SH,sell,117800.0,3.8549597179043555,454114.25476913305,136.2342764307399,227.05712738456654,227.17071274091722,2323706.215217651
20110415,20110418,000803.SZ,buy,79400.0,5.816074749703038,461796.3351264212,138.53890053792634,0.0,230.78277617506683,1861771.3411906918
20110415,20110418,600653.SH,buy,114100.0,3.9619799999999996,452061.91799999995,135.61857539999997,0.0,225.91799999994691,1409573.8046152918
20110415,20110418,600675.SH,buy,99700.0,4.533697097884899,452009.6006591245,135.60288019773733,0.0,225.89185440237634,957428.6010759695
20110422,20110425,000803.SZ,sell,79400.0,5.937679598676397,471451.76013490587,141.43552804047175,235.72588006745295,235.84380196843995,1428503.1998027675
20110422,20110425,600653.SH,sell,114100.0,3.9280350000000004,448188.7935,134.45663805,224.09439675000002,224.20649999997113,1876333.4422679676
20110422,20110425,600675.SH,sell,99700.0,4.423836232397992,441056.47237007983,132.31694171102393,220.52823618503993,220.63855546270497,2317037.0694601513
20110422,20110425,002195.SZ,buy,431500.0,1.0870065095925632,469043.308889191,140.7129926667573,0.0,234.4044522184413,1847853.0475782934
20110422,20110425,002233.SZ,buy,80400.0,6.008253302845527,483063.5655487804,144.9190696646341,0.0,241.41107723570894,1364644.5629598484
20110422,20110425,600103.SH,buy,120000.0,3.729803149606299,447576.3779527559,134.27291338582677,0.0,223.6763508009608,916933.9120937067
20110422,20110425,600578.SH,buy,148600.0,3.024361607014056,449420.1348022887,134.8260404406866,0.0,224.59776851680363,467378.95125097723
20110429,20110503,002195.SZ,sell,431500.0,1.138583904272152,491298.95469343354,147.38968640803006,245.64947734671676,245.77236352849286,958284.8667806559
20110429,20110503,002233.SZ,sell,80400.0,6.087994452913279,489474.7540142276,146.84242620426826,244.7373770071138,244.85980691056466,1447368.040991672
20110429,20110503,600103.SH,sell,120000.0,3.770788112951398,452494.57355416776,135.7483720662503,226.24728677708387,226.36046701058513,1899500.6188869965
20110429,20110503,600578.SH,sell,148600.0,3.169545563320457,470994.47070941987,141.29834121282596,235.49723535470994,235.61504287616117,2370118.294019849
20110429,20110503,002120.SZ,buy,127400.0,3.978934321083634,506916.232506055,152.0748697518165,0.0,253.33145052776672,1863049.9866440422
20110429,20110503,300067.SZ,buy,221000.0,2.4172213430618137,534205.9168166608,160.26177504499822,0.0,266.9694736714009,1328683.8080523363
20110429,20110503,600027.SH,buy,187400.0,2.4636990666026954,461697.2050813451,138.5091615244035,0.0,230.73323592264205,866848.0938094668
20110429,20110503,600795.SH,buy,187200.0,2.0792975997338763,389244.51067018165,116.77335320105449,0.0,194.52499283867655,477486.8097860841
20110429,20110503,601991.SH,buy,94800.0,5.034923286904179,477310.72759851615,143.19321827955483,0.0,238.53609575139126,32.888969288382214
20110506,20110509,002120.SZ,sell,127400.0,4.153948658912179,529213.0591454116,158.76391774362347,264.6065295727058,264.73889902222436,528822.5776673837
20110506,20110509,300067.SZ,sell,221000.0,2.4196349403848707,534739.3218250565,160.42179654751692,267.3696609125282,267.50341261876747,1063134.10803498
20110506,20110509,600027.SH,sell,187400.0,2.4972546953373755,467985.52990622417,140.39565897186725,233.9927649531121,234.10981986299157,1530745.2495172792
20110506,20110509,600795.SH,sell,187200.0,2.1330252340137372,399302.3238073716,119.79069714221147,199.65116190368582,199.75103742233478,1929728.131465605
20110506,20110509,601991.SH,sell,94800.0,5.299609666130048,502402.99634912855,150.72089890473856,251.20149817456428,251.32716175547102,2431729.2054176545
20110506,20110509,000987.SZ,buy,71800.0,6.376214421680917,457812.19547668984,137.34365864300693,0.0,228.791701887385,1973779.6662823216
20110506,20110509,002176.SZ,buy,77400.0,5.821200416763141,450560.9122574671,135.1682736772401,0.0,225.16787219268735,1523083.5857511773
20110506,20110509,002195.SZ,buy,332500.0,1.3331622923259494,443276.46219837817,132.98293865951345,0.0,221.52746736543486,1079674.1406141396
20110506,20110509,600469.SH,buy,71800.0,7.279535918792295,522670.6789692868,156.80120369078602,0.0,261.20473711611703,556846.6604411621
20110506,20110509,600785.SH,buy,21900.0,25.39070955486711,556056.5392515898,166.81696177547693,0.0,277.88932496332563,623.3042277967324
20110513,20110516,000987.SZ,sell,71800.0,6.259307422856223,449418.2729610768,134.82548188832303,224.7091364805384,224.8215472541051,449682.0425705047
20110513,20110516,002176.SZ,sell,77400.0,5.229335864783516,404750.5959342441,121.42517878027323,202.37529796712207,202.47653623519,854108.8380280014
20110513,20110516,002195.SZ,sell,332500.0,1.4493441900712025,481906.9431986748,144.57208295960243,240.9534715993374,241.0740086036385,1335630.2556721172
20110513,20110516,600469.SH,sell,71800.0,7.439252658337672,534138.3408686449,160.24150226059345,267.0691704343225,267.20277182012796,1869341.2858680673
20110513,20110516,600785.SH,sell,21900.0,24.996724148051527,547428.2588423284,164.22847765269853,273.7141294211642,273.8510549486382,2416331.602103322
20110513,20110516,000155.SZ,buy,56600.0,8.751581223328591,495339.49724039825,148.60184917211947,0.0,247.54597563232528,1920843.5030137515
20110513,20110516,300032.SZ,buy,85400.0,6.7881572134247214,579708.6260264713,173.91258780794135,0.0,289.70945828408003,1340960.9643994723
20110513,20110516,600683.SH,buy,52700.0,7.788894637516023,410474.74739709444,123.14242421912832,0.0,205.13480629539117,930363.0745781588
20110513,20110516,600755.SH,buy,118900.0,3.9896417054087765,474368.39877310354,142.31051963193104,0.0,237.06566655327333,455852.3652854233
20110513,20110516,600780.SH,buy,73600.0,6.185596047727139,455259.86911271745,136.57796073381522,0.0,227.51617646811064,455.9182119720499
20110520,20110523,000155.SZ,sell,56600.0,8.781604898262108,497038.8372416353,149.11165117249058,248.51941862081765,248.64374049106846,497097.12438381405
20110520,20110523,300032.SZ,sell,85400.0,6.549018818246277,559286.2070782321,167.7858621234696,279.64310353911605,279.78299503668677,1055935.9024963835
20110520,20110523,600683.SH,sell,52700.0,7.581594003703176,399550.00399515737,119.8650011985472,199.7750019975787,199.87493946729228,1455166.2664883449
20110520,20110523,600755.SH,sell,118900.0,3.8208500812639383,454299.07466228225,136.28972239868466,227.14953733114112,227.26316891558236,1909101.9018908972
20110520,20110523,600780.SH,sell,73600.0,6.2990702367091895,463611.56942179636,139.0834708265389,231.8057847108982,231.92174558370607,2372342.582057156
20110520,20110523,000609.SZ,buy,32300.0,13.123360524133354,423884.5449295073,127.16536347885219,0.0,211.83635428757407,1948330.87176417
20110520,20110523,600167.SH,buy,139400.0,3.852162947049585,536991.5148187121,161.09745444561364,0.0,268.361576620955,1411178.2594910122
20110520,20110523,600560.SH,buy,50100.0,9.915865830425753,496784.8781043302,149.03546343129906,0.0,248.26830489962595,914244.3459232507
20110527,20110530,600167.SH,sell,139400.0,4.247025077406328,592035.2957904421,177.61058873713262,296.0176478952211,296.1657307605492,1505806.0134770605
20110527,20110530,600560.SH,sell,50100.0,7.712938484919836,386418.2180944838,115.92546542834512,193.2091090472419,193.30576192820445,1891915.0969970687
20110527,20110530,600605.SH,buy,43200.0,9.16976800807955,396133.9779490366,118.84019338471096,0.0,197.96800497197546,1495662.2788546474
20110527,20110530,600619.SH,buy,39800.0,10.247569978666787,407853.28515093814,122.35598554528143,0.0,203.82473021035548,1087686.637718164
20110527,20110530,600775.SH,buy,54600.0,7.872143771272974,429819.0499115044,128.9457149734513,0.0,214.80212389380904,657738.6420916861
20110527,20110530,600975.SH,buy,120600.0,4.039245239885183,487132.9759301531,146.1398927790459,0.0,243.44476558233146,170459.52626875398
20110603,20110607,000609.SZ,sell,32300.0,11.004659124232873,355450.4897127218,106.63514691381653,177.7252448563609,177.814151932369,525625.6555897056
20110603,20110607,600605.SH,sell,43200.0,8.539320957346408,368898.66535736487,110.66959960720945,184.44933267868242,184.5416034803493,894229.2020147846
20110603,20110607,600619.SH,sell,39800.0,11.469205116499479,456474.36363667925,136.94230909100375,228.23718181833962,228.35135749710025,1350338.3861605544
20110603,20110607,600775.SH,sell,54600.0,6.8531544179714095,374182.23122123897,112.25466936637169,187.09111561061948,187.18470796459587,1724221.2715968164
20110603,20110607,600975.SH,sell,120600.0,4.86758276038819,587030.4809028157,176.1091442708447,293.51524045140786,293.66207148716785,2310782.12811491
20110603,20110607,000928.SZ,buy,91000.0,5.936610101437025,540231.5192307692,162.06945576923076,0.0,269.9807692307513,1770388.5394283715
20110603,20110607,300012.SZ,buy,249600.0,1.8817923447860156,469695.3692585895,140.90861077757685,0.0,234.73031946958508,1300552.2615590044
20110603,20110607,600271.SH,buy,45300.0,10.1554956828336,460043.95443236205,138.01318632970862,0.0,229.90702370426152,840370.2939403127
20110603,20110607,600640.SH,buy,34800.0,11.95895087149813,416171.4903281349,124.85144709844046,0.0,207.981754286855,424073.95216507936
20110603,20110607,600848.SH,buy,51100.0,8.294355359156329,423841.5588528884,127.15246765586652,0.0,211.81487199041294,105.2408445350593
20110610,20110613,000928.SZ,sell,91000.0,6.097076732882503,554833.9826923078,166.45019480769233,277.4169913461539,277.55576923070475,554495.356350689
20110610,20110613,300012.SZ,sell,249600.0,1.8048536015672092,450491.4589511754,135.1474376853526,225.2457294755877,225.35840867989464,1004626.4221347035
20110610,20110613,600271.SH,sell,45300.0,10.137238714009136,459216.9137446139,137.76507412338415,229.60845687230693,229.72331853152718,1463475.9623483217
20110610,20110613,600640.SH,sell,34800.0,11.6461392985675,405285.64759014896,121.58569427704468,202.6428237950745,202.74419589299941,1868437.3814203986
20110610,20110613,600848.SH,sell,51100.0,7.743569403727531,395696.39653047686,118.70891895914305,197.84819826523844,197.9471718511195,2263817.2208336513
20110610,20110613,002253.SZ,buy,23700.0,15.47826403576983,366834.85764774494,110.05045729432346,0.0,183.3257659408264,1896872.312728612
20110610,20110613,600038.SH,buy,21000.0,23.690296802519804,497496.2328529159,149.24886985587474,0.0,248.62380452419166,1399226.83100584
20110610,20110613,600612.SH,buy,23100.0,14.895055789841015,344075.78874532745,103.22273662359822,0.0,171.95191841345513,1055047.819523889
20110610,20110613,600807.SH,buy,70600.0,7.89914343635251,557679.5266064872,167.30385798194615,0.0,278.70041309669614,497200.98905941995
20110617,20110620,002253.SZ,sell,23700.0,13.786851181959566,326748.37301244173,98.02451190373252,163.37418650622087,163.45591446338221,823687.9633734517
20110617,20110620,600038.SH,sell,21000.0,22.59211530018135,474434.4213038084,142.3303263911425,237.2172106519042,237.3358785911696,1297742.837140217
20110617,20110620,600612.SH,sell,23100.0,14.609215861782754,337472.8864071816,101.24186592215447,168.73644320359082,168.82085363037186,1634945.745238273
20110617,20110620,600807.SH,sell,70600.0,7.117446228580172,502491.70373776014,150.74751112132802,251.24585186888007,251.371537637664,2137035.4556130427
20110617,20110620,002397.SZ,buy,98200.0,5.226711019515216,513263.0221163942,153.97890663491825,0.0,256.50325942848576,1623618.4545900137
20110617,20110620,002459.SZ,buy,38000.0,8.250473082872928,313517.97714917123,94.05539314475136,0.0,156.6806482503889,1310006.4220476977
20110617,20110620,300157.SZ,buy,32200.0,9.72296235945902,313079.38797458046,93.92381639237414,0.0,156.46146325569134,996833.1102567249
20110617,20110620,601668.SH,buy,168900.0,1.6886729311433986,285216.85807012004,85.565057421036,0.0,142.5371604548418,711530.6871291838
20110624,20110627,002397.SZ,sell,98200.0,5.053355276852784,496239.4881869434,148.871846456083,248.1197440934717,248.24386602640152,1207373.1837255778
20110624,20110627,002459.SZ,sell,38000.0,8.992849392265194,341728.2769060774,102.51848307182321,170.8641384530387,170.9496132596396,1548828.0780101302
20110624,20110627,300157.SZ,sell,32200.0,9.78164738471566,314969.0457878442,94.49071373635326,157.4845228939221,157.56330454623094,1863545.1485613442
20110624,20110627,601668.SH,sell,168900.0,1.7517032006738258,295862.67059380916,88.75880117814275,147.9313352969046,148.00533796590753,2159171.1290186783
20110624,20110627,000739.SZ,buy,122400.0,3.512302554172158,429905.83263067214,128.97174978920162,0.0,214.84549356851494,1729136.324638217
20110624,20110627,002134.SZ,buy,41400.0,10.415205,431189.487,129.35684609999998,0.0,215.48700000002282,1297817.4807921168
20110624,20110627,002207.SZ,buy,55700.0,7.743879746712129,431334.1018918656,129.40023056755967,0.0,215.55927131028147,866353.9786696837
20110624,20110627,300006.SZ,buy,81500.0,5.34206474315515,435378.27656714467,130.6134829701434,0.0,217.580348109419,430845.08861956885
20110624,20110627,600030.SH,buy,46700.0,9.21554539627927,430365.97000624187,129.10979100187254,0.0,215.07544727943605,350.0088223250932
20110701,20110704,000739.SZ,sell,122400.0,3.584214638815465,438707.87179101293,131.61236153730385,219.35393589550648,219.46366772934562,438706.91431590525
20110701,20110704,002134.SZ,sell,41400.0,10.704645000000001,443172.3030000001,132.95169090000002,221.58615150000003,221.69699999998556,881524.6794735054
20110701,20110704,002207.SZ,sell,55700.0,8.196153161227473,456525.73108037026,136.95771932411105,228.26286554018515,228.37705406721216,1337685.1899690113
20110701,20110704,300006.SZ,sell,81500.0,5.560451760104303,453176.81844850065,135.95304553455017,226.58840922425034,226.7017601042753,1790499.4669627533
20110701,20110704,600030.SH,sell,46700.0,9.192353690284081,429282.9173362666,128.78487520087998,214.6414586681333,214.7488330846536,2219438.957965151
20110701,20110704,000935.SZ,buy,34600.0,13.18800917076923,456305.1173086154,136.89153519258463,0.0,228.03853938466636,1762996.949121343
20110701,20110704,300009.SZ,buy,296600.0,1.492075892857143,442549.7098214286,132.76491294642855,0.0,221.16427277430193,1320314.474386968
20110701,20110704,600162.SH,buy,188400.0,2.413468418253107,454697.4499988854,136.4092349996656,0.0,227.23510744568193,865480.6151530829
20110701,20110704,600353.SH,buy,129800.0,3.1984525569535123,415159.1418925659,124.54774256776976,0.0,207.47583302977728,450196.9255179492
20110701,20110704,600971.SH,buy,50700.0,8.869486424433527,449682.9617187798,134.90488851563393,0.0,224.7291163012269,379.0589106537518
20110708,20110711,000935.SZ,sell,34600.0,12.747736789230771,441071.69290738465,132.3215078722154,220.53584645369233,220.64616953849327,441097.8944637125
20110708,20110711,300009.SZ,sell,296600.0,1.4905845626293999,442107.38127588,132.63221438276398,221.05369063793998,221.16427277430193,882851.5898345718
20110708,20110711,600162.SH,sell,188400.0,2.3125583023474943,435685.98416226794,130.70579524868037,217.84299208113399,217.95196806511376,1318189.02520951
20110708,20110711,600353.SH,sell,129800.0,3.7207267632471215,482950.3338694764,144.8851001608429,241.4751669347382,241.59596491715638,1800752.9988118908
20110708,20110711,600971.SH,sell,50700.0,8.832280338050891,447796.6131391802,134.33898394175404,223.8983065695901,224.01031172543298,2248191.3746605595
20110708,20110711,000620.SZ,buy,52200.0,9.59822929071804,501027.56897548167,150.3082706926445,0.0,250.3885901925969,1747013.4974143852
20110708,20110711,000731.SZ,buy,82500.0,5.950719934242093,490934.3945749727,147.2803183724918,0.0,245.34452502493514,1255931.82252104
20110708,20110711,000875.SZ,buy,95300.0,4.781111624321245,455639.9377978146,136.69198133934438,0.0,227.70611584099242,800155.192741886
20110708,20110711,002585.SZ,buy,30900.0,12.756151588618094,394165.0840882991,118.24952522648971,0.0,196.98405001912033,405871.85912836046
20110715,20110718,000620.SZ,sell,52200.0,7.696823918563925,401774.2085490369,120.53226256471105,200.88710427451844,200.98759807355236,807324.6483105582
20110715,20110718,000731.SZ,sell,82500.0,5.880330213241252,485127.2425924033,145.53817277772097,242.56362129620166,242.68496377801057,1292063.7891088875
20110715,20110718,000875.SZ,sell,95300.0,4.927065301334049,469549.32321713486,140.86479696514044,234.77466160856744,234.89210766239557,1761237.4728674488
20110715,20110718,002585.SZ,sell,30900.0,13.694820722215134,423169.96031644766,126.95098809493429,211.58498015822383,211.6908255709568,2184068.8972156434
20110715,20110718,000034.SZ,buy,52100.0,8.345273254054053,434788.73653621617,130.43662096086484,0.0,217.28572540538153,1749149.7240584665
20110715,20110718,002031.SZ,buy,206700.0,2.1337976757957064,441055.9795869725,132.31679387609174,0.0,220.4177809029352,1307961.4276776179
20110715,20110718,302132.SZ,buy,76900.0,5.705975783546764,438789.53775474615,131.63686132642383,0.0,219.28512631420745,869040.2530615453
20110715,20110718,600749.SH,buy,27100.0,15.967045730732332,432706.9393028462,129.81208179085385,0.0,216.24534697789932,436203.5016769082
20110715,20110718,600833.SH,buy,43400.0,10.031115828279605,435350.42694733484,130.60512808420043,0.0,217.56643025850644,722.4696014891961
20110722,20110725,000034.SZ,sell,52100.0,7.852439383783785,409112.0918951352,122.73362756854054,204.55604594756758,204.65837513509905,409507.27182310825
20110722,20110725,002031.SZ,sell,206700.0,2.0894291588722163,431885.0071388871,129.56550214166612,215.94250356944355,216.05052883387543,841046.7709562843
20110722,20110725,302132.SZ,sell,76900.0,5.415259026359062,416433.4191270119,124.93002573810357,208.21670956350596,208.3208699984243,1257147.0433479946
20110722,20110725,600749.SH,sell,27100.0,15.721789793732015,426060.5034101376,127.81815102304127,213.03025170506882,213.1368201150908,1682866.698355404
20110722,20110725,600833.SH,sell,43400.0,9.589688553463136,416192.48322030006,124.85774496609001,208.09624161015003,208.20034178101923,2098726.2275891276
20110722,20110725,002151.SZ,buy,28000.0,14.36496141089109,402218.9195049505,120.66567585148515,0.0,201.00895527482498,1696386.6424083256
20110722,20110725,002469.SZ,buy,78300.0,5.198469610509868,407040.1705029227,122.1120511508768,0.0,203.41837606346235,1289224.359854252
20110722,20110725,300175.SZ,buy,73700.0,5.823371390194762,429182.4714573539,128.75474143720615,0.0,214.48399373173015,859913.133655461
20110722,20110725,600744.SH,buy,86000.0,4.992495,429354.57,128.80637099999998,0.0,214.57000000000698,430429.757284461
20110729,20110801,002151.SZ,sell,28000.0,13.974956789860023,391298.79011608067,117.38963703482419,195.64939505804034,195.74726869235747,821415.5083684488
20110729,20110801,002469.SZ,sell,78300.0,5.939642077570076,465073.97467373696,139.52219240212108,232.5369873368685,232.65331399382558,1286117.4238624468
20110729,20110801,300175.SZ,sell,73700.0,5.651974479516456,416550.5191403628,124.96515574210883,208.2752595701814,208.37944929476362,1702334.7025874974
20110729,20110801,600744.SH,sell,86000.0,5.307345,456431.67,136.929501,228.215835,228.3299999999581,2158401.2272514976
20110729,20110801,000037.SZ,buy,79400.0,5.593903528581509,444155.94016937184,133.24678205081153,0.0,221.96698659134563,1714112.040300075
20110729,20110801,000718.SZ,buy,128800.0,3.9174046298213683,504561.7163209922,151.36851489629765,0.0,252.15478077006992,1209398.9554641864
20110729,20110801,300017.SZ,buy,396400.0,0.9804824224184323,388663.23224666656,116.59896967399996,0.0,194.23449887387687,820619.1242478457
20110729,20110801,300151.SZ,buy,124600.0,3.158804564814705,393587.04877591226,118.07611463277367,0.0,196.6951767995488,426913.9993573007
20110729,20110801,600446.SH,buy,160200.0,2.662990464135021,426611.07235443033,127.9833217063291,0.0,213.19893670885358,174.94368116400437
20110805,20110808,000037.SZ,sell,79400.0,5.219084635673959,414395.3200725124,124.3185960217537,207.1976600362562,207.30131069157505,414238.7474976184
20110805,20110808,000718.SZ,sell,128800.0,4.266009749000032,549462.0556712041,164.83861670136122,274.73102783560205,274.86846206663176,963261.2335242855
20110805,20110808,300017.SZ,sell,396400.0,0.908315670579794,360056.33181783033,108.01689954534909,180.02816590891516,180.1182250214042,1323029.5202766615
20110805,20110808,300151.SZ,sell,124600.0,3.0491961135953374,379929.83575397904,113.9789507261937,189.96491787698952,190.05994785088114,1702655.4121620373
20110805,20110808,600446.SH,sell,160200.0,2.3639968100068827,378712.2889631026,113.61368668893077,189.35614448155133,189.45086991647258,2081064.7312939693
20110805,20110808,002540.SZ,buy,139000.0,2.7715011112506884,385238.6544638457,115.5715963391537,0.0,192.52306569908978,1695710.5052337844
20110805,20110808,600422.SH,buy,72500.0,6.521606846499445,472816.49637120974,141.8449489113629,0.0,236.29010313400067,1222752.1639136635
20110805,20110808,600617.SH,buy,76500.0,5.1840430405678255,396579.29260343866,118.97378778103159,0.0,198.1905510262004,826053.8975224438
20110812,20110815,002540.SZ,sell,139000.0,2.8230942065186935,392410.0947060984,117.7230284118295,196.2050473530492,196.30319895251887,1218150.0641527772
20110812,20110815,600422.SH,sell,72500.0,6.551920029284975,475014.2021231607,142.5042606369482,237.50710106158036,237.62591401854297,1692784.2549142395
20110812,20110815,600617.SH,sell,76500.0,5.167046694896183,395279.072159558,118.58372164786739,197.63953607977902,197.73840528237633,2087747.10381607
20110812,20110815,000679.SZ,buy,57600.0,8.17561100989068,470915.1941697032,141.27455825091093,0.0,235.3399271212984,1616690.635088116
20110812,20110815,002065.SZ,buy,98200.0,3.8029020026922766,373444.97666438157,112.03349299931446,0.0,186.6291737452848,1243133.624930735
20110812,20110815,002534.SZ,buy,35300.0,11.607416660288301,409741.80810817704,122.9225424324531,0.0,204.76851979416097,833268.8942801255
20110812,20110815,300133.SZ,buy,107600.0,3.655537102473498,393335.79222614836,118.0007376678445,0.0,196.5696113074082,439815.1013163093
20110819,20110822,000679.SZ,sell,57600.0,8.122563443519,467859.6543466944,140.3578963040083,233.9298271733472,234.04685059865005,907300.4679395263
20110819,20110822,002065.SZ,sell,98200.0,3.775023403174643,370707.29819174996,111.21218945752497,185.35364909587497,185.4463722819928,1277711.2002927228
20110819,20110822,002534.SZ,sell,35300.0,11.613019517795637,409939.58897818596,122.98187669345577,204.96979448909298,205.07233065442415,1687322.8375997262
20110819,20110822,300133.SZ,sell,107600.0,3.7831957950530035,407071.86754770315,122.12156026431093,203.53593377385158,203.6377526501892,2094069.047653391
20110819,20110822,002183.SZ,buy,97900.0,3.514492108327139,344068.7774052269,103.22063322156806,0.0,171.94841449533124,1749897.0496149426
20110819,20110822,002398.SZ,buy,81100.0,4.3678915110088425,354236.0015428171,106.27080046284512,0.0,177.02948602836113,1395554.7772716626
20110819,20110822,002496.SZ,buy,139900.0,2.533828334034497,354482.58393142617,106.34477517942784,0.0,177.15271560795372,1040965.848565057
20110826,20110829,002183.SZ,sell,97900.0,3.4142200985390176,334252.1476469698,100.27564429409094,167.12607382348492,167.20967866282444,1374950.5944939093
20110826,20110829,002398.SZ,sell,81100.0,4.4794411658545386,363282.6785508031,108.98480356524092,181.64133927540155,181.73220537806628,1737942.6469018718
20110826,20110829,002496.SZ,sell,139900.0,2.497089072360118,349342.76122318045,104.80282836695413,174.67138061159022,174.75875999155687,2087005.9339160738
20110826,20110829,000750.SZ,buy,137800.0,2.93907839307513,405005.00256575295,121.50150076972588,0.0,202.40130063256947,1681879.429849551
20110826,20110829,000981.SZ,buy,200200.0,2.2560524795501022,451661.70640593045,135.4985119217791,0.0,225.7179942058283,1230082.2249316988
20110826,20110829,002476.SZ,buy,78000.0,5.258013243875087,410125.0330222568,123.03750990667703,0.0,204.9600364928483,819834.1543995353
20110826,20110829,600088.SH,buy,37100.0,10.828841960535044,401750.03673585015,120.52501102075503,0.0,200.7746310524526,417963.59265266435
20110902,20110905,000750.SZ,sell,137800.0,2.615626389967817,360433.3165375652,108.12999496126955,180.2166582687826,180.30681167461444,778108.5625369996
20110902,20110905,000981.SZ,sell,200200.0,1.852924471710975,370955.4792365372,111.28664377096115,185.4777396182686,185.57052488072077,1148767.2773901476
20110902,20110905,002476.SZ,sell,78000.0,5.003852665690989,390300.5079238971,117.09015237716913,195.15025396194858,195.24787790089613,1538755.5449077056
20110902,20110905,600088.SH,sell,37100.0,10.962258777360159,406699.8006400619,122.00994019201856,203.34990032003097,203.4516261330573,1945129.9857072555
20110902,20110905,002124.SZ,buy,237300.0,1.8601143552104813,441405.1364914472,132.42154094743415,0.0,220.5922721096431,1503592.427674861
20110902,20110905,600178.SH,buy,42200.0,8.432935290697676,355869.8692674419,106.76096078023257,0.0,177.84601162787294,1147615.7974466388
20110902,20110905,600833.SH,buy,46100.0,9.06848856942228,418057.3230503671,125.41719691511013,0.0,208.92419942549895,729433.0571993566
20110902,20110905,600980.SH,buy,15900.0,19.83654637220517,315401.0873180622,94.62032619541866,0.0,157.62173279258423,413937.349555099
20110909,20110913,002124.SZ,sell,237300.0,1.7100507703506005,405795.0478041975,121.73851434125923,202.89752390209873,202.99902341380948,819407.7613210531
20110909,20110913,600178.SH,sell,42200.0,8.08363058139535,341129.2105348838,102.33876316046512,170.5646052674419,170.64993023255374,1160264.0684875092
20110909,20110913,600833.SH,sell,46100.0,9.958177054580275,459071.9622161507,137.7215886648452,229.53598110807536,229.65080651122844,1618968.773133887
20110909,20110913,600980.SH,sell,15900.0,20.09691714160456,319540.9825515125,95.86229476545374,159.77049127575626,159.85041648399783,1938254.1228993582
20110909,20110913,000700.SZ,buy,141600.0,2.571420611376241,364113.1585708757,109.2339475712627,0.0,181.96559648716357,1574031.7303809111
20110909,20110913,002182.SZ,buy,88200.0,3.9222376537369916,345941.36105960264,103.78240831788078,0.0,172.88423841056647,1227986.5869129905
20110909,20110913,300127.SZ,buy,39800.0,8.997740613578468,358110.07642042305,107.43302292612691,0.0,178.96555543248542,869769.0774696413
20110909,20110913,600678.SH,buy,77100.0,5.492745,423490.6395,127.04719184999999,0.0,211.63949999999022,446151.3907777913
20110909,20110913,600841.SH,buy,46700.0,9.549646672331749,445968.49959789263,133.79054987936777,0.0,222.8728133921977,49.10063001932576
20110916,20110919,000700.SZ,sell,141600.0,2.4948987197101826,353277.65871096187,105.98329761328856,176.63882935548094,176.72719295194838,353044.13721401244
20110916,20110919,002182.SZ,sell,88200.0,4.348376600441502,383526.8161589405,115.05804484768214,191.76340807947025,191.85933774831938,736264.1319200258
20110916,20110919,300127.SZ,sell,39800.0,8.988747369586886,357752.145309558,107.3256435928674,178.87607265477902,178.96555543254362,1093730.075513336
20110916,20110919,600678.SH,sell,77100.0,5.63718,434626.578,130.3879734,217.313289,217.4220000000205,1528008.952250936
20110916,20110919,600841.SH,sell,46700.0,9.786525091774305,457030.72178586,137.10921653575798,228.51536089293,228.62967573077185,1984674.0494593675
20110916,20110919,000737.SZ,buy,86600.0,5.526841451391321,478624.46969048836,143.58734090714648,0.0,239.19263852597214,1505905.9924279721
20110916,20110919,000862.SZ,buy,38000.0,9.886808984432914,375698.74140845076,112.70962242253522,0.0,187.75549295777455,1130094.541397099
20110916,20110919,002149.SZ,buy,45100.0,9.128710433158409,411704.8405354442,123.51145216063325,0.0,205.7495454949676,718266.189409494
20110916,20110919,600501.SH,buy,34100.0,10.859154067568703,370297.1537040928,111.08914611122782,0.0,185.05604882765329,347857.94655929005
20110916,20110919,600566.SH,buy,46700.0,7.441610466004584,347523.20876241405,104.25696262872421,0.0,173.6747669976903,230.48083424725337
20110923,20110926,000737.SZ,sell,86600.0,5.33531554561862,462038.3262505725,138.61149787517175,231.01916312528627,231.13473049050663,461899.17642381927
20110923,20110926,000862.SZ,sell,38000.0,9.460530526315791,359500.1600000001,107.85004800000002,179.75008000000005,179.8399999999092,821111.7362958193
20110923,20110926,002149.SZ,sell,45100.0,9.322544436538292,420446.754087877,126.13402622636309,210.2233770439385,210.3285413145204,1241222.1329804258
20110923,20110926,600501.SH,sell,34100.0,10.701701687116564,364928.0275306748,109.47840825920244,182.46401376533743,182.55529141105944,1605858.2180890762
20110923,20110926,600566.SH,sell,46700.0,7.489240519480521,349747.53225974034,104.9242596779221,174.87376612987018,174.9612467532279,1955325.9523230088
20110923,20110926,000838.SZ,buy,151400.0,2.9354756874095513,444431.01907380606,133.3293057221418,0.0,222.104457308189,1510761.6039434806
20110923,20110926,002130.SZ,buy,97600.0,3.6740158570731456,358583.947650339,107.57518429510169,0.0,179.20237263879972,1152070.0811088465
20110923,20110926,300140.SZ,buy,51800.0,8.794511891157411,455555.71596195386,136.66671478858615,0.0,227.66402596788248,696377.698432104
20110923,20110926,600579.SH,buy,37000.0,9.874934999999999,365372.595,109.61177849999999,0.0,182.59499999997206,330895.49165360397
20110923,20110926,600599.SH,buy,22100.0,14.911034557823127,329533.8637278911,98.86015911836732,0.0,164.68458956916584,1262.7677665944793
20110930,20111010,000838.SZ,sell,151400.0,2.6958804204432942,408156.29565511475,122.44688869653442,204.0781478275574,204.180237946508,409092.5383851852
20110930,20111010,002130.SZ,sell,97600.0,3.723119860901205,363376.4984239576,109.01294952718727,181.6882492119788,181.77913878136314,772178.3356104037
20110930,20111010,300140.SZ,sell,51800.0,8.56454934615474,443643.6561308155,133.09309683924465,221.82182806540777,221.9327944626566,1215467.0768163146
20110930,20111010,600579.SH,sell,37000.0,9.425285,348735.54500000004,104.6206635,174.36777250000003,174.4549999999581,1563923.6333803148
20110930,20111010,600599.SH,sell,22100.0,12.509184455782314,276452.97647278913,82.93589294183673,138.22648823639457,138.29563605441945,1840155.4474719258
20110930,20111010,000955.SZ,buy,64700.0,4.73986875,306669.508125,92.00085243749999,0.0,153.2581249999348,1533393.9384944881
20110930,20111010,600530.SH,buy,221400.0,3.6060962711388016,798389.7144301307,239.51691432903917,0.0,398.99535953521263,734764.7071500284
20110930,20111010,600663.SH,buy,172900.0,4.247084782221979,734320.9588461801,220.29628765385402,0.0,366.97699092759285,223.45201619446743
20111014,20111017,000955.SZ,sell,64700.0,4.642738445121952,300385.1773993903,90.11555321981709,150.19258869969516,150.2677225609077,300368.3212736653
20111014,20111017,600530.SH,sell,221400.0,3.7303694812698125,825903.8031531365,247.77114094594094,412.9519015765683,413.15848081687,1125611.4013842791
20111014,20111017,600663.SH,sell,172900.0,4.455150311306943,770295.4888249703,231.0886466474911,385.14774441248517,385.34041461977176,1895290.6538181894
20111014,20111017,300155.SZ,buy,84300.0,4.437640681350598,374093.1094378554,112.22793283135661,0.0,186.95307817979483,1521085.3164475027
20111014,20111017,300204.SZ,buy,56000.0,6.44928270849273,361159.8316755929,108.34794950267786,0.0,180.48967100231675,1159817.1368224071
20111014,20111017,600386.SH,buy,101700.0,3.6799519848771265,374251.11686200375,112.27533505860112,0.0,187.03204240975901,785453.7446253448
20111014,20111017,600775.SH,buy,60000.0,6.307086616746085,378425.1970047651,113.52755910142952,0.0,189.1180394825642,406915.02006147825
20111021,20111024,300155.SZ,sell,84300.0,3.8493196877647344,324497.64967856713,97.34929490357013,162.24882483928357,162.32998983416473,731153.0716203025
20111021,20111024,300204.SZ,sell,56000.0,6.259301836266259,350520.90283091046,105.15627084927313,175.26045141545524,175.34812547819456,1081393.5577289483
20111021,20111024,600386.SH,sell,101700.0,3.63674404536862,369856.86941398866,110.95706082419659,184.92843470699432,185.0209451795672,1450954.5416474058
20111021,20111024,600775.SH,sell,60000.0,5.570528522804629,334231.7113682778,100.26951341048333,167.1158556841389,167.1994554118137,1784918.867646589
20111021,20111024,002135.SZ,buy,85100.0,4.53359128798064,385808.6186071524,115.74258558214572,0.0,192.80790535087,1398994.5064538545
20111021,20111024,300168.SZ,buy,104500.0,3.0079134615384615,314326.95673076925,94.29808701923076,0.0,157.0849358974374,1084573.251636066
20111021,20111024,600433.SH,buy,86400.0,2.8119896880272144,242955.90904555132,72.8867727136654,0.0,121.41724589979276,841544.4558178011
20111028,20111031,002135.SZ,sell,85100.0,4.542784386483822,386590.9512897733,115.97728538693197,193.29547564488664,193.39217173069483,1227826.1343465424
20111028,20111031,300168.SZ,sell,104500.0,3.0049070512820513,314012.7868589744,94.2038360576923,157.0063934294872,157.0849358974374,1541587.7109760297
20111028,20111031,600433.SH,sell,86400.0,2.766569669773488,239031.61946842936,71.7094858405288,119.51580973421468,119.57559753296664,1780428.1051488845
20111028,20111031,002030.SZ,buy,184200.0,1.9094596550666347,351722.4684632741,105.51674053898223,0.0,175.7733475578134,1428600.1199450714
20111028,20111031,600246.SH,buy,101600.0,3.7318513528043007,379156.09744491696,113.74682923347508,0.0,189.48330706893466,1049330.275670921
20111028,20111031,600373.SH,buy,52900.0,6.489235083365714,343280.53591004625,102.98416077301387,0.0,171.55449070961913,705946.7556001018
20111028,20111031,600611.SH,buy,94700.0,3.7378838769125857,353977.6031436219,106.19328094308655,0.0,176.90035139612155,351862.9591755368
20111028,20111031,601199.SH,buy,117400.0,2.9937644341801386,351467.94457274827,105.44038337182447,0.0,175.6461492117378,289.57421941671055
20111104,20111107,002030.SZ,sell,184200.0,1.9425164456866288,357811.529295477,107.3434587886431,178.90576464773852,178.99526227888418,357814.85429145733
20111104,20111107,600246.SH,sell,101600.0,3.940650850517532,400370.12641258124,120.11103792377436,200.18506320629064,200.28520580922486,757864.6846029086
20111104,20111107,600373.SH,sell,52900.0,7.451021998304427,394159.06371030415,118.24771911309124,197.07953185515208,197.17812091560336,1151708.4210622446
20111104,20111107,600611.SH,sell,94700.0,3.7728723573803564,357291.0122439198,107.18730367317592,178.6455061219599,178.73487355868565,1508713.6004963692
20111104,20111107,601199.SH,sell,117400.0,3.028909529069184,355593.9787127222,106.67819361381665,177.7969893563611,177.88593232247513,1864023.104026121
20111104,20111107,000931.SZ,buy,53100.0,7.103549999999999,377198.50499999995,113.15955149999998,0.0,188.50499999994645,1486711.439474621
20111104,20111107,002556.SZ,buy,62800.0,5.921408124920554,371864.4302450108,111.55932907350324,0.0,185.83929547475418,1114735.4499005368
20111111,20111114,000931.SZ,sell,53100.0,7.076460000000001,375760.02600000007,112.72800780000001,187.88001300000005,187.97399999992922,1490194.867879737
20111111,20111114,002556.SZ,sell,62800.0,5.872049795029872,368764.72712787596,110.62941813836278,184.382363563938,184.47460086434148,1858664.5832259106
20111111,20111114,002488.SZ,buy,117600.0,3.020285585279409,355185.5848288585,106.55567544865754,0.0,177.5040403942112,1503372.4427216034
20111111,20111114,300030.SZ,buy,57800.0,6.820091173617847,394201.26983511157,118.26038095053346,0.0,197.00213385059033,1109052.9125055415
20111111,20111114,300097.SZ,buy,65900.0,5.350175120547944,352576.54044410953,105.77296213323285,0.0,176.20017013692996,756370.5990992987
20111111,20111114,600165.SH,buy,112400.0,3.3871597554196775,380716.75650917174,114.21502695275151,0.0,190.26324663119158,375539.62756317423
20111111,20111114,600358.SH,buy,68200.0,5.50275,375287.55,112.58626499999998,0.0,187.54999999998836,139.49129817425273
20111118,20111121,002488.SZ,sell,117600.0,2.9042421566247514,341538.87761907076,102.46166328572122,170.7694388095354,170.8548662426183,341405.13781514973
20111118,20111121,300030.SZ,sell,57800.0,7.06633897187197,408434.3925741998,122.53031777225993,204.2171962870999,204.3193559650681,749512.7828752901
20111118,20111121,300097.SZ,sell,65900.0,5.3283481917808215,351138.1458383561,105.34144375150683,175.56907291917807,175.65690136986086,1100370.0181969756
20111118,20111121,600165.SH,sell,112400.0,3.2808892593586476,368771.952751912,110.6315858255736,184.385976375956,184.47821548365755,1468846.953386686
20111118,20111121,600358.SH,sell,68200.0,5.17741,353099.362,105.9298086,176.54968100000002,176.63799999997718,1821663.8358970862
20111118,20111121,002426.SZ,buy,176100.0,2.0675132096069864,364089.0762117903,109.22672286353709,0.0,181.95356132520828,1457465.5329624324
20111118,20111121,600501.SH,buy,31200.0,10.272172766619043,320491.79031851416,96.14753709555424,0.0,160.16581225313712,1136877.5951068227
20111118,20111121,600517.SH,buy,52500.0,7.717690685436301,405178.76098540577,121.55362829562172,0.0,202.4881364244502,731577.2804931214
20111118,20111121,600606.SH,buy,91600.0,3.6933460995169964,338310.5027157569,101.49315081472706,0.0,169.07071599987103,393165.28462654975
20111118,20111121,600722.SH,buy,54100.0,7.263629999999999,392962.383,117.88871489999998,0.0,196.38299999997253,85.0129116497701
20111125,20111128,002426.SZ,sell,176100.0,1.9281317116005314,339543.99441285356,101.86319832385605,169.7719972064268,169.85692566924263,339357.372128973
20111125,20111128,600501.SH,sell,31200.0,9.431180025632408,294252.8167997311,88.27584503991933,147.12640839986557,147.20000840409193,633374.7866752644
20111125,20111128,600517.SH,sell,52500.0,7.65457582039828,401865.23057090974,120.55956917127291,200.9326152854549,201.03313185134903,1034918.5250617174
20111125,20111128,600606.SH,sell,91600.0,3.426566184270482,313873.4624791762,94.16203874375284,156.93673123958808,157.01523885899223,1348540.8887709102
20111125,20111128,600722.SH,sell,54100.0,6.57671,355800.011,106.74000329999998,177.9000055,177.9890000000014,1704056.2597621102
20111125,20111128,000516.SZ,buy,152000.0,2.268532691294861,344816.96907681884,103.44509072304564,0.0,172.3223233766621,1359135.8455945682
20111125,20111128,000819.SZ,buy,26900.0,11.928087144622989,320865.54419035837,96.2596632571075,0.0,160.35259579721605,1038174.0417409528
20111125,20111128,002395.SZ,buy,49500.0,7.05882357463744,349411.7669445533,104.82353008336598,0.0,174.61857418518048,688657.4512663161
20111202,20111205,000516.SZ,sell,152000.0,2.2587110746620525,343324.083348632,102.99722500458958,171.662041674316,171.74791563209146,1031706.8753482692
20111202,20111205,000819.SZ,sell,26900.0,11.303333674730709,304059.67585025606,91.2179027550768,152.02983792512802,152.10589087055996,1335523.303457845
20111202,20111205,002395.SZ,sell,49500.0,6.166481351946211,305240.82692133746,91.57224807640122,152.62041346066874,152.6967618415365,1640519.9377176454
20111202,20111205,000045.SZ,buy,33100.0,8.90249161966691,294672.4726109747,88.4017417832924,0.0,147.26260500296485,1345759.0633648874
20111202,20111205,000719.SZ,buy,52000.0,7.571117776484283,393698.12437718274,118.10943731315481,0.0,196.7506868451601,951942.8295503915
20111202,20111205,002420.SZ,buy,35400.0,8.73521021611002,309226.4416502947,92.7679324950884,0.0,154.53595284867333,642623.6199676017
20111202,20111205,300011.SZ,buy,58600.0,5.73929347128077,336322.5974170531,100.89677922511594,0.0,168.07726007845486,306200.1257713235
20111202,20111205,600784.SH,buy,42400.0,7.218462524217362,306062.81102681614,91.81884330804483,0.0,152.95492804935202,45.49590119934874
20111209,20111212,000045.SZ,sell,33100.0,8.544063698493796,282808.5084201446,84.84255252604338,141.4042542100723,141.4749917059671,282627.75751460786
20111209,20111212,000719.SZ,sell,52000.0,8.12799450523865,422655.7142724098,126.79671428172293,211.3278571362049,211.43357392313192,704945.3472155997
20111209,20111212,002420.SZ,sell,35400.0,7.685251719056975,272057.9108546169,81.61737325638506,136.02895542730846,136.0970039292588,976785.611741533
20111209,20111212,300011.SZ,sell,58600.0,5.488656368176954,321635.2631751695,96.49057895255083,160.81763158758474,160.89808062789962,1298163.5667061624
20111209,20111212,600784.SH,sell,42400.0,7.146071770239034,302993.44305813505,90.8980329174405,151.49672152906751,151.57250778295565,1600914.6150098508
20111209,20111212,000656.SZ,buy,99100.0,2.8038238223418572,277858.94079407805,83.3576822382234,0.0,138.86004037683597,1322972.3165335346
20111209,20111212,002188.SZ,buy,37900.0,9.48474,359471.646,107.8414938,0.0,179.64600000000792,963392.8290397346
20111209,20111212,300203.SZ,buy,22900.0,18.4913672094329,423452.3090960134,127.03569272880402,0.0,211.62034437578404,539813.4842509923
20111209,20111212,600725.SH,buy,80700.0,3.644243797814208,294090.4744836066,88.22714234508197,0.0,146.97175136610167,245634.78262504062
20111216,20111219,000656.SZ,sell,99100.0,2.6585556561238226,263462.86552187084,79.03885965656124,131.73143276093543,131.7973314265837,508886.87785449397
20111216,20111219,002188.SZ,sell,37900.0,9.445275,357975.92250000004,107.39277675000001,178.98796125,179.07749999995576,866576.419616494
20111216,20111219,300203.SZ,sell,22900.0,17.967803668351117,411462.7040052406,123.43881120157216,205.7313520026203,205.83426913717994,1277709.9534585304
20111216,20111219,600725.SH,sell,80700.0,2.803510718882818,226243.3150138434,67.87299450415301,113.12165750692171,113.1782466302393,1503772.2738203628
20111216,20111219,002414.SZ,buy,276300.0,1.4162218082220366,391302.0856117487,117.39062568352459,0.0,195.55326617276296,1112352.7975829304
20111216,20111219,002451.SZ,buy,35100.0,4.2864146889344665,150453.15558159977,45.135946674479925,0.0,75.18898329912918,961854.5060546561
20111216,20111219,600015.SH,buy,108700.0,3.322347962732104,361139.22354897973,108.34176706469391,0.0,180.47937208844814,600606.9407386116
20111216,20111219,600192.SH,buy,76500.0,7.84679060920831,600279.4816044357,180.0838444813307,0.0,299.98974592925515,147.3752896945225
20111223,20111226,002414.SZ,sell,276300.0,1.4509380523094046,400894.1838530885,120.26825515592655,200.44709192654426,200.5473656093236,400720.8437957006
20111223,20111226,002451.SZ,sell,35100.0,4.041341927922649,141851.101670085,42.555330501025495,70.9255508350425,70.96103135068552,542458.4645844495
20111223,20111226,600015.SH,sell,108700.0,3.3071311200052493,359485.15274457063,107.84554582337118,179.74257637228533,179.83249261853052,901656.0292068245
20111223,20111226,600192.SH,sell,76500.0,7.7797858702975855,595153.6190777653,178.54608572332955,297.5768095388826,297.72567237506155,1496333.5253893277
20111223,20111226,000401.SZ,buy,20300.0,13.27032960355332,269387.6909521324,80.81630728563971,0.0,134.6265322099207,1226865.0181299096
20111223,20111226,000753.SZ,buy,81600.0,2.5677504832029445,209528.43942936027,62.858531828808076,0.0,104.7118637827516,1017273.7201687206
20111223,20111226,600011.SH,buy,106300.0,3.5227604999999995,374469.44114999997,112.34083234499998,0.0,187.14114999998128,642691.9381863757
20111223,20111226,600376.SH,buy,51200.0,3.803710356806627,194749.9702684993,58.42499108054979,0.0,97.32632197323255,447883.5429267958
20111230,20120104,000401.SZ,sell,20300.0,13.360450342976439,271217.1419624217,81.3651425887265,135.60857098121085,135.67640918580582,718883.7111756476
20111230,20120104,000753.SZ,sell,81600.0,2.514220095106611,205160.35976069944,61.54810792820983,102.58017988034972,102.6314956281858,923879.9426485384
20111230,20120104,600011.SH,sell,106300.0,3.5924183931947073,381874.0751965974,114.5622225589792,190.9370375982987,191.03255387523677,1305448.5185849785
20111230,20120104,600376.SH,sell,51200.0,4.044519752400678,207079.4113229147,62.12382339687441,103.53970566145735,103.59150141218561,1512362.2663788348
20111230,20120104,002146.SZ,buy,129500.0,3.116688433734939,403611.15216867457,121.08334565060235,0.0,201.70472372241784,1108630.0308645098
20111230,20120104,002572.SZ,buy,60400.0,3.675399633971672,221994.137891889,66.59824136756669,0.0,110.94159814686282,886569.2947312532
20111230,20120104,300166.SZ,buy,118000.0,3.2484253064283033,383314.1861585398,114.99425584756193,0.0,191.56131242302945,503140.1143168658
20111230,20120104,600741.SH,buy,35100.0,5.164142798476298,181261.41222651806,54.37842366795542,0.0,90.58541340651573,321824.3236666798
20111230,20120104,600791.SH,buy,69400.0,4.629552374643294,321290.9348002446,96.38728044007337,0.0,160.5651848076959,437.00158599513816
20120106,20120109,002146.SZ,sell,129500.0,2.790868097216452,361417.4185895305,108.42522557685915,180.70870929476527,180.7991088491981,361565.286240654
20120106,20120109,002572.SZ,sell,60400.0,3.071951399793114,185545.86454750408,55.66375936425122,92.77293227375205,92.81934194470523,546962.7140965201
20120106,20120109,300166.SZ,sell,118000.0,3.2386881475137828,382165.2014066264,114.6495604219879,191.0826007033132,191.17818979814183,928822.1833420212
20120106,20120109,600741.SH,sell,35100.0,5.098287339559317,178949.88561853202,53.684965685559604,89.47494280926601,89.51970266056014,1107628.9090520584
20120106,20120109,600791.SH,sell,69400.0,4.243488011278706,294498.0679827422,88.34942039482266,147.2490339913711,147.32269533904037,1401891.3785804145
20120106,20120109,600796.SH,buy,108500.0,6.4649679288723965,701449.020282655,210.4347060847965,0.0,350.54923552356195,700231.9235916747
20120106,20120109,600857.SH,buy,36500.0,10.25360856872201,374256.71275835333,112.27701382750598,0.0,187.0348389596329,325862.9338194938
20120106,20120109,601857.SH,buy,52900.0,6.149723670153573,325320.382151124,97.5961146453372,0.0,162.5789016247145,444.9555537244305
20120113,20120116,600796.SH,sell,108500.0,6.14026095917204,666218.3140701663,199.8654942210499,333.1091570350832,333.2757949325023,666130.2949726345
20120113,20120116,600857.SH,sell,36500.0,10.559276797278677,385413.6031006717,115.6240809302015,192.70680155033585,192.80320315191057,1051235.5671908257
20120113,20120116,601857.SH,sell,52900.0,6.266818283997329,331514.6872234587,99.4544061670376,165.75734361172937,165.84026374359382,1382485.0426645055
20120113,20120116,000065.SZ,buy,85100.0,3.0656065586419756,260883.11814043214,78.26493544212964,0.0,130.37637088479823,1121523.6595886312
20120113,20120116,000552.SZ,buy,73200.0,3.06835258652498,224603.40933362854,67.38102280008856,0.0,112.24558187587536,896852.8692322026
20120113,20120116,002114.SZ,buy,37900.0,9.074535,343924.87649999995,103.17746294999998,0.0,171.87649999995483,552824.8152692528
20120113,20120116,600193.SH,buy,44200.0,6.258703246753247,276634.6835064935,82.99040505194804,0.0,138.24821764446096,276107.14135770727
20120120,20120130,000065.SZ,sell,85100.0,2.990836428978798,254520.1801060957,76.3560540318287,127.26009005304786,127.32375192901236,530423.7053197181
20120120,20120130,000552.SZ,sell,73200.0,3.0853800125452002,225849.81691830864,67.75494507549259,112.92490845915432,112.98139915871434,756092.842384492
20120120,20120130,002114.SZ,sell,37900.0,9.975010000000001,378052.879,113.41586369999999,189.0264395,189.12099999998463,1133843.279081292
20120120,20120130,600193.SH,sell,44200.0,5.896617316017316,260630.4853679654,78.18914561038962,130.3152426839827,130.3804329004197,1394265.260060963
20120120,20120130,000001.SZ,buy,59500.0,4.487177457545507,266987.0587239577,80.0961176171873,0.0,133.4268159539788,1127198.1052193881
20120120,20120130,000425.SZ,buy,61000.0,4.371680406656237,266672.5048060305,80.00175144180913,0.0,133.26961759425467,860445.5986619159
20120120,20120130,000537.SZ,buy,52900.0,5.109358072178157,270285.0420182245,81.08551260546734,0.0,135.0749835173483,590079.4711310859
20120120,20120130,001914.SZ,buy,97500.0,3.284264780719084,320215.8161201107,96.0647448360332,0.0,160.02789411298,269767.5902661392
20120120,20120130,600222.SH,buy,54800.0,4.912671074981799,269214.37490900257,80.76431247270077,0.0,134.53991749574197,472.4510446639033
20120203,20120206,000001.SZ,sell,59500.0,4.53335948146596,269734.88914722466,80.92046674416738,134.86744457361235,134.93491202959558,269991.5522805708
20120203,20120206,000425.SZ,sell,61000.0,4.265683345401635,260206.68406949975,78.06200522084991,130.1033420347499,130.1684262478666,529990.0710028149
20120203,20120206,000537.SZ,sell,52900.0,4.971673312508098,263001.51823167835,78.9004554695035,131.50075911583917,131.56654238706687,792781.1880199079
20120203,20120206,001914.SZ,sell,97500.0,3.3138742089518547,323102.73537280585,96.93082061184175,161.55136768640293,161.63218377827434,1115625.4412044156
20120203,20120206,600222.SH,sell,54800.0,4.839052206988594,265180.06094297493,79.55401828289247,132.59003047148747,132.65635865082731,1380593.3580986361
20120203,20120206,000014.SZ,buy,61000.0,4.4982220129870125,274391.54279220774,82.31746283766232,0.0,137.12720779213123,1106119.4978435908
20120203,20120206,000020.SZ,buy,43800.0,6.32316,276954.408,83.08632239999999,0.0,138.4079999999958,829082.0035211907
20120203,20120206,000090.SZ,buy,148700.0,1.840488473627994,273680.6360284827,82.1041908085448,0.0,136.77193204819923,555319.2633018994
20120203,20120206,600363.SH,buy,37000.0,7.490463829787234,277147.16170212766,83.14414851063829,0.0,138.50432868668577,278088.9574512611
20120210,20120213,000014.SZ,sell,61000.0,4.281609600059032,261178.18560360096,78.35345568108028,130.5890928018005,130.65442001179326,539058.2005063791
20120210,20120213,000020.SZ,sell,43800.0,5.897050000000001,258290.79000000004,77.48723700000001,129.145395,129.20999999999185,797142.3578743791
20120210,20120213,000090.SZ,sell,148700.0,1.7570865327297696,261278.76741691673,78.38363022507501,130.63938370845835,130.70473607647,1058212.1022773623
20120210,20120213,600363.SH,sell,37000.0,8.283347083639033,306483.8420946442,91.94515262839326,153.2419210473221,153.31858033745084,1364450.7572983308
20120210,20120213,002208.SZ,buy,77600.0,3.5642010147683445,276581.9987460235,82.97459962380705,0.0,138.22188842872856,1087785.7839526834
20120210,20120213,002472.SZ,buy,57000.0,4.662017201049749,265734.9804598357,79.7204941379507,0.0,132.80108968506102,821971.0829987098
20120210,20120213,600227.SH,buy,56800.0,4.756519679999999,270170.31782399997,81.05109534719999,0.0,135.01765008695656,551719.7140793626
20120210,20120213,600400.SH,buy,224100.0,1.2374336509016672,277308.8811670636,83.19266435011907,0.0,138.5851480095298,274327.6402479489
20120217,20120220,002472.SZ,sell,57000.0,4.895400231058877,279037.81317035604,83.7113439511068,139.51890658517803,139.5887009355938,553142.2231677687
20120217,20120220,600227.SH,sell,56800.0,4.643770866086957,263766.18519373913,79.12985555812173,131.88309259686957,131.94906713045202,816697.3954133529
20120217,20120220,600400.SH,sell,224100.0,1.24443814789611,278878.58894351823,83.66357668305547,139.43929447175913,139.5090489962604,1095352.8814857164
20120217,20120220,002159.SZ,buy,19000.0,14.182387974321491,269465.3715121083,80.83961145363249,0.0,134.66535307950107,825806.6703621545
20120217,20120220,002466.SZ,buy,48000.0,5.604875701462371,269034.0336701938,80.71021010105814,0.0,134.44979193917243,556691.9264818596
20120217,20120220,600593.SH,buy,23100.0,12.389335767829253,286193.6562368558,85.85809687105673,0.0,143.02531546069076,270412.4121481328
20120224,20120227,002159.SZ,sell,19000.0,14.22584608148478,270291.0755482108,81.08732266446324,135.1455377741054,135.21314434625674,540487.254835905
20120224,20120227,002208.SZ,sell,77600.0,4.3819004380742514,340035.47399456194,102.01064219836857,170.01773699728096,170.10278839140665,880250.7004512714
20120224,20120227,002466.SZ,sell,48000.0,5.674287818927596,272365.8153085246,81.70974459255737,136.1829076542623,136.25103317084722,1152398.6231075493
20120224,20120227,600593.SH,sell,23100.0,12.208749416970328,282022.11153201456,84.60663345960437,141.01105576600727,141.0815965642687,1434195.1169503382
20120224,20120227,000029.SZ,buy,75800.0,3.835264556962025,290713.0534177215,87.21391602531644,0.0,145.2838847664534,1143394.8496165914
20120224,20120227,002233.SZ,buy,44100.0,6.4941075584349575,286390.14332698163,85.91704299809449,0.0,143.12350990850246,856918.7892466116
20120224,20120227,002287.SZ,buy,25300.0,11.31462521246459,286260.0178753541,85.87800536260622,0.0,143.0584796977928,570572.8933658949
20120224,20120227,600052.SH,buy,76500.0,3.7415030152315825,286224.98066521605,85.8674941995648,0.0,143.04096984764328,284262.0452064793
20120224,20120227,600748.SH,buy,63700.0,4.456193816407396,283859.5461051511,85.15786383154533,0.0,141.85884363076184,317.34123749664286
20120302,20120305,000029.SZ,sell,75800.0,3.784706438236578,286880.74801833264,86.06422440549979,143.44037400916633,143.5121300741448,286968.5846574146
20120302,20120305,002233.SZ,sell,44100.0,6.470408163956638,285345.0000304878,85.60350000914633,142.67250001524388,142.7438719511847,572085.308687878
20120302,20120305,002287.SZ,sell,25300.0,10.969795644475921,277535.8298052408,83.26074894157223,138.7679149026204,138.83733356941957,849399.1098292746
20120302,20120305,600052.SH,sell,76500.0,4.3183868200186515,330356.59173142683,99.10697751942804,165.1782958657134,165.2609263288905,1179491.4162873162
20120302,20120305,600748.SH,sell,63700.0,4.405298450249487,280617.5112808923,84.18525338426768,140.30875564044615,140.3789451129851,1459884.4335591837
20120302,20120305,000534.SZ,buy,55600.0,5.294724206766127,294386.6658961967,88.315999768859,0.0,147.11977306153858,1165409.4516632182
20120302,20120305,000619.SZ,buy,48000.0,6.383160009634944,306391.6804624773,91.91750413874318,0.0,153.1192805909668,858925.8536966022
20120302,20120305,002096.SZ,buy,20900.0,12.79426328493012,267400.1026550395,80.22003079651185,0.0,133.63323471019976,591445.531010766
20120302,20120305,600711.SH,buy,57700.0,4.923666143839003,284095.53649951046,85.22866094985314,0.0,141.97677985980408,307264.76585030573
20120302,20120305,600824.SH,buy,86700.0,3.540390540973288,306951.85990238405,92.0855579707152,0.0,153.39923033601372,220.820389950939
20120309,20120312,000534.SZ,sell,55600.0,5.1422479302374455,285908.98492120195,85.77269547636058,142.954492460601,143.02600546332542,285901.07812321594
20120309,20120312,000619.SZ,sell,48000.0,6.284362937586984,301649.4210041752,90.49482630125256,150.8247105020876,150.9001605823869,587309.1795905877
20120309,20120312,002096.SZ,sell,20900.0,13.229867139019737,276504.2232055125,82.95126696165374,138.25211160275626,138.32127223885618,863592.1994175359
20120309,20120312,600711.SH,sell,57700.0,4.758192432893551,274547.7033779579,82.36431101338736,137.27385168897897,137.34252295043552,1137920.2646327915
20120309,20120312,600824.SH,sell,86700.0,3.555466929846841,308258.9828177211,92.47769484531632,154.12949140886056,154.20659470622195,1445932.6402642585
20120309,20120312,000883.SZ,buy,116900.0,2.515311911597783,294039.96246578085,88.21198873973425,0.0,146.94650797889335,1151804.4658097378
20120309,20120312,002135.SZ,buy,65500.0,4.524432517701891,296350.3299094739,88.90509897284215,0.0,148.10111439751927,855365.2308012911
20120309,20120312,002390.SZ,buy,115700.0,2.5068324352761127,290040.51276144624,87.01215382843387,0.0,144.94778248947114,565237.7058860164
20120309,20120312,002553.SZ,buy,78100.0,3.625841838293711,283178.24757073884,84.95347427122164,0.0,141.51836460304912,281974.5048410063
20120309,20120312,600825.SH,buy,40000.0,7.030262668039429,281210.50672157714,84.36315201647314,0.0,140.5349858678528,679.6349674126832
20120316,20120319,000883.SZ,sell,116900.0,2.3833506943980773,278613.69617513526,83.58410885254057,139.30684808756763,139.37653635570314,279070.4401856078
20120316,20120319,002135.SZ,sell,65500.0,4.748650748409071,311036.6240207942,93.31098720623824,155.5183120103971,155.59611006540945,589858.2349071854
20120316,20120319,002390.SZ,sell,115700.0,2.614407156977063,302486.90806224616,90.74607241867385,151.2434540311231,151.3191135879024,892103.1534429818
20120316,20120319,002553.SZ,sell,78100.0,3.447113406262096,269219.5570290697,80.7658671087209,134.60977851453484,134.67711707303533,1161107.3348264282
20120316,20120319,600825.SH,sell,40000.0,6.839178701565106,273567.14806260425,82.07014441878127,136.78357403130212,136.85200003132923,1434455.6291705824
20120316,20120319,002150.SZ,buy,63800.0,4.920372475433311,313919.76393264526,94.17592917979357,0.0,156.88144124567043,1120441.6893087574
20120316,20120319,002192.SZ,buy,21700.0,12.036357446808509,261188.95659574465,78.35668697872339,0.0,130.52921369101387,859174.3760260341
20120316,20120319,300032.SZ,buy,59600.0,4.770051051760813,284295.04268494446,85.28851280548334,0.0,142.07648310094373,574794.0448282842
20120316,20120319,600779.SH,buy,12400.0,21.666087997432605,268659.4911681643,80.59784735044929,0.0,134.26261427690042,306053.9558127694
20120323,20120326,002150.SZ,sell,63800.0,4.51724052145573,288199.94526887557,86.45998358066267,144.0999726344378,144.17205866379663,594023.3411254298
20120323,20120326,002192.SZ,sell,21700.0,12.050241602602956,261490.24277648414,78.44707283294524,130.74512138824207,130.81052665156312,855304.3917076928
20120323,20120326,300032.SZ,sell,59600.0,4.7628620007090525,283866.57524225954,85.15997257267786,141.93328762112978,142.00428976595867,1138943.8736897586
20120323,20120326,600779.SH,sell,12400.0,20.850916092258746,258551.35954400845,77.56540786320252,129.27567977200422,129.34034994698595,1397288.392146132
20120323,20120326,002307.SZ,buy,59500.0,4.220636760302296,251127.88723798658,75.33836617139596,0.0,125.50119302244275,1146085.166541974
20120323,20120326,600211.SH,buy,50300.0,5.826427833882934,293069.3200443116,87.92079601329347,0.0,146.4614293074701,852927.9257016492
20120323,20120326,600397.SH,buy,39000.0,6.732323074027604,262560.59988707653,78.76817996612296,0.0,131.21469259721925,590288.5576346065
20120323,20120326,600745.SH,buy,40000.0,8.685004549048791,347400.18196195166,104.22005458858548,0.0,173.61328433878953,242784.15561806626
20120330,20120405,002307.SZ,sell,59500.0,3.6154355435144265,215118.4148391084,64.53552445173251,107.5592074195542,107.61301392648602,457730.4757253034
20120330,20120405,600211.SH,sell,50300.0,5.006875830290896,251845.85426363203,75.5537562790896,125.92292713181602,125.98592009188724,709374.8533055246
20120330,20120405,600397.SH,sell,39000.0,6.062387616060226,236433.11702634883,70.92993510790464,118.21655851317442,118.27569636135013,945618.8238382523
20120330,20120405,600745.SH,sell,40000.0,8.409207870133494,336368.3148053398,100.91049444160193,168.1841574026699,168.26829154841835,1281718.0439917478
20120330,20120405,000099.SZ,buy,24900.0,8.216276173020528,204585.27670821117,61.375583012463345,0.0,102.2415175953065,1077071.3917005241
20120330,20120405,002274.SZ,buy,58000.0,3.6232177755385138,210146.6309812338,63.04398929437013,0.0,105.02080508804647,866861.716729996
20120330,20120405,600699.SH,buy,49300.0,6.7062096438369005,330616.1354411592,99.18484063234774,0.0,165.22545499302214,536146.3964482045
20120406,20120409,000099.SZ,sell,24900.0,8.217296920821115,204610.69332844575,61.38320799853372,102.30534666422288,102.3565249266685,740593.4012219876
20120406,20120409,002274.SZ,sell,58000.0,3.757617202345121,217941.797736017,65.3825393208051,108.9708988680085,109.02541157376254,958360.8455198158
20120406,20120409,600699.SH,sell,49300.0,6.9326523646509886,341779.76157729374,102.53392847318811,170.88988078864688,170.97536847286392,1299867.1832878478
20120406,20120409,000893.SZ,buy,23000.0,10.127665724815722,232936.3116707616,69.88089350122848,0.0,116.40995085990289,1066860.990723585
20120406,20120409,000948.SZ,buy,32000.0,6.92291761858664,221533.36379477248,66.46000913843174,0.0,110.71132623427548,845261.1669196741
20120406,20120409,002333.SZ,buy,49200.0,4.899496750647201,241055.2401318423,72.31657203955268,0.0,120.46738637270755,604133.6102157923
20120406,20120409,600113.SH,buy,44000.0,6.4596919862485915,284226.44739493803,85.2679342184814,0.0,142.04220259614522,319821.8948866358
20120406,20120409,600777.SH,buy,272600.0,1.1714538595772572,319338.32212076033,95.8014966362281,0.0,159.5893663772149,387.77126923925243
20120413,20120416,000893.SZ,sell,23000.0,9.791170761670761,225196.92751842752,67.55907825552825,112.59846375921376,112.65479115475318,225404.54124565204
20120413,20120416,000948.SZ,sell,32000.0,6.42625283639884,205640.09076476286,61.69202722942885,102.82004538238144,102.8714811229438,430880.1199378031
20120413,20120416,002333.SZ,sell,49200.0,4.929405744748993,242526.76264165045,72.75802879249513,121.26338132082523,121.3240433424944,673212.8611693402
20120413,20120416,600113.SH,sell,44000.0,8.960131527473179,394245.7872088199,118.27373616264595,197.12289360440994,197.22150435653748,1067143.251748393
20120413,20120416,600777.SH,sell,272600.0,1.2360292266098643,336941.567173849,101.08247015215468,168.47078358692448,168.5550611174549,1403815.265668503
20120413,20120416,000006.SZ,buy,75500.0,3.398435912808254,256581.91141702316,76.97457342510694,0.0,128.2268422873458,1147156.3796780547
20120413,20120416,000020.SZ,buy,37300.0,7.883939999999999,294070.96199999994,88.22128859999998,0.0,146.96199999994133,852997.1963894548
20120413,20120416,000037.SZ,buy,59700.0,4.634948637967536,276706.4336866619,83.01193010599856,0.0,138.28407480590977,576207.7507726869
20120413,20120416,300152.SZ,buy,83900.0,3.524921155800784,295740.88497168577,88.72226549150572,0.0,147.79654421372106,280378.14353550965
20120413,20120416,600988.SH,buy,64600.0,4.336707179552344,280151.28379908146,84.04538513972443,0.0,140.0056390799582,142.81435128848534
20120420,20120423,000006.SZ,sell,75500.0,3.372957619652743,254658.3002837821,76.39749008513462,127.32915014189105,127.39284656516975,254597.38799484356
20120420,20120423,000020.SZ,sell,37300.0,7.436280000000001,277373.244,83.21197319999999,138.686622,138.75599999999395,531748.7333996436
20120420,20120423,000037.SZ,sell,59700.0,4.420754289872971,263919.03110541636,79.1757093316249,131.95951555270818,132.0255283168517,795456.6292801755
20120420,20120423,300152.SZ,sell,83900.0,3.3277211064324086,279195.80082967906,83.7587402489037,139.59790041483953,139.66773428197484,1074429.0734691909
20120420,20120423,600988.SH,sell,64600.0,4.166314878283443,269143.9411371104,80.74318234113312,134.5719705685552,134.6392902136431,1343357.6994533916
20120420,20120423,002462.SZ,buy,34700.0,7.690737590005373,266868.59437318647,80.06057831195594,0.0,133.36761337990174,1076409.0445018932
20120420,20120423,002500.SZ,buy,39900.0,6.712008324171509,267809.1321344432,80.34273964033295,0.0,133.83764724357752,808519.5696278097
20120420,20120423,600109.SH,buy,42800.0,6.1351840096644885,262585.8756136401,78.77576268409203,0.0,131.22732414474012,545854.9182514854
20120420,20120423,600429.SH,buy,43000.0,6.325051090468497,271977.19689014537,81.5931590670436,0.0,135.9206381259719,273796.12820227304
20120427,20120502,002462.SZ,sell,34700.0,7.487511759806556,259816.65806528748,77.94499741958624,129.90832903264373,129.97331569046946,533404.9329411082
20120427,20120502,002500.SZ,sell,39900.0,6.80108966546254,271363.4776519554,81.40904329558661,135.6817388259777,135.74961363273906,804551.319810942
20120427,20120502,600109.SH,sell,42800.0,6.483174889901709,277479.8852877931,83.24396558633794,138.73994264389657,138.80934731755406,1081809.221190505
20120427,20120502,600429.SH,sell,43000.0,6.41446752154012,275822.10342622513,82.74663102786754,137.91105171311256,137.98004173400113,1357410.6669339892
20120427,20120502,002100.SZ,buy,81000.0,3.11437852179603,252264.66026547842,75.67939807964352,0.0,126.0692954849801,1105070.327270431
20120427,20120502,002578.SZ,buy,129200.0,2.2494654028436014,290630.9300473933,87.18927901421799,0.0,145.24284360191086,814352.2079440234
20120427,20120502,600131.SH,buy,44000.0,6.042067177678701,265850.9558178629,79.75528674535886,0.0,132.85904838476563,548421.4968394152
20120427,20120502,600862.SH,buy,55500.0,4.991450701698429,277025.5139442628,83.10765418327884,0.0,138.44353520456934,271312.87524096906
20120427,20120502,600986.SH,buy,62700.0,4.32340131174421,271077.26224636193,81.32317867390857,0.0,135.47089567530202,154.28981593321078
20120504,20120507,002100.SZ,sell,81000.0,3.058268187766803,247719.72320911105,74.31591696273331,123.85986160455553,123.92182251578197,247675.83724647696
20120504,20120507,002578.SZ,sell,129200.0,2.7607042654028437,356682.9910900474,107.0048973270142,178.34149554502372,178.4307109004585,604073.4819436524
20120504,20120507,600131.SH,sell,44000.0,5.781879577181699,254402.70139599475,76.32081041879842,127.20135069799738,127.26498318955419,858272.6611785303
20120504,20120507,600862.SH,sell,55500.0,5.231080623554741,290324.9746072881,87.09749238218642,145.16248730364404,145.2351048560813,1148365.3758061326
20120504,20120507,600986.SH,sell,62700.0,4.298348486711758,269506.4501168272,80.85193503504816,134.75322505841362,134.82063537609065,1417656.2207628663
20120504,20120507,000596.SZ,buy,6300.0,43.29008342245989,272727.5255614973,81.81825766844919,0.0,136.2956149732927,1144846.8769437005
20120504,20120507,002421.SZ,buy,236000.0,1.2192665267914782,287746.90032278886,86.32407009683665,0.0,143.80154938669875,857013.6525508148
20120504,20120507,002548.SZ,buy,74700.0,3.8770911394348886,289618.7081157862,86.88561243473585,0.0,144.736985565105,567308.0588225939
20120504,20120507,300183.SZ,buy,22400.0,12.84024196329361,287621.4199777768,86.28642599333304,0.0,143.73884056857787,279600.35241882375
20120504,20120507,600372.SH,buy,19300.0,14.47176809983691,279305.1243268523,83.79153729805569,0.0,139.58277077798266,211.43655467336066
20120511,20120514,000596.SZ,sell,6300.0,42.65632961497327,268734.8765743316,80.62046297229948,134.3674382871658,134.43465561489575,268731.32522774546
20120511,20120514,002421.SZ,sell,236000.0,1.2874482714654616,303837.79206584895,91.15133761975467,151.91889603292447,151.99489347962663,572326.0470599418
20120511,20120514,002548.SZ,sell,74700.0,3.8415978961916455,286967.3628455159,86.09020885365476,143.48368142275794,143.55545915232506,859063.8360151813
20120511,20120514,300183.SZ,sell,22400.0,12.667849657074985,283759.83231847966,85.12794969554389,141.87991615923983,141.9508916050545,1142596.660467806
20120511,20120514,600372.SH,sell,19300.0,14.479022097150716,279445.12647500884,83.83353794250264,139.72256323750443,139.7924594671931,1421818.2308416348
20120511,20120514,002258.SZ,buy,82900.0,3.24647099566327,269132.4455404851,80.73973366214553,0.0,134.49897328356747,1152605.0455674876
20120511,20120514,002368.SZ,buy,34400.0,8.172904699948313,281147.92167822196,84.34437650346658,0.0,140.5037089845864,871372.7795127621
20120511,20120514,300107.SZ,buy,126200.0,2.2866970295628253,288581.16513082857,86.57434953924856,0.0,144.21847332874313,582705.0400323942
20120518,20120521,002258.SZ,sell,82900.0,2.8152425766958764,233383.60960808815,70.01508288242644,116.69180480404408,116.75017989397747,815901.9427527959
20120518,20120521,002368.SZ,sell,34400.0,7.402453016557649,254644.38376958313,76.39331513087494,127.32219188479156,127.3858848271775,1070342.6110153634
20120518,20120521,300107.SZ,sell,126200.0,2.1671590943098638,273495.47770190483,82.04864331057145,136.74773885095243,136.81614692439325,1343619.2923351068
20120518,20120521,002486.SZ,buy,117200.0,2.2052121336669046,258450.86206576123,77.53525861972837,0.0,129.16085060755722,1085090.8950107258
20120518,20120521,600350.SH,buy,121200.0,2.208926219217769,267721.85776919365,80.31655733075809,0.0,133.79403186868876,817288.7206842015
20120525,20120528,002486.SZ,sell,117200.0,1.974280414581844,231385.6645889921,69.41569937669763,115.69283229449606,115.75070764831617,1048489.2767415224
20120525,20120528,600350.SH,sell,121200.0,1.906273169161436,231040.30810236605,69.31209243070981,115.52015405118303,115.57794302268303,1279344.7525974065
20120525,20120528,000570.SZ,buy,36800.0,6.395529012883957,235355.4676741296,70.60664030223887,0.0,117.61892437486676,1043918.6782829746
20120525,20120528,002036.SZ,buy,28900.0,8.405506844783716,242919.1478142494,72.8757443442748,0.0,121.39887446985813,800926.6547243809
20120525,20120528,002360.SZ,buy,68700.0,3.7123044365757134,255035.3147927515,76.51059443782545,0.0,127.45393043116201,545814.8293371915
20120525,20120528,600566.SH,buy,42800.0,6.311691319709702,270140.38848357525,81.04211654507257,0.0,135.00269289530115,275593.3987370712
20120601,20120604,000570.SZ,sell,36800.0,6.303184168646857,231957.17740620434,69.5871532218613,115.97858870310218,116.03660700659384,507365.01040135056
20120601,20120604,002036.SZ,sell,28900.0,8.477653313542552,245004.18076137974,73.50125422841391,122.50209038068988,122.56337206673925,752173.1878181212
20120601,20120604,002360.SZ,sell,68700.0,3.7960209178643343,260786.63705727976,78.23599111718391,130.3933185286399,130.45854780252557,1012751.1955657551
20120601,20120604,600566.SH,sell,42800.0,5.891915059205502,252173.9645339955,75.65218936019863,126.08698226699775,126.15005729562836,1264723.4209281234
20120601,20120604,002106.SZ,buy,16200.0,15.865971142139209,257028.73250265518,77.10861975079655,0.0,128.45014118074323,1007617.5798057175
20120601,20120604,002352.SZ,buy,41800.0,6.511872208071319,272196.2582973811,81.65887748921432,0.0,136.03011409158353,735339.6626308472
20120601,20120604,002422.SZ,buy,17300.0,13.33778589211618,230743.6959336099,69.22310878008297,0.0,115.31419087134418,504526.74358845723
20120601,20120604,600173.SH,buy,64100.0,4.200759866053579,269268.7074140344,80.78061222421032,0.0,134.56707017193548,235177.25556219864
20120601,20120604,601005.SH,buy,67000.0,3.50175,234617.25,70.38517499999999,0.0,117.25,489.6203871986363
20120608,20120611,002106.SZ,sell,16200.0,15.763971180996297,255376.33313214002,76.612899939642,127.68816656607001,127.75204258732265,255661.65245283293
20120608,20120611,002352.SZ,sell,41800.0,6.0016860264268095,250870.47590464063,75.26114277139219,125.43523795232032,125.49798694578931,506331.4319767498
20120608,20120611,002422.SZ,sell,17300.0,13.268936210235129,229552.59643706772,68.86577893112032,114.77629821853387,114.83371507609263,735700.3863366679
20120608,20120611,600173.SH,sell,64100.0,4.049885279888046,259597.64644082374,77.87929393224711,129.79882322041186,129.86375509793288,995090.354660339
20120608,20120611,601005.SH,sell,67000.0,3.0584700000000002,204917.49000000002,61.475247,102.45874500000001,102.50999999998021,1199843.9106683389
20120608,20120611,000766.SZ,buy,47200.0,4.972485,234701.292,70.41038759999999,0.0,117.29199999998673,965072.2082807389
20120608,20120611,002460.SZ,buy,82200.0,2.9051672995840288,238804.75202580716,71.64142560774214,0.0,119.34270466055023,726195.814829324
20120608,20120611,300279.SZ,buy,81400.0,3.1715139442231077,258161.23505976098,77.44837051792828,0.0,129.01610947513836,467957.1313990451
20120608,20120611,600452.SH,buy,226400.0,1.0461254294189946,236842.79722046037,71.0528391661381,0.0,118.36221750144614,231043.2813394186
20120615,20120618,000766.SZ,sell,47200.0,5.147425000000001,242958.46000000005,72.887538,121.47923000000003,121.53999999997905,473807.3745714186
20120615,20120618,002460.SZ,sell,82200.0,2.8612345602592035,235193.48085330654,70.55804425599196,117.59674042665327,117.65556821075734,708812.7006400425
20120615,20120618,300279.SZ,sell,81400.0,3.0616504633639354,249218.34771782433,74.7655043153473,124.60917385891217,124.67150961371954,957831.6736796927
20120615,20120618,600452.SH,sell,226400.0,1.1125043317451409,251870.9807070999,75.56129421212997,125.93549035354995,125.99848959830706,1209501.1576022268
20120615,20120618,002644.SZ,buy,77300.0,3.168615122644305,244933.94898040476,73.48018469412142,0.0,122.40577160436078,964493.728437128
20120615,20120618,300140.SZ,buy,43200.0,5.394710501010382,233051.49364364851,69.91544809309455,0.0,116.4675130652904,731372.3193453865
20120615,20120618,300181.SZ,buy,70000.0,3.3993090635321543,237951.6344472508,71.38549033417523,0.0,118.91635904408759,493349.2994078015
20120615,20120618,600976.SH,buy,17800.0,14.167230639899625,252176.70539021332,75.653011617064,0.0,126.02534002508037,241096.94100597108
20120615,20120618,601199.SH,buy,83500.0,2.8855569284064657,240944.00352193989,72.28320105658196,0.0,120.41179586300859,80.65428297460312
20120621,20120625,002644.SZ,sell,77300.0,3.346111187915134,258654.39482583987,77.59631844775195,129.32719741291993,129.39189335957053,258528.1255929538
20120621,20120625,300140.SZ,sell,43200.0,5.3510963695909695,231167.3631663299,69.35020894989896,115.58368158316495,115.64150233429973,489510.5548687506
20120621,20120625,300181.SZ,sell,70000.0,3.883815815037886,271867.107052652,81.5601321157956,135.933553526326,136.0015543035115,761160.1682357604
20120621,20120625,600976.SH,sell,17800.0,15.391045922208281,273960.6174153074,82.1881852245922,136.9803087076537,137.04883312422317,1034901.6171571356
20120621,20120625,601199.SH,sell,83500.0,2.8544310924791643,238344.9962220102,71.50349886660305,119.1724981110051,119.23211416808772,1273055.9373821681
20120621,20120625,002188.SZ,buy,27000.0,8.18409,220970.43,66.291129,0.0,110.42999999999302,1052019.2162531682
20120621,20120625,002373.SZ,buy,80000.0,3.3898267861467666,271186.1428917413,81.35584286752238,0.0,135.5253087914316,780751.7175185594
20120621,20120625,300205.SZ,buy,55200.0,4.540982591911765,250662.2390735294,75.19867172205882,0.0,125.26848529410199,530014.279773308
20120621,20120625,300250.SZ,buy,30300.0,8.265962504757372,250458.66389414837,75.1375991682445,0.0,125.16674857275211,279480.4782799913
20120629,20120702,002188.SZ,sell,27000.0,9.145425000000001,246926.47500000003,74.0779425,123.46323750000002,123.52499999996508,526209.4120999913
20120629,20120702,002373.SZ,sell,80000.0,3.1139665778638896,249117.32622911118,74.73519786873335,124.55866311455559,124.62097360135522,775127.4444681192
20120629,20120702,300205.SZ,sell,55200.0,3.836316176470589,211764.6529411765,63.529395882352944,105.88232647058825,105.93529411766212,986722.6856869427
20120629,20120702,300250.SZ,sell,30300.0,8.166587831826831,247447.611304353,74.2342833913059,123.7238056521765,123.7856985014223,1233972.3389022523
20120629,20120702,002273.SZ,buy,54700.0,4.256339875669547,232821.79119912424,69.84653735973727,0.0,116.35271923994878,1001080.7011657683
20120629,20120702,002385.SZ,buy,63600.0,3.6929175968544428,234869.55915994255,70.46086774798276,0.0,117.37609153418452,766140.6811380778
20120629,20120702,002589.SZ,buy,69000.0,3.4957833460561125,241209.05087787178,72.36271526336152,0.0,120.54425331228413,524859.2675449427
20120629,20120702,300176.SZ,buy,97100.0,2.8056872321818975,272432.23024486226,81.72966907345867,0.0,136.14804110187106,252345.30763100693
20120629,20120702,300191.SZ,buy,29500.0,8.532448572474378,251707.23288799415,75.51216986639824,0.0,125.79072108346736,562.5625731463952
20120706,20120709,002273.SZ,sell,54700.0,4.263516000703757,233214.3252384955,69.96429757154864,116.60716261924776,116.66549536693492,233590.31635145113
20120706,20120709,002385.SZ,sell,63600.0,4.054345850958761,257856.39612097718,77.35691883629315,128.9281980604886,128.9926944077015,491240.4273555315
20120706,20120709,002589.SZ,sell,69000.0,3.410438779031465,235320.2757531711,70.59608272595132,117.66013787658555,117.71899737528292,726372.4468881001
20120706,20120709,300176.SZ,sell,97100.0,2.8384751114997813,275615.93332662876,82.68477999798861,137.80796666331437,137.87690511590336,1001767.8874680676
20120706,20120709,300191.SZ,sell,29500.0,8.558510209858468,252476.05119082483,75.74281535724744,126.23802559541242,126.30117618344957,1254041.9578179398
20120706,20120709,300026.SZ,buy,105400.0,2.6825784039087943,282743.76377198694,84.82312913159608,0.0,141.30123127036495,971213.3709168213
20120706,20120709,600389.SH,buy,67600.0,3.450635550969423,233262.963245533,69.97888897365989,0.0,116.57319502523751,737880.4287823146
20120706,20120709,600513.SH,buy,38000.0,5.815668308275127,220995.39571445482,66.29861871433644,0.0,110.44247661891859,516818.7344491455
20120706,20120709,600779.SH,buy,9100.0,24.97008191591784,227227.74543485235,68.1683236304557,0.0,113.55709417033358,289522.8206906627
20120713,20120716,300026.SZ,sell,105400.0,2.7220425574542726,286903.28555568034,86.07098566670409,143.45164277784016,143.52340448007453,576196.5836178985
20120713,20120716,600389.SH,sell,67600.0,3.965322055069788,268055.77092271764,80.41673127681528,134.02788546135884,134.09493292780826,844037.909923878
20120713,20120716,600513.SH,sell,38000.0,5.788805345092933,219974.60311353146,65.99238093405943,109.98730155676573,110.04232271810179,1063836.5333549187
20120713,20120716,600779.SH,sell,9100.0,26.633457599626055,242364.4641565971,72.70933924697913,121.18223207829855,121.24285350504215,1306007.1059401906
20120713,20120716,002138.SZ,buy,39600.0,5.647640807341019,223646.57597070435,67.0939727912113,0.0,111.76740428319317,1082293.435996695
20120713,20120716,002641.SZ,buy,118600.0,2.314568989259157,274507.88212613604,82.35236463784081,0.0,137.18534838885535,807703.2015059211
20120713,20120716,600792.SH,buy,40600.0,6.637598879596481,269486.51451161713,80.84595435348513,0.0,134.67591929616174,538135.8410399505
20120713,20120716,600982.SH,buy,68300.0,3.3487141693639924,228717.17776756067,68.6151533302682,0.0,114.30143816469354,309350.04811905953
20120720,20120723,002138.SZ,sell,39600.0,5.41456669326456,214416.84105327658,64.32505231598297,107.20842052663829,107.26205155238858,523595.3556994935
20120720,20120723,002641.SZ,sell,118600.0,2.3585006885155613,279718.18165794556,83.91545449738366,139.8590908289728,139.9290553565952,803089.7628121127
20120720,20120723,600792.SH,sell,40600.0,6.396066958966852,259680.31853405418,77.90409556021625,129.8401592670271,129.90511182293994,1062562.3370913395
20120720,20120723,600982.SH,sell,68300.0,3.4530836415990596,235845.61272121576,70.75368381636473,117.92280636060788,117.98179725924274,1298219.2733223783
20120720,20120723,300175.SZ,buy,42500.0,5.863687038280727,249206.69912693088,74.76200973807926,0.0,124.54107902394026,1048937.8121857094
20120720,20120723,600097.SH,buy,23800.0,11.00453798076923,261908.00394230767,78.57240118269229,0.0,130.88855769229122,786951.235842219
20120720,20120723,600230.SH,buy,34900.0,8.148139830508475,284370.0800847458,85.31102402542372,0.0,142.11398305086186,502495.84473344777
20120727,20120730,300175.SZ,sell,42500.0,5.419719946272667,230338.09771658835,69.1014293149765,115.16904885829418,115.22666218935046,732649.6719718629
20120727,20120730,600097.SH,sell,23800.0,10.022527438186813,238536.15302884617,71.56084590865385,119.26807651442309,119.32774038458592,970994.996078286
20120727,20120730,600230.SH,sell,34900.0,7.378512288135594,257510.07885593222,77.25302365677966,128.75503942796612,128.81944915253553,1228299.0668711334
20120727,20120730,000582.SZ,buy,42900.0,6.302602013701849,270381.6263878093,81.11448791634278,0.0,135.12325156806037,957836.3259954078
20120727,20120730,002076.SZ,buy,96500.0,2.211261328125,213386.7181640625,64.01601544921874,0.0,106.64003906247672,744385.5918158961
20120727,20120730,600617.SH,buy,70800.0,3.4849384394387513,246733.6415122636,74.02009245367907,0.0,123.30516817205353,497577.93021117884
20120727,20120730,600694.SH,buy,12200.0,20.53219470606258,250492.77541396348,75.14783262418904,0.0,125.1837958090764,247010.0069645912
20120803,20120806,000582.SZ,sell,42900.0,5.879815621554203,252244.0901646753,75.67322704940258,126.12204508233765,126.18513765113312,499052.30185713473
20120803,20120806,002076.SZ,sell,96500.0,2.247469453125,216880.8022265625,65.06424066796875,108.44040111328124,108.49464843751048,715759.599441916
20120803,20120806,600617.SH,sell,70800.0,3.7216914075281196,263495.7516529909,79.04872549589726,131.74787582649543,131.81378271785798,979044.5544935844
20120803,20120806,600694.SH,sell,12200.0,19.594045306193134,239047.35273555623,71.71420582066686,119.52367636777811,119.58346810180228,1217900.6693469523
20120803,20120806,000863.SZ,buy,40000.0,5.716661518362607,228666.4607345043,68.59993822035129,0.0,114.27609232108807,989165.6086742277
20120803,20120806,300303.SZ,buy,150400.0,1.5963209113252814,240086.66506332232,72.02599951899668,0.0,119.98334086121758,749006.9176113864
20120803,20120806,600594.SH,buy,25700.0,9.13468420358589,234761.38403215737,70.4284152096472,0.0,117.32203100059996,514175.1051640194
20120810,20120813,300303.SZ,sell,150400.0,1.588862427189592,238964.90904931462,71.68947271479438,119.48245452465731,119.54222563747317,752948.8422860946
20120810,20120813,600594.SH,sell,25700.0,9.461490138808562,243160.29656738005,72.948088970214,121.58014828369002,121.64096876804251,995914.6106162207
20120810,20120813,000796.SZ,buy,40200.0,6.361973366834171,255751.32934673366,76.72539880402009,0.0,127.81175879394868,740086.555870683
20120810,20120813,600098.SH,buy,46700.0,5.443719381289601,254221.6951062244,76.26650853186732,0.0,127.04732389116543,485788.5942559268
20120810,20120813,600731.SH,buy,56300.0,4.451433602563247,250615.7118243108,75.18471354729323,0.0,125.24523329551448,235097.6977180687
20120817,20120820,000796.SZ,sell,40200.0,5.99298190954774,240917.87276381915,72.27536182914574,120.45893638190958,120.51919597986853,475822.8361836768
20120817,20120820,000863.SZ,sell,40000.0,5.777699050660473,231107.96202641894,69.33238860792568,115.55398101320948,115.61178690663655,706745.9118404746
20120817,20120820,600098.SH,sell,46700.0,5.011604945490124,234041.95095438877,70.21258528631662,117.02097547719438,117.07951523480006,940600.6292340998
20120817,20120820,600731.SH,sell,56300.0,4.1690478689673585,234717.39502286227,70.41521850685868,117.35869751143113,117.41740621454665,1175130.2503409437
20120817,20120820,000400.SZ,buy,28400.0,7.427456593148756,210939.76724542468,63.2819301736274,0.0,105.41717503519612,964127.2011653454
20120817,20120820,000985.SZ,buy,20300.0,11.510130369187078,233655.64649449766,70.0966939483493,0.0,116.76943852796103,730401.4579768993
20120817,20120820,002126.SZ,buy,84400.0,2.883492849226872,243366.796474748,73.01003894242439,0.0,121.62258694390766,486961.65146320895
20120817,20120820,300057.SZ,buy,41900.0,5.86523517382413,245753.35378323105,73.72600613496931,0.0,122.81526925697108,241134.57167384293
20120817,20120820,300279.SZ,buy,74000.0,3.2573527888446216,241044.106374502,72.3132319123506,0.0,120.46182227612007,18.152067428571172
20120824,20120827,000400.SZ,sell,28400.0,7.504458000938527,213126.60722665416,63.93798216799624,106.56330361332708,106.61661191927851,212974.2580083014
20120824,20120827,000985.SZ,sell,20300.0,10.671865279256894,216638.86516891493,64.99165955067447,108.31943258445746,108.37361939417315,429439.81208508124
20120824,20120827,002126.SZ,sell,84400.0,2.6932539975724317,227310.63739511324,68.19319121853397,113.65531869755662,113.71217478491599,656568.6009702784
20120824,20120827,300057.SZ,sell,41900.0,5.859372869802318,245507.7232447171,73.65231697341513,122.75386162235856,122.81526925697108,901879.9180363996
20120824,20120827,300279.SZ,sell,74000.0,3.541017450199203,262035.291314741,78.6105873944223,131.0176456573705,131.08318725100253,1163705.581118089
20120824,20120827,002637.SZ,buy,44500.0,4.98235462306701,221714.78072648196,66.51443421794458,0.0,110.8019893685414,941924.285957389
20120824,20120827,600207.SH,buy,66000.0,3.8018999999999994,250925.39999999997,75.27761999999998,0.0,125.39999999996508,690923.6083373891
20120824,20120827,600609.SH,buy,93000.0,2.6113049999999998,242851.365,72.8554095,0.0,121.36499999999069,447999.38792788907
20120824,20120827,600868.SH,buy,101100.0,2.115074063229778,213833.98779253056,64.15019633775917,0.0,106.86356211517705,234101.24993902075
20120831,20120903,002637.SZ,sell,44500.0,5.729414787371135,254958.9580380155,76.48768741140464,127.47947901900775,127.5432506443176,488856.2408106058
20120831,20120903,600207.SH,sell,66000.0,3.6081950000000003,238140.87000000002,71.442261,119.07043500000002,119.12999999997555,726806.5981146059
20120831,20120903,600609.SH,sell,93000.0,2.4987500000000002,232383.75000000003,69.715125,116.19187500000001,116.2499999999709,959004.4411146059
20120831,20120903,600868.SH,sell,101100.0,2.0146828347250723,203684.4345907048,61.10533037721143,101.8422172953524,101.8931638773065,1162525.928157638
20120831,20120903,000045.SZ,buy,33000.0,6.501928923097339,214563.6544622122,64.36909633866365,0.0,107.22821312455926,947897.9045990872
20120831,20120903,002229.SZ,buy,69800.0,3.804091608175858,265525.5942506749,79.65767827520246,0.0,132.69644890085328,682292.6526701371
20120831,20120903,300227.SZ,buy,61300.0,3.2473836111560663,199064.61536386688,59.71938460916006,0.0,99.48256639871397,483168.3179216611
20120831,20120903,600800.SH,buy,64700.0,3.271635,211674.78449999998,63.50243534999999,0.0,105.78449999997974,271430.0309863111
20120907,20120910,000045.SZ,sell,33000.0,6.6701951828014066,220116.44103244643,66.03493230973392,110.05822051622322,110.11327715480002,491370.37886593153
20120907,20120910,002229.SZ,sell,69800.0,3.9700617971461627,277110.31344080216,83.13309403224063,138.55515672040107,138.6244689548621,768259.0040559811
20120907,20120910,300227.SZ,sell,61300.0,3.5640583697469923,218476.77806549062,65.54303341964719,109.23838903274532,109.29303555050865,986561.0006990193
20120907,20120910,600800.SH,sell,64700.0,3.07846,199176.36200000002,59.752908600000005,99.58818100000002,99.63799999997718,1185578.0216094193
20120907,20120910,000925.SZ,buy,35500.0,6.720091592131754,238563.25152067727,71.56897545620318,0.0,119.22201475294423,946943.2011132857
20120907,20120910,000973.SZ,buy,50700.0,4.649493255808187,235729.30806947505,70.7187924208425,0.0,117.8057511591469,711143.1742513898
20120907,20120910,002058.SZ,buy,37900.0,6.2007979274937135,235010.24145201175,70.50307243560351,0.0,117.44639752723742,476062.42972694244
20120907,20120910,300179.SZ,buy,70300.0,3.3516053854717502,235617.85859866405,70.68535757959921,0.0,117.75005427218275,240373.88577069878
20120914,20120917,000925.SZ,sell,35500.0,6.458167366909799,229264.94152529785,68.77948245758935,114.63247076264892,114.68981567048468,469455.4153427764
20120914,20120917,000973.SZ,sell,50700.0,4.289651973667898,217485.35506496244,65.24560651948873,108.74267753248122,108.79707607050659,686766.7821236869
20120914,20120917,002058.SZ,sell,37900.0,6.400800513411569,242590.33945829846,72.77710183748954,121.29516972914924,121.35584765294334,929163.0493104187
20120914,20120917,300179.SZ,sell,70300.0,3.29771575006958,231829.41722989146,69.54882516896744,115.91470861494574,115.97269496243098,1160807.0030065263
20120914,20120917,000725.SZ,buy,138100.0,1.8008446952387973,248696.6524124779,74.60899572374336,0.0,124.28618311468745,912035.7415983246
20120914,20120917,002644.SZ,buy,64900.0,3.462967347152246,224746.58083018076,67.42397424905423,0.0,112.31713184915134,687221.7367938948
20120914,20120917,600198.SH,buy,22600.0,9.914954999999999,224077.98299999998,67.22339489999999,0.0,111.98299999997835,463076.5303989948
20120914,20120917,600459.SH,buy,34200.0,6.777932422235264,231805.28884044604,69.5415866521338,0.0,115.844722059177,231201.69997189663
20120921,20120924,000725.SZ,sell,138100.0,1.6096716188826654,222295.65056769608,66.68869517030882,111.14782528384804,111.20342699735193,453319.5140191385
20120921,20120924,002644.SZ,sell,64900.0,3.1135554993811123,202069.7519098342,60.62092557295025,101.0348759549171,101.08541866423911,655227.6101274448
20120921,20120924,600198.SH,sell,22600.0,8.69565,196521.69,58.956506999999995,98.260845,98.30999999996857,851592.0827754448
20120921,20120924,600459.SH,sell,34200.0,6.439371141108411,220226.49302590764,66.06794790777228,110.11324651295382,110.16833067827974,1071642.3946069318
20120921,20120924,000593.SZ,buy,36400.0,6.560903812499999,238816.89877499998,71.64506963249998,0.0,119.34877499999129,832753.8507622994
20120921,20120924,000655.SZ,buy,20300.0,9.373978177815191,190291.75700964837,57.087527102894505,0.0,95.09832934013684,642405.0062255481
20120921,20120924,000798.SZ,buy,28500.0,7.667567749782797,218525.6808688097,65.55770426064291,0.0,109.20823631621897,423813.7676524778
20120921,20120924,300062.SZ,buy,61400.0,3.173465440117561,194850.77802321824,58.45523340696547,0.0,97.37670066126157,228904.53439585256
20120928,20121008,000593.SZ,sell,36400.0,6.317982285714286,229974.5552,68.99236656,114.9872776,115.0448000000033,458695.1099516925
20120928,20121008,000655.SZ,sell,20300.0,9.589719674771743,194671.3093978664,58.40139281935991,97.3356546989332,97.3843468723353,653210.6823020406
20120928,20121008,000798.SZ,sell,28500.0,7.268093066898349,207140.65240660295,62.14219572198088,103.57032620330148,103.62213727191556,860185.6221867183
20120928,20121008,300062.SZ,sell,61400.0,2.8250437883908894,173457.6886072006,52.03730658216018,86.7288443036003,86.77223041880643,1033504.5446430331
20120928,20121008,000520.SZ,buy,86000.0,2.74137,235757.81999999998,70.72734599999998,0.0,117.81999999994878,797675.9972970331
20120928,20121008,600226.SH,buy,153900.0,1.354327963163597,208431.07353087756,62.529322059263265,0.0,104.16345503789489,589182.3944440963
20120928,20121008,600228.SH,buy,14800.0,13.606799999999998,201380.63999999998,60.41419199999999,0.0,100.63999999998487,387741.3402520963
20120928,20121008,600299.SH,buy,38400.0,5.050549798549556,193941.11226430297,58.182333679290885,0.0,96.9220950846211,193742.04565411404
20121012,20121015,000520.SZ,sell,86000.0,3.188405,274202.83,82.260849,137.101415,137.1699999999837,467725.51339011407
20121012,20121015,600226.SH,sell,153900.0,1.3355290845070424,205537.92610563384,61.661377831690146,102.76896305281693,102.82037323943223,673099.0091548634
20121012,20121015,600228.SH,sell,14800.0,13.89305,205617.14,61.685142,102.80857,102.85999999998603,878551.6554428635
20121012,20121015,600299.SH,sell,38400.0,5.344304754230459,205221.30256244962,61.566390768734884,102.61065128122482,102.66198227234418,1083608.780963263
20121012,20121015,000597.SZ,buy,70900.0,2.9097497560115233,206301.257701217,61.89037731036509,0.0,103.09907931092312,877245.6328847357
20121012,20121015,000949.SZ,buy,79700.0,2.8581180503476094,227792.00861270446,68.33760258381133,0.0,113.8390847639821,649385.2866694474
20121012,20121015,002105.SZ,buy,72500.0,3.041172604166667,220485.01380208335,66.14550414062501,0.0,110.18741319444962,428834.12736322347
20121012,20121015,002158.SZ,buy,43600.0,4.561342599448072,198874.53733593595,59.66236120078078,0.0,99.38757488052943,229899.92766608673
20121012,20121015,600825.SH,buy,38100.0,6.025527954636205,229572.61507163942,68.87178452149182,0.0,114.72894306428498,258.4408099258144
20121019,20121022,000597.SZ,sell,70900.0,2.7378390499147516,194112.78863895588,58.23383659168676,97.05639431947795,97.1049467928533,194215.93921797053
20121019,20121022,000949.SZ,sell,79700.0,2.8084537973529002,223833.76764902615,67.15013029470784,111.91688382451308,111.97287025960395,417870.6398528775
20121019,20121022,002105.SZ,sell,72500.0,3.000235243055556,217517.0551215278,65.25511653645833,108.75852756076391,108.81293402778101,635213.6813303081
20121019,20121022,002158.SZ,sell,43600.0,4.956126068519891,216087.09658746727,64.82612897624017,108.04354829373364,108.09759709224454,851127.9082405054
20121019,20121022,600825.SH,sell,38100.0,5.541457194084073,211129.51909460317,63.33885572838094,105.56475954730159,105.61756833145046,1062088.5237198328
20121019,20121022,000156.SZ,buy,19700.0,11.508212769230767,226711.7915538461,68.01353746615382,0.0,113.29924615382333,835308.7186285205
20121019,20121022,000526.SZ,buy,20300.0,10.055025,204117.0075,61.23510225,0.0,102.00750000000698,631130.4760262705
20121019,20121022,000906.SZ,buy,74400.0,2.8798120904959843,214258.01953290123,64.27740585987037,0.0,107.07547203041031,416808.1790875094
20121019,20121022,600053.SH,buy,35200.0,5.613028404115587,197578.59982486867,59.2735799474606,0.0,98.73992994744913,219170.3056826933
20121019,20121022,600984.SH,buy,54000.0,4.042846465448769,218313.70913423353,65.49411274027005,0.0,109.10230341542047,791.1024357194838
20121026,20121029,000156.SZ,sell,19700.0,9.089145461538461,179056.1655923077,53.7168496776923,89.52808279615385,89.57286923073116,179704.02309555333
20121026,20121029,000526.SZ,sell,20300.0,9.17541,186260.82299999997,55.878246899999986,93.1304115,93.17700000002515,365815.8374371533
20121026,20121029,000906.SZ,sell,74400.0,2.4377071958221785,181365.41536917008,54.40962461075102,90.68270768458504,90.72807172045577,547036.1604740281
20121026,20121029,600053.SH,sell,35200.0,5.867795807793345,206546.41243432576,61.96392373029772,103.27320621716288,103.3248686514853,753417.3357784064
20121026,20121029,600984.SH,sell,54000.0,3.591340841938046,193932.4054646545,58.17972163939634,96.96620273232725,97.01471008735825,947194.5953186891
20121026,20121029,002403.SZ,buy,29200.0,5.9346928259385665,173293.03051740615,51.98790915522184,0.0,86.60321365189156,773849.5768921277
20121026,20121029,600559.SH,buy,29300.0,6.4723085415101425,189638.64026624718,56.89159207987415,0.0,94.77193416602677,584154.0450338006
20121026,20121029,600684.SH,buy,77500.0,2.6392302103250476,204540.34130019118,61.36210239005735,0.0,102.21906111951103,379552.3416312194
20121026,20121029,600880.SH,buy,27300.0,6.274098550316396,171282.8904236376,51.384867127091276,0.0,85.59864588885102,208218.06634045468
20121102,20121105,002403.SZ,sell,29200.0,5.845744607508532,170695.74253924913,51.20872276177474,85.34787126962456,85.39056655290187,378777.2522856724
20121102,20121105,600559.SH,sell,29300.0,6.799791491359881,199233.8906968445,59.77016720905334,99.61694534842225,99.66677873779554,577851.7558699595
20121102,20121105,600880.SH,sell,27300.0,6.320059483808011,172537.6239079587,51.76128717238761,86.26881195397935,86.31196793794516,750251.3496787918
20121102,20121105,000567.SZ,buy,125200.0,1.6259226404914862,203565.51458953405,61.069654376860214,0.0,101.73189134907443,546624.765434881
20121102,20121105,000736.SZ,buy,50500.0,3.975925461309524,200784.23579613096,60.23527073883928,0.0,100.34194692457095,345780.2943680112
20121102,20121105,600185.SH,buy,109400.0,1.9260611254107338,210711.08711993427,63.213326135980275,0.0,105.30289211389027,135005.99392194094
20121102,20121105,600791.SH,buy,30500.0,4.413196119037912,134602.48163065632,40.38074448919689,0.0,67.2676070118032,363.1315467954264
20121109,20121112,000567.SZ,sell,125200.0,1.7056140525790557,213542.87938289778,64.06286381486933,106.77143969144889,106.82485211751191,213735.17662618688
20121109,20121112,000736.SZ,sell,50500.0,3.7593792906746044,189848.65417906753,56.954596253720254,94.92432708953376,94.9718129960238,403431.95188191114
20121109,20121112,600185.SH,sell,109400.0,1.8873690963855423,206478.17914457832,61.94345374337349,103.23908957228916,103.29073493974283,609744.9484831737
20121109,20121112,600684.SH,sell,77500.0,3.499477051493374,271209.4714907365,81.36284144722094,135.60473574536826,135.67257203132613,880737.4523967176
20121109,20121112,600791.SH,sell,30500.0,4.0918136485935594,124800.31628210357,37.440094884631065,62.40015814105178,62.43137382794521,1005437.9284257955
20121109,20121112,002587.SZ,buy,100400.0,1.9154920674680511,192315.40357379234,57.6946210721377,0.0,96.10964696342126,813064.830230931
20121109,20121112,300286.SZ,buy,41200.0,4.6940604253364695,193395.28952386254,58.01858685715875,0.0,96.64932010186021,619611.5221202114
20121109,20121112,600156.SH,buy,51400.0,4.164178332280479,214038.76627921662,64.21162988376499,0.0,106.96590018947609,405508.54421111103
20121116,20121119,002587.SZ,sell,100400.0,1.745293742397091,175227.49173666793,52.56824752100037,87.61374586833396,87.65757465566276,580595.8539543897
20121116,20121119,300286.SZ,sell,41200.0,4.328429422121395,178331.29219140144,53.49938765742043,89.16564609570072,89.21025122131687,758784.481112038
20121116,20121119,600156.SH,sell,51400.0,3.7909020846493995,194852.36715097915,58.455710145293736,97.42618357548957,97.47492103598779,953480.9663692964
20121116,20121119,002258.SZ,buy,48000.0,2.9654996412828156,142343.98278157515,42.70319483447254,0.0,71.1364231792104,811094.2803928868
20121116,20121119,300159.SZ,buy,68200.0,2.9991590760692133,204542.64898792034,61.3627946963761,0.0,102.22021438673255,606490.2686102701
20121116,20121119,300255.SZ,buy,72500.0,2.7220066245897505,197345.4802827569,59.20364408482707,0.0,98.62342842714861,409085.5846834284
20121116,20121119,300335.SZ,buy,33500.0,5.5512691092632265,185967.5151603181,55.79025454809542,0.0,92.93728893570369,223062.2792685622
20121116,20121119,600526.SH,buy,39700.0,5.615118483555109,222920.2037971378,66.87606113914133,0.0,111.40439969871659,75.19941028527683
20121123,20121126,002258.SZ,sell,48000.0,2.9903267645851557,143535.68470008747,43.06070541002624,71.76784235004374,71.80374422215391,143496.0555626127
20121123,20121126,300159.SZ,sell,68200.0,3.434210863532485,234213.18089291546,70.26395426787464,117.10659044645773,117.16517303296132,377521.8659108138
20121123,20121126,300255.SZ,sell,72500.0,2.6413446604392834,191497.48788184804,57.449246364554405,95.74874394092402,95.79664226205205,568866.1558023563
20121123,20121126,300335.SZ,sell,33500.0,5.57475580086423,186754.3193289517,56.02629579868551,93.37715966447585,93.42387160024373,755471.0716758448
20121123,20121126,600526.SH,sell,39700.0,5.647568978157167,224208.48843283954,67.26254652985186,112.10424421641977,112.1603243786085,979500.1933179381
20121123,20121126,002455.SZ,buy,72600.0,2.4548986827455344,178225.6443673258,53.46769331019773,0.0,89.0682880396198,801221.0812573021
20121123,20121126,002556.SZ,buy,76400.0,2.917006903838821,222859.32745328592,66.85779823598577,0.0,111.37397673827945,578294.8960057802
20121123,20121126,300145.SZ,buy,124000.0,1.6659890839811782,206582.64641366608,61.97479392409982,0.0,103.23970335512422,371650.27479819
20121123,20121126,300278.SZ,buy,38100.0,4.668671842105263,177876.3971842105,53.36291915526315,0.0,88.89375171624124,193720.5146948242
20121123,20121126,600667.SH,buy,63800.0,3.032084057209251,193446.9628499502,58.03408885498506,0.0,96.67514385303366,215.51775601899135
20121130,20121203,002455.SZ,sell,72600.0,2.1188932921952675,153831.6530133764,46.149495904012916,76.9158265066882,76.95430365853827,153924.1054469847
20121130,20121203,002556.SZ,sell,76400.0,2.997054809647897,228974.98745709934,68.6924962371298,114.48749372854968,114.54476611159043,382715.9129141184
20121130,20121203,300145.SZ,sell,124000.0,1.514889680339607,187846.32036211126,56.35389610863337,93.92316018105564,93.97014525369741,570411.95621994
20121130,20121203,300278.SZ,sell,38100.0,4.830247283752861,184032.42151098402,55.2097264532952,92.01621075549201,92.06224187641055,754297.1517937152
20121130,20121203,600667.SH,sell,63800.0,3.011493758068681,192133.30176478185,57.63999052943455,96.06665088239093,96.11470823647687,946276.7469170853
20121130,20121203,000002.SZ,buy,26900.0,5.541248029074758,149059.571982111,44.717871594633294,0.0,74.49253972119186,797172.4570633797
20121130,20121203,000401.SZ,buy,22900.0,9.2422631492054,211647.82611680366,63.49434783504109,0.0,105.77102754462976,585461.1365987409
20121130,20121203,600053.SH,buy,30700.0,7.27925076619965,223472.99852232926,67.04189955669877,0.0,111.68065893169842,361921.096176855
20121130,20121203,600169.SH,buy,57900.0,3.272581845425867,189482.48885015768,56.844746655047295,0.0,94.6938974763325,172381.76258004224
20121130,20121203,601137.SH,buy,25300.0,6.797958451898419,171988.34883303,51.596504649908994,0.0,85.95119881711435,341.81724236233276
20121207,20121210,000002.SZ,sell,26900.0,5.8583623355016945,157589.94682499557,47.276984047498665,78.79497341249778,78.83439060780802,157805.6921098979
20121207,20121210,000401.SZ,sell,22900.0,10.441828154957182,239117.86474851947,71.73535942455584,119.55893237425974,119.61874174512923,396732.26256661856
20121207,20121210,600053.SH,sell,30700.0,6.565235880035027,201552.7415170753,60.465822455122584,100.77637075853765,100.82678415061673,598123.7618904802
20121207,20121210,600169.SH,sell,57900.0,3.4387568907728707,199104.0239757492,59.73120719272476,99.55201198787461,99.60181289431057,797068.5026470488
20121207,20121210,601137.SH,sell,25300.0,6.499933121019108,164448.30796178343,49.334492388535025,82.22415398089171,82.26528662419878,961385.2519624628
20121207,20121210,000029.SZ,buy,52200.0,3.5359268354430378,184575.38081012657,55.372614243037965,0.0,92.24156962023699,776754.4985380932
20121207,20121210,002377.SZ,buy,61100.0,3.2779934256055356,200285.39830449823,60.08561949134946,0.0,100.09265282581327,576409.0146141036
20121207,20121210,002427.SZ,buy,41900.0,4.388332650073206,183871.13803806732,55.16134141142019,0.0,91.88962420690223,392482.71523462486
20121207,20121210,300169.SZ,buy,29900.0,6.386589883268482,190959.0375097276,57.28771125291828,0.0,95.43180285341805,201466.39001364433
20121214,20121217,000029.SZ,sell,52200.0,3.653877079877783,190732.3835696203,57.21971507088608,95.36619178481014,95.41389873417211,392046.1876764089
20121214,20121217,002377.SZ,sell,61100.0,3.115659384083045,190366.78836747404,57.11003651024221,95.18339418373702,95.23100968857761,582260.682613189
20121214,20121217,002427.SZ,sell,41900.0,4.383946510492924,183687.35878965352,55.10620763689605,91.84367939482676,91.88962420690223,765801.0915158108
20121214,20121217,300169.SZ,sell,29900.0,6.479897211413749,193748.9266212711,58.12467798638132,96.87446331063555,96.92292477301089,959395.0189957849
20121214,20121217,000889.SZ,buy,51100.0,3.6891307722772275,188514.58246336633,56.554374739009894,0.0,94.2101861386036,770823.8821576796
20121214,20121217,002306.SZ,buy,41600.0,4.640632525155725,193050.31304647817,57.915093913943444,0.0,96.47691806420335,577715.6540172875
20121214,20121217,600335.SH,buy,33300.0,5.795391420072021,192986.5342883983,57.89596028651949,0.0,96.44504462188343,384671.2237686027
20121214,20121217,600787.SH,buy,62200.0,3.03624290507936,188854.3086959362,56.65629260878085,0.0,94.37996436576941,195760.25878005772
20121221,20121224,000889.SZ,sell,51100.0,3.6227421782178224,185122.1253069307,55.53663759207921,92.56106265346536,92.6073663366551,380734.2863867429
20121221,20121224,002306.SZ,sell,41600.0,4.611282089123143,191829.33490752275,57.54880047225682,95.91466745376137,95.96264877813519,572410.1578263396
20121221,20121224,600335.SH,sell,33300.0,5.852716455299827,194895.45796148424,58.468637388445266,97.44772898074213,97.49647721933434,767149.6994214547
20121221,20121224,600787.SH,sell,62200.0,3.0332081795370525,188665.54876720466,56.59966463016139,94.33277438360233,94.37996436576941,955664.3157496456
20121221,20121224,002571.SZ,buy,22100.0,8.422431388612631,186135.73368833915,55.84072010650174,0.0,93.02135616607848,769472.7413412
20121221,20121224,300308.SZ,buy,79800.0,2.4174540865056624,192912.83610315187,57.87385083094556,0.0,96.4082139446109,576502.0313872171
20121221,20121224,300342.SZ,buy,54400.0,3.5958868635232397,195616.24537566424,58.68487361269926,0.0,97.75924306627712,380827.1011379402
20121221,20121224,600979.SH,buy,61700.0,3.1478868297587126,194224.61739611256,58.267385218833766,0.0,97.06377680963487,186544.21635660878
20121221,20121224,603333.SH,buy,34900.0,5.340677966101695,186389.66101694916,55.91689830508474,0.0,93.1482563802856,98.6384413545311
20121228,20121231,002571.SZ,sell,22100.0,9.29182366857285,205349.30307545996,61.60479092263798,102.67465153772999,102.72601454498363,205283.66207435413
20121228,20121231,300308.SZ,sell,79800.0,2.5604298524885922,204322.30222858966,61.29669066857689,102.16115111429482,102.21225724290707,409442.5064611609
20121228,20121231,300342.SZ,sell,54400.0,3.8993071904217396,212122.31115894264,63.63669334768279,106.06115557947132,106.11421268578852,621395.1197711764
20121228,20121231,600979.SH,sell,61700.0,3.2048310991957107,197738.07882037535,59.3214236461126,98.86903941018768,98.91849865950644,818975.0081284954
20121228,20121231,603333.SH,sell,34900.0,5.325603935320476,185863.5773426846,55.75907320280538,92.9317886713423,92.97827781023807,1004689.8946093059
20121228,20121231,002249.SZ,buy,74200.0,2.7525959097365704,204242.61650245351,61.272784950736046,0.0,102.07027311465936,800386.0053219016
20121228,20121231,600052.SH,buy,49400.0,4.0321051911719,199185.99644389187,59.755798933167554,0.0,99.54322660862817,601140.2530790766
20121228,20121231,600419.SH,buy,44100.0,4.502009416654298,198538.61527445453,59.56158458233635,0.0,99.21969778832863,402542.07622003974
20121228,20121231,600622.SH,buy,76000.0,2.635006105121468,200260.4639892316,60.07813919676947,0.0,100.08019189865445,202221.5340916114
20121228,20121231,600648.SH,buy,26300.0,7.662315192407503,201518.88956031733,60.45566686809519,0.0,100.70909023503191,642.1888644259598
20130104,20130107,002249.SZ,sell,74200.0,2.6645180559142565,197707.23974883783,59.312171924651345,98.85361987441892,98.90307141010999,198191.2628214647
20130104,20130107,600052.SH,sell,49400.0,3.7196188995958974,183749.17364003733,55.12475209201119,91.87458682001866,91.9205470935558,381793.43712259
20130104,20130107,600419.SH,sell,44100.0,4.603046887338579,202994.36773163133,60.89831031948939,101.49718386581567,101.54795784471207,584625.409360036
20130104,20130107,600622.SH,sell,76000.0,2.719486898688031,206681.00430029034,62.0043012900871,103.34050215014517,103.39219824929023,791141.0688568861
20130104,20130107,600648.SH,sell,26300.0,7.38403752996713,194200.1870381355,58.26005611144065,97.10009351906776,97.14866785297636,985185.8957453911
20130104,20130107,002145.SZ,buy,77100.0,2.6309330762151024,202844.9401761844,60.85348205285532,0.0,101.3717841959733,782280.1020871538
20130104,20130107,002180.SZ,buy,34500.0,5.5581842241023525,191757.35573153116,57.52720671945934,0.0,95.83076248451835,590465.2191489032
20130104,20130107,002330.SZ,buy,38300.0,5.171954010292761,198085.83859421275,59.42575157826382,0.0,98.99342258583056,392319.95480311214
20130104,20130107,002492.SZ,buy,47600.0,4.258164950284091,202688.65163352274,60.806595490056814,0.0,101.29367897723569,189570.49657409935
20130104,20130107,300044.SZ,buy,73600.0,2.5727232843651624,189352.43372927594,56.805730118782776,0.0,94.62890241338755,161.257114704611
20130111,20130114,002145.SZ,sell,77100.0,2.5888789060788016,199602.5636586756,59.88076909760267,99.8012818293378,99.8512074330356,199604.13872245327
20130111,20130114,002180.SZ,sell,34500.0,5.311210173338837,183236.75098018986,54.97102529405695,91.61837549009493,91.66420759388711,382694.3003018589
20130111,20130114,002330.SZ,sell,38300.0,6.2356047239889305,238823.66092877605,71.64709827863281,119.41183046438803,119.47156624749186,621326.9023018919
20130111,20130114,002492.SZ,sell,47600.0,4.3383837002840915,206507.06413352274,61.95211924005682,103.25353206676137,103.30518465908244,827668.7607841078
20130111,20130114,300044.SZ,sell,73600.0,2.6016366211962225,191480.45532004198,57.44413659601259,95.74022766002099,95.78812172089238,1018996.0317398938
20130111,20130114,000065.SZ,buy,69000.0,3.1401562500000004,216670.78125000003,65.00123437500001,0.0,108.28125,802260.2492555188
20130111,20130114,000536.SZ,buy,18800.0,10.861736349033485,204200.6433618295,61.260193008548846,0.0,102.04929703238304,597998.3457006807
20130111,20130114,300019.SZ,buy,58500.0,3.40268090726677,199056.83307510603,59.7170499225318,0.0,99.47867719893111,398881.79557565216
20130111,20130114,300183.SZ,buy,19500.0,10.424689413387485,203281.44356105596,60.98443306831678,0.0,101.58992681713426,195539.36758152788
20130111,20130114,600580.SH,buy,47200.0,4.136537320795947,195244.5615415687,58.573368462470604,0.0,97.57349402375985,236.2326714967203
20130118,20130121,000065.SZ,sell,69000.0,2.9511203200483096,203627.30208333337,61.088190625,101.81365104166669,101.86458333331393,203700.6329131634
20130118,20130121,000536.SZ,sell,18800.0,10.856099319357472,204094.6672039205,61.22840016117614,102.04733360196025,102.0983827933378,407632.02438332076
20130118,20130121,300019.SZ,sell,58500.0,3.4803396789515126,203599.8712186635,61.07996136559904,101.79993560933175,101.85086103985668,611069.0157050093
20130118,20130121,300183.SZ,sell,19500.0,10.542314236177631,205575.12760546381,61.67253828163914,102.78756380273191,102.83898329437943,816479.6832083887
20130118,20130121,600580.SH,sell,47200.0,3.8021042214349565,179459.31925172996,53.837795775518984,89.72965962586498,89.77454689927981,995795.4350047173
20130118,20130121,000036.SZ,buy,96900.0,2.0629156775700928,199896.52915654198,59.968958746962585,0.0,99.8983154205198,795838.9368894284
20130118,20130121,000048.SZ,buy,43900.0,4.453036539781865,195488.3040964239,58.64649122892717,0.0,97.6953043960093,600291.9863017756
20130118,20130121,000096.SZ,buy,52100.0,4.116320606448488,214460.30359596622,64.33809107878986,0.0,107.17656351620099,385767.34461473057
20130118,20130121,002275.SZ,buy,18500.0,10.313235321659329,190794.85345069758,57.23845603520927,0.0,95.34975184939685,194915.25270799777
20130118,20130121,600683.SH,buy,37500.0,5.192596425010682,194722.36593790055,58.41670978137016,0.0,97.31252670558752,134.47006031585624
20130125,20130128,000036.SZ,sell,96900.0,2.028313996105919,196543.62622266353,58.96308786679906,98.27181311133177,98.32097359813633,196520.86138200125
20130125,20130128,000048.SZ,sell,43900.0,4.217189851994978,185134.63450257955,55.54039035077386,92.56731725128978,92.61362406329135,381507.38817697874
20130125,20130128,000096.SZ,sell,52100.0,4.88268509133052,254387.8932583201,76.31636797749603,127.19394662916005,127.25757541685016,635691.7711206921
20130125,20130128,002275.SZ,sell,18500.0,10.32224522895402,190961.5367356494,57.28846102069481,95.4807683678247,95.52853263413999,826500.538626953
20130125,20130128,600683.SH,sell,37500.0,4.820297661301809,180761.16229881783,54.228348689645344,90.38058114940891,90.42579404643038,1007117.0919959318
20130125,20130128,000636.SZ,buy,30300.0,6.326972806129823,191707.27602573365,57.51218280772009,0.0,95.80573514528805,815352.3037873905
20130125,20130128,002066.SZ,buy,37100.0,5.471840069301769,203005.26657109562,60.90157997132868,0.0,101.45190733185154,612286.1356363235
20130125,20130128,300071.SZ,buy,84800.0,2.2517632345013476,190949.52228571428,57.28485668571428,0.0,95.42704761904315,421279.3284939235
20130125,20130128,600735.SH,buy,39000.0,5.230937451258418,204006.5605990783,61.20196817972349,0.0,101.95230414744583,217211.56592666544
20130201,20130204,000636.SZ,sell,30300.0,6.385333999566286,193475.62018685846,58.04268605605753,96.73781009342923,96.78620319502079,410532.40561737446
20130201,20130204,002066.SZ,sell,37100.0,5.2266178513385055,193907.52228465857,58.172256685397564,96.95376114232928,97.00226227345411,604284.8018842053
20130201,20130204,300071.SZ,sell,84800.0,2.628981347708895,222937.6182857143,66.88128548571429,111.46880914285715,111.5245714285702,827044.070075291
20130201,20130204,600735.SH,sell,39000.0,5.219413092874866,203557.1106221198,61.067133186635935,101.7785553110599,101.8294700460392,1030438.3350089131
20130201,20130204,000637.SZ,buy,51000.0,4.007199448818898,204367.17188976376,61.31015156692912,0.0,102.132519685023,826009.8529675824
20130201,20130204,000698.SZ,buy,45600.0,4.717145667752442,215101.84244951137,64.5305527348534,0.0,107.49717263842467,610843.4799653362
20130201,20130204,300151.SZ,buy,100700.0,2.007024932453956,202107.41069811338,60.63222320943401,0.0,101.00320374715375,408675.43704401335
20130201,20130204,600681.SH,buy,87500.0,2.346352193272547,205305.81691134785,61.59174507340435,0.0,102.6016076518572,203308.0283875921
20130201,20130204,600814.SH,buy,31500.0,6.444245327102803,202993.7278037383,60.89811834112148,0.0,101.4461408314528,253.402465512685
20130208,20130218,000637.SZ,sell,51000.0,4.64163471456693,236723.37044291344,71.01701113287403,118.36168522145672,118.42089566926006,236787.39421207178
20130208,20130218,000698.SZ,sell,45600.0,4.722067752442997,215326.28951140065,64.59788685342019,107.66314475570033,107.717003257334,451941.4226918633
20130208,20130218,300151.SZ,sell,100700.0,1.8893447426171288,190257.01558154487,57.077104674463456,95.12850779077243,95.17609583868762,642046.232660943
20130208,20130218,600681.SH,sell,87500.0,2.021437241145809,176875.75860025827,53.06272758007748,88.43787930012914,88.4821203602769,818780.490654321
20130208,20130218,600814.SH,sell,31500.0,6.2564577022236545,197078.4176200451,59.123525286013525,98.53920881002256,98.58850306153181,1015701.2455402701
20130208,20130218,000403.SZ,buy,25900.0,8.370101689697632,216785.63376316868,65.03569012895059,0.0,108.33864755777176,798850.5760869725
20130208,20130218,000657.SZ,buy,26600.0,7.6800853558331035,204290.27046516055,61.28708113954816,0.0,102.09408818848897,594499.0185406724
20130208,20130218,000670.SZ,buy,65000.0,3.021210544103072,196378.68536669968,58.913605610009895,0.0,98.14027254705434,398061.4195683627
20130208,20130218,300100.SZ,buy,40900.0,4.718962350256702,193005.56012549912,57.90166803764973,0.0,96.45455278633744,204997.95777482595
20130208,20130218,300315.SZ,buy,74600.0,2.7435138118569333,204666.13036452723,61.39983910935816,0.0,102.28192422015127,270.42757118935697
20130222,20130225,000403.SZ,sell,25900.0,8.196972504544298,212301.58786769732,63.69047636030919,106.15079393384866,106.20389588180115,212402.1741685925
20130222,20130225,000657.SZ,sell,26600.0,6.860652513492942,182493.35685891227,54.748007057673675,91.24667842945614,91.29232459174818,394749.53634201764
20130222,20130225,000670.SZ,sell,65000.0,3.1347876199207136,203761.19529484637,61.12835858845391,101.88059764742319,101.93156342912698,598347.7226806281
20130222,20130225,300100.SZ,sell,40900.0,4.588736606212011,187679.32719407126,56.303798158221376,93.83966359703562,93.88660690045799,785876.9064129441
20130222,20130225,300315.SZ,sell,74600.0,2.7120337996080357,202317.72145075948,60.69531643522784,101.15886072537974,101.20946545808692,988032.773686543
20130222,20130225,002193.SZ,buy,23200.0,8.668290513500482,201104.33991321118,60.33130197396335,0.0,100.5019189970917,786868.1024713579
20130222,20130225,002323.SZ,buy,76500.0,2.596993169222838,198669.9774455471,59.60099323366412,0.0,99.2853460497281,588138.5240325772
20130222,20130225,002364.SZ,buy,44400.0,4.50666443006915,200095.90069507025,60.02877020852107,0.0,99.9979513718281,387982.5945672984
20130222,20130225,600817.SH,buy,17000.0,10.85983823017071,184617.24991290207,55.38517497387062,0.0,92.26249370956793,203309.95947942248
20130222,20130225,601098.SH,buy,34500.0,5.8822421663949696,202937.35474062644,60.88120642218793,0.0,101.4179683860857,311.7235323738423
20130301,20130304,002193.SZ,sell,23200.0,8.198695130183221,190209.72702025075,57.06291810607522,95.10486351012538,95.15243972997996,190369.2827710084
20130301,20130304,002323.SZ,sell,76500.0,2.5397785797138814,194293.06134811192,58.28791840443357,97.14653067405597,97.19512823814875,384506.9096700419
20130301,20130304,002364.SZ,sell,44400.0,4.561519125585546,202531.44917599825,60.75943475279947,101.26572458799913,101.31638277936145,586876.3336866993
20130301,20130304,600817.SH,sell,17000.0,12.887487148221268,219087.28151976157,65.72618445592846,109.54364075988079,109.59843997983262,805788.345381245
20130301,20130304,601098.SH,sell,34500.0,6.1016926205169995,210508.39540783648,63.15251862235094,105.25419770391824,105.30685112948413,1016128.3340727552
20130301,20130304,002068.SZ,buy,38900.0,5.2750299479254155,205198.66497429865,61.55959949228959,0.0,102.54805845790543,810868.1094989643
20130301,20130304,002218.SZ,buy,57400.0,3.5532119869843606,203954.3680529023,61.186310415870686,0.0,101.92622091597877,606852.5551356461
20130301,20130304,002446.SZ,buy,65500.0,3.020606491351568,197849.72518352768,59.3549175550583,0.0,98.87542487931205,408943.4750345634
20130301,20130304,600593.SH,buy,22000.0,9.470896538261321,208359.72384174907,62.50791715252472,0.0,104.12779802185833,200521.2432756618
20130301,20130304,600630.SH,buy,32500.0,6.149175736573843,199848.21143864992,59.95446343159497,0.0,99.87416863499675,613.0773735803086
20130308,20130311,002068.SZ,sell,38900.0,5.124226458928272,199332.4092523098,59.799722775692935,99.6662046261549,99.71606265747687,199786.02069848825
20130308,20130311,002218.SZ,sell,57400.0,3.393057879360415,194761.5222752878,58.42845668258634,97.3807611376439,97.42947587560047,394391.7337559558
20130308,20130311,002446.SZ,sell,65500.0,2.7777616713596136,181943.38947405468,54.5830168422164,90.97169473702735,91.01720333867706,576189.5685184313
20130308,20130311,600593.SH,sell,22000.0,9.461430374804788,208151.46824570533,62.44544047371159,104.07573412285267,104.12779802188743,784174.51558954
20130308,20130311,600630.SH,sell,32500.0,5.879756935293387,191092.10039703507,57.327630119110516,95.54605019851753,95.59384712207248,975113.7423062575
20130308,20130311,002377.SZ,buy,52500.0,3.8539836989619376,202334.14419550172,60.70024325865051,0.0,101.11651384082506,772718.897867497
20130308,20130311,002626.SZ,buy,49700.0,3.8599942383752004,191841.71364724747,57.552514094174235,0.0,95.87292036344297,580819.6317061554
20130308,20130311,300317.SZ,buy,61600.0,3.1199111817853273,192186.52879797618,57.65595863939285,0.0,96.04524177810526,388575.4469495398
20130308,20130311,600800.SH,buy,23100.0,8.114054999999999,187434.67049999998,56.23040114999999,0.0,93.67049999997835,201084.54604838984
20130308,20130311,600864.SH,buy,28000.0,7.165786358776192,200642.01804573336,60.19260541372,0.0,100.27087358606514,382.33539724274306
20130315,20130318,002377.SZ,sell,52500.0,3.3542459134948097,176097.9104584775,52.82937313754325,88.04895522923876,88.09300173009979,176339.3675273535
20130315,20130318,002626.SZ,sell,49700.0,3.6533087226082315,181569.4435136291,54.47083305408873,90.78472175681456,90.83013682521414,357763.55548617174
20130315,20130318,300317.SZ,sell,61600.0,2.8655560245753526,176518.25111384172,52.95547533415251,88.25912555692086,88.3032771955186,534140.5919991224
20130315,20130318,600800.SH,sell,23100.0,6.8765600000000004,158848.53600000002,47.654560800000006,79.42426800000001,79.46399999997811,692862.0491703225
20130315,20130318,600864.SH,sell,28000.0,7.184655514078298,201170.35439419234,60.3511063182577,100.58517719709617,100.6354949445813,893871.4672809995
20130315,20130318,000705.SZ,buy,22800.0,7.146884605158203,162948.968997607,48.884690699282096,0.0,81.43376761497348,730873.6135926932
20130315,20130318,300199.SZ,buy,29500.0,5.329701934573829,157226.20706992794,47.16786212097838,0.0,78.57381662665284,573600.2386606443
20130315,20130318,600336.SH,buy,68400.0,3.165716196600827,216534.98784749655,64.96049635424896,0.0,108.21338723012013,357000.2903167935
20130315,20130318,600338.SH,buy,26800.0,7.922121317116737,212312.85129872855,63.69385538961856,0.0,106.10337396236719,144623.7451626753
20130315,20130318,600987.SH,buy,45400.0,3.178297630453159,144294.71242257342,43.28841372677202,0.0,72.111300560995,285.7443263751047
20130322,20130325,000705.SZ,sell,22800.0,7.1020396880262355,161926.50488699818,48.57795146609945,80.96325244349909,81.00375432064175,162082.70800946368
20130322,20130325,300199.SZ,sell,29500.0,5.385238806722689,158864.54479831932,47.65936343949579,79.43227239915966,79.47200840336154,320820.16117194435
20130322,20130325,600336.SH,sell,68400.0,3.342085585668351,228598.65405971522,68.57959621791456,114.29932702985761,114.35650528245606,549235.9363084118
20130322,20130325,600338.SH,sell,26800.0,8.052817221813596,215815.50154460437,64.7446504633813,107.9077507723022,107.96173163811909,764878.7854517804
20130322,20130325,600987.SH,sell,45400.0,3.2527084624843097,147672.96419678765,44.301889259036294,73.83648209839383,73.87341880777967,912433.6112772106
20130322,20130325,000605.SZ,buy,15300.0,11.642550012442967,178131.0151903774,53.43930455711321,0.0,89.02099709660979,734249.1567822761
20130322,20130325,002047.SZ,buy,60500.0,3.316056954252379,200621.44573226894,60.18643371968068,0.0,100.260592569859,533567.5246162876
20130322,20130325,002655.SZ,buy,30900.0,5.873892703442878,181503.28453638492,54.45098536091547,0.0,90.70628912359825,352009.7890945417
20130322,20130325,600103.SH,buy,75700.0,2.2751799212598423,172231.12003937006,51.66933601181101,0.0,86.07252375778626,179726.99971915982
20130322,20130325,600854.SH,buy,39400.0,4.555361642702354,179481.24872247275,53.844374616741824,0.0,89.6957764730032,191.90662207032437
20130329,20130401,000605.SZ,sell,15300.0,12.416973807548736,189979.69925549565,56.99390977664869,94.98984962774783,95.03736831189599,190019.62211816158
20130329,20130401,002047.SZ,sell,60500.0,3.137362066318698,189810.40501228123,56.94312150368437,94.90520250614063,94.95267884555506,379678.178806433
20130329,20130401,002655.SZ,sell,30900.0,5.861465297339593,181119.27768779342,54.33578330633802,90.5596388438967,90.60494131452288,560652.5610720762
20130329,20130401,600103.SH,sell,75700.0,2.1238628699429816,160776.41925468371,48.23292577640511,80.38820962734187,80.4284238392429,721300.3591913562
20130329,20130401,600854.SH,sell,39400.0,4.516135730496662,177935.74778156847,53.380724334470536,88.96787389078423,89.01238008079235,899093.7583746994
20130329,20130401,002010.SZ,buy,26400.0,7.266693479952666,191840.7078707504,57.552212361225116,0.0,95.87241772652487,707195.4982915878
20130329,20130401,002173.SZ,buy,18100.0,9.48619981597108,171700.21666907656,51.51006500072296,0.0,85.80720473217661,535443.7715575105
20130329,20130401,002384.SZ,buy,54000.0,3.1470670961530853,169941.62319226662,50.98248695767998,0.0,84.92834742242121,365451.1658782862
20130329,20130401,600170.SH,buy,86000.0,2.055141143037575,176742.13830123146,53.02264149036943,0.0,88.32690569775878,188656.00493556436
20130329,20130401,600345.SH,buy,12600.0,14.93507333283604,188181.92399373412,56.454577198120234,0.0,94.04394002683694,417.6263646321313
20130403,20130408,002010.SZ,sell,26400.0,7.175988689061118,189446.1013912135,56.83383041736405,94.72305069560676,94.77043591355323,189712.17087473266
20130403,20130408,002173.SZ,sell,18100.0,8.376388087413734,151612.62438218857,45.48378731465657,75.80631219109429,75.844234308257,341203.5051574155
20130403,20130408,002384.SZ,sell,54000.0,3.1407330403418308,169599.58417845887,50.879875253537655,84.79979208922944,84.84221319580683,510667.4096685316
20130403,20130408,600170.SH,sell,86000.0,1.9466977341768015,167416.00513920494,50.22480154176148,83.70800256960247,83.74987750835135,677949.4820036252
20130403,20130408,600345.SH,sell,12600.0,15.826639387836293,199415.6562867373,59.82469688602119,99.70782814336866,99.75770699683926,877205.6057653332
20130403,20130408,000078.SZ,buy,48700.0,3.7340619581136494,181848.81736013474,54.55464520804042,0.0,90.87896919547347,695302.2337599904
20130403,20130408,000518.SZ,buy,38700.0,4.652325,180044.9775,54.013493249999996,0.0,89.97750000000815,515203.2427667404
20130403,20130408,002166.SZ,buy,31000.0,5.0756304397645104,157344.54363269982,47.20336308980994,0.0,78.6329553386895,357811.49577095074
20130403,20130408,600513.SH,buy,22600.0,7.195835968391145,162625.89288563989,48.78776786569196,0.0,81.27231028769165,195136.81511744516
20130412,20130415,000078.SZ,sell,48700.0,3.2709102020601444,159293.32684032904,47.78799805209871,79.64666342016453,79.68650667348993,354302.70729630196
20130412,20130415,000518.SZ,sell,38700.0,4.387805,169808.0535,50.94241605,84.90402675,84.94649999999092,523974.914353502
20130412,20130415,002166.SZ,sell,31000.0,5.218141135564424,161762.37520249715,48.52871256074914,80.88118760124857,80.92164842545753,685607.8796558371
20130412,20130415,600513.SH,sell,22600.0,6.262434873327809,141531.0281372085,42.45930844116254,70.76551406860425,70.8009145258693,827025.6829705358
20130412,20130415,000536.SZ,buy,16900.0,10.354959809420091,174998.82077919954,52.499646233759854,0.0,87.45568254831596,651974.3625451025
20130412,20130415,002119.SZ,buy,39100.0,3.3972664076446493,132833.1165389058,39.849934961671735,0.0,66.38336658617482,519101.396071235
20130412,20130415,002508.SZ,buy,30200.0,5.797398227981353,175081.42648503688,52.52442794551106,0.0,87.49696476015379,343967.4451582526
20130412,20130415,300058.SZ,buy,30900.0,5.55677585996404,171704.37407288884,51.511312221866646,0.0,85.809282395232,172211.5597731419
20130412,20130415,600203.SH,buy,28500.0,6.027357629427792,171779.69243869206,51.53390773160761,0.0,85.84692275791895,380.33342671822174
20130419,20130422,000536.SZ,sell,16900.0,11.247545208276613,190083.51401987474,57.02505420596242,95.04175700993737,95.08930166077334,190311.78063537707
20130419,20130422,002119.SZ,sell,39100.0,3.5953819200882076,140579.4330754489,42.17382992263467,70.28971653772446,70.32487897720421,330778.7501643656
20130419,20130422,002508.SZ,sell,30200.0,5.775220123815731,174411.64773923508,52.32349432177052,87.20582386961755,87.24944859390962,505050.8685854093
20130419,20130422,300058.SZ,sell,30900.0,5.950162881702688,183860.03304461308,55.15800991338392,91.93001652230654,91.9760045245639,688763.8136035868
20130419,20130422,600203.SH,sell,28500.0,6.189416479090155,176398.36965406942,52.91951089622082,88.19918482703471,88.2433064802608,865021.0645619329
20130419,20130422,000752.SZ,buy,13200.0,12.656083839865857,167060.3066862293,50.11809200586879,0.0,83.48840913854656,697910.6397836978
20130419,20130422,002376.SZ,buy,23700.0,7.17769028871391,170111.25984251965,51.03337795275589,0.0,85.01312335956027,527748.3465632254
20130419,20130422,002590.SZ,buy,63000.0,2.8422505717916136,179061.78602287165,53.71853580686149,0.0,89.48614993644878,348632.8420045469
20130419,20130422,002605.SZ,buy,28200.0,6.457664547118023,182106.14022872824,54.63184206861847,0.0,91.00756633115816,166472.06993375003
20130419,20130422,300303.SZ,buy,78500.0,2.1194681393971035,166378.24894267262,49.913474682801784,0.0,83.14755069598323,43.907516394596314
20130426,20130502,000752.SZ,sell,13200.0,12.297715180255713,162329.8403793754,48.69895211381262,81.1649201896877,81.20552295114612,162243.88402346653
20130426,20130502,002376.SZ,sell,23700.0,7.254172207640711,171923.88132108486,51.57716439632545,85.96194066054244,86.00494313210947,334030.2262394945
20130426,20130502,002590.SZ,sell,63000.0,2.5177578568403223,158618.7449809403,47.58562349428209,79.30937249047015,79.3490470139659,492522.07622445
20130426,20130502,002605.SZ,sell,28200.0,5.965542726440989,168228.3048856359,50.46849146569077,84.11415244281795,84.15623055808828,660615.7984661774
20130426,20130502,300303.SZ,sell,78500.0,2.3698029675557413,186029.5329531257,55.8088598859377,93.01476647656284,93.06129712512484,846496.5077929406
20130426,20130502,000563.SZ,buy,51200.0,3.396991353628142,173925.95730576088,52.17778719172826,0.0,86.91951889343909,672518.372699988
20130426,20130502,000672.SZ,buy,38600.0,4.392909627379637,169566.311616854,50.86989348505619,0.0,84.7407854157209,502901.19118964893
20130426,20130502,000688.SZ,buy,18900.0,7.992432944606414,151056.98265306122,45.317094795918365,0.0,75.49074595354614,351798.8914417918
20130426,20130502,002032.SZ,buy,27800.0,6.6340734664697525,184427.24236785911,55.32817271035773,0.0,92.16753741519642,167316.32090122232
20130426,20130502,600419.SH,buy,26400.0,6.334506029389937,167230.95917589433,50.16928775276829,0.0,83.573692741571,35.192437575227814
20130503,20130506,000563.SZ,sell,51200.0,3.7374586281160544,191357.88175954198,57.40736452786259,95.67894087977099,95.72680428190506,191239.98789170958
20130503,20130506,000672.SZ,sell,38600.0,4.096340556710632,158118.74548903038,47.43562364670911,79.05937274451519,79.09892220562324,349232.2383843487
20130503,20130506,000688.SZ,sell,18900.0,7.570436272242889,143081.2455453906,42.924373663617175,71.5406227726953,71.5764109781885,492199.01893330296
20130503,20130506,002032.SZ,sell,27800.0,6.824194913787427,189712.6186032905,56.913785580987145,94.85630930164525,94.9037611822132,681759.8674417108
20130503,20130506,600419.SH,sell,26400.0,6.656963752412053,175743.84306367818,52.72315291910345,87.87192153183909,87.91587947157677,857363.1154309381
20130503,20130506,300001.SZ,buy,53000.0,3.089500888238303,163743.54707663006,49.123064122989014,0.0,81.83085810925695,693570.445290185
20130503,20130506,300205.SZ,buy,26500.0,6.016241911764706,159430.4106617647,47.82912319852941,0.0,79.67536764705437,534092.2055052218
20130503,20130506,600328.SH,buy,40400.0,4.54749197920052,183718.675959701,55.1156027879103,0.0,91.81343126422144,350318.41394273296
20130503,20130506,600396.SH,buy,56800.0,3.1054401561072194,176389.00086689007,52.91670026006702,0.0,88.15042522083968,173876.49637558282
20130503,20130506,600658.SH,buy,33300.0,5.213264397194212,173601.70442656727,52.08051132797018,0.0,86.75747347652214,222.71143768756883
20130510,20130513,300001.SZ,sell,53000.0,3.1564591822522883,167292.33665937127,50.187700997811376,83.64616832968564,83.68801233585691,167381.21422773134
20130510,20130513,300205.SZ,sell,26500.0,6.524950178571428,172911.17973214286,51.87335391964285,86.45558986607143,86.49883928569034,340154.0650160885
20130510,20130513,600396.SH,sell,56800.0,3.2353614064879683,183768.5278885166,55.13055836655498,91.88426394425831,91.93022905878024,523775.57808229426
20130510,20130513,600658.SH,sell,33300.0,5.173752615811779,172285.96210653224,51.68578863195967,86.14298105326613,86.18607409030665,695923.7114191413
20130510,20130513,002255.SZ,buy,18800.0,9.43803644276525,177435.0851239867,53.23052553719601,0.0,88.67320595899946,518435.3957696174
20130510,20130513,002438.SZ,buy,25600.0,6.788692231769624,173790.5211333024,52.13715633999071,0.0,86.85183464933652,344592.737479975
20130510,20130513,300051.SZ,buy,26800.0,6.681639866348449,179067.94841813843,53.720384525441524,0.0,89.48922959427,165471.0686773111
20130510,20130513,300109.SZ,buy,42200.0,3.919588047884902,165406.61562074287,49.62198468622286,0.0,82.66197682195343,14.831071881984826
20130517,20130520,002255.SZ,sell,18800.0,8.964500896721587,168532.61685836583,50.55978505750974,84.26630842918291,84.30846266049775,168412.62183676113
20130517,20130520,002438.SZ,sell,25600.0,6.332897921504877,162122.18679052484,48.636656037157444,81.06109339526242,81.10164421738591,330405.1108778536
20130517,20130520,300051.SZ,sell,26800.0,5.925021687350836,158790.58122100242,47.63717436630072,79.3952906105012,79.43500811452395,489068.6596338792
20130517,20130520,300109.SZ,sell,42200.0,3.770155639580121,159100.5679902811,47.73017039708432,79.55028399514055,79.59007903464953,648041.947169768
20130517,20130520,000809.SZ,buy,26600.0,6.265420509323204,166660.18554799721,49.99805566439916,0.0,83.28844854971976,481331.76356610644
20130517,20130520,002137.SZ,buy,34600.0,4.84242,167547.732,50.26431959999999,0.0,83.73199999998906,313733.7672465064
20130517,20130520,002199.SZ,buy,23900.0,7.0035,167383.65,50.21509499999999,0.0,83.64999999999418,146299.90215150642
20130517,20130520,600037.SH,buy,21400.0,6.829931028981654,146160.52402020738,43.84815720606221,0.0,73.04374014001223,95.52997409299132
20130524,20130527,000809.SZ,sell,26600.0,6.094962044198895,162125.9903756906,48.637797112707176,81.0629951878453,81.10354696132708,162091.81955748305
20130524,20130527,002137.SZ,sell,34600.0,4.67766,161847.03600000002,48.554110800000004,80.92351800000002,80.96399999997811,323809.37792868307
20130524,20130527,002199.SZ,sell,23900.0,7.196400000000001,171993.96000000002,51.598188,85.99698000000001,86.03999999997905,495665.74276068306
20130524,20130527,600037.SH,sell,21400.0,6.712090295134273,143638.73231587344,43.091619694762024,71.81936615793671,71.85529380483786,639189.5640907038
20130524,20130527,300004.SZ,buy,12900.0,11.935687560736193,153970.36953349688,46.19111086004906,0.0,76.94671141103026,485173.0034463469
20130524,20130527,300097.SZ,buy,37100.0,4.225994132876712,156784.38232972604,47.03531469891781,0.0,78.35301465753582,328341.58580192196
20130524,20130527,600119.SH,buy,29100.0,6.200742285229201,180441.60050016976,54.132480150050924,0.0,90.1757123938878,147845.85282160214
20130524,20130527,600243.SH,buy,23800.0,6.195832748904196,147460.81942391986,44.23824582717595,0.0,73.69356293047895,340.7951518550981
20130531,20130603,300004.SZ,sell,12900.0,12.280134161963188,158413.73068932514,47.524119206797536,79.20686534466257,79.24648858892033,158627.79485662878
20130531,20130603,300097.SZ,sell,37100.0,4.249345497260274,157650.71794835615,47.29521538450684,78.82535897417807,78.86479136988055,316152.39223062625
20130531,20130603,600119.SH,sell,29100.0,6.3964198845500855,186135.8186404075,55.840745592122246,93.06790932020375,93.11446655346663,502139.30221612146
20130531,20130603,600243.SH,sell,23800.0,7.154905416405762,170286.74891045713,51.08602467313713,85.14337445522857,85.18596743894159,672289.8217274502
20130531,20130603,000534.SZ,buy,33100.0,5.254114152132801,173911.1784355957,52.17335353067871,0.0,86.91213315119967,498326.46993832383
20130531,20130603,002011.SZ,buy,15400.0,11.424987058064517,175944.80069419355,52.78344020825806,0.0,87.9284361290047,322328.885803922
20130531,20130603,002079.SZ,buy,30800.0,5.373483592469722,165503.29464806744,49.65098839442023,0.0,82.71029217791511,156775.94016746015
20130531,20130603,600233.SH,buy,28200.0,5.550051171167909,156511.44302693504,46.95343290808051,0.0,78.2166132068669,217.54370761703467
20130607,20130613,000534.SZ,sell,33100.0,4.998032058555719,165434.8611381943,49.63045834145829,82.71743056909716,82.75880997403874,165520.0569569008
20130607,20130613,002011.SZ,sell,15400.0,11.374413174193549,175165.96288258064,52.549788864774186,87.58298144129033,87.62679483869579,340545.88706917537
20130607,20130613,002079.SZ,sell,30800.0,4.764200104920261,146737.36323154403,44.0212089694632,73.36868161577202,73.40538430790184,487165.8604101342
20130607,20130613,600233.SH,sell,28200.0,4.578742717761204,129120.54464086596,38.73616339225978,64.56027232043299,64.59256860474125,616183.1086152875
20130607,20130613,000829.SZ,buy,28300.0,5.061650734989035,143244.7158001897,42.97341474005691,0.0,71.58656461778446,472895.4194003577
20130607,20130613,000892.SZ,buy,27000.0,5.48274,148033.97999999998,44.41019399999999,0.0,73.97999999998137,324817.0292063577
20130607,20130613,002263.SZ,buy,85400.0,2.197606541436464,187675.59863867404,56.30267959160221,0.0,93.7909038674261,137085.12788809207
20130607,20130613,300294.SZ,buy,16900.0,8.094672831077816,136799.97084521508,41.03999125356452,0.0,68.36580252135172,244.1170516234415
20130614,20130617,000829.SZ,sell,28300.0,5.212478831196202,147513.1509228525,44.25394527685575,73.75657546142625,73.79347219751799,147639.25745373766
20130614,20130617,000892.SZ,sell,27000.0,5.53723,149505.21,44.85156299999999,74.752605,74.79000000000815,297024.8632857377
20130614,20130617,002263.SZ,sell,85400.0,2.161106751381215,184558.51656795578,55.36755497038673,92.2792582839779,92.3254209944862,481435.7330404391
20130614,20130617,300294.SZ,sell,16900.0,8.214124329386177,138818.7011666264,41.64561034998791,69.4093505833132,69.44407261960441,620143.3792461322
20130614,20130617,002405.SZ,buy,23100.0,6.588019091589717,152183.24101572248,45.65497230471674,0.0,76.05359371099621,467914.483258105
20130614,20130617,600835.SH,buy,28300.0,6.570759913925607,185952.50556409467,55.7857516692284,0.0,92.92978788807523,281906.1919423411
20130614,20130617,600838.SH,buy,27100.0,5.371604565408252,145570.48372256363,43.67114511676908,0.0,72.74886742755189,136292.0370746607
20130614,20130617,600865.SH,buy,30300.0,4.4921584224843,136112.4002012743,40.833720060382284,0.0,68.02218900612206,138.8031533260364
20130621,20130624,002405.SZ,sell,23100.0,6.230424532068879,143922.8066907911,43.176842007237326,71.96140334539555,71.99740204642876,143946.4715987645
20130621,20130624,600835.SH,sell,28300.0,7.539146189841856,213357.8371725245,64.00735115175735,106.67891858626226,106.73228472861229,357133.622501551
20130621,20130624,600838.SH,sell,27100.0,5.977694468832309,161995.52010535556,48.598656031606666,80.99776005267779,81.03827919226023,518999.54619082226
20130621,20130624,600865.SH,sell,30300.0,4.420563185519206,133943.06452123192,40.182919356369574,66.97153226061596,67.00503477803431,652835.4562604371
20130621,20130624,000935.SZ,buy,23400.0,6.357010763076923,148754.051856,44.6262155568,0.0,74.33985600000597,504036.7781888803
20130621,20130624,002351.SZ,buy,65700.0,2.729331225272986,179317.0615004352,53.79511845013055,0.0,89.61372388829477,324665.921569995
20130621,20130624,002528.SZ,buy,37800.0,4.7430283054003715,179286.46994413403,53.7859409832402,0.0,89.59843575416016,145325.66568487772
20130621,20130624,002627.SZ,buy,46600.0,3.111470053245071,144994.50448122033,43.49835134436609,0.0,72.46102172974497,287.66285231302027
20130628,20130701,000935.SZ,sell,23400.0,5.14366072923077,120361.66106400001,36.1084983192,60.18083053200001,60.21093599998858,120553.03458746184
20130628,20130701,002351.SZ,sell,65700.0,2.9142527001899037,191466.40240247667,57.439920720743,95.73320120123833,95.78109174710698,311866.26386801654
20130628,20130701,002528.SZ,sell,37800.0,4.466418684047176,168830.62625698326,50.649187877094974,84.41531312849163,84.45754189943545,480561.8256239942
20130628,20130701,002627.SZ,sell,46600.0,2.7629867894661104,128755.18438912074,38.626555316736216,64.37759219456036,64.4097970931034,609214.0058656037
20130628,20130701,002235.SZ,buy,70300.0,3.757638702448622,264162.00078213814,79.24860023464143,0.0,132.0149928946048,344972.7564832309
20130628,20130701,300339.SZ,buy,23900.0,5.529125511219188,132146.0997181386,39.64382991544158,0.0,66.04002984415274,212787.01293517687
20130628,20130701,600198.SH,buy,17200.0,12.30615,211665.78,63.499734,0.0,105.77999999999884,1057.7332011768594
20130705,20130708,002235.SZ,sell,70300.0,4.491332134892873,315740.64908296894,94.72219472489067,157.87032454148448,157.94929919106653,316545.78976487945
20130705,20130708,300339.SZ,sell,23900.0,5.587455786448546,133540.19329612024,40.06205798883607,66.77009664806012,66.80349839726114,449979.1509063628
20130705,20130708,600198.SH,sell,17200.0,12.893550000000001,221769.06000000003,66.53071800000001,110.88453000000001,110.93999999997322,671570.7956583628
20130705,20130708,002141.SZ,buy,90400.0,1.9230853952103237,173846.91972701327,52.15407591810398,0.0,86.88001985356095,497671.72185543145
20130705,20130708,002259.SZ,buy,32400.0,5.216421220502901,169012.04754429398,50.70361426328819,0.0,84.46379187618732,328608.9706968742
20130705,20130708,600561.SH,buy,15200.0,11.074373961318054,168330.4842120344,50.499145263610316,0.0,84.12318051574402,160227.98733957618
20130705,20130708,600757.SH,buy,23400.0,4.617182791525888,108042.07732170579,32.41262319651173,0.0,53.99404164003499,52153.49739467389
20130705,20130708,600822.SH,buy,9700.0,5.372685,52115.044499999996,15.634513349999997,0.0,26.044499999996333,22.818381323893846
20130712,20130715,002141.SZ,sell,90400.0,1.966367112544981,177759.5869740663,53.32787609221989,88.87979348703315,88.92425561480923,177640.19768581094
20130712,20130715,002259.SZ,sell,32400.0,5.241099609284333,169811.6273408124,50.94348820224372,84.9058136704062,84.9482878142735,347315.9757247507
20130712,20130715,600561.SH,sell,15200.0,11.710227200931234,177995.45345415475,53.39863603624642,88.99772672707738,89.04224785100087,525169.0328161422
20130712,20130715,600757.SH,sell,23400.0,5.024150899461237,117565.13104739293,35.26953931421788,58.78256552369647,58.811971509465366,642640.1117586972
20130712,20130715,600822.SH,sell,9700.0,6.076960000000001,58946.512,17.6839536,29.473256000000003,29.487999999997555,701539.4665490972
20130712,20130715,000948.SZ,buy,31900.0,5.639972497579865,179915.12267279768,53.9745368018393,0.0,89.9126050338673,521570.3693394977
20130712,20130715,002153.SZ,buy,56200.0,3.351263513513514,188341.00945945948,56.50230283783784,0.0,94.12344300822588,333172.8575772004
20130712,20130715,002184.SZ,buy,50100.0,3.3957931897150804,170129.23880472552,51.038771641417654,0.0,85.02210834817379,162992.58000083346
20130712,20130715,002228.SZ,buy,90600.0,1.7966526906592284,162776.7337737261,48.833020132117824,0.0,81.3476930403267,167.01320697524352
20130719,20130722,000948.SZ,sell,31900.0,5.759542795740562,183729.41518412394,55.118824555237175,91.86470759206198,91.91066292350297,183749.44485895187
20130719,20130722,002153.SZ,sell,56200.0,3.7070771044657853,208337.73327097713,62.501319981293136,104.16886663548857,104.22097712405957,391920.50794331223
20130719,20130722,002184.SZ,sell,50100.0,3.9977342478170232,200286.48581563286,60.08594574468985,100.14324290781643,100.1933395776141,592046.7645702926
20130719,20130722,002228.SZ,sell,90600.0,1.6717341277467859,151459.1119738588,45.437733592157635,75.7295559869294,75.7674397067749,743384.7092545723
20130719,20130722,000066.SZ,buy,57000.0,3.2769337963299416,186785.22639080667,56.035567917242,0.0,93.345940225292,556543.4472958484
20130719,20130722,000837.SZ,buy,26600.0,7.3630072954920776,195855.99406008926,58.75679821802677,0.0,97.87905750126811,360628.6964375411
20130719,20130722,002024.SZ,buy,32600.0,5.690206005269673,185500.71577179132,55.65021473153739,0.0,92.70400588292978,175072.33045101824
20130719,20130722,002227.SZ,buy,18100.0,9.642401844005777,174527.47337650455,52.35824201295136,0.0,87.22012662491761,492.49883250074345
20130719,20130722,002530.SZ,buy,100.0,3.4651028750747157,346.51028750747156,5.0,0.0,0.1731685594739929,140.9885449932719
20130726,20130729,000066.SZ,sell,57000.0,3.176804698401163,181077.8678088663,54.32336034265988,90.53893390443315,90.5842260174395,181073.99405961248
20130726,20130729,000837.SZ,sell,26600.0,7.156846671431742,190372.12146008434,57.11163643802529,95.18606073004217,95.23367756881635,371293.81782252877
20130726,20130729,002024.SZ,sell,32600.0,5.617189318917446,183120.37179670873,54.936111539012614,91.56018589835436,91.60598889278481,554267.6933218001
20130726,20130729,002227.SZ,sell,18100.0,10.032689378911893,181591.67775830528,54.477503327491576,90.79583887915264,90.84125950888847,735714.0977378987
20130726,20130729,002530.SZ,sell,100.0,3.313811482367005,331.3811482367005,5.0,0.16569057411835025,0.16577346084875444,736040.3131955613
20130726,20130729,000545.SZ,buy,44900.0,4.21087192763158,189068.14955065792,56.72044486519737,0.0,94.48683135965257,546915.4432000382
20130726,20130729,002157.SZ,buy,96400.0,1.8307199935440235,176481.40737764386,52.94442221329315,0.0,88.19660538609605,370381.091400181
20130726,20130729,002302.SZ,buy,39100.0,4.725448647345162,184765.04211119583,55.42951263335874,0.0,92.3363528791524,185560.6197763518
20130726,20130729,002574.SZ,buy,32800.0,5.622914327424401,184431.58993952035,55.3294769818561,0.0,92.16971011468559,1073.7003598496085
20130726,20130729,600876.SH,buy,200.0,5.012504999999999,1002.5009999999999,5.0,0.0,0.5009999999998627,66.19935984960864
20130802,20130805,000545.SZ,sell,44900.0,3.7828444736842113,169849.7168684211,50.954915060526325,84.92485843421055,84.96734210525756,169780.03645477598
20130802,20130805,002157.SZ,sell,96400.0,1.8530738603664536,178636.32013932613,53.59089604179783,89.31816006966307,89.3628414903942,348273.44753799064
20130802,20130805,002302.SZ,sell,39100.0,4.6320734370443475,181114.07138843398,54.33422141653019,90.55703569421699,90.60233686264837,529242.6276693139
20130802,20130805,002574.SZ,sell,32800.0,5.744863357664235,188431.5181313869,56.52945543941606,94.21575906569345,94.26289051093045,717523.4005861958
20130802,20130805,600328.SH,sell,40400.0,4.028533961650959,162752.77205069875,48.82583161520962,81.37638602534938,81.41709457262186,880145.9704192539
20130802,20130805,600876.SH,sell,200.0,4.847575,969.515,5.0,0.4847575,0.48499999999989996,881110.0006617539
20130802,20130805,000909.SZ,buy,27700.0,6.107130801687764,169167.52320675107,50.75025696202532,0.0,84.54149085792596,711891.7271980408
20130802,20130805,002436.SZ,buy,53300.0,3.267472535169466,174156.28612453252,52.24688583735975,0.0,87.03462574936566,537683.194187671
20130802,20130805,300065.SZ,buy,72100.0,2.459173537127866,177306.41202691913,53.19192360807573,0.0,88.60890156266396,360323.59023714374
20130802,20130805,300323.SZ,buy,48700.0,3.8215145340450083,186107.7578079919,55.83232734239757,0.0,93.00737521637348,174160.00010180945
20130802,20130805,600602.SH,buy,45400.0,3.830597157839389,173909.11096590827,52.172733289772474,0.0,86.91109993297141,198.7164026114042
20130809,20130812,000909.SZ,sell,27700.0,6.937457805907174,192167.58122362872,57.65027436708861,96.08379061181436,96.13185654007248,192212.5635612612
20130809,20130812,002436.SZ,sell,53300.0,3.230075256722265,172163.01118329674,51.64890335498902,86.08150559164837,86.12456787555129,364237.84433561127
20130809,20130812,300065.SZ,sell,72100.0,2.186915576594046,157676.61307243071,47.30298392172921,78.83830653621536,78.87774540891405,521788.316117584
20130809,20130812,300323.SZ,sell,48700.0,3.8264210891517596,186346.70704169068,55.904012112507196,93.17335352084534,93.21996350260451,707985.9457936414
20130809,20130812,600602.SH,sell,45400.0,3.6857327818402936,167332.26829554932,50.19968048866479,83.66613414777466,83.70798814186128,875184.3482745542
20130809,20130812,002182.SZ,buy,60900.0,2.954330416272469,179918.72235099337,53.97561670529801,0.0,89.91440397349652,695211.6503068556
20130809,20130812,300236.SZ,buy,21000.0,8.218684998071733,172592.3849595064,51.777715487851914,0.0,86.25306594677386,522567.48763186135
20130809,20130812,600111.SH,buy,9500.0,17.831395886665344,169398.26092332078,50.81947827699623,0.0,84.65680206063553,353118.4072302636
20130809,20130812,600566.SH,buy,19200.0,9.45718994461421,181578.04693659284,54.47341408097785,0.0,90.7436516424932,171485.88687958976
20130809,20130812,600629.SH,buy,44300.0,3.8598527615424514,170991.4773363306,51.297443200899174,0.0,85.45301216209191,443.11210005826433
20130816,20130819,002182.SZ,sell,60900.0,2.7159124671502157,165399.06924944813,49.619720774834434,82.69953462472407,82.74090507728397,165709.86209410682
20130816,20130819,600111.SH,sell,9500.0,17.77561834505647,168868.37427803644,50.66051228341093,84.43418713901822,84.47642535172054,334443.14167272084
20130816,20130819,600629.SH,sell,44300.0,4.073088380886507,180437.81527327225,54.13134458198167,90.21890763663613,90.2640396564384,514736.60669377446
20130816,20130819,000554.SZ,buy,41000.0,4.05327951131168,166184.45996377888,49.85533798913366,0.0,83.05070462953881,348502.29139200645
20130816,20130819,000906.SZ,buy,63000.0,3.0588486543609976,192707.46522474286,57.81223956742285,0.0,96.30557982245227,155737.01392769616
20130816,20130819,600135.SH,buy,18000.0,8.616418926359255,155095.5406744666,46.52866220233998,0.0,77.50901582930237,594.9445910272188
20130816,20130819,600865.SH,buy,100.0,5.247848624397547,524.7848624397548,5.0,0.0,0.26226130056954844,65.15972858746409
20130823,20130826,000554.SZ,sell,41000.0,3.971916023395286,162848.55695920673,48.854567087762014,81.42427847960337,81.4650109850918,162783.43784222685
20130823,20130826,000906.SZ,sell,63000.0,3.055791334366634,192514.85406509796,57.75445621952938,96.25742703254897,96.30557982245227,355144.28002407274
20130823,20130826,300236.SZ,sell,21000.0,8.170613767836484,171582.88912456617,51.474866737369844,85.79144456228309,85.83436174315284,526589.9028373392
20130823,20130826,600135.SH,sell,18000.0,8.772225595320027,157900.06071576048,47.37001821472814,78.95003035788024,78.98952512044343,684363.6435045272
20130823,20130826,600566.SH,sell,19200.0,10.74326968105424,206270.77787624142,61.88123336287242,103.13538893812071,103.18698242932442,890469.4047584676
20130823,20130826,600865.SH,sell,100.0,4.87352411913977,487.352411913977,5.0,0.2436762059569885,0.24379810500948906,890951.5134941756
20130823,20130826,002027.SZ,buy,160300.0,1.0466060744441485,167770.953733397,50.3312861200191,0.0,83.8435550891445,723130.2284746586
20130823,20130826,002034.SZ,buy,29000.0,6.451273484403341,187086.93104769688,56.12607931430906,0.0,93.49671716525336,535987.1713476474
20130823,20130826,600650.SH,buy,29100.0,6.292711364973524,183117.90072072955,54.935370216218864,0.0,91.51319376347237,352814.3352567017
20130823,20130826,600679.SH,buy,16500.0,10.670710767224,176066.72765919598,52.82001829775879,0.0,87.98936914501246,176694.78757920794
20130823,20130826,603000.SH,buy,11400.0,15.49380399798151,176629.36557698922,52.98880967309676,0.0,88.27054751472315,12.433192545635393
20130830,20130902,002027.SZ,sell,160300.0,0.9744187961193235,156199.33301792757,46.85979990537827,78.09966650896378,78.13873587688431,156086.80674405885
20130830,20130902,002034.SZ,sell,29000.0,5.931312297217894,172008.05661931893,51.60241698579568,86.00402830965946,86.04705183557235,327957.25691808236
20130830,20130902,600650.SH,sell,29100.0,10.732113553855877,312304.504417206,93.69135132516179,156.152252208603,156.23036739230156,640011.9177317546
20130830,20130902,600679.SH,sell,16500.0,12.440015862287048,205260.2617277363,61.578078518320886,102.63013086386816,102.68147159964428,845107.9712501087
20130830,20130902,603000.SH,sell,11400.0,15.068066024038352,171775.95267403722,51.532785802211166,85.88797633701861,85.93094180789194,1016746.5031620066
20130830,20130902,600107.SH,buy,25800.0,7.753875,200049.975,60.0149925,0.0,99.97500000000582,816636.5131695066
20130830,20130902,600642.SH,buy,64800.0,3.11999075277836,202175.40078003774,60.652620234011316,0.0,101.03718179912539,614400.4597692348
20130830,20130902,601008.SH,buy,59700.0,3.5028729925746847,209121.51765670866,62.73645529701259,0.0,104.50850457602064,405216.20565722906
20130830,20130902,601018.SH,buy,100700.0,2.0377352668047717,205199.9413672405,61.55998241017215,0.0,102.54869633540511,199954.7043075784
20130830,20130902,601880.SH,buy,164400.0,1.2152202131048884,199782.20303444364,59.934660910333086,0.0,99.8411809267127,112.56661222441471
20130906,20130909,600107.SH,sell,25800.0,7.026485000000001,181283.31300000002,54.384993900000005,90.64165650000001,90.68699999997625,181250.85296182445
20130906,20130909,600642.SH,sell,64800.0,2.925261317886349,189556.93339903542,56.86708001971062,94.77846669951771,94.82587963933474,370656.1408141407
20130906,20130909,601008.SH,sell,59700.0,2.9954623208426874,178829.10055430845,53.64873016629253,89.41455027715422,89.45927991709323,549342.1780880056
20130906,20130909,601018.SH,sell,100700.0,1.788947210515037,180146.98409886422,54.04409522965926,90.07349204943212,90.11855132508208,729345.0445995908
20130906,20130909,601880.SH,sell,164400.0,1.0041774717689123,165086.77635880918,49.52603290764275,82.54338817940459,82.58468051964883,894299.751537313
20130906,20130909,002442.SZ,buy,40400.0,4.169947280659592,168465.87013864753,50.539761041594254,0.0,84.19083964949823,725783.3416376238
20130906,20130909,002575.SZ,buy,39000.0,4.490351076923076,175123.69199999998,52.53710759999999,0.0,87.5180869565229,550607.1125300239
20130906,20130909,300140.SZ,buy,27900.0,6.456435440039022,180134.54877708873,54.040364633126615,0.0,90.02226325692027,370418.52338830207
20130906,20130909,600810.SH,buy,51100.0,3.5315447691513033,180461.93770363161,54.13858131108948,0.0,90.18587591385585,189902.44710335936
20130913,20130916,002442.SZ,sell,40400.0,4.09237361260029,165331.8939490517,49.59956818471551,82.66594697452585,82.70730062481016,355102.0755372518
20130913,20130916,002575.SZ,sell,39000.0,4.4047931571906345,171786.93313043474,51.53607993913042,85.89346656521738,85.93643478260492,526751.5791211822
20130913,20130916,300140.SZ,sell,27900.0,7.453312800501707,207947.42713399764,62.38422814019928,103.97371356699882,104.0257264302054,734532.6483134726
20130913,20130916,600810.SH,sell,51100.0,3.534150667514304,180595.09910998095,54.17852973299428,90.29754955499048,90.34272091544699,914983.2713441656
20130913,20130916,002344.SZ,buy,9400.0,18.483659021289633,173746.39480012254,52.12391844003675,0.0,86.82978250877932,741184.752625603
20130913,20130916,002419.SZ,buy,32800.0,5.738682428309945,188228.7836485662,56.468635094569855,0.0,94.06735814522835,552899.5003419423
20130913,20130916,600012.SH,buy,67600.0,2.7921477847784777,188749.19025102508,56.62475707530752,0.0,94.32743140979437,364093.68533384195
20130913,20130916,600327.SH,buy,80400.0,2.214595998597153,178053.5182872111,53.41605548616332,0.0,88.98226800959674,185986.75099114468
20130913,20130916,600814.SH,buy,29400.0,6.320010152931181,185808.29849617672,55.74248954885301,0.0,92.85772038786672,122.71000541909598
20130918,20130923,002344.SZ,sell,9400.0,18.800585596131544,176725.5046036365,53.01765138109095,88.36275230181826,88.40695577970473,176706.8342053727
20130918,20130923,002419.SZ,sell,32800.0,5.868408643481799,192483.803506203,57.74514105186089,96.2419017531015,96.29004677647026,369036.6506687708
20130918,20130923,600012.SH,sell,67600.0,2.6330029386271963,177990.99865119846,53.397299595359534,88.99549932559923,89.04001933525433,546885.2565210483
20130918,20130923,600327.SH,sell,80400.0,2.159898982661684,173655.8782059994,52.09676346179982,86.82793910299971,86.871374790353,720402.2100244828
20130918,20130923,600814.SH,sell,29400.0,6.122116855389214,179990.2355484429,53.99707066453286,89.99511777422146,90.04013784311246,900248.453384487
20130918,20130923,000665.SZ,buy,20200.0,9.081277877211237,183441.813119667,55.032543935900094,0.0,91.67506902531022,716751.607720884
20130918,20130923,002027.SZ,buy,110900.0,1.702623077807079,188820.89932880507,56.64626979864152,0.0,94.36326803039992,527874.0621222804
20130918,20130923,002376.SZ,buy,17300.0,9.914782852143482,171525.74334208225,51.45772300262467,0.0,85.72001166522386,356296.86105719546
20130918,20130923,300294.SZ,buy,19300.0,8.994538521024648,173594.5934557757,52.07837803673271,0.0,86.75391976800165,182650.18922338303
20130918,20130923,601888.SH,buy,9900.0,18.339032935035803,181556.42605685446,54.46692781705633,0.0,90.73284660512581,1039.2962387115113
20130927,20130930,000665.SZ,sell,20200.0,9.133684428546653,184500.42545664238,55.35012763699271,92.25021272832119,92.29636090880376,185392.1213549886
20130927,20130930,002027.SZ,sell,110900.0,1.627624316526746,180503.53670281614,54.151061010844835,90.25176835140807,90.29691680980613,365751.2552284425
20130927,20130930,002376.SZ,sell,17300.0,9.510288651696316,164527.99367434627,49.35839810230388,82.26399683717314,82.30514941186993,530147.6265078493
20130927,20130930,300294.SZ,sell,19300.0,9.043148147253103,174532.75924198487,52.35982777259545,87.26637962099244,87.31003463829984,704540.7595424405
20130927,20130930,601888.SH,sell,9900.0,18.017554742903975,178373.79195474935,53.5121375864248,89.18689597737468,89.23151173326187,882771.8524636261
20130927,20130930,002019.SZ,buy,21900.0,6.675835013956967,146200.78680565758,43.86023604169727,0.0,73.0638614720956,736527.2054219268
20130927,20130930,002099.SZ,buy,77400.0,2.698292304515418,208847.82436949338,62.65434731084801,0.0,104.37172632160946,527616.7267051225
20130927,20130930,002309.SZ,buy,13300.0,15.019237042682928,199755.85266768295,59.92675580030488,0.0,99.8280123276927,327800.9472816392
20130927,20130930,300298.SZ,buy,10100.0,14.623417231410096,147696.51403724198,44.30895421117259,0.0,73.81135134297074,180060.12429018604
20130927,20130930,600329.SH,buy,16500.0,10.774263233990693,177775.34336084643,53.332603008253926,0.0,88.84325005538994,2231.4483263313596
20130930,20131008,002019.SZ,sell,21900.0,6.487613091167711,142078.72669657288,42.62361800897186,71.03936334828644,71.07490079867421,144196.512041547
20130930,20131008,002099.SZ,sell,77400.0,2.5516558025881055,197498.15912031938,59.24944773609581,98.7490795601597,98.79847879955196,341536.6726345701
20130930,20131008,002309.SZ,sell,13300.0,15.052782674973491,200202.00957714743,60.06060287314423,100.10100478857372,100.15108032873832,541578.5206040558
20130930,20131008,300298.SZ,sell,10100.0,14.346652978114898,144901.19507896047,43.47035852368814,72.45059753948024,72.4868409599585,686363.7947269531
20130930,20131008,600329.SH,sell,16500.0,10.68298953578551,176269.3273404609,52.880798202138266,88.13466367023045,88.17875304672634,862492.1066055417
20130930,20131008,002057.SZ,buy,58000.0,2.799145046597418,162350.41270265024,48.705123810795065,0.0,81.13463903180673,700092.9887790806
20130930,20131008,002429.SZ,buy,49400.0,3.7982628484823056,187634.18471502588,56.29025541450776,0.0,93.77020725386683,512402.5138086402
20130930,20131008,300076.SZ,buy,41200.0,4.248357477141481,175032.32805822903,52.509698417468705,0.0,87.4724278151989,337317.6760519937
20130930,20131008,600185.SH,buy,68900.0,2.435390142387732,167798.38081051476,50.339514243154426,0.0,83.857261774363,169468.95572723576
20130930,20131008,600718.SH,buy,13300.0,12.67315090156331,168552.90699079202,50.5658720972376,0.0,84.23433632720844,865.4828643465007
20131011,20131014,002057.SZ,sell,58000.0,2.747630448500146,159362.56601300847,47.808769803902536,79.68128300650424,79.72114357826649,160100.55882454457
20131011,20131014,002429.SZ,sell,49400.0,3.8043543443603034,187935.104611399,56.380531383419694,93.9675523056995,94.01455958545557,347885.31535225443
20131011,20131014,300076.SZ,sell,41200.0,4.30597875360924,177406.3246487007,53.22189739461021,88.70316232435036,88.74753609235631,525149.7149412362
20131011,20131014,600185.SH,sell,68900.0,2.8859673021631984,198843.14711904438,59.65294413571331,99.42157355952219,99.4713092141028,723833.7875425853
20131011,20131014,600718.SH,sell,13300.0,13.809738358860658,183669.52017284674,55.10085605185402,91.83476008642337,91.88070043665357,907356.3720992937
20131011,20131014,000062.SZ,buy,21100.0,9.018073351819503,190281.34772339152,57.08440431701745,0.0,95.09312729805242,717017.9399715852
20131011,20131014,000860.SZ,buy,16300.0,11.040919016447367,179966.97996809208,53.99009399042762,0.0,89.9385207236628,536996.9699095027
20131011,20131014,002201.SZ,buy,86700.0,2.091441473581637,181327.97575952794,54.39839272785838,0.0,90.61867854048614,355614.59575724683
20131011,20131014,002551.SZ,buy,16500.0,10.66190388678158,175921.41413189608,52.77642423956882,0.0,87.91674869158305,179640.4052011112
20131011,20131014,600595.SH,buy,41000.0,4.372185,179259.585,53.77787549999999,0.0,89.58499999999185,327.04232561119716
20131018,20131021,000062.SZ,sell,21100.0,8.82243142811771,186153.30313328368,55.8459909399851,93.07665156664184,93.12321317321039,186331.42281638825
20131018,20131021,000860.SZ,sell,16300.0,12.450008723684212,202935.14219605265,60.88054265881579,101.46757109802633,101.51833026314853,389104.21689868404
20131018,20131021,002201.SZ,sell,86700.0,2.1343155911650067,185045.16175400608,55.513548526201824,92.52258087700304,92.56886530964402,574001.3425232869
20131018,20131021,002551.SZ,sell,16500.0,10.568679502568783,174383.21179238491,52.31496353771547,87.19160589619246,87.2352235079452,748245.047746238
20131018,20131021,600595.SH,sell,41000.0,4.147925000000001,170064.92500000002,51.0194775,85.03246250000001,85.07500000001164,918173.920806238
20131018,20131021,002611.SZ,buy,93400.0,2.062804308183269,192665.92238431732,57.799776715295195,0.0,96.28481878273305,725450.1986452054
20131018,20131021,002656.SZ,buy,25100.0,6.442377910926589,161703.68556425738,48.51110566927721,0.0,80.81143706358853,563698.0019752787
20131018,20131021,300153.SZ,buy,36100.0,4.794489389155799,173081.06694852433,51.924320084557294,0.0,86.49728483182844,390565.0107066698
20131018,20131021,300252.SZ,buy,36700.0,4.967313605305465,182300.40931471056,54.69012279441316,0.0,91.10465233118157,208209.91126916485
20131025,20131028,002611.SZ,sell,93400.0,1.93671636368817,180889.30836847506,54.266792510542516,90.44465418423754,90.48989913379773,388954.50819094514
20131025,20131028,002656.SZ,sell,25100.0,5.750454151726741,144336.3992083412,43.30091976250235,72.1681996041706,72.20430175503134,533175.4382799197
20131025,20131028,300153.SZ,sell,36100.0,4.442824376572866,160385.95999428048,48.11578799828414,80.19297999714024,80.23309654538753,693433.0895062047
20131025,20131028,300252.SZ,sell,36700.0,5.332943127009647,195719.01276125404,58.715703828376206,97.85950638062702,97.90846061089542,888995.5270572498
20131025,20131028,000791.SZ,buy,42400.0,4.1807486132209535,177263.74120056842,53.17912236017052,0.0,88.58757681184215,711678.6067343212
20131025,20131028,002274.SZ,buy,73700.0,2.277789200931766,167873.06410867115,50.361919232601345,0.0,83.89458476193249,543755.1807064174
20131025,20131028,002515.SZ,buy,56000.0,3.1325520965207434,175422.91740516163,52.62687522154848,0.0,87.6676248901349,368279.63642603427
20131025,20131028,002654.SZ,buy,50700.0,3.497361757473481,177316.2411039055,53.19487233117164,0.0,88.61381364511908,190910.20044979762
20131025,20131028,600761.SH,buy,34900.0,5.46139876502558,190602.81689939272,57.18084506981781,0.0,95.25378155888757,250.20270533507573
20131101,20131104,000791.SZ,sell,42400.0,4.123100352820111,174819.4549595727,52.44583648787181,87.40972747978635,87.45345420687227,174929.8021009401
20131101,20131104,002274.SZ,sell,73700.0,2.1712906011987334,160024.11730834664,48.00723519250399,80.01205865417332,80.05208469650825,334825.90011544013
20131101,20131104,002515.SZ,sell,56000.0,2.6090269569154554,146105.5095872655,43.831652876179646,73.05275479363274,73.0892994433525,480814.5252950358
20131101,20131104,002654.SZ,sell,50700.0,3.0640522283831566,155347.44797902604,46.604234393707806,77.67372398951302,77.71258027965087,636037.6953156786
20131101,20131104,600761.SH,sell,34900.0,5.165473009760562,180275.0080406436,54.08250241219307,90.1375040203218,90.18259531797958,816168.4833498896
20131101,20131104,000617.SZ,buy,26400.0,4.64592718657055,122652.47772546251,36.79574331763875,0.0,61.29559106718807,693479.2098811095
20131101,20131104,002555.SZ,buy,58400.0,3.376490848905716,197187.06557609382,59.15611967282814,0.0,98.54426065771258,496232.98818534287
20131101,20131104,002637.SZ,buy,29800.0,5.281266891108247,157381.75335502578,47.21452600650773,0.0,78.65155090205371,338804.0203043106
20131101,20131104,600132.SH,buy,13200.0,13.997091274056487,184761.60481754562,55.428481445263685,0.0,92.33463509121793,153986.9870053197
20131101,20131104,600889.SH,buy,29200.0,5.2389351949170795,152976.90769157873,45.893072307473616,0.0,76.45022873143898,964.1862414335192
20131108,20131111,000617.SZ,sell,26400.0,4.504073398195291,118907.53771235568,35.6722613137067,59.453768856177845,59.48351061147696,119776.59792361931
20131108,20131111,002555.SZ,sell,58400.0,3.4556944050776432,201812.55325653436,60.5437659769603,100.90627662826718,100.95675500578363,321427.7011375484
20131108,20131111,002637.SZ,sell,29800.0,5.451415969716496,162452.1958975516,48.73565876926548,81.2260979487758,81.2667313144193,483749.93527838204
20131108,20131111,600132.SH,sell,13200.0,13.501962212571861,178225.90120594855,53.46777036178456,89.11295060297428,89.15752936765784,661833.2557633659
20131108,20131111,600889.SH,sell,29200.0,5.593637276545338,163334.20847512386,49.00026254253715,81.66710423756193,81.70795821666252,825036.7968717096
20131108,20131111,000791.SZ,buy,31600.0,4.644615457931102,146769.84847062282,44.030954541186844,0.0,73.34825011025532,678222.9174465457
20131108,20131111,000968.SZ,buy,18300.0,8.698497942718838,159182.51235175473,47.75475370552642,0.0,79.55148043564986,518992.6503410854
20131108,20131111,002201.SZ,buy,71500.0,2.520532048505847,180218.04146816806,54.06541244045041,0.0,90.06398873968283,338720.5434604769
20131108,20131111,002306.SZ,buy,30000.0,5.102549999999999,153076.49999999997,45.922949999999986,0.0,76.4999999999709,185598.12051047693
20131108,20131111,600483.SH,buy,33100.0,5.591928171283861,185092.8224694958,55.52784674084873,0.0,92.50016115413746,449.77019424029277
20131115,20131118,000791.SZ,sell,31600.0,4.515210761013377,142680.66004802272,42.804198014406815,71.34033002401137,71.37601803304278,143016.2857142246
20131115,20131118,000968.SZ,sell,18300.0,8.708531817265026,159366.13225594998,47.80983967678499,79.683066127975,79.72292759176344,302254.9250643698
20131115,20131118,002201.SZ,sell,71500.0,2.344149989172803,167606.7242258554,50.282017267756615,83.8033621129277,83.8452847553126,469727.5639108445
20131115,20131118,002306.SZ,sell,30000.0,4.887555,146626.65,43.98799499999999,73.31332499999999,73.35000000000582,616236.9125908446
20131115,20131118,600483.SH,sell,33100.0,4.515624055457499,149467.15623564323,44.84014687069296,74.73357811782161,74.77096359961433,765584.4951014993
20131115,20131118,300087.SZ,buy,109300.0,1.373870512515304,150164.0470179227,45.04921410537681,0.0,75.04450125832227,615375.3988694712
20131115,20131118,300188.SZ,buy,25500.0,5.9504854719928595,151737.37953581792,45.52121386074537,0.0,75.83077438070904,463592.4981197925
20131115,20131118,300243.SZ,buy,34400.0,4.538794113161506,156134.5174927558,46.840355247826736,0.0,78.02824462405988,307411.1402717888
20131115,20131118,600118.SH,buy,8600.0,17.14162721526831,147417.99405130747,44.22539821539224,0.0,73.67216094516334,159948.92082226597
20131115,20131118,600343.SH,buy,23500.0,6.745146344647519,158510.9390992167,47.553281729765004,0.0,79.21586161878076,1390.4284413194982
20131122,20131125,300087.SZ,sell,109300.0,1.3885902620958601,151772.91564707752,45.53187469412325,75.88645782353876,75.92442003355245,153041.92575587935
20131122,20131125,300188.SZ,sell,25500.0,5.518212510600313,140714.41902030798,42.21432570609239,70.357209510154,70.39240571300616,293643.7732409711
20131122,20131125,300243.SZ,sell,34400.0,4.470693228610646,153791.8470642062,46.13755411926186,76.8959235321031,76.93439072745969,447312.5868275259
20131122,20131125,600118.SH,sell,8600.0,18.182749411327297,156371.64493741476,46.911493481224426,78.18582246870739,78.22493493618094,603559.1344489907
20131122,20131125,600343.SH,sell,23500.0,7.551150734334204,177452.0422568538,53.23561267705614,88.72602112842691,88.77040633157594,780869.215072039
20131122,20131125,000514.SZ,buy,36900.0,4.487624825789865,165593.35607164603,49.6780068214938,0.0,82.75530038564466,615226.1809935715
20131122,20131125,002061.SZ,buy,53700.0,2.7415240862675074,147219.84343256516,44.16595302976955,0.0,73.57313514870475,467962.1716079766
20131122,20131125,002234.SZ,buy,16400.0,9.446050940366973,154915.23542201836,46.474570626605505,0.0,77.41890825689188,313000.46161533165
20131122,20131125,002513.SZ,buy,16400.0,10.001214142905065,164019.91194364306,49.20597358309291,0.0,81.96897148605785,148931.34369810548
20131122,20131125,600075.SH,buy,31400.0,4.729642880813979,148510.78645755895,44.55323593726768,0.0,74.21828408673173,376.0040046092763
20131129,20131202,000514.SZ,sell,36900.0,4.627137498590534,170741.3736979907,51.222412109397204,85.37068684899535,85.4133935457503,170980.78460364157
20131129,20131202,002061.SZ,sell,53700.0,2.6756159338206578,143680.5756461693,43.10417269385079,71.84028782308465,71.87622593605192,314546.41578929394
20131129,20131202,002234.SZ,sell,16400.0,9.026736667431194,148038.48134587158,44.41154440376147,74.0192406729358,74.05626880735508,462466.4663500888
20131129,20131202,002513.SZ,sell,16400.0,9.951412277759143,163203.16135524996,48.960948406574985,81.60158067762498,81.64240187851829,625539.0651762546
20131129,20131202,600075.SH,sell,31400.0,4.346400263325243,136476.96826841263,40.943090480523786,68.23848413420632,68.27262044441886,761906.8518700525
20131129,20131202,002287.SZ,buy,10900.0,13.551490253186966,147711.24375973793,44.31337312792137,0.0,73.81871252361452,614151.2947371866
20131129,20131202,300287.SZ,buy,43400.0,3.5380946938775506,153553.3097142857,46.0659929142857,0.0,76.73828571426566,460551.91902998666
20131129,20131202,600299.SH,buy,34000.0,4.443800161160354,151089.20547945204,45.32676164383561,0.0,75.50684931504657,309417.3867888908
20131129,20131202,600551.SH,buy,17800.0,8.816590569325474,156935.31213399343,47.080593640198025,0.0,78.42844184607384,152434.9940612572
20131206,20131209,002287.SZ,sell,10900.0,13.763682468720491,150024.13890905335,45.007241672716,75.01206945452668,75.0495942516427,302339.11365918326
20131206,20131209,300287.SZ,sell,43400.0,3.2041114285714287,139058.43600000002,41.7175308,69.52921800000001,69.56399999998393,441286.30291038327
20131206,20131209,600299.SH,sell,34000.0,4.277151248992747,145423.1424657534,43.62694273972601,72.7115712328767,72.74794520548312,586593.1068621641
20131206,20131209,600551.SH,sell,17800.0,10.076973779435237,179370.13327394723,53.81103998218416,89.68506663697362,89.72993160274928,765819.7440294921
20131206,20131209,000619.SZ,buy,21300.0,7.102093325125789,151274.5878251793,45.38237634755379,0.0,75.59949416547897,614499.7738279653
20131206,20131209,000683.SZ,buy,63900.0,2.2190545732448665,141797.58723034698,42.53927616910409,0.0,70.86336193419993,472659.6473214491
20131206,20131209,002076.SZ,buy,63200.0,2.5901634821428567,163698.33207142854,49.109499621428554,0.0,81.80826190474909,308912.20575039915
20131206,20131209,002617.SZ,buy,69100.0,2.3928823283467584,165348.168888761,49.604450666628296,0.0,82.63276806031354,143514.43241097152
20131206,20131209,600828.SH,buy,37300.0,3.844531197280014,143401.0136585445,43.02030409756335,0.0,71.6646744919999,70.398448329448
20131213,20131216,000619.SZ,sell,21300.0,7.331494607108447,156160.83513140993,46.84825053942298,78.08041756570496,78.11947730433894,156106.30491163424
20131213,20131216,000683.SZ,sell,63900.0,2.1300908465626844,136112.80509535552,40.833841528606655,68.05640254767776,68.09044777156669,292110.21976291353
20131213,20131216,002076.SZ,sell,63200.0,2.385068773809524,150736.34650476192,45.220903951428575,75.36817325238097,75.40587619045982,442725.9771904716
20131213,20131216,002617.SZ,sell,69100.0,3.0148580104845935,208326.68852448542,62.49800655734562,104.16334426224272,104.21545198821696,650886.0043641374
20131213,20131216,600828.SH,sell,37300.0,3.8266714757548783,142734.84604565697,42.820453813697085,71.36742302282849,71.40312458510743,793506.6625329579
20131213,20131216,002184.SZ,buy,30900.0,5.100001667824879,157590.05153578875,47.27701546073662,0.0,78.75564794390812,635869.3339817084
20131213,20131216,002247.SZ,buy,32300.0,4.9849792970556495,161014.83129489748,48.30444938846924,0.0,80.46718205642537,474806.19823742245
20131213,20131216,002702.SZ,buy,43500.0,3.5558531398850257,154679.6115849986,46.403883475499576,0.0,77.30115521486732,320080.1827689484
20131213,20131216,300035.SZ,buy,40300.0,3.978174273858921,160320.42323651453,48.09612697095435,0.0,80.12015154250548,159711.6634054629
20131213,20131216,600688.SH,buy,62900.0,2.5373958035037996,159602.19604038898,47.88065881211669,0.0,79.76121741149109,61.58670626179082
20131220,20131223,002184.SZ,sell,30900.0,4.672430721817689,144378.10930416657,43.313432791249966,72.18905465208329,72.2251672357088,144324.19352298504
20131220,20131223,002247.SZ,sell,32300.0,4.2305798134731,136647.72797518113,40.994318392554334,68.32386398759057,68.35804300909513,280862.603315786
20131220,20131223,002702.SZ,sell,43500.0,3.5440250752805915,154165.09077470572,46.249527232411715,77.08254538735287,77.12110594031401,434904.3620178719
20131220,20131223,300035.SZ,sell,40300.0,3.94678982500451,159055.62994768174,47.71668898430452,79.52781497384088,79.56759877322474,593832.7474615956
20131220,20131223,600688.SH,sell,62900.0,2.5881450142937426,162794.3213990764,48.838296419722916,81.3971606995382,81.43787963935756,756496.8334035526
20131220,20131223,000028.SZ,buy,4900.0,27.913295457423228,136775.1477413738,41.032544322412136,0.0,68.3533971720608,619680.6531178565
20131220,20131223,002112.SZ,buy,24800.0,5.42695186266702,134588.4061941421,40.376521858242626,0.0,67.26057281062822,485051.87040185614
20131220,20131223,300006.SZ,buy,20100.0,7.2043513533246415,144807.46220182528,43.44223866054758,0.0,72.36754732724512,340200.96596137027
20131220,20131223,600830.SH,buy,16500.0,9.903112905326214,163401.36293788254,49.02040888136476,0.0,81.65985154319787,176750.58261460636
20131227,20131230,000028.SZ,sell,4900.0,30.3154667405297,148545.78702859554,44.56373610857866,74.27289351429778,74.3100485385512,325177.533013579
20131227,20131230,002112.SZ,sell,24800.0,5.626256638055629,139531.1646237796,41.859349387133875,69.7655823118898,69.80048255316797,464597.07270565955
20131227,20131230,300006.SZ,sell,20100.0,7.239517934810953,145514.31048970015,43.65429314691004,72.75715524485007,72.79355202085571,609994.9717469679
20131227,20131230,600830.SH,sell,16500.0,9.389041297945445,154919.18141609983,46.475754424829944,77.45959070804992,77.49833987798775,764790.2178179348
20131227,20131230,000692.SZ,buy,38500.0,4.044781018867925,155724.06922641513,46.71722076792454,0.0,77.82312305169762,609019.4313707517
20131227,20131230,002270.SZ,buy,37400.0,4.082083372628055,152669.91813628929,45.80097544088678,0.0,76.29681066281046,456303.71225902153
20131227,20131230,300201.SZ,buy,72400.0,2.173100687799872,157332.48979671072,47.19974693901322,0.0,78.62693143263459,298924.0227153718
20131227,20131230,600150.SH,buy,6100.0,23.502574874865928,143365.70673668216,43.009712021004646,0.0,71.64702985342592,155515.30626666863
20140103,20140106,000692.SZ,sell,38500.0,4.011279657095981,154434.26679819528,46.33028003945858,77.21713339909765,77.25576127972454,309826.02565142536
20140103,20140106,002270.SZ,sell,37400.0,4.520258419211316,169057.66487850324,50.71729946355097,84.52883243925163,84.57111799821723,478748.4443980258
20140103,20140106,300201.SZ,sell,72400.0,2.621498775087593,189796.51131634173,56.93895339490251,94.89825565817087,94.94572852243437,668393.1185053145
20140103,20140106,600150.SH,sell,6100.0,22.737433842807775,138698.34644112742,41.60950393233822,69.34917322056371,69.38386515315506,806980.506269289
20140103,20140106,002379.SZ,buy,51300.0,3.211204400648622,164734.7857532743,49.42043572598229,0.0,82.32622976176208,642196.3000802887
20140103,20140106,002609.SZ,buy,35200.0,4.3336337239995775,152543.90708478514,45.76317212543554,0.0,76.23383662410197,489606.62982337805
20140103,20140106,300120.SZ,buy,28700.0,5.471601255841121,157034.95604264017,47.11048681279205,0.0,78.478238901851,332524.5632939251
20140103,20140106,600010.SH,buy,87400.0,1.8798084821428571,164295.2613392857,49.288578401785706,0.0,82.10657738093869,168180.0133762376
20140103,20140106,601231.SH,buy,15500.0,10.836931058736425,167972.4314104146,50.391729423124374,0.0,83.94424358342076,157.19023639985244
20140110,20140113,002379.SZ,sell,51300.0,2.9231728327304483,149958.766319072,44.9876298957216,74.979383159536,75.01689160533715,149995.9895424166
20140110,20140113,002609.SZ,sell,35200.0,3.822217734839686,134542.06426635696,40.362619279907086,67.27103213317848,67.30468447538442,284430.4201573605
20140110,20140113,300120.SZ,sell,28700.0,4.92364675817757,141308.66195969627,42.39259858790888,70.65433097984814,70.68967581776087,425626.035187489
20140110,20140113,600010.SH,sell,87400.0,1.509363988095238,131918.4125595238,39.575523767857135,65.9592062797619,65.99220238096314,557438.9130169651
20140110,20140113,601231.SH,sell,15500.0,10.588483958538994,164121.5013573544,49.23645040720631,82.0607506786772,82.10180157946888,721429.1171732337
20140110,20140113,000620.SZ,buy,20300.0,6.462423992994746,131187.20705779336,39.356162117338,0.0,65.56082311735372,590202.5539533229
20140110,20140113,002174.SZ,buy,5700.0,21.051505040863233,119993.57873292043,35.99807361987612,0.0,59.966805963471415,470172.9771467826
20140110,20140113,002498.SZ,buy,81300.0,2.288081830658154,186021.0528325079,55.806315849752366,0.0,92.96404439405887,284096.117998425
20140110,20140113,002655.SZ,buy,14900.0,8.354983959311424,124489.26099374022,37.34677829812206,0.0,62.213523734986666,159569.51022638666
20140110,20140113,300043.SZ,buy,32400.0,4.845680350991594,157000.04337212763,47.10001301163829,0.0,78.46079129041755,2522.3668412473926
20140117,20140120,000620.SZ,sell,20300.0,6.142133176444834,124685.30348183014,37.40559104454904,62.34265174091507,62.37383866021992,127107.92208029208
20140117,20140120,002174.SZ,sell,5700.0,21.359829364065895,121751.0273751756,36.52530821255268,60.875513687587805,60.90596667092177,248761.54863356752
20140117,20140120,002498.SZ,sell,81300.0,2.2997326660301933,186968.26574825472,56.09047972447641,93.48413287412737,93.5308983232535,435580.2397692236
20140117,20140120,002655.SZ,sell,14900.0,9.21552556077204,137311.3308555034,41.19339925665101,68.6556654277517,68.69001043296885,572781.7215600426
20140117,20140120,000415.SZ,buy,40400.0,4.071827907643768,164501.84746880824,49.35055424064247,0.0,82.20981882498018,408230.5235369937
20140117,20140120,002114.SZ,buy,18600.0,7.98399,148502.214,44.5506642,0.0,74.21400000000722,259683.7588727937
20140117,20140120,002468.SZ,buy,23600.0,6.34202760801309,149671.85154910892,44.901555464732674,0.0,74.79852651126566,109967.00576822006
20140117,20140120,300239.SZ,buy,18600.0,5.903447108927108,109804.1162260442,32.94123486781326,0.0,54.87462080261321,129.9483073080337
20140124,20140127,000415.SZ,sell,40400.0,4.00075974568574,161630.6937257039,48.489208117711165,80.81534686285195,80.85577475023456,161631.33747803135
20140124,20140127,002114.SZ,sell,18600.0,7.646175,142218.855,42.6656565,71.10942750000001,71.14499999998952,303736.41739403136
20140124,20140127,002468.SZ,sell,23600.0,6.319829704152479,149147.9810179985,44.744394305399545,74.57399050899926,74.61129615706159,452765.0800272155
20140124,20140127,300043.SZ,sell,32400.0,6.467532799852573,209548.06271522335,62.864418814567,104.77403135761168,104.82644457989954,662145.5042922667
20140124,20140127,300239.SZ,sell,18600.0,6.031147991627993,112179.35264428066,33.65380579328419,56.089676322140335,56.11773518973496,774235.1134544319
20140124,20140127,000705.SZ,buy,18400.0,8.136674653017815,149714.8136155278,44.914444084658335,0.0,74.81999680932495,624475.3853948194
20140124,20140127,002195.SZ,buy,70300.0,2.2515517691851263,158284.08937371438,47.48522681211431,0.0,79.10249344012118,466143.81079429295
20140124,20140127,600237.SH,buy,24000.0,6.372558943611705,152941.41464668093,45.882424394004275,0.0,76.43249107780866,313156.513723218
20140124,20140127,600373.SH,buy,18200.0,8.308882309512876,151221.65803313436,45.3664974099403,0.0,75.57304249532172,161889.4891926737
20140124,20140127,600992.SH,buy,20500.0,7.871188019280776,161359.3543952559,48.40780631857677,0.0,80.63935751887038,481.72699109921814
20140130,20140207,000705.SZ,sell,18400.0,7.98668267216166,146954.96116777454,44.08648835033236,73.47748058388727,73.51423770273686,147319.12418993955
20140130,20140207,600237.SH,sell,24000.0,5.587877991910539,134109.07180585293,40.23272154175588,67.05453590292646,67.08807994291419,281320.9087383478
20140130,20140207,600373.SH,sell,18200.0,8.573597947649159,156039.4826472147,46.81184479416441,78.01974132360735,78.05877070894348,437235.55979944475
20140130,20140207,600992.SH,sell,20500.0,6.898496131160019,141419.17068878037,42.42575120663411,70.70958534439019,70.74495782330632,578541.5951516741
20140130,20140207,002196.SZ,buy,21400.0,7.488611937790489,160256.29546871647,48.07688864061494,0.0,80.08810368250124,418237.22279431706
20140130,20140207,002602.SZ,buy,62200.0,2.5263607921821394,157139.64127372907,47.14189238211872,0.0,78.5305553591752,261050.43962820587
20140130,20140207,300034.SZ,buy,17600.0,7.022592014115801,123597.6194484381,37.079285834531426,0.0,61.76792576131993,137415.74089393322
20140130,20140207,600399.SH,buy,56900.0,2.388895151584618,135928.13412516477,40.778440237549425,0.0,67.93010201156721,1446.8283285309153
20140130,20140207,600582.SH,buy,500.0,2.843176420944186,1421.588210472093,5.0,0.0,0.7104388857928825,20.240118058822418
20140207,20140210,002196.SZ,sell,21400.0,8.008128362531284,171373.9469581695,51.41218408745084,85.68697347908474,85.7298383982561,171257.0879186618
20140207,20140210,300034.SZ,sell,17600.0,7.351361037772841,129383.954264802,38.815186279440596,64.69197713240101,64.72433930204716,300537.53502005193
20140207,20140210,600399.SH,sell,56900.0,2.4686659034901717,140467.08990859077,42.14012697257723,70.23354495429538,70.26867929394939,440892.25125671586
20140207,20140210,600582.SH,sell,500.0,2.983291906838416,1491.645953419208,5.0,0.745822976709604,0.7461960747468765,442378.1513871584
20140207,20140210,000546.SZ,buy,22000.0,6.129229840281537,134843.05648619382,40.45291694585814,0.0,67.38783432592754,307494.64198401873
20140207,20140210,000733.SZ,buy,16200.0,9.743107846612771,157838.3471151269,47.35150413453807,0.0,78.87973369073006,149608.9433647573
20140207,20140210,002354.SZ,buy,8600.0,17.23736872651357,148241.3710480167,44.47241131440501,0.0,74.08364370217896,1323.0999054261774
20140207,20140210,600731.SH,buy,200.0,5.835372895667845,1167.074579133569,5.0,0.0,0.5832456667330916,151.0253262926085
20140214,20140217,000546.SZ,sell,22000.0,6.039480102869518,132868.5622631294,39.86056867893881,66.4342811315647,66.46751488902373,132913.2927396115
20140214,20140217,000733.SZ,sell,16200.0,9.958202014612427,161322.87263672132,48.39686179101639,80.66143631836066,80.70178721196135,294107.10707822343
20140214,20140217,002195.SZ,sell,70300.0,2.4933136372626583,175279.94869956488,52.58398460986946,87.63997434978243,87.68381625792244,469246.83181882865
20140214,20140217,002354.SZ,sell,8600.0,17.505498265483645,150547.28508315934,45.1641855249478,75.27364254157968,75.31129819067428,619673.6790739214
20140214,20140217,002602.SZ,sell,62200.0,3.3581215339432373,208875.15941126936,62.6625478233808,104.43757970563468,104.48982461795094,828381.7383576618
20140214,20140217,600731.SH,sell,200.0,6.071844075829383,1214.3688151658766,5.0,0.6071844075829383,0.6074881516587993,829590.49998842
20140214,20140217,002276.SZ,buy,29100.0,5.69367565055762,165685.96143122675,49.70578842936802,0.0,82.80157992563909,663854.8327687639
20140214,20140217,002527.SZ,buy,12700.0,13.804176575931233,175313.04251432666,52.593912754297996,0.0,87.61271489970386,488489.1963416829
20140214,20140217,600099.SH,buy,29400.0,5.584485200533313,164183.8648956794,49.255159468703816,0.0,82.05090699432185,324256.0762865348
20140214,20140217,601010.SH,buy,67200.0,2.3801712621984903,159947.50881973855,47.98425264592156,0.0,79.93378751608543,164260.5832141503
20140214,20140217,601333.SH,buy,67500.0,2.4208036693979333,163404.2476843605,49.02127430530815,0.0,81.66129319556057,807.3142554844962
20140221,20140224,002276.SZ,sell,29100.0,5.356185705803387,155865.00403887857,46.75950121166357,77.93250201943928,77.97148776330869,156547.62629113195
20140221,20140224,002527.SZ,sell,12700.0,13.759037526862466,174739.77659115332,52.42193297734599,87.36988829557666,87.41359509309405,331147.6110610124
20140221,20140224,600099.SH,sell,29400.0,5.315563655363771,156277.57146769488,46.88327144030846,78.13878573384744,78.17787467114977,487300.1604715331
20140221,20140224,601010.SH,sell,67200.0,2.253733552752716,151450.8947449825,45.43526842349475,75.72544737249126,75.7633290370286,638629.8945007196
20140221,20140224,601333.SH,sell,67500.0,2.2932952440327754,154797.42897221234,46.43922869166369,77.39871448610617,77.43743320272188,793303.4855297542
20140221,20140224,000554.SZ,buy,22200.0,6.984410040971438,155053.90290956592,46.51617087286977,0.0,77.48820735109621,638203.0664493154
20140221,20140224,000927.SZ,buy,42100.0,3.9298791519434633,165447.9122968198,49.63437368904593,0.0,82.68261484097457,472705.5197788066
20140221,20140224,002436.SZ,buy,47400.0,3.525267421499376,167097.67577907044,50.129302733721126,0.0,83.50708434736589,305557.71469700243
20140221,20140224,300313.SZ,buy,14100.0,10.578132994573258,149151.67522348292,44.74550256704487,0.0,74.53856832755264,156361.29397095248
20140221,20140224,603008.SH,buy,14700.0,10.557732683293791,155198.67044441873,46.559601133325614,0.0,77.56055494473549,1116.0639254004054
20140228,20140303,000554.SZ,sell,22200.0,8.504345743522753,188796.4755062051,56.63894265186153,94.39823775310256,94.4454604833445,189761.50225120055
20140228,20140303,000927.SZ,sell,42100.0,3.6799643171533076,154926.49775215425,46.47794932564627,77.46324887607713,77.50199987602537,344564.0588051531
20140228,20140303,002436.SZ,sell,47400.0,3.439518176826735,163033.16158158725,48.909948474476174,81.51658079079363,81.55735947052017,507466.7938574751
20140228,20140303,300313.SZ,sell,14100.0,9.144621258016771,128939.15973803648,38.68174792141094,64.46957986901825,64.50183078440023,636302.8022677212
20140228,20140303,603008.SH,sell,14700.0,9.558657895955097,140512.27107053992,42.153681321161976,70.25613553526996,70.29128117585788,776702.6635214046
20140228,20140303,000833.SZ,buy,28100.0,5.3672195016355575,150818.86799595915,45.24566039878774,0.0,75.37174812390003,625838.5498650466
20140228,20140303,002054.SZ,buy,29300.0,5.2938525048631275,155109.87839248963,46.532963517746886,0.0,77.51618110566051,470682.1385090393
20140228,20140303,002060.SZ,buy,76700.0,1.9446408162341922,149153.95060516254,44.74618518154875,0.0,74.53970544986078,321483.4417186952
20140228,20140303,300130.SZ,buy,21700.0,7.196462332423775,156163.23261359593,46.848969784078776,0.0,78.04259500929038,165273.36013531522
20140228,20140303,600578.SH,buy,62200.0,2.656170422670663,165213.80029011524,49.564140087034566,0.0,82.56561733639683,9.995705112960422
20140307,20140310,000833.SZ,sell,28100.0,5.2053044544929765,146269.05517125264,43.880716551375784,73.13452758562632,73.17111314219073,146162.0356322286
20140307,20140310,002054.SZ,sell,29300.0,5.3296109328747425,156157.60033322996,46.847280099968984,78.07880016661498,78.11785909614991,302194.709885192
20140307,20140310,002060.SZ,sell,76700.0,2.227901622061851,170880.05441214397,51.26401632364319,85.44002720607199,85.48276859035832,472938.0602538063
20140307,20140310,600578.SH,sell,62200.0,2.7011427823815093,168011.0810641299,50.40332431923896,84.00554053206494,84.04756431421265,640814.7324530849
20140307,20140310,002135.SZ,buy,43500.0,3.596273052791969,156437.87779645066,46.93136333893519,0.0,78.17984897372662,484329.9232932953
20140307,20140310,002274.SZ,buy,57800.0,3.2619332373648806,188539.7411196901,56.56192233590702,0.0,94.22275918023661,295733.6202512693
20140307,20140310,002455.SZ,buy,52400.0,3.1047522150261098,162689.01606736815,48.80670482021044,0.0,81.30385610560188,132995.79747908094
20140307,20140310,002669.SZ,buy,15400.0,8.619538455678668,132740.8922174515,39.82226766523545,0.0,66.33727746998193,215.08299396419898
20140314,20140317,002135.SZ,sell,43500.0,3.3354023617459894,145090.00273595055,43.52700082078516,72.54500136797527,72.58129201395786,145189.01372772598
20140314,20140317,002274.SZ,sell,57800.0,3.1266584657261762,180720.85931897297,54.21625779569189,90.36042965948648,90.40563247571117,325765.2963592438
20140314,20140317,002455.SZ,sell,52400.0,2.7090965610249493,141956.65979770734,42.5869979393122,70.97832989885367,71.01383681726293,467608.39082911296
20140314,20140317,002669.SZ,sell,15400.0,7.1465449769159735,110056.79264450599,33.01703779335179,55.028396322252995,55.05592428440286,577577.1380395034
20140314,20140317,300130.SZ,sell,21700.0,7.153142484280461,155223.19190888602,46.5669575726658,77.611595954443,77.65042116498807,732676.1513948622
20140314,20140317,000020.SZ,buy,19400.0,7.42371,144019.974,43.20599219999999,0.0,71.97399999998743,588612.9714026622
20140314,20140317,000034.SZ,buy,30600.0,4.39224908108108,134402.82188108106,40.32084656432431,0.0,67.16782702700584,454169.8286750169
20140314,20140317,000875.SZ,buy,49900.0,2.7819091305222226,138817.2656130589,41.64517968391767,0.0,69.37394583359128,315310.917882274
20140314,20140317,600328.SH,buy,30300.0,5.149274683132922,156023.02289892753,46.80690686967826,0.0,77.97252518686582,159241.08807647682
20140314,20140317,600869.SH,buy,32100.0,4.943564365651121,158688.416137401,47.60652484122029,0.0,79.30455579078989,505.0654142346175
20140321,20140324,000020.SZ,sell,19400.0,8.33583,161715.10199999998,48.51453059999999,80.857551,80.8980000000156,162090.79533263462
20140321,20140324,000034.SZ,sell,30600.0,4.552403740540542,139303.5544605406,41.791066338162175,69.6517772302703,69.68662054050947,301282.9069496068
20140321,20140324,000875.SZ,sell,49900.0,3.014647985519877,150430.93447744186,45.12928034323255,75.21546723872093,75.25309378560632,451593.4966794667
20140321,20140324,600328.SH,sell,30300.0,5.032568579785505,152486.8279675008,45.74604839025024,76.2434139837504,76.28155476113898,603958.3351845935
20140321,20140324,600869.SH,sell,32100.0,4.295498375403285,137885.49785044545,41.365649355133634,68.94274892522273,68.9772375439934,741733.5246367585
20140321,20140324,002163.SZ,buy,36200.0,3.8719349999999997,140164.047,42.04921409999999,0.0,70.04699999999139,601527.4284226585
20140321,20140324,600463.SH,buy,16000.0,8.986975904907974,143791.61447852757,43.13748434355826,0.0,71.85987730059423,457692.67645978736
20140321,20140324,600657.SH,buy,47800.0,3.2342333361020468,154596.35346567785,46.37890603970335,0.0,77.25954695936525,303049.94408806984
20140321,20140324,600686.SH,buy,15800.0,9.261381584918833,146329.82904171757,43.89894871251527,0.0,73.12835034567979,156676.21609763976
20140321,20140324,600710.SH,buy,63400.0,2.466620199119794,156383.72062419492,46.91511618725847,0.0,78.15278392011533,245.5803572575678
20140328,20140331,002163.SZ,sell,36200.0,3.7981000000000003,137491.22,41.247366,68.74561,68.77999999999884,137626.80738125756
20140328,20140331,600463.SH,sell,16000.0,8.45500351226994,135280.05619631903,40.5840168588957,67.64002809815952,67.67386503066518,272798.6395326195
20140328,20140331,600657.SH,sell,47800.0,3.155274139721151,150822.103878671,45.2466311636013,75.41105193933551,75.44877632751013,423500.0857281876
20140328,20140331,600686.SH,sell,15800.0,8.342848125858524,131817.0003885647,39.5451001165694,65.90850019428234,65.94147092974163,555211.6325164414
20140328,20140331,600710.SH,sell,63400.0,2.3944145810970374,151805.88444155216,45.541765332465644,75.90294222077608,75.94091267712065,706896.0722504404
20140328,20140331,002101.SZ,buy,23400.0,6.2353114003798575,145906.28676888868,43.7718860306666,0.0,72.9166850419133,560946.013595521
20140328,20140331,002180.SZ,buy,18800.0,8.015664929839042,150694.500680974,45.208350204292195,0.0,75.30959554269793,410206.3045643427
20140328,20140331,002208.SZ,buy,31600.0,4.294527430734507,135707.06681121042,40.71212004336312,0.0,67.81962359379395,274458.5256330889
20140328,20140331,600126.SH,buy,54500.0,2.4465065801411288,133334.60861769153,40.000382585307456,0.0,66.63398731517373,141083.91663281206
20140404,20140408,002101.SZ,sell,23400.0,5.965052299995368,139582.2238198916,41.87466714596748,69.7911119099458,69.82602492239675,280554.4746736477
20140404,20140408,002180.SZ,sell,18800.0,7.6242565383821725,143336.02292158484,43.000806876475444,71.66801146079241,71.70386339249671,423775.8287768953
20140404,20140408,002208.SZ,sell,31600.0,3.968467420782314,125403.57049672112,37.62107114901633,62.70178524836056,62.73315182425722,549079.076417219
20140404,20140408,600126.SH,sell,54500.0,2.417710231014785,131765.2075903058,39.529562277091735,65.8826037951529,65.91556157590821,680738.8718414526
20140404,20140408,000823.SZ,buy,12500.0,10.58890827344005,132361.35341800062,39.70840602540019,0.0,66.14760290752747,548337.8100174265
20140404,20140408,002048.SZ,buy,15200.0,9.198063849072762,139810.57050590598,41.94317115177179,0.0,69.87035007789382,408485.29634036875
20140404,20140408,002617.SZ,buy,36500.0,3.950494909858074,144193.0642098197,43.25791926294591,0.0,72.06050185396452,264248.97421128605
20140404,20140408,600653.SH,buy,42000.0,2.971485,124802.37,37.44071099999999,0.0,62.36999999998079,139409.16350028606
20140404,20140408,600995.SH,buy,30500.0,4.558730939669268,139041.29365991268,41.7123880979738,0.0,69.48590387799777,326.15745227539446
20140411,20140414,000823.SZ,sell,12500.0,10.34816863933355,129352.10799166939,38.805632397500816,64.67605399583469,64.70840819992009,129574.78375755144
20140411,20140414,002048.SZ,sell,15200.0,8.892688239142588,135168.86123496733,40.5506583704902,67.58443061748366,67.61823973734863,264635.5099035308
20140411,20140414,002617.SZ,sell,36500.0,5.076631875719218,185297.06346375146,55.589119039125436,92.64853173187574,92.69487917143852,449784.33571651124
20140411,20140414,600653.SH,sell,42000.0,2.888555,121319.31000000001,36.395793,60.65965500000001,60.689999999987776,571006.5902685112
20140411,20140414,600995.SH,sell,30500.0,4.415644464539046,134677.1561684409,40.403146850532266,67.33857808422046,67.37226421630476,705576.0047120174
20140411,20140414,000531.SZ,buy,33400.0,4.342775032978123,145048.6861014693,43.514605830440786,0.0,72.4880990012316,560483.8040047176
20140411,20140414,300098.SZ,buy,44500.0,3.104078222034559,138131.48088053789,41.43944426416136,0.0,69.03122482786421,422310.88367991557
20140411,20140414,600377.SH,buy,41300.0,3.4455614928616622,142301.68965518664,42.69050689655599,0.0,71.11528718398768,279966.5035178324
20140411,20140414,600605.SH,buy,19500.0,7.219801346016619,140786.12624732408,42.23583787419722,0.0,70.35788418157608,139138.1414326341
20140411,20140414,600877.SH,buy,33200.0,4.18209,138845.38799999998,41.65361639999999,0.0,69.38799999997718,251.09981623411295
20140418,20140421,000531.SZ,sell,33400.0,4.259851465018876,142279.03893163046,42.683711679489136,71.13951946581524,71.17510701931315,142416.31551671927
20140418,20140421,300098.SZ,sell,44500.0,3.075205813953488,136846.65872093022,41.05399761627906,68.42332936046512,68.45755813951837,279153.49691067275
20140418,20140421,600377.SH,sell,41300.0,3.2843774007647237,135644.7866515831,40.69343599547493,67.82239332579155,67.85632148652803,414689.76773293456
20140418,20140421,600605.SH,sell,19500.0,6.974371331207942,136000.24095855487,40.80007228756646,68.00012047927744,68.03413754803478,550581.2084987226
20140418,20140421,600877.SH,sell,33200.0,4.17791,138706.612,41.611983599999995,69.353306,69.38800000000629,689176.8552091226
20140418,20140421,000859.SZ,buy,41200.0,3.096746417248791,127585.95239065019,38.27578571719505,0.0,63.76109564748185,561552.6270327553
20140418,20140421,002072.SZ,buy,17400.0,7.303649999999999,127083.51,38.125052999999994,0.0,63.50999999999476,434430.9919797553
20140418,20140421,002215.SZ,buy,33000.0,4.3716655074576645,144264.96174610293,43.27948852383087,0.0,72.09643265669001,290122.7507451285
20140418,20140421,002515.SZ,buy,48500.0,2.9153571089942205,141394.81978621968,42.418445935865904,0.0,70.66207885366748,148685.51251297293
20140418,20140421,600691.SH,buy,33700.0,4.399620999154155,148267.227671495,44.480168301448494,0.0,74.09656555295805,373.80467317649163
20140425,20140428,000859.SZ,sell,41200.0,3.2366667248790972,133350.6690650188,40.00520071950564,66.6753345325094,66.70868887694087,133617.79320294326
20140425,20140428,002072.SZ,sell,17400.0,6.5967,114782.58,34.434774,57.391290000000005,57.419999999998254,248308.54713894328
20140425,20140428,002215.SZ,sell,33000.0,4.3818698732757655,144601.70581810025,43.38051174543007,72.30085290905012,72.33702141977847,392794.571592389
20140425,20140428,002515.SZ,sell,48500.0,2.893038681096246,140312.37603316794,42.093712809950375,70.15618801658397,70.19128365837969,532994.6977247305
20140425,20140428,600691.SH,sell,33700.0,4.069341980862761,137136.82475507507,41.14104742652252,68.56841237753754,68.60271373440628,670021.8130200015
20140425,20140428,000402.SZ,buy,30700.0,4.441901001481784,136366.36074549076,40.90990822364722,0.0,68.1491058198153,533614.5423662871
20140425,20140428,000420.SZ,buy,62800.0,2.0160075,126605.27100000001,37.9815813,0.0,63.270999999993364,406971.2897849871
20140425,20140428,000421.SZ,buy,29900.0,5.058491442834951,151248.89414076504,45.37466824222951,0.0,75.5866537434922,255677.02097597983
20140425,20140428,002040.SZ,buy,25300.0,5.218142607046926,132019.00795828723,39.60570238748616,0.0,65.97651572126779,123618.40731530511
20140430,20140505,000420.SZ,sell,62800.0,2.13893,134324.804,40.297441199999994,67.162402,67.19599999999627,257835.75147210513
20140430,20140505,000421.SZ,sell,29900.0,4.790147244314033,143225.4026049896,42.967620781496876,71.6127013024948,71.64852556528058,400946.57375501073
20140430,20140505,002040.SZ,sell,25300.0,5.491807944382999,138942.74099288989,41.68282229786696,69.47137049644495,69.50612355821067,539778.1605551064
20140430,20140505,002203.SZ,buy,24900.0,5.890804244750507,146681.02569428761,44.004307708286284,0.0,73.30386091666878,393053.13055311044
20140430,20140505,002210.SZ,buy,34300.0,3.53205107805255,121149.35197720246,36.344805593160736,0.0,60.54440378671279,271867.4337703148
20140430,20140505,002358.SZ,buy,10900.0,13.995297563987556,152548.74344746437,45.76462303423931,0.0,76.2362535969296,119272.92569981617
20140430,20140505,002595.SZ,buy,12800.0,9.260942544051549,118540.06456385982,35.562019369157944,0.0,59.240412075887434,697.2991165871936
20140430,20140505,601001.SH,buy,100.0,3.8743203590058286,387.43203590058283,5.0,0.0,0.19361920834603552,304.86708068661073
20140509,20140512,000402.SZ,sell,30700.0,4.385690938250472,134640.7118042895,40.39221354128684,67.32035590214474,67.35403291860712,134837.86631553268
20140509,20140512,002203.SZ,sell,24900.0,6.036497564035021,150308.78934447202,45.092636803341605,75.15439467223601,75.19199066757574,285026.40862852917
20140509,20140512,002210.SZ,sell,34300.0,3.813866842156105,130815.63268595439,39.244689805786315,65.4078163429772,65.44053661129146,415737.3888083348
20140509,20140512,002358.SZ,sell,10900.0,12.373220106713887,134868.09916318138,40.46042974895441,67.4340495815907,67.46778347331565,550497.5934921857
20140509,20140512,002595.SZ,sell,12800.0,9.234869535817987,118206.33005847024,35.46189901754107,59.10316502923512,59.13273139491503,668609.3584866092
20140509,20140512,601001.SH,sell,100.0,4.559256512733967,455.9256512733967,5.0,0.22796282563669834,0.22807686406866878,669060.056175057
20140509,20140512,000728.SZ,buy,25100.0,4.92074136607828,123510.60828856484,37.05318248656945,0.0,61.7244419233175,545512.3947040056
20140509,20140512,000803.SZ,buy,28100.0,4.402870621924317,123720.66447607332,37.11619934282199,0.0,61.82941752926854,421754.61402858945
20140509,20140512,600854.SH,buy,29100.0,4.425208452910859,128773.56597970599,38.632069793911796,0.0,64.35460568701092,292942.41597908956
20140509,20140512,600876.SH,buy,19800.0,6.58329,130349.14199999999,39.104742599999994,0.0,65.14199999999255,162554.16923648957
20140509,20140512,603993.SH,buy,91600.0,1.772866771627894,162394.5962811151,48.71837888433453,0.0,81.15671978067257,110.85457649012096
20140516,20140519,000728.SZ,sell,25100.0,4.578869952284027,114929.63580232907,34.478890740698716,57.46481790116454,57.49356468349288,114948.54667017731
20140516,20140519,000803.SZ,sell,28100.0,4.301632258611912,120875.86646699473,36.26275994009842,60.43793323349737,60.46816731715808,235727.71244399843
20140516,20140519,600854.SH,sell,29100.0,4.3080987678634175,125365.67414482545,37.60970224344763,62.682837072412724,62.71419416950084,360993.09404950804
20140516,20140519,600876.SH,sell,19800.0,5.87706,116365.788,34.9097364,58.182894000000005,58.211999999999534,477265.78941910807
20140516,20140519,603993.SH,sell,91600.0,1.779462167811287,162998.7345715139,48.89962037145416,81.49936728575695,81.54013735440094,640134.1250029647
20140516,20140519,002134.SZ,buy,18100.0,6.893444999999999,124771.35449999999,37.431406349999996,0.0,62.35449999998673,515325.33909661474
20140516,20140519,002314.SZ,buy,26800.0,3.869096138737986,103691.77651817803,31.107532955453404,0.0,51.81997826995212,411602.45504548127
20140516,20140519,002377.SZ,buy,28200.0,5.516394650519031,155562.32914463666,46.668698743391,0.0,77.74229342560284,255993.4572021012
20140516,20140519,002490.SZ,buy,17200.0,8.194094999999999,140938.43399999998,42.28153019999999,0.0,70.43399999997928,115012.74167190123
20140516,20140519,300357.SZ,buy,15000.0,7.586577576363117,113798.66364544677,34.139599093634025,0.0,56.870896374530275,1179.9384273608302
20140523,20140526,002134.SZ,sell,18100.0,6.8665650000000005,124284.82650000001,37.28544795,62.142413250000004,62.17349999998987,125365.33706616085
20140523,20140526,002314.SZ,sell,26800.0,4.089746832427916,109605.21510906814,32.88156453272044,54.80260755453407,54.83002256581676,234882.86800314172
20140523,20140526,002377.SZ,sell,28200.0,5.749467542099192,162134.98468719723,48.64049540615916,81.06749234359862,81.10804636677494,396888.14470258914
20140523,20140526,002490.SZ,sell,17200.0,8.045975,138390.77000000002,41.517231,69.19538500000002,69.22999999998137,535168.2020865892
20140523,20140526,300357.SZ,sell,15000.0,7.840102752105339,117601.54128158008,35.28046238447402,58.80077064079004,58.83018573364825,652675.662135144
20140523,20140526,000151.SZ,buy,17100.0,7.815344646611091,133642.39345704965,40.09271803711489,0.0,66.78780282710795,518993.17596005724
20140523,20140526,002664.SZ,buy,10000.0,12.58175343455003,125817.5343455003,37.745260303650085,0.0,62.87732850848988,393137.8963542533
20140523,20140526,600536.SH,buy,11200.0,11.117645181058496,124517.62602785515,37.35528780835654,0.0,62.22769916433026,268582.9150385898
20140523,20140526,601599.SH,buy,32000.0,4.164971830985915,133279.0985915493,39.983729577464786,0.0,66.60624617268331,135263.83271746302
20140530,20140603,000151.SZ,sell,17100.0,7.262412645886191,124187.25624465386,37.25617687339616,62.09362812232693,62.124690467564506,259351.73915712116
20140530,20140603,002664.SZ,sell,10000.0,13.126624090623034,131266.24090623035,39.379872271869104,65.63312045311518,65.66595342979417,390512.96707062656
20140530,20140603,600536.SH,sell,11200.0,12.854350667966573,143968.72748122562,43.190618244367684,71.9843637406128,72.02037392757484,534366.5195698672
20140530,20140603,601599.SH,sell,32000.0,3.820379118187385,122252.13178199633,36.67563953459889,61.12606589099816,61.15664421310066,656520.8496464379
20140530,20140603,000550.SZ,buy,7500.0,17.134833249418076,128511.24937063557,38.55337481119067,0.0,64.22351292886015,527971.0469009911
20140530,20140603,300141.SZ,buy,17700.0,7.364329317073169,130348.6289121951,39.104588673658526,0.0,65.14174358430319,397583.31340012234
20140530,20140603,300313.SZ,buy,13700.0,9.362942575234335,128272.3132807104,38.481693984213116,0.0,64.10410458807019,269272.5184254277
20140530,20140603,600400.SH,buy,101400.0,1.3074652466825452,132576.97601361008,39.77309280408302,0.0,66.2553603266424,136655.76931901358
20140530,20140603,600715.SH,buy,43000.0,3.16369269117778,136038.78572064455,40.81163571619336,0.0,67.98540016025072,576.1719626528211
20140606,20140609,000550.SZ,sell,7500.0,16.25197014219209,121889.77606644067,36.5669328199322,60.94488803322034,60.97537572107103,122368.43620824034
20140606,20140609,300141.SZ,sell,17700.0,8.210611622481442,145327.82571792154,43.59834771537646,72.66391285896077,72.70026299043093,267579.99966558756
20140606,20140609,300313.SZ,sell,13700.0,8.910781650222,122077.70860804142,36.623312582412424,61.03885430402071,61.069388998512295,389560.0461067426
20140606,20140609,600400.SH,sell,101400.0,1.269876256096178,128765.45236815246,38.62963571044573,64.38272618407623,64.41493365088536,518222.48611300054
20140606,20140609,600715.SH,sell,43000.0,3.0452139232618176,130944.19870025816,39.283259610077444,65.47209935012908,65.50485177601513,649061.9294542985
20140606,20140609,002136.SZ,buy,21500.0,6.312189,135712.0635,40.71361904999999,0.0,67.82212068964145,513309.1523352485
20140606,20140609,002270.SZ,buy,27400.0,4.482332832642507,122815.9196144047,36.84477588432141,0.0,61.377271171615575,390456.38794495945
20140606,20140609,002535.SZ,buy,22700.0,6.066415086426749,137707.62246188722,41.312286738566165,0.0,68.81940153017058,252707.45319633366
20140606,20140609,300215.SZ,buy,17400.0,7.374035659638585,128308.22047771138,38.49246614331341,0.0,64.12204921424564,124360.74025247896
20140606,20140609,600560.SH,buy,15100.0,8.21973595800244,124118.01296583684,37.23540388975105,0.0,62.0279924866627,205.49188275237975
20140613,20140616,002136.SZ,sell,21500.0,6.361438379310346,136770.92515517244,41.03127754655173,68.38546257758622,68.41967241378734,136867.0002978007
20140613,20140616,002270.SZ,sell,27400.0,4.648684116058867,127373.94478001296,38.21218343400388,63.68697239000648,63.71883180589066,264139.04592198966
20140613,20140616,002535.SZ,sell,22700.0,6.5135338962879015,147857.21944573536,44.35716583372061,73.92860972286768,73.96559251911822,411877.9795921684
20140613,20140616,300215.SZ,sell,17400.0,7.158190530130198,124552.51522426544,37.36575456727963,62.276257612132724,62.30741131778632,536330.8528042545
20140613,20140616,600560.SH,sell,15100.0,8.65330972772224,130664.97688860583,39.199493066581745,65.33248844430291,65.36517102981452,666891.2977113494
20140613,20140616,002091.SZ,buy,25900.0,5.120723109766945,132626.72854296386,39.78801856288916,0.0,66.28022415938904,534224.7811498228
20140613,20140616,300250.SZ,buy,10900.0,12.154658973596575,132485.78281220267,39.7457348436608,0.0,66.20978651283076,401699.2526027764
20140613,20140616,300351.SZ,buy,11000.0,11.984820727673648,131833.02800441012,39.54990840132303,0.0,65.88357221608749,269826.674689965
20140613,20140616,601999.SH,buy,19500.0,6.822500614142832,133038.76197578522,39.91162859273556,0.0,66.48613791889511,136748.00108558702
20140613,20140616,603002.SH,buy,34100.0,3.9886917378609277,136014.38826105764,40.80431647831729,0.0,67.97320752675296,692.8085080510646
20140620,20140623,002091.SZ,sell,25900.0,5.184053180928661,134266.9773860523,40.28009321581569,67.13348869302615,67.16707222914556,134852.37231219455
20140620,20140623,300250.SZ,sell,10900.0,12.020841948144625,131027.1772347764,39.30815317043292,65.51358861738821,65.54636179830413,265774.72780518315
20140620,20140623,601999.SH,sell,19500.0,6.521671731882788,127172.59877171436,38.1517796315143,63.58629938585718,63.61810844007414,392845.58849788015
20140620,20140623,603002.SH,sell,34100.0,3.8154915377960426,130108.26143884505,39.03247843165351,65.05413071942253,65.08667405645247,522849.7633275741
20140620,20140623,000603.SZ,buy,12000.0,10.876258717835984,130515.1046140318,39.15453138420954,0.0,65.22493983707682,392295.5041821581
20140620,20140623,000905.SZ,buy,18000.0,6.764009377837504,121752.16880107508,36.52565064032252,0.0,60.84566156975052,270506.8097304427
20140620,20140623,600052.SH,buy,37600.0,4.074823009862379,153213.34517082543,45.96400355124762,0.0,76.56838839119882,117247.50055606602
20140620,20140623,600285.SH,buy,24100.0,4.862989531475364,117198.04770855627,35.15941431256688,0.0,58.56973898479191,14.293433197177364
20140627,20140630,000603.SZ,sell,12000.0,11.102623438078489,133231.48125694186,39.96944437708255,66.61574062847093,66.64906516103656,133139.1895051335
20140627,20140630,000905.SZ,sell,18000.0,6.962579511858498,125326.43121345296,37.597929364035885,62.66321560672648,62.69456288816582,258365.3595736157
20140627,20140630,600052.SH,sell,37600.0,5.934578913160201,223140.16713482357,66.94205014044707,111.57008356741179,111.62589651564485,481327.0145747314
20140627,20140630,600285.SH,sell,24100.0,6.791466012190015,163674.33089377935,49.1022992681338,81.83716544688967,81.87810449913377,644870.4060037958
20140627,20140630,000886.SZ,buy,37500.0,4.104076353123322,153902.86324212456,46.17085897263736,0.0,76.912975133484,490921.3719026986
20140627,20140630,002116.SZ,buy,21900.0,6.835606392283484,149699.7799910083,44.90993399730249,0.0,74.81248375363066,341176.681977693
20140627,20140630,600103.SH,buy,81000.0,1.9394976377952755,157099.3086614173,47.12979259842519,0.0,78.51039913113345,184030.24352367726
20140627,20140630,600327.SH,buy,67200.0,2.31158560437513,155338.55261400875,46.60156578420262,0.0,77.63046107644914,28645.08934388432
20140627,20140630,601388.SH,buy,14500.0,1.9734844229364494,28615.524132578517,8.584657239773554,0.0,14.300611760405445,20.980554066027253
20140704,20140707,000886.SZ,sell,37500.0,3.7173100571898012,139399.12714461755,41.819738143385266,69.69956357230878,69.73443078767741,139308.58839696788
20140704,20140707,002116.SZ,sell,21900.0,6.6165453876650195,144902.34398986393,43.47070319695918,72.45117199493197,72.4874157027516,284095.01051163994
20140704,20140707,600103.SH,sell,81000.0,1.9971763127884878,161771.2813358675,48.531384400760246,80.88564066793376,80.92610371977207,445736.87482243875
20140704,20140707,600327.SH,sell,67200.0,2.2156211377859125,148889.74045921332,44.66692213776399,74.44487022960666,74.4821112852369,594507.5034892848
20140704,20140707,601388.SH,sell,14500.0,1.9498354054054057,28272.61337837838,8.481784013513513,14.13630668918919,14.143378378375928,622757.4987769604
20140704,20140707,000917.SZ,buy,9200.0,16.17225485248932,148784.74464290176,44.63542339287052,0.0,74.35519472407759,473928.1187106658
20140704,20140707,002135.SZ,buy,39800.0,3.7808324370350443,150477.13099399477,45.14313929819843,0.0,75.20096501449007,323405.84457737283
20140704,20140707,002196.SZ,buy,17700.0,8.178695813371467,144762.91589667497,43.42887476900248,0.0,72.34528530566604,178599.49980592885
20140704,20140707,002332.SZ,buy,30200.0,5.078041974317817,153356.8676243981,46.00706028731942,0.0,76.640113755333,25196.625121243444
20140704,20140707,600210.SH,buy,11300.0,2.228566365531619,25182.799930507295,7.554839979152188,0.0,12.585107411548961,6.270350756996777
20140711,20140714,000917.SZ,sell,9200.0,16.290943656166473,149876.68163673155,44.96300449101946,74.93834081836577,74.97582873274223,149763.05064217915
20140711,20140714,002135.SZ,sell,39800.0,4.053423261928237,161326.24582474382,48.39787374742314,80.66312291237192,80.70347464969382,310960.2354702632
20140711,20140714,002196.SZ,sell,17700.0,7.662030493385769,135617.93973292812,40.68538191987843,67.80896986646407,67.84289131211699,446469.68085140496
20140711,20140714,002332.SZ,sell,30200.0,5.0275707969851355,151832.63806895108,45.549791420685324,75.91631903447555,75.95429618255002,598180.8528099009
20140711,20140714,600210.SH,sell,11300.0,2.320789654651479,26224.92309756171,7.867476929268513,13.112461548780855,13.11902105930858,624384.7959689845
20140711,20140714,000420.SZ,buy,57500.0,2.4812399999999997,142671.3,42.80138999999999,0.0,71.29999999998836,481670.6945789845
20140711,20140714,002629.SZ,buy,20900.0,7.234814955728467,151207.63257472496,45.36228977241748,0.0,75.56603327070479,330417.6997144871
20140711,20140714,300166.SZ,buy,19400.0,8.020784066263447,155603.21088551087,46.680963265653254,0.0,77.76272408070508,174767.8078657106
20140711,20140714,600152.SH,buy,21000.0,7.1894983360522025,150979.46505709624,45.293839517128866,0.0,75.45200652527274,23743.04896909723
20140711,20140714,600976.SH,buy,1200.0,19.667859127979924,23601.43095357591,7.080429286072772,0.0,11.794818067755841,134.53758623524845
20140718,20140721,000420.SZ,sell,57500.0,2.4537725000000004,141091.91875,42.327575625,70.54595937500001,70.58124999998836,141113.58280123523
20140718,20140721,002629.SZ,sell,20900.0,6.356653729541187,132854.0629474108,39.85621888422324,66.4270314737054,66.46026160451584,273861.3624982881
20140718,20140721,300166.SZ,sell,19400.0,7.338270901354172,142362.45548627095,42.70873664588128,71.18122774313548,71.21683616118389,416109.9280201701
20140718,20140721,600152.SH,sell,21000.0,7.112484393148451,149362.17225611748,44.80865167683524,74.68108612805874,74.71844535070704,565352.6105384827
20140718,20140721,600976.SH,sell,1200.0,20.065508023839396,24078.609628607275,7.223582888582182,12.039304814303637,12.045327478041145,589411.957279387
20140718,20140721,000695.SZ,buy,12700.0,10.90545,138499.215,41.549764499999995,0.0,69.21499999999651,450871.1925148871
20140718,20140721,002066.SZ,buy,16500.0,8.64355791297415,142618.7055640735,42.78561166922204,0.0,71.27371592409327,308209.7013391444
20140718,20140721,600340.SH,buy,15000.0,9.234228523201573,138513.4278480236,41.55402835440707,0.0,69.22210287259077,169654.71946276637
20140718,20140721,600857.SH,buy,10800.0,12.859836970375472,138886.2392800551,41.665871784016524,0.0,69.4084154322918,30726.814310927264
20140718,20140721,601918.SH,buy,9700.0,3.1352891903272373,30412.305146174203,9.12369154385226,0.0,15.19855329643542,305.3854732092077
20140725,20140728,000695.SZ,sell,12700.0,10.43478,132521.706,39.7565118,66.260853,66.29399999999441,132721.0741084092
20140725,20140728,002066.SZ,sell,16500.0,8.770596409187085,144714.84075158692,43.41445222547607,72.35742037579347,72.39361718436703,277320.1429873948
20140725,20140728,600340.SH,sell,15000.0,9.35678460819216,140351.76912288243,42.10553073686472,70.17588456144121,70.21099005645374,417559.630694979
20140725,20140728,600857.SH,sell,10800.0,12.856701399414398,138852.3751136755,41.65571253410264,69.42618755683775,69.46091801585862,556300.9239085636
20140725,20140728,601918.SH,sell,9700.0,3.431752947545717,33288.003591193454,9.986401077358035,16.644001795596726,16.652327959578543,589562.2970968841
20140725,20140728,000555.SZ,buy,9600.0,13.973724484114502,134147.75504749923,40.244326514249764,0.0,67.04035734507488,455374.2977228706
20140725,20140728,300087.SZ,buy,86500.0,1.642933240375459,142113.7252924772,42.634117587743155,0.0,71.02135197023745,313217.93831280567
20140725,20140728,600319.SH,buy,27100.0,5.4427200000000004,147497.712,44.249313599999994,0.0,73.71199999999953,165675.97699920565
20140725,20140728,600380.SH,buy,31500.0,4.523186271401395,142480.36754914394,42.74411026474318,0.0,71.20458148382022,23152.86533979696
20140725,20140728,601188.SH,buy,10700.0,2.1516576539101493,23022.736896838596,6.9068210690515786,0.0,11.505615640595352,123.22162188931179
20140801,20140804,000555.SZ,sell,9600.0,14.94118877005348,143435.4121925134,43.03062365775402,71.7177060962567,71.75358288767166,143443.88548464872
20140801,20140804,300087.SZ,sell,86500.0,1.7600228268262823,152241.97452047342,45.67259235614202,76.12098726023672,76.15906679362524,295564.0664255058
20140801,20140804,600319.SH,sell,27100.0,5.3973,146266.83000000002,43.880049,73.13341500000001,73.1699999999837,441713.8829615058
20140801,20140804,600380.SH,sell,31500.0,4.285744451490172,135000.9502219404,40.50028506658212,67.5004751109702,67.53424223206821,576606.8324232686
20140801,20140804,601188.SH,sell,10700.0,2.1885890183028285,23417.902495840266,7.02537074875208,11.708951247920133,11.714808652242937,600006.0005971122
20140801,20140804,000807.SZ,buy,30900.0,4.907661050351922,151646.7264558744,45.49401793676231,0.0,75.78547049270128,448313.7801233011
20140801,20140804,002284.SZ,buy,22200.0,6.573844748530664,145939.35341738074,43.781806025214216,0.0,72.93321010362706,302330.6448998951
20140801,20140804,002346.SZ,buy,17700.0,8.14651548307184,144193.32405037156,43.257997215111466,0.0,72.06063170931884,158094.06285230845
20140801,20140804,600307.SH,buy,47400.0,2.8814399999999996,136580.25599999996,40.974076799999985,0.0,68.25599999996484,21472.83277550849
20140801,20140804,600711.SH,buy,4500.0,4.6954357193404235,21129.460737031906,6.3388382211095715,0.0,10.559450643195305,337.0332002554751
20140808,20140811,000807.SZ,sell,30900.0,4.60202918245804,142202.70173795344,42.660810521386026,71.10135086897672,71.13691932862275,142425.97277681855
20140808,20140811,002284.SZ,sell,22200.0,6.632900055333723,147250.38122840863,44.175114368522586,73.62519061420431,73.66202162503032,289558.55370024446
20140808,20140811,002346.SZ,sell,17700.0,7.9607162469033845,140904.6775701899,42.27140327105697,70.45233878509495,70.48758257637382,430350.50752837816
20140808,20140811,300351.SZ,sell,11000.0,13.014922579933849,143164.14837927234,42.9492445137817,71.58207418963617,71.61788313116995,573400.124588947
20140808,20140811,600307.SH,sell,47400.0,2.7386300000000006,129811.06200000002,38.943318600000005,64.90553100000001,64.93799999999464,703107.337739347
20140808,20140811,600711.SH,sell,4500.0,4.9684345938714785,22357.955672421653,6.707386701726495,11.178977836210827,11.184570121269644,725447.4070472308
20140808,20140811,000498.SZ,buy,39600.0,3.5778075549708697,141681.17917684643,42.50435375305393,0.0,70.80518699492677,583723.7235166313
20140808,20140811,000960.SZ,buy,8900.0,17.612217246222123,156748.7334913769,47.02462004741306,0.0,78.33519914609496,426927.965405207
20140808,20140811,002494.SZ,buy,19400.0,6.810645383191411,132126.52043391336,39.637956130174004,0.0,66.03024509438546,294761.8070151635
20140808,20140811,600084.SH,buy,27200.0,5.352675,145592.75999999998,43.67782799999999,0.0,72.75999999998021,149125.36918716348
20140808,20140811,600623.SH,buy,13500.0,10.956855995055625,147917.55593325093,44.37526677997528,0.0,73.92181705808616,1163.43798713258
20140815,20140818,000498.SZ,sell,39600.0,3.5658413205537807,141207.3162939297,42.362194888178905,70.60365814696485,70.63897763579735,142257.78842802715
20140815,20140818,000960.SZ,sell,8900.0,16.89158930397169,150335.14480534804,45.10054344160441,75.16757240267403,75.20517499014386,292472.6651175309
20140815,20140818,002494.SZ,sell,19400.0,6.868589163272863,133250.62976749355,39.97518893024806,66.62531488374678,66.65864420583239,425616.6943812105
20140815,20140818,600084.SH,sell,27200.0,5.147425000000001,140009.96000000002,42.002988,70.00498000000002,70.03999999997905,565514.6464132105
20140815,20140818,600623.SH,sell,13500.0,10.83239152985701,146237.28565306962,43.87118569592088,73.11864282653481,73.15522043674719,711634.9422377577
20140815,20140818,000524.SZ,buy,17200.0,8.245426008344923,141821.32734353267,42.546398203059795,0.0,70.87522605873528,569771.068496022
20140815,20140818,000908.SZ,buy,10500.0,13.006393939929326,136567.13636925793,40.970140910777374,0.0,68.2494434628752,433162.9619858533
20140815,20140818,002094.SZ,buy,16100.0,8.906034502262445,143387.15548642536,43.016146645927606,0.0,71.65774886877625,289732.790352782
20140815,20140818,002148.SZ,buy,13600.0,10.583672154165097,143937.94129664532,43.18138238899359,0.0,71.93300414623809,145751.6676737477
20140815,20140818,002289.SZ,buy,10000.0,14.34126153543307,143412.6153543307,43.0237846062992,0.0,71.670472440921,2296.028534810699
20140822,20140825,000524.SZ,sell,17200.0,8.43898655540102,145150.56875289752,43.545170625869254,72.57528437644876,72.61159017155296,147330.4768327059
20140822,20140825,000908.SZ,sell,10500.0,12.71464303180212,133503.75183392226,40.05112555017667,66.75187591696113,66.78526855123346,280727.425665161
20140822,20140825,002094.SZ,sell,16100.0,8.582086900452492,138171.59909728513,41.451479729185536,69.08579954864257,69.12035972846206,418788.4874831683
20140822,20140825,002148.SZ,sell,13600.0,10.520447661138336,143078.08819148137,42.92342645744441,71.53904409574068,71.57483151147608,561752.1132040964
20140822,20140825,002289.SZ,sell,10000.0,14.106821013779525,141068.21013779525,42.32046304133857,70.53410506889763,70.56938976378297,702707.4687737814
20140822,20140825,000037.SZ,buy,27900.0,4.894665587508821,136561.1698914961,40.96835096744883,0.0,68.24646171487984,566105.3305313179
20140822,20140825,000802.SZ,buy,9700.0,14.580483713942309,141430.6920252404,42.42920760757212,0.0,70.68000600961386,424632.2092984699
20140822,20140825,000925.SZ,buy,12600.0,10.91393967127628,137515.63985808112,41.254691957424335,0.0,68.72345819993643,287075.3147484313
20140822,20140825,002593.SZ,buy,42300.0,3.3409536075347788,141322.33759872115,42.39670127961634,0.0,70.62585587141803,145710.58044843056
20140822,20140825,600666.SH,buy,21600.0,6.697593729134208,144668.0245492989,43.400407364789665,0.0,72.29786334297387,999.1554917668691
20140829,20140901,000037.SZ,sell,27900.0,4.500587324453069,125566.38635224063,37.669915905672184,62.783193176120314,62.814600476354826,126465.08873492571
20140829,20140901,000802.SZ,sell,9700.0,13.473467228064905,130692.63211222958,39.20778963366887,65.34631605611479,65.37900555887609,257053.1667414655
20140829,20140901,000925.SZ,sell,12600.0,10.945565767847125,137914.12867487376,41.37423860246213,68.95706433743688,68.9915601174871,394856.9641133994
20140829,20140901,002593.SZ,sell,42300.0,3.209244541893488,135751.04412209455,40.72531323662836,67.87552206104728,67.90947679942474,530499.4074001963
20140829,20140901,600666.SH,sell,21600.0,7.474128304306698,161441.1713730247,48.432351411907405,80.72058568651235,80.76096616958966,691811.4258361226
20140829,20140901,000681.SZ,buy,4900.0,24.691656322042913,120989.11597801028,36.29673479340308,0.0,60.464325826076674,570786.0131233189
20140829,20140901,002581.SZ,buy,9100.0,17.478426567370974,159053.68176307587,47.716104528922756,0.0,79.48709733286523,411684.6152557141
20140829,20140901,600372.SH,buy,5200.0,24.030364842825616,124957.89718269321,37.48736915480796,0.0,62.44772472899058,286689.2307038661
20140829,20140901,600510.SH,buy,25600.0,5.253340322678062,134485.51226055837,40.34565367816751,0.0,67.20915155447437,152163.37278962956
20140829,20140901,600576.SH,buy,18800.0,7.908523714285713,148680.2458285714,44.604073748571416,0.0,74.30297142855125,3438.5228873095766
20140905,20140909,000681.SZ,sell,4900.0,24.558442306555538,120336.36730212213,36.10091019063664,60.16818365106107,60.19828279245121,123678.62109559002
20140905,20140909,002581.SZ,sell,9100.0,19.566249390370626,178052.8694523727,53.415860835711804,89.02643472618635,89.07097021129448,301589.04825240077
20140905,20140909,600372.SH,sell,5200.0,24.60177949058233,127929.25335102812,38.37877600530843,63.96462667551406,63.99662498799444,429415.9582007481
20140905,20140909,600510.SH,sell,25600.0,5.560011724070243,142336.30013619823,42.70089004085946,71.16815006809912,71.2037519440637,571638.3892968374
20140905,20140909,600576.SH,sell,18800.0,8.313812442857142,156299.67392571428,46.889902177714276,78.14983696285714,78.18893142856541,727813.0234834111
20140905,20140909,000828.SZ,buy,35700.0,4.186239868891538,149448.7633194279,44.83462899582837,0.0,74.68703814066248,578319.4255349874
20140905,20140909,002564.SZ,buy,14000.0,10.242483859784281,143394.77403697994,43.01843221109398,0.0,71.66155624037492,434881.63306579634
20140905,20140909,600658.SH,buy,18900.0,7.773254844366506,146914.51655852696,44.07435496755809,0.0,73.42054800523329,287923.0421523018
20140905,20140909,601018.SH,buy,63600.0,2.319253196656904,147504.50330737908,44.25135099221372,0.0,73.71539395672153,140374.28749393052
20140912,20140915,000828.SZ,sell,35700.0,4.2458497914183555,151576.8375536353,45.473051266090586,75.78841877681765,75.82633194277878,291829.8635775229
20140912,20140915,002564.SZ,sell,14000.0,10.012627545454546,140176.78563636364,42.05303569090909,70.08839281818182,70.12345454544993,431894.50778537744
20140912,20140915,600658.SH,sell,18900.0,7.7474541611866155,146426.88364642704,43.92806509392811,73.21344182321353,73.25006685662083,578204.2499248873
20140912,20140915,601018.SH,sell,63600.0,2.588575769697836,164633.41895278238,49.39002568583471,82.3167094763912,82.35788842057809,742705.9621425075
20140912,20140915,000155.SZ,buy,23300.0,6.4812153627311515,151012.31795163584,45.30369538549075,0.0,75.46842476341408,591648.3404954863
20140912,20140915,002517.SZ,buy,39600.0,3.6840383148888676,145887.91726959916,43.76637518087974,0.0,72.90750488234335,445716.6568507062
20140912,20140915,002679.SZ,buy,11300.0,13.195474135363229,149108.8577296045,44.732657318881344,0.0,74.51717027966515,296563.0664637828
20140912,20140915,300161.SZ,buy,9800.0,14.895474455049657,145975.64965948663,43.79269489784598,0.0,72.95134915516246,150543.6241093983
20140912,20140915,300242.SZ,buy,23500.0,6.3485355064027935,149190.58440046565,44.757175320139694,0.0,74.55801319362945,1308.2825336125097
20140919,20140922,000155.SZ,sell,23300.0,5.893174148061105,137310.95764982374,41.19328729494712,68.65547882491187,68.68982373678591,138509.3914173164
20140919,20140922,002517.SZ,sell,39600.0,4.330763879847484,171498.24964196037,51.44947489258811,85.74912482098019,85.79202083140262,309870.4424595632
20140919,20140922,002679.SZ,sell,11300.0,13.836368111864969,156350.95966407415,46.905287899222245,78.17547983203708,78.21458712560707,466096.3213559061
20140919,20140922,300161.SZ,sell,9800.0,15.51506845737134,152047.67088223912,45.61430126467173,76.02383544111956,76.06186637430801,618022.3541014395
20140919,20140922,300242.SZ,sell,23500.0,9.057440298797053,212849.84702173073,63.854954106519216,106.42492351086537,106.47816259216052,830701.9212455528
20140919,20140922,000852.SZ,buy,13600.0,12.448199452454828,169295.51255338566,50.78865376601569,0.0,84.60545354991336,661355.6200384011
20140919,20140922,002568.SZ,buy,20500.0,8.05236260408781,165073.4333838001,49.522030015140025,0.0,82.49546895737876,496232.6646245859
20140919,20140922,600055.SH,buy,21800.0,7.967193749378584,173684.82373645314,52.105447120935935,0.0,86.79901236202568,322495.73544101184
20140926,20140929,000852.SZ,sell,13600.0,14.043421938309914,190990.53836101483,57.29716150830444,95.49526918050742,95.5430407008389,513333.4813713379
20140926,20140929,002568.SZ,sell,20500.0,8.110875226277853,166272.942138696,49.8818826416088,83.136471069348,83.17806009939522,679473.405156323
20140926,20140929,600055.SH,sell,21800.0,7.850314750936268,171136.86157041063,51.34105847112318,85.56843078520532,85.6112364034052,850473.3572374773
20140926,20140929,000008.SZ,buy,51300.0,3.3915556943948584,173986.80712245623,52.196042136736864,0.0,86.94992859690683,676434.3540728844
20140926,20140929,002537.SZ,buy,37000.0,4.463255483449477,165140.45288763064,49.542135866289186,0.0,82.52896196281654,511244.3590493875
20140926,20140929,300254.SZ,buy,9000.0,18.725608124999997,168530.473125,50.559141937499994,0.0,84.22312499998952,342663.32678245
20140926,20140929,601727.SH,buy,31300.0,5.375871194225721,168264.76837926506,50.47943051377951,0.0,84.09033902009833,174348.07897267118
20140930,20141008,000008.SZ,sell,51300.0,3.6230786647625846,185863.9355023206,55.75918065069617,92.9319677511603,92.97845697964658,360063.3233265899
20140930,20141008,002537.SZ,sell,37000.0,4.168100737514519,154219.7272880372,46.265918186411156,77.1098636440186,77.14843786292477,514159.6748327967
20140930,20141008,300254.SZ,sell,9000.0,19.267346801470588,173406.12121323528,52.02183636397058,86.70306060661764,86.74643382351496,687427.0711490614
20140930,20141008,601727.SH,sell,31300.0,5.123360048118984,160361.16950612422,48.108350851837265,80.1805847530621,80.22069510060828,847659.9517195808
20140930,20141008,000524.SZ,buy,16500.0,10.127733727399164,167107.60650208622,50.13228195062586,0.0,83.51204722741386,680502.212935544
20140930,20141008,002369.SZ,buy,13100.0,12.41887517466232,162687.2647880764,48.806179436422916,0.0,81.30298090359429,517766.1419680312
20140930,20141008,300288.SZ,buy,4600.0,36.307967956321804,167016.6525990803,50.104995779724085,0.0,83.4665930030169,350699.38437317114
20140930,20141008,600601.SH,buy,38400.0,4.411306230600817,169394.1592550714,50.81824777652142,0.0,84.65475225143018,181254.40687032323
20140930,20141008,600962.SH,buy,11300.0,15.837914999999999,178968.43949999998,53.69053184999999,0.0,89.43949999997858,2232.276838473248
20141010,20141013,000524.SZ,sell,16500.0,9.539723932192457,157405.44488117553,47.22163346435266,78.70272244058776,78.74209348735167,159511.79736374383
20141010,20141013,002369.SZ,sell,13100.0,12.307210805775503,161224.46155565907,48.36733846669772,80.61223077782954,80.6525570563681,320607.2793501584
20141010,20141013,300288.SZ,sell,4600.0,35.234969532506796,162080.85984953126,48.624257954859374,81.04042992476563,81.08097040993744,482558.47451181005
20141010,20141013,600601.SH,sell,38400.0,4.4336055963690635,170250.45490057205,51.07513647017161,85.12522745028602,85.16781135596102,652672.7290484617
20141010,20141013,600962.SH,sell,11300.0,16.271860000000004,183872.01800000004,55.161605400000006,91.93600900000003,91.98199999995995,836397.6494340617
20141010,20141013,000100.SZ,buy,74600.0,2.262546608954272,168785.97702798867,50.6357931083966,0.0,84.35081310741953,667561.0366129647
20141010,20141013,000547.SZ,buy,11400.0,14.824285720303285,168996.85721145745,50.69905716343723,0.0,84.45620050546131,498513.4803443438
20141010,20141013,002511.SZ,buy,49800.0,3.4363252495765306,171128.9974289112,51.33869922867336,0.0,85.52173784552724,327333.14421620395
20141010,20141013,300133.SZ,buy,11500.0,13.917805219255055,160054.76002143312,48.01642800642993,0.0,79.98738631754532,167230.3677667644
20141010,20141013,601669.SH,buy,49900.0,3.320358657638217,165685.89701614704,49.70576910484411,0.0,82.80154773421236,1494.7649815125042
20141017,20141020,000100.SZ,sell,74600.0,2.1944516437410377,163706.0926230814,49.111827786924415,81.85304631154071,81.8939933081856,165069.89273049546
20141017,20141020,000547.SZ,sell,11400.0,14.525800021061501,165594.12024010113,49.67823607203033,82.79706012005056,82.83847935969243,330531.53767440445
20141017,20141020,002511.SZ,sell,49800.0,3.3028803558342648,164483.4417205464,49.34503251616392,82.2417208602732,82.2828622913803,494883.3926415744
20141017,20141020,300133.SZ,sell,11500.0,13.279226651412465,152711.10649124335,45.813331947373,76.35555324562168,76.39375012068194,647472.3302476248
20141017,20141020,601669.SH,sell,49900.0,3.176065760101198,158485.6814290498,47.545704428714934,79.24284071452489,79.28248195548076,805831.2231315314
20141017,20141020,000820.SZ,buy,15600.0,11.0055,171685.8,51.50573999999999,0.0,85.79999999998836,634093.9173915314
20141017,20141020,000923.SZ,buy,17300.0,9.305317574257426,160981.99403465347,48.29459821039604,0.0,80.45077163152746,473063.6287586675
20141017,20141020,600141.SH,buy,17700.0,9.273852406278376,164147.18759112727,49.24415627733818,0.0,82.03257750681951,308867.1970112629
20141017,20141020,600168.SH,buy,20900.0,7.361570832957314,153856.83040880787,46.157049122642356,0.0,76.88997021928662,154964.20955333236
20141017,20141020,600533.SH,buy,42100.0,3.657956901862103,153999.98556839454,46.199995670518355,0.0,76.96151202818146,918.023989267298
20141024,20141027,000820.SZ,sell,15600.0,9.815090000000001,153115.404,45.9346212,76.557702,76.59599999999045,153910.93566606732
20141024,20141027,000923.SZ,sell,17300.0,8.315163412074904,143852.32702889584,43.15569810866875,71.92616351444792,71.9621445867233,297648.18083334004
20141024,20141027,600141.SH,sell,17700.0,8.378405666104554,148297.7802900506,44.48933408701518,74.1488901450253,74.18598313658731,445827.3228991586
20141024,20141027,600168.SH,sell,20900.0,6.157302445627652,128687.62111361792,38.606286334085375,64.34381055680896,64.37599855609005,574411.9939158856
20141024,20141027,600533.SH,sell,42100.0,3.111093901358832,130977.05324720683,39.29311597416205,65.48852662360342,65.52128726721276,705284.2655204947
20141024,20141027,002480.SZ,buy,13500.0,11.469591578947366,154839.48631578943,46.45184589473683,0.0,77.38105263156467,550398.3273588105
20141024,20141027,600169.SH,buy,36600.0,4.70235,172106.01,51.631803,0.0,86.01000000000931,378240.68555581046
20141024,20141027,600601.SH,buy,26000.0,4.634099474570556,120486.58633883446,36.14597590165033,0.0,60.21318657611846,257717.95324107434
20141024,20141027,600820.SH,buy,32600.0,4.452805809772702,145161.4693985901,43.548440819577024,0.0,72.54446246806765,112512.93540166467
20141024,20141027,601801.SH,buy,17200.0,6.503049987278278,111852.45978118638,33.55573793435591,0.0,55.898280750217964,626.919882543938
20141031,20141103,002480.SZ,sell,13500.0,11.199524142300195,151193.57592105263,45.35807277631579,75.59678796052631,75.63460526315612,151699.54094285972
20141031,20141103,600169.SH,sell,36600.0,5.347325,195712.095,58.7136285,97.8560475,97.90499999999884,347255.0662668597
20141031,20141103,600601.SH,sell,26000.0,4.807524140641154,124995.62765667,37.498688297000996,62.497813828335,62.529078367500915,472150.69742140436
20141031,20141103,600820.SH,sell,32600.0,4.530101420296128,147681.30630165376,44.30439189049613,73.84065315082688,73.87759194680257,619713.8586780168
20141031,20141103,601801.SH,sell,17200.0,6.826168662765339,117410.10099956383,35.223030299869144,58.70505049978192,58.73441770861973,737030.031596781
20141031,20141103,002142.SZ,buy,25100.0,5.448023112480739,136745.38012326654,41.02361403697996,0.0,68.33852080121869,600243.6278594774
20141031,20141103,600211.SH,buy,8400.0,18.00269016900247,151222.59741962075,45.36677922588622,0.0,75.57351195381489,448975.6636606308
20141031,20141103,600744.SH,buy,31200.0,4.98249,155453.68800000002,46.6361064,0.0,77.68800000002375,293475.3395542308
20141031,20141103,600808.SH,buy,74800.0,2.030558241365621,151885.75645414845,45.56572693624453,0.0,75.9049257641891,141544.0173731461
20141031,20141103,601009.SH,buy,54500.0,2.5814747163695295,140690.37204213935,42.2071116126418,0.0,70.31003100555972,811.4382193941274
20141107,20141110,002142.SZ,sell,25100.0,5.466448767334359,137207.86406009243,41.162359218027724,68.60393203004621,68.63825115561485,137909.5359882385
20141107,20141110,600211.SH,sell,8400.0,18.638197144034862,156560.85600989283,46.968256802967844,78.28042800494642,78.31958779884735,294345.1433133234
20141107,20141110,600744.SH,sell,31200.0,4.887555,152491.716,45.74751479999999,76.245858,76.2840000000142,446714.86594052333
20141107,20141110,600808.SH,sell,74800.0,2.137981685192537,159921.03005240177,47.976309015720524,79.96051502620088,80.0005152838421,606507.9591688832
20141107,20141110,601009.SH,sell,54500.0,2.6873527129871047,146460.7228577972,43.93821685733916,73.2303614288986,73.26699492638,752851.5134483941
20141107,20141110,000008.SZ,buy,27700.0,5.313437254551944,147182.21195108886,44.15466358532665,0.0,73.5543288111221,605625.1468337199
20141107,20141110,300335.SZ,buy,9800.0,14.616168225062639,143238.44860561387,42.97153458168416,0.0,71.58343258651439,462343.7266935244
20141107,20141110,300345.SZ,buy,30500.0,4.932446420612814,150439.61582869082,45.13188474860724,0.0,75.18221680595889,311858.978980085
20141107,20141110,603099.SH,buy,9000.0,17.36541258605643,156288.71327450787,46.88661398235236,0.0,78.10530398524133,155523.37909159478
20141114,20141117,000008.SZ,sell,27700.0,5.0822487504462694,140778.29038736166,42.233487116208494,70.38914519368083,70.4243573723652,296189.0468466466
20141114,20141117,300335.SZ,sell,9800.0,12.344273230691021,120973.877660772,36.2921632982316,60.486938830386,60.517197429100634,417066.14540528995
20141114,20141117,300345.SZ,sell,30500.0,5.1324325,156539.19125,46.961757375,78.26959562500001,78.30874999999651,573480.10530229
20141114,20141117,603099.SH,sell,9000.0,15.826466595559003,142438.19936003102,42.731459808009305,71.21909968001552,71.2547270435316,715804.354102833
20141114,20141117,000892.SZ,buy,19800.0,8.274135,163827.873,49.14836189999999,0.0,81.87299999999232,551927.3327409329
20141114,20141117,002467.SZ,buy,25200.0,5.117384962298567,128958.1010499239,38.68743031497717,0.0,64.44682711138739,422930.54426069406
20141114,20141117,300230.SZ,buy,49700.0,3.269338391963821,162486.11808060188,48.74583542418056,0.0,81.20245781136327,260395.680344668
20141114,20141117,600748.SH,buy,21100.0,6.3644398018784845,134289.67981963602,40.2869039458908,0.0,67.11128426765208,126065.71362108609
20141114,20141117,600794.SH,buy,21700.0,5.782319956571615,125476.34305760404,37.64290291728121,0.0,62.70681811972463,551.7276605647639
20141121,20141124,000892.SZ,sell,19800.0,8.465765000000001,167622.14700000003,50.286644100000004,83.81107350000002,83.85299999997369,168039.7769429648
20141121,20141124,002467.SZ,sell,25200.0,5.255270697959836,132432.82158858786,39.729846476576355,66.21641079429394,66.2495355620631,300366.6522742818
20141121,20141124,300230.SZ,sell,49700.0,3.059451886314217,152054.75874981657,45.61642762494497,76.02737937490828,76.06541208093404,452299.7672170985
20141121,20141124,600748.SH,sell,21100.0,6.785569415908425,143175.51467566777,42.952654402700325,71.58775733783389,71.6235691223701,595360.7414810257
20141121,20141124,600794.SH,sell,21700.0,5.9114670203758335,128278.83434215559,38.48365030264667,64.1394171710778,64.17150292253064,723536.9527557075
20141121,20141124,000032.SZ,buy,15100.0,10.4791895575346,158235.76231877247,47.470728695631735,0.0,79.0783419884101,565253.7197082394
20141121,20141124,002402.SZ,buy,36000.0,3.9920466806963844,143713.68050506985,43.11410415152095,0.0,71.82092978764558,421496.92509901803
20141121,20141124,002585.SZ,buy,15700.0,8.000680745183105,125610.68769937476,37.68320630981243,0.0,62.773956871256814,295848.5541933335
20141121,20141124,600635.SH,buy,32700.0,4.317962596076536,141197.37689170273,42.359213067510815,0.0,70.56340674246894,154608.81808856325
20141121,20141124,601038.SH,buy,16600.0,9.250210376940133,153553.4922572062,46.066047677161855,0.0,76.73837694013491,1009.2597836798814
20141128,20141201,000032.SZ,sell,15100.0,10.141318701976173,153133.91239984022,45.940173719952064,76.56695619992011,76.6052588293096,154020.66505360024
20141128,20141201,002402.SZ,sell,36000.0,4.0768059953127995,146765.0158312608,44.02950474937823,73.3825079156304,73.41921752438066,300668.26887219603
20141128,20141201,002585.SZ,sell,15700.0,8.051297079239506,126405.36414406024,37.921609243218064,63.20268207203012,63.234299221629044,426972.508724941
20141128,20141201,600635.SH,sell,32700.0,4.632738471841262,151490.54802920925,45.447164408762774,75.74527401460463,75.78316559738596,578341.8643157269
20141128,20141201,601038.SH,sell,16600.0,10.509332505543238,174454.91959201774,52.33647587760532,87.22745979600887,87.27109534369083,752657.219972071
20141128,20141201,002496.SZ,buy,25900.0,5.531424405763567,143263.89210927638,42.97916763278291,0.0,71.5961479806283,609350.3486951619
20141128,20141201,002587.SZ,buy,25700.0,5.8432845986318025,150172.4141848373,45.05172425545119,0.0,75.04868275101762,459132.88278606907
20141128,20141201,600029.SH,buy,36400.0,4.248066534391534,154629.62185185184,46.38888655555555,0.0,77.27617283951258,304456.8720476617
20141128,20141201,600221.SH,buy,51200.0,2.8807667663551406,147495.2584373832,44.248577531214956,0.0,73.71077383175725,156917.36503274727
20141205,20141208,002496.SZ,sell,25900.0,6.432005358645352,166588.93878891462,49.97668163667438,83.29446939445731,83.33613746316405,323373.0326706307
20141205,20141208,002587.SZ,sell,25700.0,5.522002499640292,141915.4642407555,42.57463927222665,70.95773212037776,70.99322873473284,465174.9645399936
20141205,20141208,600029.SH,sell,36400.0,4.625287610229277,168360.46901234568,50.5081407037037,84.18023450617284,84.22234567900887,633400.7451771294
20141205,20141208,600221.SH,sell,51200.0,2.945716436137072,150820.68153021808,45.24620445906542,75.41034076510904,75.44806479749968,784100.7701621233
20141205,20141208,600061.SH,buy,10700.0,15.054562587249881,161083.81968357373,48.32514590507211,0.0,80.5016590122832,622968.6253326444
20141205,20141208,600118.SH,buy,5800.0,26.12569197811731,151529.01347308038,45.45870404192411,0.0,75.72664341481868,471394.15315552213
20141205,20141208,600792.SH,buy,18300.0,8.52355870885452,155981.1243720377,46.79433731161131,0.0,77.95158639279543,315366.23444617284
20141205,20141208,600893.SH,buy,4700.0,31.607457278339446,148555.04920819539,44.56651476245861,0.0,74.24040440187673,166766.61872321498
20141212,20141215,600061.SH,sell,10700.0,14.461072642482852,154733.4772745665,46.42004318236995,77.36673863728326,77.4054413579579,321376.30921596184
20141212,20141215,600118.SH,sell,5800.0,24.156610658074115,140108.34181682987,42.032502545048956,70.05417090841493,70.08921551614185,461372.56435933826
20141212,20141215,600792.SH,sell,18300.0,7.575448854231588,138630.71403243806,41.589214209731416,69.31535701621902,69.3500320322346,599892.3738205504
20141212,20141215,600893.SH,sell,4700.0,28.32259461393934,133116.1946855149,39.93485840565447,66.55809734275745,66.59139303927077,732902.0755503168
20141212,20141215,300013.SZ,buy,16200.0,9.2497333767927,149845.68070404173,44.95370421121252,0.0,74.88539765321184,583011.4411420638
20141212,20141215,300257.SZ,buy,7100.0,19.68811092386125,139785.58755941485,41.935676267824455,0.0,69.85786484726123,443183.91790638113
20141212,20141215,600326.SH,buy,29200.0,4.757743968165317,138926.12387042725,41.677837161128174,0.0,69.42834776133532,304216.11619879276
20141212,20141215,600369.SH,buy,20300.0,7.957830556905433,161543.96030518028,48.46318809155408,0.0,80.73161434539361,142623.69270552092
20141212,20141215,601518.SH,buy,61300.0,2.303147410450784,141182.93626063305,42.35488087818991,0.0,70.55619003527681,1398.4015640096914
20141219,20141222,300013.SZ,sell,16200.0,8.461647112125164,137078.68321642766,41.12360496492829,68.53934160821383,68.57362842239672,138367.4218338642
20141219,20141222,300257.SZ,sell,7100.0,17.855630597703588,126774.97724369547,38.032493173108634,63.38748862184774,63.419198220959515,265040.9790957647
20141219,20141222,600326.SH,sell,29200.0,4.961790413292377,144884.2800681374,43.46528402044122,72.4421400340687,72.47837922367034,409809.35173984757
20141219,20141222,600369.SH,sell,20300.0,8.564012090582176,173849.4454388182,52.15483363164545,86.9247227194091,86.96820682278485,583519.7176223147
20141219,20141222,601518.SH,sell,61300.0,2.469657441698976,151390.00117614723,45.41700035284416,75.69500058807361,75.7328670215793,734788.606797521
20141219,20141222,002062.SZ,buy,33000.0,4.049662296109826,133638.85577162425,40.09165673148727,0.0,66.78603486836073,601109.6593691653
20141219,20141222,600018.SH,buy,27100.0,5.321336590461409,144208.2216015042,43.26246648045125,0.0,72.06807676234166,456858.1753011807
20141219,20141222,600320.SH,buy,24400.0,5.633320207378317,137453.01306003093,41.23590391800928,0.0,68.69216044980567,319363.92633723177
20141219,20141222,600569.SH,buy,45700.0,3.510381904932095,160424.45305539673,48.12733591661902,0.0,80.17214045746368,158891.3459459184
20141226,20141229,002062.SZ,sell,33000.0,3.762240754639291,124153.94490309659,37.246183470928976,62.0769724515483,62.10802646477532,282945.96769309253
20141226,20141229,600018.SH,sell,27100.0,4.945821679699159,134031.7675198472,40.20953025595416,67.0158837599236,67.04940846413956,416870.50979892386
20141226,20141229,600320.SH,sell,24400.0,5.401071325144621,131786.14033352878,39.53584210005863,65.89307016676439,65.92603318335023,548551.2212201857
20141226,20141229,600569.SH,sell,45700.0,3.07855287705504,140689.86648141532,42.20695994442459,70.34493324070766,70.38012330236961,689128.535808416
20141226,20141229,000721.SZ,buy,20400.0,6.073035,123889.914,37.1669742,0.0,61.91400000000431,565201.4548342159
20141226,20141229,002059.SZ,buy,24900.0,6.31088049553781,157140.92433889146,47.142277301667434,0.0,78.53119657112984,408013.38821802277
20141226,20141229,002469.SZ,buy,18500.0,7.2726855894438325,134544.6834047109,40.363405021413264,0.0,67.23872234119335,273428.34140829043
20141226,20141229,600710.SH,buy,29500.0,4.560920368183769,134547.1508614212,40.364145258426355,0.0,67.2399554529693,138840.82640161083
20141226,20141229,601100.SH,buy,24000.0,5.765257287058296,138366.17488939912,41.50985246681973,0.0,69.14851318811998,433.1416597448988
20141231,20150105,000721.SZ,sell,20400.0,6.25687,127640.148,38.292044399999995,63.820074000000005,63.85199999999895,127971.17754134489
20141231,20150105,002059.SZ,sell,24900.0,6.11470532644434,152256.16262846405,45.67684878853921,76.12808131423203,76.16616439644713,280105.53523970617
20141231,20150105,002469.SZ,sell,18500.0,7.079750211239076,130975.3789079229,39.292613672376866,65.48768945396145,65.52044967879192,410976.13384450274
20141231,20150105,600710.SH,sell,29500.0,4.4788725821167885,132126.74117244527,39.638022351733575,66.06337058622263,66.09641879561241,542997.17362401
20141231,20150105,601100.SH,sell,24000.0,5.798913507308058,139173.9241753934,41.75217725261801,69.58696208769669,69.62177297417657,682059.7586600631
20141231,20150105,002266.SZ,buy,20700.0,6.00063919265217,124213.23128789992,37.26396938636997,0.0,62.075577855008305,557809.2634027768
20141231,20150105,002282.SZ,buy,12200.0,9.995749635036498,121948.14554744528,36.58444366423358,0.0,60.94360097323079,435824.5334116673
20141231,20150105,300268.SZ,buy,14400.0,11.0055,158479.19999999998,47.54375999999999,0.0,79.19999999998254,277297.7896516673
20141231,20150105,600282.SH,buy,73500.0,1.9233026604772447,141362.7455450775,42.40882366352324,0.0,70.64604974765098,135892.6352829263
20141231,20150105,601588.SH,buy,32500.0,4.173280575790453,135631.6187131897,40.689485613956904,0.0,67.78191839737701,220.3270841226331
20150109,20150112,002266.SZ,sell,20700.0,6.128639422271839,126862.83604102708,38.05885081230812,63.43141802051354,63.463149595292634,126981.6728563169
20150109,20150112,002282.SZ,sell,12200.0,9.354201338199514,114121.25632603407,34.23637689781022,57.060628163017036,57.08917274940177,241011.63217729016
20150109,20150112,600282.SH,sell,73500.0,1.9752507952208074,145180.93344872934,43.5542800346188,72.59046672436467,72.62678011439857,386076.4208792605
20150109,20150112,601588.SH,sell,32500.0,3.7832360779603222,122955.17253371047,36.886551760113136,61.47758626685524,61.50834043706709,508933.22927494405
20150109,20150112,300244.SZ,buy,7600.0,17.939188850967007,136337.83526734926,40.90135058020478,0.0,68.13485020856024,372554.4926570146
20150109,20150112,600037.SH,buy,8200.0,14.566669928210583,119446.69341132678,35.83400802339803,0.0,59.69349995566881,253071.9652376644
20150109,20150112,600685.SH,buy,3700.0,36.51636226415094,135110.5403773585,40.533162113207545,0.0,67.5215094339801,117920.89169819269
20150109,20150112,601766.SH,buy,14700.0,8.004546310832026,117666.83076923079,35.30004923076923,0.0,58.80401337792864,218.7608797311259
20150116,20150119,300244.SZ,sell,7600.0,18.721995714827457,142287.16743268867,42.6861502298066,71.14358371634434,71.17917330298224,142392.09857847367
20150116,20150119,300268.SZ,sell,14400.0,11.994,172713.6,51.81408,86.3568,86.39999999999418,314967.52769847366
20150116,20150119,600037.SH,sell,8200.0,14.464447221483649,118608.46721616593,35.582540164849775,59.30423360808297,59.3339005583548,433481.1081408666
20150116,20150119,600685.SH,sell,3700.0,36.051147798742136,133389.2468553459,40.016774056603765,66.69462342767295,66.72798742138548,566763.6435987282
20150116,20150119,601766.SH,sell,14700.0,8.882526687598117,130573.14230769232,39.171942692307695,65.28657115384617,65.31923076922249,697232.3273925744
20150116,20150119,002086.SZ,buy,23000.0,6.33506805912285,145706.56535982556,43.711969607947665,0.0,72.81687424276606,551482.0500631409
20150116,20150119,002107.SZ,buy,15500.0,8.122439692285976,125897.81523043264,37.769344569129785,0.0,62.91744889075926,425546.4654881392
20150116,20150119,002493.SZ,buy,88400.0,1.7659252996397283,156107.79648815197,46.83233894644559,0.0,78.0148907986586,269391.8366610408
20150116,20150119,600496.SH,buy,27400.0,4.882574653021169,133782.54549278002,40.134763647834,0.0,66.85784382445854,135569.15640461294
20150116,20150119,600708.SH,buy,27800.0,4.846646202561483,134736.76443120922,40.42102932936276,0.0,67.33471485815244,791.9709440743609
20150123,20150126,002086.SZ,sell,23000.0,6.413384870365885,147507.85201841535,44.2523556055246,73.75392600920767,73.79082141991239,148181.81668087497
20150123,20150126,002107.SZ,sell,15500.0,8.831848834309643,136893.65693179946,41.06809707953983,68.44682846589973,68.48106900040875,284965.95868712896
20150123,20150126,002493.SZ,sell,88400.0,2.0047275646153158,177217.91671199392,53.16537501359817,88.60895835599696,88.6532849984651,462042.10106575326
20150123,20150126,600496.SH,sell,27400.0,5.047173734753961,138292.56033225852,41.48776809967755,69.14628016612926,69.18087060141261,600224.027349746
20150123,20150126,600708.SH,sell,27800.0,5.226715106466567,145302.67995977055,43.59080398793116,72.65133997988528,72.68768382177223,745410.4651655487
20150123,20150126,000810.SZ,buy,16700.0,8.989042314839395,150117.0066578179,45.035101997345365,0.0,75.02099283249117,595248.4234057334
20150123,20150126,000912.SZ,buy,18600.0,8.314155,154643.283,46.392984899999995,0.0,77.28299999999581,440558.74742083345
20150123,20150126,300007.SZ,buy,8700.0,16.21997133863095,141113.75064608926,42.33412519382677,0.0,70.52161451580469,299402.66264955036
20150123,20150126,600241.SH,buy,13100.0,11.514372939888535,150838.28551253982,45.25148565376194,0.0,75.38145203026943,148519.12565135676
20150123,20150126,600676.SH,buy,16300.0,8.962755299609206,146092.91138363007,43.827873415089016,0.0,73.00995071645593,2382.3863943116157
20150130,20150202,000810.SZ,sell,16700.0,9.197756134855323,153602.5274520839,46.08075823562516,76.80126372604194,76.83968356784317,155862.03182443383
20150130,20150202,000912.SZ,sell,18600.0,8.135930000000002,151328.29800000004,45.39848940000001,75.66414900000002,75.70199999996112,307069.2671860339
20150130,20150202,300007.SZ,sell,8700.0,15.268741823669504,132838.05386592468,39.8514161597774,66.41902693296234,66.45225305948406,439801.0506088658
20150130,20150202,600241.SH,sell,13100.0,9.959189888535034,130465.38753980894,39.13961626194268,65.23269376990447,65.26532643311657,570162.0658386429
20150130,20150202,600676.SH,sell,16300.0,9.301695067303518,151617.62959704734,45.4852888791142,75.80881479852367,75.84673816760187,721658.4013320126
20150130,20150202,000736.SZ,buy,32300.0,4.392555629960317,141879.54684771821,42.56386405431546,0.0,70.90432126319502,579736.2906202402
20150130,20150202,002596.SZ,buy,30300.0,4.258450625,129031.05393750001,38.709316181249996,0.0,64.48328532608866,450666.5273665589
20150130,20150202,600060.SH,buy,12800.0,10.881097653958944,139278.04997067447,41.78341499120234,0.0,69.60422287386609,311346.69398089324
20150130,20150202,600753.SH,buy,17400.0,8.69911686009539,151364.6333656598,45.40939000969794,0.0,75.64449443563353,159936.65122522373
20150130,20150202,600981.SH,buy,23600.0,6.760881117860523,159556.79438150834,47.8670383144525,0.0,79.738527926791,331.9898054009245
20150206,20150209,000736.SZ,sell,32300.0,3.981341666666667,128597.33583333333,38.57920075,64.29866791666667,64.3308333333407,128826.44777006759
20150206,20150209,002596.SZ,sell,30300.0,4.131890348228664,125196.27755132852,37.55888326539855,62.59813877566426,62.62945350240625,253922.56829935504
20150206,20150209,600060.SH,sell,12800.0,11.666373133661821,149329.5761108713,44.798872833261385,74.66478805543565,74.70213912500185,403132.68074933765
20150206,20150209,600753.SH,sell,17400.0,9.921713926868044,172637.82232750396,51.79134669825118,86.31891116375198,86.36209220986348,575632.3928189797
20150206,20150209,600981.SH,sell,23600.0,6.307352792679078,148853.52590722623,44.65605777216786,74.42676295361312,74.46399495110381,724366.8359054802
20150206,20150209,000930.SZ,buy,17900.0,7.56164215253703,135353.39453041283,40.606018359123844,0.0,67.64287582726683,588972.8353567083
20150206,20150209,002577.SZ,buy,3500.0,40.019999999999996,140070.0,42.020999999999994,0.0,70.0,448860.81435670826
20150206,20150209,002641.SZ,buy,35600.0,3.734734636922795,132956.5530744515,39.88696592233545,0.0,66.44505401022616,315864.3743163344
20150206,20150209,300350.SZ,buy,14100.0,11.38565980658436,160537.8032728395,48.16134098185184,0.0,80.22878724278416,155278.40970251305
20150213,20150216,000930.SZ,sell,17900.0,7.259072713520328,129937.40157201387,38.98122047160416,64.96870078600693,65.0012013866799,285111.8613532693
20150213,20150216,002577.SZ,sell,3500.0,38.88055,136081.925,40.82457749999999,68.04096249999999,68.07500000001164,421084.92081326933
20150213,20150216,002641.SZ,sell,35600.0,3.958875167538787,140935.95596438082,42.28078678931424,70.4679779821904,70.50322959700134,561908.1280128786
20150213,20150216,300350.SZ,sell,14100.0,12.644237133058985,178283.74357613167,53.4851230728395,89.14187178806584,89.18646502058255,740049.2445941493
20150213,20150216,000156.SZ,buy,5400.0,26.690261538461534,144127.41230769228,43.238223692307685,0.0,72.027692307689,595878.5940627647
20150213,20150216,000705.SZ,buy,12500.0,11.635381387928742,145442.2673491093,43.63268020473278,0.0,72.68479127890896,450392.6940334507
20150213,20150216,000910.SZ,buy,16200.0,9.687045896387938,156930.1435214846,47.07904305644538,0.0,78.42585883132415,293415.47146890964
20150213,20150216,002219.SZ,buy,19300.0,7.502037062392853,144789.31530418206,43.43679459125462,0.0,72.35847841287614,148582.71937013633
20150213,20150216,300378.SZ,buy,3500.0,41.472970671227024,145155.3973492946,43.54661920478838,0.0,72.54142796067754,3383.775401636958
20150217,20150225,000156.SZ,sell,5400.0,30.271010769230767,163463.45815384615,49.03903744615384,81.73172907692307,81.77261538460152,166716.46278896005
20150217,20150225,000705.SZ,sell,12500.0,11.585951002392981,144824.38752991226,43.44731625897367,72.41219376495613,72.44841797393747,311424.9908088484
20150217,20150225,000910.SZ,sell,16200.0,10.296366234029238,166801.13299127365,50.04033989738209,83.40056649563682,83.44228763942374,478092.68289372907
20150217,20150225,002219.SZ,sell,19300.0,7.872340846341244,151936.178334386,45.5808535003158,75.968089167193,76.00609221329796,629907.3122854475
20150217,20150225,300378.SZ,sell,3500.0,42.21641864044464,147757.46524155623,44.327239572466866,73.87873262077812,73.91569046600489,777546.5715548105
20150217,20150225,002460.SZ,buy,32400.0,4.700183462675796,152285.9441906958,45.68578325720873,0.0,76.10491963551613,625214.9415808575
20150217,20150225,300128.SZ,buy,21300.0,7.080476527457081,150814.15003483582,45.24424501045074,0.0,75.36939032224473,474355.5473010112
20150217,20150225,600053.SH,buy,16300.0,9.263123117338004,150988.90681260946,45.296672043782834,0.0,75.45672504376853,323321.343816358
20150217,20150225,600078.SH,buy,20300.0,7.840961930326713,159171.52718563227,47.751458155689676,0.0,79.5459905975149,164102.06517257006
20150217,20150225,600502.SH,buy,36100.0,4.536151032286874,163755.05226555615,49.12651567966684,0.0,81.83660782885272,297.88639133423567
20150227,20150302,002460.SZ,sell,32400.0,4.787339562169275,155109.8018142845,46.532940544285346,77.55490090714225,77.59369775603409,155283.6003641673
20150227,20150302,300128.SZ,sell,21300.0,6.835813392229695,145602.8252544925,43.680847576347745,72.80141262724625,72.83783154303092,300769.9433584562
20150227,20150302,600053.SH,sell,16300.0,9.459506059544658,154189.94877057793,46.256984631173374,77.09497438528896,77.13354115586844,454836.54017001763
20150227,20150302,600078.SH,sell,20300.0,8.07488800071186,163920.22641445076,49.17606792433523,81.96011320722539,82.00111376409768,618625.6304033368
20150227,20150302,600502.SH,sell,36100.0,4.668513405965546,168533.33395535624,50.56000018660687,84.26666697767813,84.30882138837478,787024.1376915288
20150227,20150302,000678.SZ,buy,22400.0,7.263629999999999,162705.31199999998,48.81159359999999,0.0,81.31199999997625,624270.0140979288
20150227,20150302,002518.SZ,buy,17300.0,8.90562370651658,154067.29012273686,46.22018703682105,0.0,76.9951474876143,470156.5037881551
20150227,20150302,300035.SZ,buy,32600.0,4.6768704616182575,152465.9770487552,45.73979311462655,0.0,76.19489107883419,317644.7869462853
20150227,20150302,600303.SH,buy,26700.0,6.074037620345141,162176.80446321526,48.65304133896457,0.0,81.04787829244742,155419.32944173107
20150227,20150302,600800.SH,buy,19600.0,7.90395,154917.42,46.475226,0.0,77.4200000000128,455.4342157310457
20150306,20150309,000678.SZ,sell,22400.0,7.196400000000001,161199.36000000002,48.359808,80.59968,80.63999999998487,161525.83472773104
20150306,20150309,002518.SZ,sell,17300.0,8.794461354851835,152144.18143893674,45.643254431681015,76.07209071946836,76.11014579236507,313548.3008215166
20150306,20150309,300035.SZ,sell,32600.0,4.654051478215768,151722.07818983405,45.516623456950214,75.86103909491703,75.89898858917877,465149.00134879875
20150306,20150309,600303.SH,sell,26700.0,6.02937859521647,160984.40849227976,48.295322547683924,80.49220424613988,80.53247048135381,626004.6223142847
20150306,20150309,600800.SH,sell,19600.0,7.9760100000000005,156329.796,46.898938799999996,78.16489800000001,78.2039999999979,782209.3544774847
20150306,20150309,000524.SZ,buy,11400.0,13.800529276773293,157326.03375521555,47.19781012656466,0.0,78.62370502509293,624836.1229121427
20150306,20150309,300102.SZ,buy,20100.0,7.639387453881312,153551.68782301436,46.06550634690431,0.0,76.73747517389711,471238.3695827814
20150306,20150309,300260.SZ,buy,27600.0,5.542425612136267,152970.94689496097,45.89128406848829,0.0,76.44724982258049,318221.5314037519
20150306,20150309,600331.SH,buy,21500.0,7.2536249999999995,155952.9375,46.785881249999996,0.0,77.9375,162221.80802250194
20150306,20150309,600829.SH,buy,11600.0,13.910276821773484,161359.2111325724,48.40776333977172,0.0,80.63928592330194,814.189126589743
20150313,20150316,000524.SZ,sell,11400.0,14.474696504807401,165011.54015480436,49.50346204644131,82.50577007740218,82.54704359921743,165693.72004927025
20150313,20150316,300102.SZ,sell,20100.0,8.645382373024468,173772.1856977918,52.13165570933754,86.8860928488959,86.92955762770725,339326.88799850387
20150313,20150316,300260.SZ,sell,27600.0,5.563895156139107,153563.50630943934,46.0690518928318,76.78175315471967,76.82016323631979,492767.5435028956
20150313,20150316,600331.SH,sell,21500.0,7.436280000000001,159880.02000000002,47.964006000000005,79.94001000000002,79.97999999998137,652519.6594868957
20150313,20150316,600829.SH,sell,11600.0,12.501438927068513,145016.69155399475,43.50500746619842,72.50834577699737,72.54461808604538,797420.3376876472
20150313,20150316,001696.SZ,buy,16700.0,9.234161833407718,154210.5026179089,46.263150785372666,0.0,77.06671794998692,643163.571918953
20150313,20150316,002059.SZ,buy,19700.0,7.699761531235322,151685.30216533583,45.50559064960075,0.0,75.80474870829494,491432.76416296756
20150313,20150316,002152.SZ,buy,13600.0,11.782685508322924,160244.52291319176,48.07335687395752,0.0,80.08222034640494,331140.1678929018
20150313,20150316,600119.SH,buy,7300.0,22.59937893208829,164975.4662042445,49.49263986127335,0.0,82.44650984718464,166115.20904879604
20150313,20150316,600125.SH,buy,18900.0,8.66863669817877,163837.23359557873,49.151170078673616,0.0,81.87767795880791,2228.824283138645
20150320,20150323,001696.SZ,sell,16700.0,11.688970258958474,195205.8033246065,58.561740997381946,97.60290166230325,97.65172752607032,197278.46296508546
20150320,20150323,002059.SZ,sell,19700.0,8.023116542977926,158055.39589666514,47.41661876899954,79.02769794833257,79.06723156408407,355207.41454503324
20150320,20150323,002152.SZ,sell,13600.0,13.09424306648209,178081.70570415643,53.42451171124692,89.04085285207822,89.08539554983145,533146.6548846264
20150320,20150323,600119.SH,sell,7300.0,25.530121592529717,186369.88762546694,55.91096628764008,93.18494381273348,93.23155959250289,719367.4465999929
20150320,20150323,600125.SH,sell,18900.0,9.586308989222639,181181.23989630787,54.35437196889236,90.59061994815394,90.63593791710446,900403.7415043837
20150320,20150323,002639.SZ,buy,17900.0,9.424884957901552,168705.4407464378,50.61163222393133,0.0,84.31056509068003,731647.689125722
20150320,20150323,002663.SZ,buy,22100.0,8.553705071664828,189036.8820837927,56.71106462513781,0.0,94.47120543918572,542554.0959773043
20150320,20150323,002694.SZ,buy,24200.0,7.305347211374175,176789.40251525503,53.0368207545765,0.0,88.3505259946105,365711.65664129466
20150320,20150323,300009.SZ,buy,40500.0,4.386947115384615,177671.3581730769,53.30140745192307,0.0,88.7912834447925,187986.99706076583
20150320,20150323,600714.SH,buy,12900.0,14.53084508789497,187447.90163384512,56.23437049015353,0.0,93.67711226077517,482.86105643055635
20150327,20150330,002639.SZ,sell,17900.0,9.505041086463729,170140.23544770075,51.04207063431022,85.07011772385037,85.11267406088882,170486.98431577315
20150327,20150330,002663.SZ,sell,22100.0,10.198543895626608,225387.82009334804,67.6163460280044,112.69391004667402,112.75028518924955,395694.4941530465
20150327,20150330,002694.SZ,sell,24200.0,7.541516591408348,182504.701512082,54.7514104536246,91.25235075604101,91.29799975591595,578053.1919039189
20150327,20150330,300009.SZ,sell,40500.0,4.4720024088230605,181116.09755733394,54.33482926720018,90.55804877866697,90.60335045389365,759024.396583207
20150327,20150330,600714.SH,sell,12900.0,14.594104875018544,188263.95288773923,56.479185866321764,94.13197644386962,94.17906597684487,947137.738308636
20150327,20150330,000020.SZ,buy,12900.0,14.507249999999999,187143.525,56.14305749999999,0.0,93.52499999999418,759938.070251136
20150327,20150330,002331.SZ,buy,13300.0,13.984151377247718,185989.21331739466,55.79676399521839,0.0,92.9481325923989,573893.060169746
20150327,20150330,002657.SZ,buy,2500.0,75.5504316194666,188876.0790486665,56.662823714599945,0.0,94.39084410230862,384960.318297365
20150327,20150330,300159.SZ,buy,10900.0,18.0504833496572,196750.26851126348,59.02508055337904,0.0,98.32597127000918,188151.02470554813
20150327,20150330,300175.SZ,buy,12200.0,15.107337222968436,184309.5141202149,55.29285423606447,0.0,92.1087027087342,3786.21773109716
20150403,20150407,000020.SZ,sell,12900.0,14.77261,190566.669,57.170000699999996,95.2833345,95.33100000000559,194200.43339589715
20150403,20150407,002331.SZ,sell,13300.0,16.348945833179485,217440.97958128716,65.23229387438614,108.72048979064358,108.77487722923979,411467.4601935193
20150403,20150407,002657.SZ,sell,2500.0,90.72942700027495,226823.56750068738,68.0470702502062,113.41178375034369,113.4685180093511,638109.5688402061
20150403,20150407,300159.SZ,sell,10900.0,20.56686454129938,224178.82350016324,67.25364705004897,112.08941175008162,112.14548449232825,862109.0492815692
20150403,20150407,300175.SZ,sell,12200.0,13.993720481307369,170723.3898719499,51.21701696158497,85.36169493597495,85.4043971345236,1032695.8604416216
20150403,20150407,000959.SZ,buy,39000.0,5.352664417177914,208753.91226993865,62.62617368098159,0.0,104.32479373808019,823879.321998002
20150403,20150407,002455.SZ,buy,23000.0,8.500915993664632,195521.06785428655,58.65632035628596,0.0,97.71167808808968,628299.5978233592
20150403,20150407,002625.SZ,buy,24900.0,8.798810100680594,219090.3715069468,65.72711145208403,0.0,109.4904405332054,409143.4992049603
20150403,20150407,300088.SZ,buy,38800.0,5.325018016881571,206610.69905500495,61.98320971650148,0.0,103.25372266618069,202470.81694023884
20150403,20150407,300266.SZ,buy,20900.0,9.660144140380197,201897.0125339461,60.56910376018383,0.0,100.89805723834434,513.2353025325574
20150410,20150413,000959.SZ,sell,39000.0,5.252671694520838,204854.19608631267,61.4562588258938,102.42709804315633,102.47833721173811,205203.54803197618
20150410,20150413,002455.SZ,sell,23000.0,9.071850019602003,208652.55045084606,62.595765135253814,104.32627522542303,104.37846445763716,413689.17644246155
20150410,20150413,002625.SZ,sell,24900.0,12.866963753503063,320387.3974622263,96.11621923866788,160.19369873111313,160.27383564889897,733820.263986718
20150410,20150413,300088.SZ,sell,38800.0,5.249352576935101,203674.8799850819,61.102463995524566,101.83743999254095,101.88838418462547,937332.2040678118
20150410,20150413,300266.SZ,sell,20900.0,9.952066599644871,207998.1919325778,62.39945757977334,103.9990959662889,104.05112152703805,1145163.9974468437
20150410,20150413,000718.SZ,buy,42100.0,5.316784122045055,223836.61153809683,67.15098346142904,0.0,111.86237458174583,921260.2349252854
20150410,20150413,600137.SH,buy,7400.0,26.486020217729394,195996.54961119752,58.798964883359254,0.0,97.94930015553837,725204.8863492046
20150410,20150413,600476.SH,buy,5500.0,34.15707,187863.88499999998,56.35916549999999,0.0,93.88499999998021,537284.6421837045
20150410,20150413,600654.SH,buy,15700.0,16.567901328615424,260116.05085926215,78.03481525777863,0.0,129.9930289151671,277090.55650918465
20150410,20150413,600759.SH,buy,24500.0,11.155622055991039,273312.74037178047,81.99382211153413,0.0,136.5880761478329,3695.8223152926657
20150417,20150420,600137.SH,sell,7400.0,25.00459875583204,185034.0307931571,55.51020923794712,92.51701539657854,92.56329704506788,188581.8258838152
20150417,20150420,600476.SH,sell,5500.0,30.094945000000003,165522.1975,49.65665925,82.76109875,82.80249999999069,353971.6056258152
20150417,20150420,600654.SH,sell,15700.0,16.748616340078467,262953.27653923194,78.88598296176957,131.47663826961596,131.54240947432118,616714.5195438159
20150417,20150420,600759.SH,sell,24500.0,11.903277187010078,291630.2910817469,87.48908732452406,145.81514554087346,145.88808958564186,908111.5063926973
20150417,20150420,000968.SZ,buy,18600.0,12.001459610730132,223227.14875958045,66.96814462787412,0.0,111.55779548201826,684817.389488489
20150417,20150420,002298.SZ,buy,14200.0,17.03398029103053,241882.52013263354,72.56475603979005,0.0,120.8808196564496,442862.3045998157
20150417,20150420,600157.SH,buy,35300.0,6.674840363491856,235621.8648312625,70.68655944937875,0.0,117.75205638742773,207169.7532091038
20150417,20150420,600320.SH,buy,29800.0,6.9490218397056,207080.85082322688,62.12425524696806,0.0,103.48868107105955,26.778130629943917
20150424,20150427,000718.SZ,sell,42100.0,6.781277376216582,285491.7775387181,85.64753326161541,142.74588876935903,142.81729741807794,285290.162247317
20150424,20150427,000968.SZ,sell,18600.0,11.155169927390078,207486.16064945547,62.24584819483664,103.74308032472774,103.79497781360988,492610.33396825293
20150424,20150427,002298.SZ,sell,14200.0,20.204596846374045,286905.27521851147,86.07158256555343,143.45263760925573,143.52439980913186,779286.0849665896
20150424,20150427,600157.SH,sell,35300.0,6.118139111198988,215970.3106253243,64.79109318759728,107.98515531266214,108.03917490007007,995083.6193434136
20150424,20150427,600320.SH,sell,29800.0,7.153586776100639,213176.88592779904,63.953065778339706,106.58844296389952,106.64176384577877,1208089.9637624705
20150424,20150427,000591.SZ,buy,24000.0,9.74088661383086,233781.27873194063,70.13438361958218,0.0,116.83222325434326,974238.5506469103
20150424,20150427,000605.SZ,buy,14800.0,16.502896847781003,244242.87334715883,73.27286200414764,0.0,122.06040647032205,729922.4044377473
20150424,20150427,000969.SZ,buy,17000.0,14.75956039929419,250912.5267880012,75.27375803640035,0.0,125.39356661066995,478934.6038917097
20150424,20150427,002517.SZ,buy,25700.0,8.917913438110293,229190.37535943455,68.75711260783036,0.0,114.53791872036527,249675.47141966733
20150424,20150427,600745.SH,buy,9600.0,25.728211879622307,246990.83404437415,74.09725021331224,0.0,123.43370017208508,2610.5401250798604
20150430,20150504,000591.SZ,sell,24000.0,9.16973806088635,220073.71346127242,66.02211403838172,110.03685673063622,110.09190268197563,222508.19461558326
20150430,20150504,000605.SZ,sell,14800.0,15.227314097884696,225364.2486486935,67.60927459460804,112.68212432434674,112.73849357111612,447692.15186535777
20150430,20150504,000969.SZ,sell,17000.0,14.02904082591001,238493.69404047017,71.54810821214105,119.2468470202351,119.30650027035153,685995.0509505955
20150430,20150504,600745.SH,sell,9600.0,27.196367570584677,261085.1286776129,78.32553860328386,130.54256433880644,130.6078682729276,946871.3115252664
20150430,20150504,002517.SZ,sell,3300.0,13.046227892991103,43052.55204687064,12.91576561406119,21.52627602343532,21.53704454570834,989889.4215304996
20150430,20150504,002206.SZ,buy,55400.0,4.363555378294524,241740.9679575166,72.52229038725497,0.0,120.81007893924834,748075.9312825957
20150430,20150504,002329.SZ,buy,17100.0,12.841810955056179,219594.96733146065,65.87849019943819,0.0,109.74261235952144,528415.0854609356
20150430,20150504,600483.SH,buy,31300.0,9.405329583301357,294386.8159573325,88.31604478719974,0.0,147.11984805460088,233939.95345881593
20150508,20150511,002206.SZ,sell,55400.0,4.536586154517396,251326.87296026375,75.39806188807911,125.66343648013188,125.72629962989595,485065.76492071146
20150508,20150511,002329.SZ,sell,17100.0,15.196858103506983,259866.2735699694,77.95988207099082,129.9331367849847,129.9981358528894,744724.1454718249
20150508,20150511,002517.SZ,sell,22400.0,16.45373002262934,368563.55250689725,110.56906575206916,184.28177625344864,184.37396323506255,1112992.8471367166
20150508,20150511,600483.SH,sell,31300.0,8.832877031693654,276469.0510920114,82.94071532760341,138.2345255460057,138.3036773846834,1389240.7229878544
20150508,20150511,000755.SZ,buy,37600.0,8.058032343124166,302982.01610146865,90.89460483044058,0.0,151.4153004005202,1086167.8122815553
20150508,20150511,002491.SZ,buy,20300.0,14.039114550321196,284994.02537152026,85.49820761145607,0.0,142.42579978582216,801088.2887024236
20150508,20150511,002691.SZ,buy,27300.0,10.762631373626371,293819.8364999999,88.14595094999997,0.0,146.83649999997579,507180.30625147367
20150508,20150511,300271.SZ,buy,12200.0,22.181095564941923,270609.3658922915,81.18280976768743,0.0,135.23706441395916,236489.75754941453
20150508,20150511,600738.SH,buy,28200.0,8.329275515683321,234885.56954226966,70.4656708626809,0.0,117.38409272476565,1533.722336282197
20150515,20150518,000755.SZ,sell,37600.0,8.154647086856551,306614.7304658063,91.98441913974189,153.30736523290315,153.3840572615154,307903.1610177159
20150515,20150518,002491.SZ,sell,20300.0,21.75639687366167,441654.8565353319,132.49645696059957,220.82742826766597,220.93789721623762,749204.6936678195
20150515,20150518,002691.SZ,sell,27300.0,11.136077527472526,304014.9165,91.20447494999999,152.00745825,152.0834999999497,1052976.3982346195
20150515,20150518,300271.SZ,sell,12200.0,21.78468592279714,265773.16825812514,79.73195047743754,132.88658412906258,132.9530606593471,1318536.947958138
20150515,20150518,600738.SH,sell,28200.0,8.466931988736821,238767.48208237835,71.6302446247135,119.38374104118918,119.44346277258592,1557113.4160548504
20150515,20150518,002421.SZ,buy,32000.0,10.170512023886378,325456.3847643641,97.63691542930923,0.0,162.64686894771876,1231559.394375057
20150515,20150518,300348.SZ,buy,10700.0,29.410266681448373,314689.8534914976,94.40695604744927,0.0,157.26629359892104,916775.133927512
20150515,20150518,300359.SZ,buy,3100.0,91.5204969951923,283713.5406850961,85.11406220552882,0.0,141.78587740380317,632976.4791802103
20150522,20150525,002421.SZ,sell,32000.0,9.814328599096191,314058.5151710781,94.21755455132342,157.02925758553906,157.10781149123795,946783.7475391515
20150522,20150525,300348.SZ,sell,10700.0,30.829693506847914,329877.7205232727,98.9633161569818,164.93886026163636,165.02137094706995,1276397.5658860055
20150522,20150525,300359.SZ,sell,3100.0,68.95735864002405,213767.81178407455,64.13034353522237,106.88390589203728,106.93737457931275,1489994.363420653
20150522,20150525,000553.SZ,buy,15600.0,18.562907570004743,289581.358092074,86.87440742762219,0.0,144.718319886073,1200326.1309211513
20150522,20150525,000626.SZ,buy,4700.0,63.108519198351736,296610.04023225314,88.98301206967594,0.0,148.23090466373833,903627.1076768285
20150522,20150525,002131.SZ,buy,39400.0,7.325586730306616,288628.11717408063,86.58843515222418,0.0,144.241937618237,614912.4020675956
20150522,20150525,300299.SZ,buy,18000.0,16.901472065177135,304226.4971731884,91.26794915195651,0.0,152.03722997161094,310594.6369452552
20150522,20150525,600293.SH,buy,33400.0,9.142697261510682,305366.0885344568,91.60982656033703,0.0,152.60674089676468,5136.938584238058
20150529,20150601,000553.SZ,sell,15600.0,16.797280594447084,262037.5772733745,78.61127318201234,131.01878863668725,131.08433080205577,266964.88579579385
20150529,20150601,000626.SZ,sell,4700.0,49.919184130923384,234620.1654153399,70.38604962460197,117.31008270766995,117.36876709121861,501397.3550788015
20150529,20150601,002131.SZ,sell,39400.0,6.888530017986649,271408.08270867396,81.42242481260219,135.704041354337,135.77192731795367,772588.3113213085
20150529,20150601,300299.SZ,sell,18000.0,15.704692793482284,282684.4702826811,84.80534108480433,141.34223514134055,141.41294161212863,1055046.6340277635
20150529,20150601,600293.SH,sell,33400.0,13.524191488113154,451707.99570297933,135.5123987108938,225.85399785148968,225.96698134212056,1506393.2633341805
20150529,20150601,000010.SZ,buy,17800.0,17.30865,308093.97000000003,92.428191,0.0,153.97000000003027,1198206.8651431804
20150529,20150601,000692.SZ,buy,21100.0,14.404048301886792,303925.4191698113,91.17762575094338,0.0,151.8867662017583,894190.2683476182
20150529,20150601,002180.SZ,buy,8300.0,36.705136628146924,304652.63401361945,91.39579020408583,0.0,152.25019191083265,589446.2385437946
20150529,20150601,300233.SZ,buy,5700.0,48.69088568000685,277538.048376039,83.2614145128117,0.0,138.6996743507916,311824.92875324277
20150605,20150608,000010.SZ,sell,17800.0,16.29185,289994.93,86.99847899999999,144.997465,145.07000000000698,601587.8628092427
20150605,20150608,000692.SZ,sell,21100.0,12.710196275635768,268185.1414159147,80.4555424247744,134.09257070795735,134.15965053322725,869558.4561120246
20150605,20150608,002180.SZ,sell,8300.0,36.16056110813042,300132.65719748253,90.03979715924476,150.06632859874128,150.1413992983289,1169451.0071837492
20150605,20150608,300233.SZ,sell,5700.0,44.87133149798611,255766.58953852084,76.72997686155625,127.88329476926043,127.94726840345538,1425012.9834506393
20150605,20150608,002255.SZ,buy,15500.0,18.07204114158636,280116.6376945886,84.03499130837656,0.0,139.98832468496403,1144812.3107647423
20150605,20150608,002383.SZ,buy,14400.0,19.248848459774905,277183.41782075865,83.15502534622759,0.0,138.522447686526,867545.7379186375
20150605,20150608,300322.SZ,buy,13700.0,21.713084367245656,297469.2558312655,89.24077674937963,0.0,148.6602977666771,569987.2413106225
20150605,20150608,600889.SH,buy,10900.0,25.427559892311006,277160.40282618994,83.14812084785697,0.0,138.5109459400992,292743.6903635847
20150605,20150608,601179.SH,buy,23400.0,12.370744399185337,289475.4189409369,86.84262568228107,0.0,144.66537678206805,3181.4287969655124
20150612,20150615,002255.SZ,sell,15500.0,16.28214156842584,252373.1943106005,75.71195829318015,126.18659715530025,126.2497220163059,255352.72455211752
20150612,20150615,002383.SZ,sell,14400.0,21.45682353689037,308978.2589312213,92.6934776793664,154.48912946561066,154.5664126719348,564083.8008761939
20150612,20150615,300322.SZ,sell,13700.0,22.973145623731114,314732.09504511626,94.41962851353487,157.36604752255815,157.4447699074517,878564.1102452741
20150612,20150615,600889.SH,sell,10900.0,23.19241263838036,252797.29775834593,75.83918932750377,126.39864887917297,126.4618798190786,1131159.1701654135
20150612,20150615,601179.SH,sell,23400.0,11.855576374745418,277420.48716904275,83.22614615071282,138.71024358452138,138.7796334012528,1408357.720944721
20150612,20150615,002441.SZ,buy,10400.0,27.540202835205857,286418.1094861409,85.92543284584227,0.0,143.13748600002145,1121853.6860257343
20150612,20150615,300110.SZ,buy,24100.0,11.195123132785724,269802.46750013594,80.94074025004078,0.0,134.83381684159394,851970.2777853482
20150612,20150615,300452.SZ,buy,11600.0,22.65561721640352,262805.15971028083,78.84154791308424,0.0,131.3369113993831,589086.2765271543
20150612,20150615,300459.SZ,buy,61900.0,4.337679738562092,268502.3758169935,80.55071274509804,0.0,134.18409586057533,320503.3499974157
20150619,20150623,002441.SZ,sell,10400.0,19.67353097594478,204604.7221498257,61.381416644947706,102.30236107491285,102.3535378437955,524944.3883695215
20150619,20150623,300110.SZ,sell,24100.0,12.062311581352336,290701.7091105913,87.2105127331774,145.35085455529565,145.42356633843156,815413.5361128242
20150619,20150623,300452.SZ,sell,11600.0,18.83795268615497,218520.25115939765,65.55607534781929,109.26012557969882,109.314782971167,1033758.9710712944
20150619,20150623,300459.SZ,sell,61900.0,2.9890639070442995,185023.05584604215,55.50691675381264,92.51152792302108,92.55780682640034,1218634.0084726596
20150619,20150623,000411.SZ,buy,9500.0,29.96489101351948,284666.4646284351,85.39993938853051,0.0,142.26210126356455,933882.143904836
20150619,20150623,002165.SZ,buy,23400.0,9.746734403122359,228073.5850330632,68.42207550991895,0.0,113.97980261524208,705740.1367962629
20150619,20150623,300078.SZ,buy,14900.0,16.296383584088222,242816.1154029145,72.84483462087434,0.0,121.34738400942297,462851.1765587276
20150619,20150623,300451.SZ,buy,19500.0,12.761195276818535,248843.30789796144,74.65299236938843,0.0,124.35947421187302,213933.21566839676
20150619,20150623,600963.SH,buy,28800.0,7.385928783288489,212714.7489587085,63.814424687612544,0.0,106.30422236814047,1154.6522850006586
20150626,20150629,000411.SZ,sell,9500.0,27.276049123737153,259122.46667550295,77.73674000265088,129.56123333775147,129.62604636093602,260069.8209871632
20150626,20150629,002165.SZ,sell,23400.0,9.781332214239546,228883.1738132054,68.66495214396161,114.4415869066027,114.49883632475394,488769.888261318
20150626,20150629,300078.SZ,sell,14900.0,15.21098070106341,226643.6124458448,67.99308373375344,113.3218062229224,113.3784954706498,715232.185817206
20150626,20150629,300451.SZ,sell,19500.0,10.41029854071516,203000.82154394564,60.900246463183684,101.50041077197282,101.55118636513362,918070.6067039166
20150626,20150629,600963.SH,sell,28800.0,7.693746592233215,221579.9018563166,66.47397055689497,110.7899509281583,110.84537361495313,1139473.244638748
20150626,20150629,000020.SZ,buy,6600.0,27.963974999999998,184562.235,55.36867049999999,0.0,92.23499999998603,954855.640968248
20150626,20150629,000981.SZ,buy,35500.0,4.965671779141105,176281.34815950922,52.88440444785276,0.0,88.09662576683331,778521.4084042909
20150626,20150629,002607.SZ,buy,41500.0,6.57493773620376,272859.9160524561,81.85797481573681,0.0,136.36177713767393,505579.6343770191
20150626,20150629,300368.SZ,buy,14100.0,14.737297489878543,207795.89460728745,62.33876838218623,0.0,103.84602429147344,297721.40100134944
20150626,20150629,600232.SH,buy,27600.0,10.7412703466746,296459.061568219,88.93771847046568,0.0,148.15545305755222,1173.4017146599945
20150703,20150706,000020.SZ,sell,6600.0,21.1894,139850.04,41.955011999999996,69.92502,69.95999999999185,140911.56168266002
20150703,20150706,000981.SZ,sell,35500.0,4.225788798000456,150015.50232901616,45.00465069870484,75.00775116450808,75.04527380139916,290807.05160981294
20150703,20150706,002607.SZ,sell,41500.0,5.454135121892057,226346.60755852037,67.9039822675561,113.17330377926018,113.22991873862338,516972.58188228647
20150703,20150706,300368.SZ,sell,14100.0,10.523210796221322,148377.27222672064,44.51318166801619,74.18863611336032,74.22574898786843,665231.1522912257
20150703,20150706,600232.SH,sell,27600.0,7.601351417943758,209797.2991352477,62.93918974057431,104.89864956762386,104.95112513020285,874860.6135871653
20150703,20150706,002569.SZ,buy,5500.0,26.373179999999998,145052.49,43.51574699999999,0.0,72.48999999999069,729764.6078401653
20150703,20150706,600649.SH,buy,31600.0,11.068003274593629,349748.9034771587,104.9246710431476,0.0,174.78705820947653,379910.7796919634
20150703,20150706,600667.SH,buy,50700.0,7.478795623547637,379174.9381138652,113.75248143415955,0.0,189.49272269557696,622.0890966640436
20150710,20150713,002569.SZ,sell,5500.0,23.54822,129515.21,38.854563,64.757605,64.7899999999936,130033.68692866404
20150710,20150713,600649.SH,sell,31600.0,11.652314538077249,368213.13940324105,110.46394182097231,184.10656970162051,184.19866903615184,497952.2558203825
20150710,20150713,600333.SH,buy,38800.0,12.820140400828,497421.4475521264,149.22643426563792,0.0,248.58643056073925,381.5818339904654
20150717,20150720,600333.SH,sell,38800.0,10.23220538765525,397009.56904102373,119.10287071230711,198.50478452051186,198.60408656374784,397073.54321978136
20150717,20150720,600667.SH,sell,50700.0,7.023997217918925,356116.6589484895,106.83499768454685,178.05832947424477,178.14740317576798,752905.3088411121
20150717,20150720,002714.SZ,buy,116000.0,6.488335213537469,752646.8847703463,225.7940654311039,0.0,376.1353746977402,32.630005334620364
20150724,20150727,002714.SZ,sell,116000.0,6.329931758662369,734272.0840048348,220.2816252014504,367.1360420024174,367.31970185332466,733717.2963429654
20150724,20150727,002173.SZ,buy,5900.0,22.336229901413073,131783.75641833714,39.53512692550114,0.0,65.85894873479265,601894.0047977028
20150724,20150727,300001.SZ,buy,4400.0,24.530313714399405,107933.38034335738,32.38001410300721,0.0,53.9397203115077,493928.2444402424
20150724,20150727,300298.SZ,buy,6500.0,20.301739927878636,131961.30953121113,39.58839285936333,0.0,65.9476809251355,361927.34651617194
20150724,20150727,600416.SH,buy,6100.0,26.915942494165687,164187.2492144107,49.256174764323205,0.0,82.05259830804425,197690.8411269969
20150724,20150727,601718.SH,buy,13100.0,14.871695868131866,194819.21587252745,58.44576476175823,0.0,97.36092747250223,2813.1794897076907
20150731,20150803,002173.SZ,sell,5900.0,16.20756748274729,95624.64814820902,28.687394444462704,47.81232407410451,47.8362421951897,98361.32791939813
20150731,20150803,300001.SZ,sell,4400.0,18.557597350918083,81653.42834403957,24.496028503211868,40.826714172019784,40.847137740885955,179949.43352076248
20150731,20150803,300298.SZ,sell,6500.0,15.673314607684654,101876.54494995026,30.562963484985076,50.93827247497513,50.963754352138494,281744.4772347528
20150731,20150803,600416.SH,sell,6100.0,18.499817809218204,112848.88863623104,33.85466659086931,56.424444318115526,56.45267065343796,394503.08676007483
20150731,20150803,601718.SH,sell,13100.0,13.31421868131868,174416.2647252747,52.3248794175824,87.20813236263736,87.25175824176404,568779.8184735694
20150731,20150803,000719.SZ,buy,7900.0,14.68530083281096,116013.87657920658,34.80416297376197,0.0,57.977949314939906,452731.137731389
20150731,20150803,000863.SZ,buy,15600.0,10.87650535636522,169673.48355929743,50.902045067789224,0.0,84.79434460733319,283006.7521270238
20150731,20150803,002059.SZ,buy,6600.0,12.485309520901831,82403.04283795209,24.720912851385624,0.0,41.18093095350196,200578.98837622034
20150731,20150803,300368.SZ,buy,8900.0,10.891488906882591,96934.25127125507,29.080275381376516,0.0,48.44290418353921,103615.6568295839
20150731,20150803,601008.SH,buy,14100.0,7.199822137800034,101517.49214298048,30.455247642894143,0.0,50.73337938179611,2067.709438960519
20150807,20150810,000719.SZ,sell,7900.0,14.04657398764216,110967.93450237307,33.29038035071192,55.483967251186534,55.511723112736945,112946.8695937317
20150807,20150810,000863.SZ,sell,15600.0,10.643129830164032,166032.8253505589,49.80984760516767,83.01641267527945,83.05794164605322,278846.8686840101
20150807,20150810,002059.SZ,sell,6600.0,12.57019837012682,82963.30924283701,24.8889927728511,41.48165462141851,41.50240582432889,361743.80727945286
20150807,20150810,300368.SZ,sell,8900.0,11.327342941970313,100813.35218353578,30.244005655060732,50.40667609176789,50.431892037784564,462476.50878124184
20150807,20150810,601008.SH,sell,14100.0,8.318839708167845,117295.63988516662,35.188691965549985,58.64781994258331,58.677158521837555,579678.3121545003
20150807,20150810,002580.SZ,buy,10300.0,10.667176610478467,109871.91908792821,32.96157572637846,0.0,54.90850529129966,469773.4314908457
20150807,20150810,002729.SZ,buy,3800.0,25.914538661909006,98475.24691525422,29.54257407457626,0.0,49.21301694914291,371268.6420015169
20150807,20150810,600136.SH,buy,8500.0,15.948997800963081,135566.4813081862,40.669944392455854,0.0,67.74936597110354,235661.49074893823
20150807,20150810,600868.SH,buy,23900.0,5.607405656004529,134016.99517850825,40.205098553552475,0.0,66.97501008422114,101604.29047187642
20150807,20150810,601126.SH,buy,7700.0,12.949988442305877,99714.91100575525,29.91447330172657,0.0,49.8325392332481,1859.4649928194412
20150814,20150817,002580.SZ,sell,10300.0,10.942228509197662,112704.95364473591,33.81148609342077,56.352476822367954,56.38066715594323,114474.25467463957
20150814,20150817,002729.SZ,sell,3800.0,25.42314290811775,96607.94305084745,28.98238291525423,48.30397152542373,48.32813559322676,211004.91137104633
20150814,20150817,600136.SH,sell,8500.0,15.863653290529696,134841.0529695024,40.45231589085072,67.4205264847512,67.45425361156231,345738.09149817313
20150814,20150817,600868.SH,sell,23900.0,9.15943610714033,218910.52296065388,65.67315688819616,109.45526148032694,109.51001648858073,564473.4860404585
20150814,20150817,601126.SH,sell,7700.0,12.096977073308803,93146.7234644778,27.944017039343336,46.5733617322389,46.5966600622487,657545.6921261648
20150814,20150817,000514.SZ,buy,13800.0,9.610937067857382,132630.93153643186,39.789279460929556,0.0,66.28232460588333,524874.971310272
20150814,20150817,000949.SZ,buy,17900.0,6.965963759450312,124690.75129416058,37.40722538824817,0.0,62.31421853780921,400146.81279072317
20150814,20150817,002244.SZ,buy,17300.0,8.474753228913142,146613.23086019736,43.983969258059204,0.0,73.26998043985805,253489.59796126775
20150814,20150817,002463.SZ,buy,18300.0,6.971123797765294,127571.56549910488,38.27146964973146,0.0,63.75390579663508,125879.76099251314
20150814,20150817,600477.SH,buy,32500.0,3.866516869410233,125661.79825583257,37.69853947674977,0.0,62.79949937821948,180.2641972038109
20150821,20150824,000514.SZ,sell,13800.0,7.191319439370361,99240.20826331098,29.77206247899329,49.620104131655495,49.64492659494863,99341.08029390415
20150821,20150824,000949.SZ,sell,17900.0,5.73647402557918,102682.88505786732,30.80486551736019,51.34144252893366,51.367126091980026,201941.81904372515
20150821,20150824,002244.SZ,sell,17300.0,6.523336971615427,112853.72960894689,33.856118882684065,56.426864804473446,56.45509235064674,314705.26566898485
20150821,20150824,002463.SZ,sell,18300.0,5.083505497252919,93028.15059972841,27.90844517991852,46.51407529986421,46.53734397183871,407658.9937482335
20150821,20150824,600477.SH,sell,32500.0,3.656855236870692,118847.79519829749,35.65433855948925,59.423897599148745,59.45362441135512,526411.7107103723
20150821,20150824,002266.SZ,buy,15800.0,10.395101836957348,164242.6090239261,49.27278270717783,0.0,82.08026437976514,362119.828903739
20150821,20150824,002529.SZ,buy,4700.0,19.50975,91695.825,27.5087475,0.0,45.82499999999709,270396.495156239
20150821,20150824,002661.SZ,buy,6000.0,12.635596481946832,75813.578891681,22.7440736675043,0.0,37.88784552308789,194560.17219089053
20150821,20150824,600601.SH,buy,18100.0,7.548267266886078,136623.63753063802,40.9870912591914,0.0,68.27767992537702,57895.54756899332
20150821,20150824,600624.SH,buy,5300.0,10.183840719986414,53974.35581592799,16.192306744778396,0.0,26.97369106242695,3904.999446320551
20150828,20150831,002266.SZ,sell,15800.0,8.263696496079973,130566.40463806357,39.16992139141907,65.28320231903179,65.31586024914577,134366.95096067368
20150828,20150831,002529.SZ,sell,4700.0,23.997995000000003,112790.57650000001,33.83717295,56.39528825000001,56.423500000004424,247067.29499947367
20150828,20150831,002661.SZ,sell,6000.0,10.519139333421505,63114.83600052903,18.934450800158707,31.557418000264516,31.57320460255869,310131.63913120225
20150828,20150831,600601.SH,sell,18100.0,6.070014429835961,109867.2611800309,32.960178354009265,54.93363059001545,54.9611111455888,419911.0065022891
20150828,20150831,600624.SH,sell,5300.0,9.097164204448973,48214.970283579554,14.464491085073865,24.107485141789777,24.119544914246944,468087.40480964177
20150828,20150831,000885.SZ,buy,12200.0,12.793730011286682,156083.50613769752,46.825051841309254,0.0,78.00275169298402,311957.07362010295
20150828,20150831,002591.SZ,buy,20100.0,15.472049619047619,310988.19734285714,93.29645920285714,0.0,155.41639047616627,875.5798180429847
20150902,20150907,000885.SZ,sell,12200.0,10.474728413092551,127791.68663972913,38.33750599191874,63.89584331986457,63.92780722347379,128565.03310846032
20150902,20150907,002591.SZ,sell,20100.0,11.499009523809525,231130.09142857144,69.33902742857143,115.56504571428572,115.62285714285099,359510.2204638889
20150902,20150907,601398.SH,buy,128100.0,2.805487762868015,359382.9824233927,107.8148947270178,0.0,179.60169036645675,19.423145769163966
20150911,20150914,601398.SH,sell,128100.0,2.618998277588624,335493.67935910274,100.6481038077308,167.74683967955139,167.8307550570462,335244.70756138465
20150911,20150914,000885.SZ,buy,12000.0,14.88431428442438,178611.77141309256,53.58353142392777,0.0,89.26125507897814,156579.35261686816
20150911,20150914,600708.SH,buy,21400.0,7.286787640449438,155937.25550561797,46.781176651685385,0.0,77.92966292134952,595.3159345985041
20150918,20150921,000885.SZ,sell,12000.0,11.10369593905192,133244.35126862305,39.973305380586915,66.62217563431153,66.65550338599132,133733.07172220666
20150918,20150921,600708.SH,sell,21400.0,7.035157490374794,150552.3702940206,45.16571108820617,75.2761851470103,75.31384206801886,284165.00011999207
20150925,20150928,002738.SZ,buy,6600.0,8.813413004610895,58168.52583043191,17.45055774912957,0.0,29.069728051188577,225979.02373181103
20150925,20150928,600971.SH,buy,16600.0,3.3401014226002785,55445.68361516462,16.633705084549383,0.0,27.70898731391935,170516.70641156187
20150925,20150928,600997.SH,buy,13300.0,4.201368651488616,55878.203064798596,16.763460919439577,0.0,27.925138962906203,114621.73988584382
20150925,20150928,603268.SH,buy,2000.0,26.960668548387094,53921.33709677419,16.176401129032254,0.0,26.947194950902485,60684.22638794061
20150925,20150928,603606.SH,buy,7400.0,7.969704584900202,58975.813928261494,17.692744178478446,0.0,29.47317037893663,1690.719715500636
20150930,20151008,002738.SZ,sell,6600.0,8.480720349110754,55972.75430413098,16.791826291239293,27.98637715206549,28.00037734073703,57618.6958161883
20150930,20151008,600971.SH,sell,16600.0,3.1239839011512793,51858.132759111235,15.557439827733369,25.929066379555618,25.942037398257526,109435.34206909225
20150930,20151008,600997.SH,sell,13300.0,3.9670020292393215,52761.12698888298,15.828338096664892,26.38056349444149,26.3937603746308,162154.26015638412
20150930,20151008,603268.SH,sell,2000.0,28.787828899018237,57575.657798036475,17.27269733941094,28.787828899018237,28.802230014021916,219683.85742818215
20150930,20151008,603606.SH,sell,7400.0,9.155999692652589,67754.39772562915,20.326319317688746,33.87719886281458,33.8941459357884,287384.0516356308
20150930,20151008,002035.SZ,buy,12200.0,4.049606825181816,49405.20326721815,14.821560980165444,0.0,24.690256505346042,237964.02680743247
20150930,20151008,002356.SZ,buy,5000.0,12.377417250136041,61887.08625068021,18.56612587520406,0.0,30.928079085795616,176058.37443087707
20150930,20151008,002617.SZ,buy,8900.0,6.835790563866513,60838.53601841196,18.25156080552359,0.0,30.40406597621768,115201.58685165958
20150930,20151008,002628.SZ,buy,7400.0,7.024799452126271,51983.515945734405,15.59505478372032,0.0,25.97876858856762,63202.475851141455
20150930,20151008,600279.SH,buy,9800.0,6.293741736920893,61678.66902182475,18.503600706547424,0.0,30.823922549636336,1505.3032286101516
20151009,20151012,002035.SZ,sell,12200.0,4.243064168534555,51765.38285612157,15.529614856836469,25.882691428060784,25.895639247682993,53229.273778446826
20151009,20151012,002356.SZ,sell,5000.0,13.409979484853983,67049.89742426992,20.114969227280973,33.52494871213496,33.54171957190556,120225.53128477733
20151009,20151012,002617.SZ,sell,8900.0,7.086213463751439,63067.299827387804,18.92018994821634,31.533649913693903,31.54942462600593,183242.37727230322
20151009,20151012,002628.SZ,sell,7400.0,6.958887717192799,51495.76910722671,15.448730732168013,25.747884553613357,25.760764936079795,234696.94976424414
20151009,20151012,600279.SH,sell,9800.0,6.518563859123857,63881.925819413795,19.164577745824136,31.940962909706897,31.956941380398348,298527.7700430024
20151009,20151012,002246.SZ,buy,6100.0,9.914163771199318,60476.39900431584,18.14291970129475,0.0,30.22308795817662,238033.22811898525
20151009,20151012,002354.SZ,buy,1800.0,31.769530271398747,57185.15448851774,17.155546346555322,0.0,28.578288100208738,180830.91808412096
20151009,20151012,002451.SZ,buy,5900.0,10.043414874499462,59256.147759546824,17.776844327864044,0.0,29.61326724614628,121556.99348024628
20151009,20151012,002692.SZ,buy,9400.0,6.444715076717812,60580.32172114743,18.17409651634423,0.0,30.27502334889141,60958.49766258251
20151009,20151012,603308.SH,buy,3700.0,15.597869679241473,57712.11781319345,17.313635343958033,0.0,28.841638087549654,3229.0662140451022
20151016,20151019,002246.SZ,sell,6100.0,10.93574876907179,66708.06749133792,20.012420247401373,33.35403374566896,33.37071910522354,69883.76725138996
20151016,20151019,002354.SZ,sell,1800.0,32.495956837160755,58492.72230688936,17.547816692066807,29.24636115344468,29.260991649265634,128329.69538043381
20151016,20151019,002451.SZ,sell,5900.0,11.992789549760717,70757.45834358824,21.22723750307647,35.37872917179412,35.39642738547991,199030.54775734717
20151016,20151019,002692.SZ,sell,9400.0,6.921587508338894,65062.92257838561,19.518876773515682,32.531461289192805,32.54773515676061,264041.41999767005
20151016,20151019,603308.SH,sell,3700.0,17.66895009078071,65375.11533588863,19.612534600766587,32.68755766794432,32.703909622759966,329364.23524128995
20151016,20151019,000089.SZ,buy,8700.0,7.210731372415763,62733.36294001714,18.82000888200514,0.0,31.351005967029778,266612.0522923908
20151016,20151019,300092.SZ,buy,4700.0,14.922711864406779,70136.74576271186,21.041023728813556,0.0,35.050847457619966,196454.2655059501
20151016,20151019,600461.SH,buy,11900.0,5.413659123117802,64422.54356510185,19.326763069530553,0.0,32.195174195454456,132012.39517777873
20151016,20151019,601158.SH,buy,10100.0,6.490576891913791,65554.82660832928,19.666447982498784,0.0,32.761032787762815,66437.90212146695
20151016,20151019,603939.SH,buy,5700.0,11.40986145311063,65036.210282730586,19.510863084819174,0.0,32.50185421425704,1382.1809756515431
20151023,20151026,000089.SZ,sell,8700.0,7.331831292221121,63786.93224232375,19.136079672697125,31.89346612116188,31.90942083157279,65118.08367218144
20151023,20151026,300092.SZ,sell,4700.0,15.66250381355932,73613.76792372881,22.08413037711864,36.80688396186441,36.82529661015724,138672.96058157127
20151023,20151026,600461.SH,sell,11900.0,5.756169781517567,68498.42040005904,20.54952612001771,34.24921020002952,34.26634337170981,207116.58224531027
20151023,20151026,601158.SH,sell,10100.0,6.471121379571114,65358.32593366825,19.607497780100474,32.67916296683413,32.695510722187464,272422.6215182316
20151023,20151026,603939.SH,sell,5700.0,11.230920135283473,64016.244771115795,19.204873431334736,32.0081223855579,32.024134452782164,336387.65329353046
20151023,20151026,002362.SZ,buy,2300.0,30.014999999999997,69034.5,20.71035,0.0,34.5,267332.44294353045
20151023,20151026,600436.SH,buy,1600.0,38.09303617779995,60948.85788447993,18.284657365343975,0.0,30.459199342571083,206365.30040168518
20151023,20151026,600673.SH,buy,9700.0,6.627806060564631,64289.71878747692,19.286915636243076,0.0,32.12879499623523,142056.29469857202
20151030,20151102,002362.SZ,sell,2300.0,27.995995000000004,64390.78850000001,19.31723655,32.19539425000001,32.21149999999034,206395.57056777203
20151030,20151102,600436.SH,sell,1600.0,35.87112273567739,57393.796377083825,17.218138913125145,28.696898188541912,28.71125381544698,263743.4519077542
20151030,20151102,600673.SH,sell,9700.0,6.094811484038553,59119.671395173966,17.73590141855219,29.559835697586983,29.5746230090881,322815.827565812
20151030,20151102,000011.SZ,buy,5800.0,10.644176830650645,61736.22561777374,18.52086768533212,0.0,30.852686465645093,261061.08108035292
20151030,20151102,000155.SZ,buy,7600.0,8.198543385490753,62308.92972972972,18.692678918918915,0.0,31.138895417156164,198733.45867170428
20151030,20151102,002722.SZ,buy,2500.0,26.29120232621044,65728.00581552609,19.718401744657825,0.0,32.847579118199064,132985.73445443355
20151030,20151102,002762.SZ,buy,2900.0,24.734274684012902,71729.39658363741,21.51881897509122,0.0,35.846774904362974,61234.81905182105
20151030,20151102,600580.SH,buy,5200.0,11.299970021189948,58759.844110187725,17.627953233056317,0.0,29.365239435370313,2457.3469884002625
20151106,20151109,000011.SZ,sell,5800.0,11.286741020176832,65463.097917025625,19.638929375107686,32.73154895851281,32.747922919967095,67868.07442709227
20151106,20151109,000155.SZ,sell,7600.0,8.39389607273177,63793.61015276146,19.138083045828434,31.89680507638073,31.912761457104352,131610.64969173152
20151106,20151109,002762.SZ,sell,2900.0,23.44936557900118,68003.16017910342,20.400948053731025,34.00158008955171,34.01858938425721,199559.40734269167
20151106,20151109,600580.SH,sell,5200.0,11.861016827798563,61677.28750455253,18.503186251365758,30.838643752276266,30.854070787667297,261187.35301724056
20151106,20151109,000560.SZ,buy,8800.0,8.26142778196907,72700.56448132782,21.810169344398343,0.0,36.33211618257337,188464.97836656834
20151106,20151109,000905.SZ,buy,4900.0,14.823777632295789,72636.51039824936,21.790953119474807,0.0,36.30010514653986,115806.6770151995
20151106,20151109,002463.SZ,buy,13300.0,5.33521149145009,70958.31283628619,21.287493850885856,0.0,35.461425705289,44827.07668506242
20151106,20151109,600369.SH,buy,4800.0,9.246967368062979,44385.4433667023,13.315633010010687,0.0,22.181630867911736,428.3176853501136
20151113,20151116,000560.SZ,sell,8800.0,8.89030931723878,78234.72199170126,23.470416597510376,39.11736099585063,39.136929460582905,78600.45189945801
20151113,20151116,000905.SZ,sell,4900.0,13.667651550866234,66971.49259924455,20.091447779773365,33.48574629962228,33.502497548397514,145518.36730462319
20151113,20151116,002463.SZ,sell,13300.0,4.9356814278659185,65644.56299061672,19.693368897185014,32.82228149530836,32.83870084572118,211110.4146448474
20151113,20151116,002722.SZ,sell,2500.0,39.53323945090613,98833.09862726532,29.649929588179596,49.416549313632665,49.4412699486129,309864.4467932109
20151113,20151116,600369.SH,sell,4800.0,9.194758858975606,44134.84252308291,13.24045275692487,22.067421261541455,22.07846049177897,353963.98144227534
20151113,20151116,000572.SZ,buy,9000.0,7.233060599226803,65097.54539304123,19.529263617912367,0.0,32.53250644329819,288846.9067856162
20151113,20151116,002387.SZ,buy,5100.0,14.997494999999999,76487.2245,22.946167349999996,0.0,38.224499999996624,212336.73611826618
20151113,20151116,002769.SZ,buy,2400.0,29.604049055869186,71049.71773408605,21.314915320225815,0.0,35.50710531437653,141265.7034688599
20151113,20151116,600303.SH,buy,7300.0,9.917387338782923,72396.92757311535,21.719078271934602,0.0,36.180373599752784,68847.0568174726
20151113,20151116,603333.SH,buy,7300.0,8.896354519774011,64943.38799435028,19.483016398305082,0.0,32.455466264043935,3884.1858067240173
20151120,20151123,000572.SZ,sell,9000.0,6.7408096101804125,60667.286491623716,18.200185947487114,30.33364324581186,30.348817654630693,64502.93846915444
20151120,20151123,002387.SZ,sell,5100.0,17.35132,88491.732,26.547519599999998,44.245866,44.26799999999639,152923.87708355446
20151120,20151123,002769.SZ,sell,2400.0,33.45805333852444,80299.32801245865,24.089798403737593,40.14966400622932,40.16974888066761,233158.96563360313
20151120,20151123,603333.SH,sell,7300.0,10.0168086888759,73122.70342879406,21.936811028638218,36.561351714397034,36.57964153516514,306223.17089965416
20151120,20151123,000050.SZ,buy,3600.0,22.641160386929336,81508.17739294561,24.45245321788368,0.0,40.7337218355533,224690.54105349066
20151120,20151123,002568.SZ,buy,3500.0,24.25476578349735,84891.68024224073,25.467504072672217,0.0,42.42462780722417,139773.39330717723
20151120,20151123,300322.SZ,buy,5200.0,15.860421171892623,82474.19009384164,24.74225702815249,0.0,41.21648680350336,57274.46095630745
20151120,20151123,600558.SH,buy,10100.0,5.633448383036534,56897.82866866899,17.069348600600694,0.0,28.434696985837945,359.5629390378599
20151127,20151130,000050.SZ,sell,3600.0,22.376879574141793,80556.76646691046,24.167029940073135,40.27838323345523,40.29853249969892,80851.88399277479
20151127,20151130,002568.SZ,sell,3500.0,21.154676451743846,74041.36758110346,22.212410274331038,37.02068379055173,37.03920339223987,154834.01847981336
20151127,20151130,300322.SZ,sell,5200.0,17.254508515677873,89723.44428152493,26.917033284457478,44.86172214076247,44.884164222865365,244485.6840059131
20151127,20151130,600303.SH,sell,7300.0,14.952858916136847,109155.87008779899,32.7467610263397,54.577935043899494,54.605237662719446,353554.22939764184
20151127,20151130,600558.SH,sell,10100.0,5.006525972642151,50565.91232368572,15.169773697105715,25.28295616184286,25.29560396382294,404079.68899146863
20151127,20151130,002319.SZ,buy,3700.0,21.279478888347146,78734.07188688444,23.62022156606533,0.0,39.347362262313254,325321.9968830181
20151127,20151130,300228.SZ,buy,4200.0,18.212985967440943,76494.54106325196,22.948362318975587,0.0,38.22815645339142,248804.50745744718
20151127,20151130,300467.SZ,buy,800.0,96.57387146751306,77259.09717401044,23.17772915220313,0.0,38.610243465271196,171522.23255428454
20151127,20151130,603703.SH,buy,2900.0,28.359889828337174,82243.6805021778,24.673104150653337,0.0,41.101289606274804,89253.87894795608
20151204,20151207,002319.SZ,sell,3700.0,23.763285499756215,87924.15634909799,26.377246904729393,43.962078174549,43.98407020965533,177107.6959719748
20151204,20151207,300228.SZ,sell,4200.0,18.023709585653382,75699.58025974421,22.70987407792326,37.849790129872105,37.8687244921166,252746.71656751123
20151204,20151207,300467.SZ,sell,800.0,110.77878752800596,88623.03002240477,26.586909006721427,44.31151501120239,44.33368185213476,341298.84816589806
20151204,20151207,603703.SH,sell,2900.0,26.462123153130072,76740.15714407721,23.022047143223162,38.37007857203861,38.38927320863877,417977.61318426
20151204,20151207,000795.SZ,buy,13800.0,6.771837354364582,93451.35549023123,28.03540664706937,0.0,46.702326581813395,324498.22228738165
20151204,20151207,300288.SZ,buy,1400.0,57.122842007767176,79971.97881087405,23.991593643262213,0.0,39.96600640223187,244502.25188286434
20151204,20151207,600338.SH,buy,5300.0,14.681362440895237,77811.22093674475,23.343366281023425,0.0,38.886167384669534,166667.68757983856
20151211,20151214,000795.SZ,sell,13800.0,6.241724323355441,86135.79566230508,25.840738698691524,43.06789783115254,43.089442552416585,252734.5746056138
20151211,20151214,300288.SZ,sell,1400.0,49.686556198306825,69561.17867762955,20.868353603288863,34.78058933881478,34.79798833298264,322240.10434030124
20151211,20151214,600338.SH,sell,5300.0,13.511571191026583,71611.32731244089,21.483398193732263,35.805663656220446,35.82357544393744,393794.14259089215
20151211,20151214,000838.SZ,buy,10800.0,8.774055030847741,94759.7943331556,28.42793829994668,0.0,47.35621905705193,299005.9203194366
20151211,20151214,000888.SZ,buy,5600.0,12.464013648991425,69798.47643435198,20.939542930305592,0.0,34.88179731850687,229186.5043421543
20151211,20151214,002104.SZ,buy,3400.0,21.593268640680733,73417.11337831449,22.025134013494345,0.0,36.69021158336545,155747.36582982633
20151211,20151214,002186.SZ,buy,3400.0,21.241881935212454,72222.39857972234,21.6667195739167,0.0,36.09315271349624,83503.30053053008
20151211,20151214,300466.SZ,buy,6300.0,13.057623132263418,82263.02573325954,24.678907719977857,0.0,41.11095738793665,1215.595889550561
20151218,20151221,000838.SZ,sell,10800.0,11.718920912483814,126564.34585482518,37.96930375644755,63.28217292741259,63.313829842343694,127678.69026769188
20151218,20151221,000888.SZ,sell,5600.0,14.171483005193865,79360.30482908564,23.80809144872569,39.68015241454282,39.70000241576054,206975.50685291426
20151218,20151221,002104.SZ,sell,3400.0,22.780444439669377,77453.51109487588,23.236053328462763,38.72675554743794,38.746128611732274,284367.05513891426
20151218,20151221,002186.SZ,sell,3400.0,21.24886961926799,72246.15670551117,21.673847011653347,36.123078352755584,36.14114892721409,356555.414919061
20151218,20151221,300466.SZ,sell,6300.0,14.967609297177642,94295.93857221915,28.288781571665744,47.14796928610958,47.17155506362906,450775.91674042237
20151218,20151221,000520.SZ,buy,4900.0,19.089539999999996,93538.74599999998,28.061623799999992,0.0,46.745999999999185,357209.10911662236
20151218,20151221,002094.SZ,buy,5400.0,16.848465271493215,90981.71246606336,27.294513739819003,0.0,45.46812217195111,266200.10213681916
20151218,20151221,002449.SZ,buy,7600.0,11.857017346971494,90113.33183698336,27.033999551095004,0.0,45.03414884407539,176059.73630028468
20151218,20151221,600533.SH,buy,14100.0,6.374771097131353,89884.27246955207,26.96528174086562,0.0,44.91967639657378,86148.49854899175
20151218,20151221,600658.SH,buy,9700.0,8.735403075405522,84733.40983143356,25.420022949430066,0.0,42.345532149629435,1389.6686946087575
20151225,20151228,000520.SZ,sell,4900.0,14.582705,71455.25450000001,21.436576350000003,35.727627250000005,35.74549999998999,72787.75899100877
20151225,20151228,002094.SZ,sell,5400.0,16.335719457013578,88212.88506787333,26.463865520361995,44.106442533936665,44.12850678731047,160930.0737508278
20151225,20151228,002449.SZ,sell,7600.0,11.648874928656172,88531.4494577869,26.55943483733607,44.26572472889345,44.28786866321752,249390.6980490485
20151225,20151228,600533.SH,sell,14100.0,5.723288911927529,80698.37365817816,24.209512097453445,40.34918682908908,40.36937151484017,330024.5130083001
20151225,20151228,600658.SH,sell,9700.0,8.549573724974428,82930.86513225194,24.87925953967558,41.465432566125976,41.4861756539467,412889.03344844625
20151225,20151228,000070.SZ,buy,6400.0,13.307741245694604,85169.54397244546,25.550863191733637,0.0,42.563490241082036,327693.93861280906
20151225,20151228,002495.SZ,buy,12400.0,5.930459542078699,73537.69832177587,22.061309496532758,0.0,36.75047392392298,254134.17898153665
20151225,20151228,002655.SZ,buy,3100.0,27.72903755868544,85960.01643192487,25.78800492957746,0.0,42.95852895147982,168148.3745446822
20151225,20151228,300435.SZ,buy,2900.0,25.811709405925328,74853.95727718345,22.456187183155034,0.0,37.40827450132929,93271.96108031561
20151225,20151228,600774.SH,buy,4700.0,18.646012765957447,87636.26000000001,26.290878,0.0,43.796231884058216,5609.410202315601
20151231,20160104,000070.SZ,sell,6400.0,12.881543950918486,82441.8812858783,24.73256438576349,41.220940642939155,41.241561423652456,87985.33798316521
20151231,20160104,002495.SZ,sell,12400.0,6.107910419145706,75738.08919740675,22.721426759222023,37.869044598703375,37.88798859299277,163662.83670921403
20151231,20160104,002655.SZ,sell,3100.0,24.64428358763693,76397.27912167448,22.919183736502344,38.19863956083724,38.21774843505409,239998.99800759117
20151231,20160104,300435.SZ,sell,2900.0,23.565114468045753,68338.83195733269,20.501649587199804,34.16941597866634,34.18650923327368,308283.158899358
20151231,20160104,600774.SH,sell,4700.0,19.589953438174533,92072.78115942031,27.62183434782609,46.03639057971016,46.05942028983554,400282.2818338508
20151231,20160104,000504.SZ,buy,2500.0,30.225105,75562.7625,22.668828749999996,0.0,37.76249999999709,324696.8505051008
20151231,20160104,000552.SZ,buy,20800.0,3.667220242048558,76278.18103461001,22.883454310383,0.0,38.12003050206113,248395.7860161804
20151231,20160104,000959.SZ,buy,23600.0,3.8342326380368092,90487.8902576687,27.146367077300606,0.0,45.22133446158841,157880.74939143442
20151231,20160104,600468.SH,buy,9000.0,8.470673626831022,76236.0626414792,22.87081879244376,0.0,38.09898182982579,81621.81593116277
20151231,20160104,600663.SH,buy,4500.0,17.543991136988737,78947.96011644932,23.684388034934795,0.0,39.454252931755036,2650.171426678513
20160108,20160111,000504.SZ,sell,2500.0,22.138925,55347.3125,16.60419375,27.67365625,27.6875,57953.206076678514
20160108,20160111,000552.SZ,sell,20800.0,3.644863248099772,75813.15556047525,22.743946668142573,37.906577780237626,37.92554055051005,133705.7111127054
20160108,20160111,000959.SZ,sell,23600.0,4.266535011635287,100690.22627459277,30.207067882377828,50.34511313729639,50.37029828641971,234315.3852062785
20160108,20160111,600468.SH,sell,9000.0,8.238782574241574,74149.04316817416,22.244712950452247,37.07452158408708,37.09306811814895,308405.1091399181
20160108,20160111,600663.SH,sell,4500.0,16.43546580926121,73959.59614167544,22.18787884250263,36.979798070837724,36.998297219441156,382305.5376046802
20160108,20160111,000983.SZ,buy,18600.0,3.7211777458049626,69213.9060719723,20.764171821591688,0.0,34.58965820688172,313070.8673608863
20160108,20160111,002423.SZ,buy,3700.0,16.520375615090213,61125.38977583379,18.337616932750137,0.0,30.547421177325305,251927.13996811977
20160108,20160111,300496.SZ,buy,1600.0,54.138804080720824,86622.08652915331,25.986625958745993,0.0,43.289398565277224,165279.0668130077
20160108,20160111,600123.SH,buy,14600.0,5.1583718061674,75312.22837004405,22.593668511013213,0.0,37.637295537249884,89944.24477445264
20160115,20160118,000983.SZ,sell,18600.0,3.298662693858432,61355.12610576683,18.40653783173005,30.677563052883414,30.692909507633885,151250.28677933486
20160115,20160118,002423.SZ,sell,3700.0,10.55134643703299,39039.98181702206,11.711994545106617,19.51999090851103,19.529755786403257,190259.0366109033
20160115,20160118,300496.SZ,sell,1600.0,46.115883535631845,73785.41365701095,22.135624097103285,36.89270682850548,36.91116240969859,263985.42193698866
20160115,20160118,600123.SH,sell,14600.0,4.058157609653323,59249.10110093852,17.774730330281553,29.62455055046926,29.639370235585375,323187.1237570464
20160115,20160118,000813.SZ,buy,17900.0,7.806866613642149,139742.91238419447,41.92287371525833,0.0,69.83653792313999,183402.2884991367
20160115,20160118,002015.SZ,buy,14900.0,8.639987553682843,128735.81454987437,38.620744364962306,0.0,64.33573940521455,54627.85320489736
20160115,20160118,600793.SH,buy,3600.0,14.644239317807088,52719.26154410552,15.815778463231654,0.0,26.34645754328085,1892.7758823286058
20160122,20160125,000813.SZ,sell,17900.0,7.037711249681855,125975.0313693052,37.79250941079156,62.9875156846526,63.01902519723808,127767.02722653837
20160122,20160125,002015.SZ,sell,14900.0,7.76821669556762,115746.42876395753,34.723928629187256,57.87321438197877,57.9021654647222,243420.85884748475
20160122,20160125,600793.SH,sell,3600.0,13.130228798433636,47268.82367436109,14.180647102308326,23.634411837180547,23.646234954656393,290651.86746290635
20160122,20160125,002785.SZ,buy,10800.0,26.829775449101795,289761.5748502994,86.92847245508982,0.0,144.8083832335542,803.3641401518835
20160129,20160201,002785.SZ,sell,10800.0,18.74311876247505,202425.68263473053,60.72770479041915,101.21284131736527,101.26347305387026,203067.10622877462
20160205,20160215,002528.SZ,buy,4300.0,9.100665377094971,39132.86112150838,11.739858336452514,0.0,19.55665223464166,163922.50524892978
20160205,20160215,002755.SZ,buy,1900.0,21.101757138896584,40093.33856390351,12.028001569171053,0.0,20.036650956470112,123817.1386834571
20160205,20160215,600000.SH,buy,3100.0,8.873346982252087,27507.375644981472,8.25221269349444,0.0,13.746814415280824,96301.51082578214
20160205,20160215,600371.SH,buy,3500.0,11.492725006426284,40224.53752249199,12.067361256747596,0.0,20.102217652412946,56064.9059420334
20160205,20160215,603558.SH,buy,3100.0,16.9598175565058,52575.43442516798,15.772630327550392,0.0,26.274579922610428,3473.6988865378735
20160219,20160222,002528.SZ,sell,4300.0,10.014571215083798,43062.65622486033,12.918796867458097,21.531328112430167,21.542099162012164,46501.90498641831
20160219,20160222,002755.SZ,sell,1900.0,21.940535195453283,41687.01687136124,12.50610506140837,20.84350843568062,20.853935403378273,88155.57224428246
20160219,20160222,600371.SH,sell,3500.0,12.402156999976633,43407.54949991821,13.022264849975462,21.703774749959106,21.714632065988553,131528.39570460073
20160219,20160222,603558.SH,sell,3100.0,17.74126136021177,54997.910216656484,16.499373064996945,27.498955108328243,27.512711464063614,186482.30759308388
20160219,20160222,300006.SZ,buy,4100.0,10.36108929856584,42480.46612411994,12.744139837235982,0.0,21.22961825292441,143989.0973291267
20160219,20160222,300176.SZ,buy,6100.0,7.080495190205509,43191.020660253605,12.95730619807608,0.0,21.5847179711418,100785.11936267502
20160219,20160222,600288.SH,buy,3300.0,14.775932011578053,48760.57563820758,14.628172691462272,0.0,24.368103767214052,52009.91555177598
20160219,20160222,600841.SH,buy,2900.0,13.86127795717199,40197.70607579877,12.05931182273963,0.0,20.088808633576264,11800.150164154467
20160226,20160229,300006.SZ,sell,4100.0,8.7499122946545,35874.64040808345,10.762392122425034,17.937320204041725,17.946293350716587,47646.09085991145
20160226,20160229,300176.SZ,sell,6100.0,6.608204957367731,40310.05023994316,12.093015071982945,20.15502511997158,20.165107673805323,87923.89305966266
20160226,20160229,600288.SH,sell,3300.0,13.29488789309887,43873.130047226274,13.161939014167881,21.936565023613138,21.94753879300697,131761.92460285116
20160226,20160229,600841.SH,sell,2900.0,11.125688621685928,32264.49700288919,9.679349100866757,16.132248501444597,16.140318660774938,164000.61000813803
20160226,20160229,002708.SZ,buy,2200.0,14.883234076433117,32743.11496815286,9.822934490445856,0.0,16.363375796176115,131247.6721054947
20160226,20160229,600869.SH,buy,5200.0,7.888416683622965,41019.76675483942,12.305930026451824,0.0,20.499633560641087,90215.59942062885
20160226,20160229,601199.SH,buy,5100.0,6.908965357967668,35235.72332563511,10.570716997690532,0.0,17.60905713425018,54969.30537799605
20160226,20160229,603128.SH,buy,6000.0,5.922550044863167,35535.300269179,10.6605900807537,0.0,17.758770749213,19423.34451873629
20160304,20160307,002708.SZ,sell,2200.0,11.726178563694267,25797.59284012739,7.7392778520382155,12.898796420063695,12.905249044586526,45200.29928459157
20160304,20160307,600869.SH,sell,5200.0,7.219772418518112,37542.81657629418,11.262844972888253,18.77140828814709,18.78079868749046,82713.08160762471
20160304,20160307,601199.SH,sell,5100.0,6.190938527964656,31573.786492619747,9.472135947785924,15.786893246309875,15.794790641630243,114261.60907105036
20160304,20160307,000029.SZ,buy,3000.0,12.270370443037974,36811.11132911392,11.043333398734175,0.0,18.396357485813496,77439.45440853771
20160304,20160307,000039.SZ,buy,4600.0,7.278433761566329,33480.795303205115,10.044238590961534,0.0,16.73203163578728,43948.614866741635
20160304,20160307,002716.SZ,buy,4700.0,7.3305502358490555,34453.58610849056,10.336075832547168,0.0,17.218183962264447,9484.692682418521
20160304,20160307,600016.SH,buy,1900.0,4.746575861397093,9018.494136654477,5.0,0.0,4.506993571540079,461.19854576404396
20160311,20160314,000029.SZ,sell,3000.0,10.936986213443912,32810.95864033174,9.84328759209952,16.40547932016587,16.413686163243256,33245.90841918351
20160311,20160314,000039.SZ,sell,4600.0,6.5646133830983535,30197.221562252427,9.059166468675727,15.098610781126213,15.106163863052643,63418.97220418614
20160311,20160314,002716.SZ,sell,4700.0,6.991934673742138,32862.09296658805,9.858627889976413,16.431046483294022,16.43926611635834,96254.77549640092
20160311,20160314,600000.SH,sell,3100.0,8.322157386928618,25798.687899478715,7.739606369843614,12.899343949739357,12.905796848161117,122032.82444556005
20160311,20160314,600016.SH,sell,1900.0,4.7110738306691164,8951.04027827132,5.0,4.475520139135661,4.477759018644065,130974.38920369223
20160311,20160314,603128.SH,sell,6000.0,5.303508127710484,31821.048766262902,9.54631462987887,15.91052438313145,15.918483624940563,162769.98113094212
20160318,20160321,002700.SZ,buy,2100.0,14.938604159828408,31371.068735639656,9.411320620691896,0.0,15.67769552005484,131389.50107468176
20160318,20160321,600377.SH,buy,5900.0,5.425559607185101,32010.801682392095,9.603240504717627,0.0,15.997402140121267,99369.09615178494
20160318,20160321,600758.SH,buy,3400.0,9.746578588654714,33138.36720142603,9.941510160427809,0.0,16.56090314914036,66220.78744019847
20160318,20160321,600883.SH,buy,2100.0,16.03609658185818,33675.80282190218,10.102740846570653,0.0,16.82948666761513,32534.881877449727
20160318,20160321,601929.SH,buy,6600.0,4.590440526315789,30296.90747368421,9.089072242105262,0.0,15.14088329518927,2228.885331523412
20160325,20160328,002700.SZ,sell,2100.0,14.999188128239714,31498.2950693034,9.44948852079102,15.7491475346517,15.757026047671388,33701.98176477137
20160325,20160328,600377.SH,sell,5900.0,5.331489662476274,31455.789008610016,9.436736702583003,15.727894504305008,15.735762385495036,65132.606142174496
20160325,20160328,600758.SH,sell,3400.0,9.802373283003043,33328.06916221035,9.998420748663104,16.664034581105174,16.672370766485983,98434.01284905509
20160325,20160328,600883.SH,sell,2100.0,14.871743965288957,31230.66232710681,9.369198698132042,15.615331163553405,15.623142734919384,129639.69064630021
20160325,20160328,601929.SH,sell,6600.0,4.761480768878719,31425.773074599543,9.427731922379863,15.712886537299772,15.720746910752496,161040.32310244007
20160325,20160328,002111.SZ,buy,2100.0,16.478270904222683,34604.36889886764,10.38131066966029,0.0,17.293537680598092,126425.57289290277
20160325,20160328,002772.SZ,buy,1600.0,21.805452751048602,34888.72440167776,10.466617320503328,0.0,17.43564437864552,91526.3818739045
20160325,20160328,300264.SZ,buy,1800.0,16.405783916928282,29530.41105047091,8.859123315141272,0.0,14.757826611930795,61987.11170011845
20160325,20160328,600359.SH,buy,2900.0,9.38469,27215.601000000002,8.1646803,0.0,13.600999999998749,34763.34601981845
20160401,20160405,002111.SZ,sell,2100.0,15.84523159944962,33274.9863588442,9.98249590765326,16.6374931794221,16.64581608746812,68011.71238957558
20160401,20160405,002772.SZ,sell,1600.0,21.36853565260301,34189.657044164815,10.256897113249444,17.09482852208241,17.103380212189222,102174.01770810506
20160401,20160405,300264.SZ,sell,1800.0,14.612023827577882,26301.64288964019,7.890492866892056,13.150821444820094,13.157400144889834,128454.61928343354
20160401,20160405,600359.SH,sell,2900.0,9.255370000000001,26840.573000000004,8.052171900000001,13.420286500000003,13.426999999996042,155273.71982503354
20160401,20160405,000913.SZ,buy,3000.0,10.686986788785292,32060.960366355877,9.618288109906763,0.0,16.022468948700407,123203.14117056775
20160401,20160405,002662.SZ,buy,4300.0,7.065273332678518,30380.675330517628,9.114202599155288,0.0,15.182746292113734,92813.35163745096
20160401,20160405,300419.SZ,buy,1200.0,25.392354375243787,30470.825250292546,9.141247575087762,0.0,15.227798725780303,62333.38513958333
20160401,20160405,601333.SH,buy,8100.0,3.6640755112219447,29679.011640897752,8.903703492269324,0.0,14.832089775558416,32645.469795193312
20160401,20160405,603126.SH,buy,2500.0,11.566623467600701,28916.55866900175,8.674967600700525,0.0,14.4510538075956,3720.2361585908584
20160408,20160411,000913.SZ,sell,3000.0,11.737942542747012,35213.82762824104,10.56414828847231,17.606913814120517,17.61572167495615,38905.8927247293
20160408,20160411,002662.SZ,sell,4300.0,6.7445132973185355,29001.407178469704,8.700422153540911,14.500703589234853,14.507957568013808,67884.09877745624
20160408,20160411,300419.SZ,sell,1200.0,29.528459433753742,35434.15132050449,10.630245396151347,17.717075660252245,17.725938629562734,103289.90277690432
20160408,20160411,601333.SH,sell,8100.0,3.5476517206982545,28735.978937655862,8.620793681296758,14.36798946882793,14.375177057354449,132002.89293141005
20160408,20160411,603126.SH,sell,2500.0,11.064517513134852,27661.293782837132,8.29838813485114,13.830646891418567,13.837565674250072,159642.05767922092
20160408,20160411,000595.SZ,buy,5400.0,5.3576775,28931.4585,8.67943755,0.0,14.458499999997002,130701.91974167092
20160408,20160411,002139.SZ,buy,5300.0,5.685908254319122,30135.313747891345,9.040594124367402,0.0,15.060126810541988,100557.56539965521
20160408,20160411,300134.SZ,buy,1300.0,26.453987658886067,34390.18395655189,10.317055186965566,0.0,17.186498728915467,66157.06438791635
20160408,20160411,600168.SH,buy,4800.0,7.316699869145383,35120.15937189784,10.53604781156935,0.0,17.551304033935594,31026.368968206945
20160408,20160411,600186.SH,buy,5300.0,5.573648450238707,29540.336786265147,8.862101035879544,0.0,14.762786999632226,1477.1700809059184
20160415,20160418,000595.SZ,sell,5400.0,5.5972,30224.88,9.067464,15.112440000000001,15.119999999995343,31677.87017690592
20160415,20160418,002139.SZ,sell,5300.0,5.595567985282997,29656.510321999885,8.896953096599965,14.828255160999943,14.835672997498477,61310.65529064821
20160415,20160418,300134.SZ,sell,1300.0,25.145613646868505,32689.297740929054,9.806789322278716,16.34464887046453,16.352825283101993,93973.80159338452
20160415,20160418,600168.SH,sell,4800.0,6.886375503113438,33054.6024149445,9.91638072448335,16.52730120747225,16.53556899196701,127001.96032639706
20160415,20160418,600186.SH,sell,5300.0,5.6879203167462355,30145.977678755047,9.043793303626513,15.072988839377524,15.080529103928711,157123.82122300912
20160415,20160418,000014.SZ,buy,1900.0,16.863592871900828,32040.826456611572,9.61224793698347,0.0,16.01240702479481,125073.38251846057
20160415,20160418,002513.SZ,buy,1800.0,16.269855115732977,29285.73920831936,8.785721762495807,0.0,14.635551828243479,95778.85758837871
20160415,20160418,002688.SZ,buy,3400.0,9.008557908968003,30629.096890491208,9.188729067147362,0.0,15.306894997742347,65140.57196882035
20160415,20160418,600157.SH,buy,7300.0,4.3116033983395425,31474.70480787866,9.442411442363598,0.0,15.729487660108134,33656.42474949933
20160415,20160418,600233.SH,buy,1800.0,17.845515938382444,32121.9286890884,9.63657860672652,0.0,16.052937875603675,1524.8594818042075
20160422,20160425,000014.SZ,sell,1900.0,16.16654078512397,30716.427491735543,9.214928247520662,15.358213745867772,15.365896694213006,32216.71383154636
20160422,20160425,002513.SZ,sell,1800.0,15.356155719557197,27641.080295202955,8.292324088560886,13.820540147601477,13.82745387453906,59835.68126251316
20160422,20160425,002688.SZ,sell,3400.0,7.926273726904013,26949.330671473643,8.084799201442092,13.474665335736821,13.481406038754358,86763.45246944962
20160422,20160425,600157.SH,sell,7300.0,4.474091209675366,32660.865830630177,9.798259749189052,16.33043291531509,16.33860221642317,119398.18960741529
20160422,20160425,600233.SH,sell,1800.0,15.846826080660342,28524.286945188618,8.557286083556585,14.262143472594309,14.26927811164569,147899.65712304774
20160422,20160425,000153.SZ,buy,3600.0,7.618796052631578,27427.66578947368,8.228299736842104,0.0,13.706979405033053,120463.76303383723
20160422,20160425,002032.SZ,buy,1300.0,20.941380637211097,27223.794828374426,8.167138448512327,0.0,13.60509486675437,93231.80106701428
20160422,20160425,002729.SZ,buy,1200.0,27.276575272078496,32731.890326494195,9.819567097948257,0.0,16.357766280103533,60490.091173422144
20160422,20160425,300135.SZ,buy,4700.0,5.904258657235247,27750.01568900566,8.325004706701698,0.0,13.868073807596375,32731.750479709783
20160422,20160425,600694.SH,buy,1100.0,24.853980986318884,27339.37908495077,8.20181372548523,0.0,13.662858113413677,5384.169581033526
20160429,20160503,000153.SZ,sell,3600.0,6.751642512871853,24305.913046338672,7.291773913901601,12.152956523169337,12.159036041186482,29670.637896935128
20160429,20160503,002032.SZ,sell,1300.0,18.457915343298186,23995.28994628764,7.198586983886292,11.99764497314382,12.003646796543762,53646.73161126574
20160429,20160503,002729.SZ,sell,1200.0,34.3749537912578,41249.94454950936,12.374983364852808,20.62497227475468,20.635289919715433,94863.6762051355
20160429,20160503,300135.SZ,sell,4700.0,6.005955907841552,28227.992766855295,8.468397830056588,14.113996383427647,14.121056911884807,123069.08657777731
20160429,20160503,600694.SH,sell,1100.0,24.639196212716637,27103.1158339883,8.13093475019649,13.55155791699415,13.55833708553837,150150.5199190984
20160429,20160503,002106.SZ,buy,3900.0,9.390025412532705,36621.09910887755,10.986329732663263,0.0,18.3013988550083,113518.4344804882
20160429,20160503,002589.SZ,buy,1800.0,13.720932265839858,24697.678078511744,7.4093034235535224,0.0,12.342667705401254,88813.3470985529
20160429,20160503,300021.SZ,buy,4200.0,6.474808781849852,27194.19688376938,8.158259065130812,0.0,13.590303290238808,61610.99195571839
20160429,20160503,300466.SZ,buy,1900.0,16.078132816823462,30548.452351964577,9.164535705589373,0.0,15.26659287953953,31053.375068048223
20160429,20160503,600807.SH,buy,1900.0,14.4072,27373.68,8.212104,0.0,13.680000000000291,3671.482964048224
20160506,20160509,002106.SZ,sell,3900.0,9.056262805999534,35319.42494339818,10.595827483019454,17.65971247169909,17.6685467450734,38962.65236749168
20160506,20160509,002589.SZ,sell,1800.0,13.086657342437963,23555.983216388333,7.066794964916499,11.777991608194167,11.783883549967868,62499.79079730691
20160506,20160509,300021.SZ,sell,4200.0,5.984360039213285,25134.312164695795,7.540293649408738,12.567156082347898,12.573442803750368,87613.99551227095
20160506,20160509,300466.SZ,sell,1900.0,19.939112340896514,37884.313447703375,11.365294034311011,18.94215672385169,18.95163254012732,125468.00150921616
20160506,20160509,600807.SH,sell,1900.0,12.783605,24288.8495,7.28665485,12.14442475,12.150499999999738,149737.41992961615
20160506,20160509,300476.SZ,buy,2300.0,14.13008933615676,32499.205473160546,9.749761641948163,0.0,16.241481995581125,117228.46469481365
20160506,20160509,600639.SH,buy,1900.0,14.668612719911765,27870.364167832355,8.361109250349706,0.0,13.928217974927975,89349.73941773095
20160506,20160509,600831.SH,buy,2200.0,13.586620371454993,29890.564817200986,8.967169445160295,0.0,14.93781350185236,59450.2074310848
20160506,20160509,603017.SH,buy,1900.0,15.287890027333072,29046.991051932837,8.714097315579851,0.0,14.516237407260633,30394.50228183638
20160506,20160509,603085.SH,buy,1700.0,15.883364982909228,27001.72047094569,8.100516141283705,0.0,13.494113178883708,3384.6812947494072
20160513,20160516,300476.SZ,sell,2300.0,11.827028470688361,27202.16548258323,8.160649644774969,13.601082741291615,13.607886684632831,30565.085044946572
20160513,20160516,600639.SH,sell,1900.0,15.804785320385218,30029.092108731915,9.008727632619573,15.014546054365958,15.022057082904212,60570.1538799915
20160513,20160516,600831.SH,sell,2200.0,11.787370937114673,25932.21606165228,7.779664818495684,12.966108030826142,12.97259432798819,86481.62416879446
20160513,20160516,603017.SH,sell,1900.0,12.801809481647796,24323.43801513081,7.297031404539243,12.161719007565406,12.167802909018064,110785.60343351317
20160513,20160516,603085.SH,sell,1700.0,12.97869540448158,22063.782187618686,6.619134656285605,11.031891093809344,11.037409798707813,132831.73459538177
20160513,20160516,000008.SZ,buy,3000.0,11.464353910656909,34393.06173197072,10.317918519591217,0.0,17.18793689753511,98428.35494489146
20160513,20160516,002709.SZ,buy,5400.0,9.843173476139276,53153.13677115209,15.945941031345624,0.0,26.563286742202763,45259.27223270803
20160513,20160516,300004.SZ,buy,1800.0,17.279096580368094,31102.37384466257,9.33071215339877,0.0,15.54341521472088,14147.56767589206
20160513,20160516,603399.SH,buy,1200.0,11.055640625424878,13266.768750509855,5.0,0.0,6.63006934058285,875.7989253822052
20160520,20160523,000008.SZ,sell,3000.0,10.608170590860409,31824.511772581227,9.547353531774368,15.912255886290614,15.920215994286991,32674.851088545365
20160520,20160523,002709.SZ,sell,5400.0,10.047027842334519,54253.9503486064,16.27618510458192,27.1269751743032,27.140545447022305,86885.39827687287
20160520,20160523,300004.SZ,sell,1800.0,17.929190429447853,32272.542773006135,9.681762831901839,16.13627138650307,16.144343558280525,119132.1230156606
20160520,20160523,603399.SH,sell,1200.0,12.290941869476546,14749.130243371856,5.0,7.374565121685928,7.378254248809753,133868.87869391078
20160520,20160523,000795.SZ,buy,3700.0,7.442552540777917,27537.444400878292,8.261233320263488,0.0,13.761841279800137,106323.17305971222
20160520,20160523,002151.SZ,buy,800.0,27.602732673267326,22082.186138613863,6.6246558415841585,0.0,11.035575281664933,84234.36226525677
20160520,20160523,002664.SZ,buy,800.0,27.927040242290747,22341.632193832596,6.702489658149778,0.0,11.165233480172901,61886.02758176603
20160520,20160523,600310.SH,buy,3800.0,6.762063891938331,25695.842789365655,7.708752836809696,0.0,12.841500644357438,36182.47603956357
20160520,20160523,600869.SH,buy,4000.0,8.024591570886493,32098.366283545973,9.629509885063792,0.0,16.04116256049383,4074.4802461325307
20160527,20160530,000795.SZ,sell,3700.0,7.8764236825596,29142.76762547052,8.742830287641155,14.57138381273526,14.578673149309907,33193.933657502675
20160527,20160530,002151.SZ,sell,800.0,28.067557016046432,22454.045612837144,6.736213683851143,11.227022806418573,11.23263912598486,55630.01603384955
20160527,20160530,002664.SZ,sell,800.0,27.822110934550032,22257.688747640026,6.677306624292007,11.128844373820014,11.134411579605512,77869.89863049146
20160527,20160530,600310.SH,sell,3800.0,6.0176569376163425,22867.096362942102,6.86012890888263,11.433548181471052,11.439267815374478,100718.70131634321
20160527,20160530,600869.SH,sell,4000.0,7.9194004321564755,31677.6017286259,9.50328051858777,15.838800864312951,15.846724226426886,132370.96096358623
20160527,20160530,000536.SZ,buy,3300.0,8.91727971685271,29427.02306561394,8.828106919684181,0.0,14.70615845357679,102935.1097910526
20160527,20160530,300219.SZ,buy,1800.0,12.919188997434919,23254.540195382855,6.976362058614856,0.0,11.6214593680088,79673.59323361113
20160527,20160530,600012.SH,buy,2500.0,9.63462788778878,24086.569719471947,7.225970915841583,0.0,12.037266226619977,55579.797543223336
20160527,20160530,603006.SH,buy,1300.0,19.67547220332199,25578.113864318588,7.673434159295575,0.0,12.782665599355823,29994.010244745452
20160527,20160530,603993.SH,buy,8600.0,3.2075531909118054,27584.957441841525,8.275487232552457,0.0,13.785585927951615,2400.777315671374
20160603,20160606,000536.SZ,sell,3300.0,9.439329158725839,31149.78622379527,9.34493586713858,15.574893111897635,15.5826844541225,33525.64371048761
20160603,20160606,300219.SZ,sell,1800.0,13.228933171423895,23812.07970856301,7.143623912568903,11.906039854281506,11.911995852206019,57318.67375528377
20160603,20160606,600012.SH,sell,2500.0,9.571339548954896,23928.34887238724,7.178504661716171,11.96417443619362,11.97015951594949,81227.8799485731
20160603,20160606,603006.SH,sell,1300.0,20.302911306784072,26393.784698819294,7.918135409645788,13.196892349409648,13.20349409645496,107600.54961963334
20160603,20160606,603993.SH,sell,8600.0,3.871197882678683,33292.301791036676,9.987690537311002,16.64615089551834,16.65447813458013,140866.2175692372
20160603,20160606,002064.SZ,buy,6000.0,4.353457261987491,26120.743571924944,7.836223071577483,0.0,13.053844863527047,114737.63777424068
20160603,20160606,300082.SZ,buy,4100.0,7.067387378535171,28976.288251994203,8.69288647559826,0.0,14.4809036741608,85752.65663577088
20160603,20160606,600396.SH,buy,5400.0,5.241862691897654,28306.058536247332,8.4918175608742,0.0,14.145956289976311,57438.106281962675
20160603,20160606,603806.SH,buy,4400.0,6.389271762952574,28112.795756991327,8.433838727097397,0.0,14.049373191901395,29316.87668624425
20160603,20160606,603989.SH,buy,1300.0,21.202169369292843,27562.820180080696,8.268846054024209,0.0,13.774522828625777,1745.7876601095304
20160608,20160613,002064.SZ,sell,6000.0,4.140348893308731,24842.093359852388,7.452628007955716,12.421046679926194,12.427260310079873,26568.007345274036
20160608,20160613,300082.SZ,sell,4100.0,6.807586768793812,27911.10575205463,8.373331725616389,13.955552876027316,13.96253414309831,54456.78421272703
20160608,20160613,600396.SH,sell,5400.0,5.147531556503199,27796.670405117275,8.339001121535182,13.898335202558638,13.905287846479041,82231.2172815202
20160608,20160613,603806.SH,sell,4400.0,7.398753405803456,32554.514985535207,9.766354495660561,16.277257492767603,16.285400192860834,114759.68865506699
20160608,20160613,603989.SH,sell,1300.0,20.239452616266725,26311.288401146743,7.8933865203440225,13.155644200573372,13.16222531323001,141049.92802549282
20160608,20160613,000531.SZ,buy,3100.0,8.377006358546653,25968.719711494625,7.790615913448387,0.0,12.977870920287387,115073.41769808474
20160608,20160613,002533.SZ,buy,2900.0,9.679646140901758,28070.973808615097,8.421292142584528,0.0,14.028472667974711,86994.02259732706
20160608,20160613,300092.SZ,buy,2200.0,12.553731355932204,27618.20898305085,8.285462694915253,0.0,13.802203389830538,59367.5281515813
20160608,20160613,300432.SZ,buy,3200.0,9.301575957485799,29765.043063954556,8.929512919186365,0.0,14.875083989983978,29593.555574707556
20160608,20160613,601360.SH,buy,2300.0,12.490502569002123,28728.155908704884,8.618446772611465,0.0,14.356899504600733,856.7812192300589
20160617,20160620,000531.SZ,sell,3100.0,8.83128970170757,27376.998075293468,8.213099422588039,13.688499037646734,13.695346710999729,28211.877696063293
20160617,20160620,002533.SZ,sell,2900.0,9.455083080339328,27419.740932984052,8.225922279895215,13.709870466492026,13.716728830906504,55609.682836300955
20160617,20160620,300092.SZ,sell,2200.0,15.392299999999999,33863.06,10.158917999999998,16.93153,16.94000000000233,89445.65238830095
20160617,20160620,601360.SH,sell,2300.0,14.862831439018638,34184.512309742866,10.255353692922858,17.092256154871432,17.10080655814818,123602.81708819602
20160617,20160620,000532.SZ,buy,1700.0,17.60897228673613,29935.25288745142,8.980575866235425,0.0,14.960146370536677,93658.58362487837
20160617,20160620,002372.SZ,buy,5800.0,5.224847000245881,30304.11260142611,9.091233780427832,0.0,15.144484058680973,63345.37978967183
20160617,20160620,002484.SZ,buy,2600.0,11.42146462479625,29695.80802447025,8.908742407341075,0.0,14.840483770349238,33640.66302279424
20160617,20160620,600210.SH,buy,7500.0,4.38848193189715,32913.614489228625,9.874084346768587,0.0,16.448582953133155,717.1744492188445
20160617,20160620,600273.SH,buy,100.0,6.839768344058146,683.9768344058145,5.0,0.0,0.34181750844857106,28.197614813029986
20160624,20160627,000532.SZ,sell,1700.0,17.45044120231367,29665.75004393324,8.899725013179971,14.83287502196662,14.840295169546152,29670.215058711125
20160624,20160627,002372.SZ,sell,5800.0,5.20155127141218,30168.997374190643,9.050699212257193,15.084498687095323,15.09204470945042,59815.07723500242
20160624,20160627,002484.SZ,sell,2600.0,10.73187807135814,27902.882985531167,8.370864895659349,13.951441492765584,13.958420703111187,87695.63791414516
20160624,20160627,300432.SZ,sell,3200.0,8.761291656849655,28036.133301918897,8.410839990575669,14.01806665095945,14.025079190556426,115709.34230942253
20160624,20160627,600210.SH,sell,7500.0,3.917850550905923,29383.879131794423,8.815163739538326,14.691939565897211,14.699289210504503,145069.71433791152
20160624,20160627,600273.SH,sell,100.0,6.222848780149068,622.2848780149068,5.0,0.3111424390074534,0.3112980880514442,145686.68807348743
20160624,20160627,000628.SZ,buy,2100.0,13.20071986292796,27721.511712148716,8.316453513644614,0.0,13.853828941602842,117956.85990782507
20160624,20160627,300066.SZ,buy,3400.0,8.169500555167469,27776.301887569392,8.332890566270818,0.0,13.881210338611709,90172.22512968941
20160624,20160627,300349.SZ,buy,1800.0,16.57721269766185,29838.982855791328,8.951694856737397,0.0,14.912035410190583,60324.29057904135
20160624,20160627,300370.SZ,buy,4400.0,6.607190360915491,29071.637588028163,8.721491276408448,0.0,14.528554516753502,31243.931499736776
20160624,20160627,600681.SH,buy,6500.0,4.47744271743752,29103.37766334388,8.731013299003163,0.0,14.544416623357392,2131.822823093895
20160701,20160704,000628.SZ,sell,2100.0,12.747941548788887,26770.677252456662,8.031203175736998,13.385338626228332,13.392034643547959,28881.08353374859
20160701,20160704,300066.SZ,sell,3400.0,8.806389117246958,29941.722998639656,8.982516899591896,14.970861499319827,14.978350674657122,58798.85315398933
20160701,20160704,300349.SZ,sell,1800.0,18.741469286390057,33734.6447155021,10.12039341465063,16.86732235775105,16.875760237868235,92506.51015371902
20160701,20160704,300370.SZ,sell,4400.0,6.668127357333656,29339.760372268087,8.801928111680425,14.669880186134044,14.677218795532099,121822.7987176893
20160701,20160704,600681.SH,sell,6500.0,4.6794121667375315,30416.179083793955,9.124853725138186,15.208089541896978,15.215697390591231,152214.64485821623
20160701,20160704,002592.SZ,buy,800.0,33.64741896244647,26917.935169957178,8.075380550987152,0.0,13.452241464245162,125288.63430770807
20160701,20160704,002695.SZ,buy,2500.0,12.582511999681067,31456.279999202667,9.436883999760799,0.0,15.720279859666334,93822.91742450563
20160701,20160704,002800.SZ,buy,600.0,45.217247551334964,27130.348530800977,8.139104559240293,0.0,13.558395067866513,66684.42978914542
20160701,20160704,300221.SZ,buy,1200.0,24.289916666666663,29147.899999999994,8.744369999999998,0.0,14.566666666665697,37527.785419145424
20160701,20160704,601155.SH,buy,3300.0,8.454731582278479,27900.61422151898,8.370184266455693,0.0,13.943335443032993,9618.80101335999
20160708,20160711,002592.SZ,sell,800.0,33.993605176399264,27194.88414111941,8.158465242335822,13.597442070559707,13.604244192651095,36791.9292471665
20160708,20160711,002800.SZ,sell,600.0,49.63956396360564,29783.738378163383,8.935121513449014,14.891869189081692,14.899318848503754,66551.84063462736
20160708,20160711,300221.SZ,sell,1200.0,25.002449786324785,30002.93974358974,9.000881923076921,15.001469871794871,15.008974358974228,96530.77802642222
20160708,20160711,601155.SH,sell,3300.0,8.943121139240507,29512.29975949367,8.8536899278481,14.756149879746836,14.763531645567127,126019.4679461083
20160708,20160711,000758.SZ,buy,3200.0,9.834471579095748,31470.309053106394,9.441092715931918,0.0,15.727290881113731,94539.71780028597
20160708,20160711,002313.SZ,buy,1500.0,21.400762047654503,32101.143071481754,9.630342921444525,0.0,16.04255026060855,62428.94438588277
20160708,20160711,300428.SZ,buy,1100.0,30.731106144249708,33804.21675867468,10.141265027602403,0.0,16.893661548565433,28614.58636218049
20160708,20160711,600176.SH,buy,5200.0,5.439693558383179,28286.40650359253,8.485921951077758,0.0,14.13613518420243,319.6939366368824
20160715,20160718,000758.SZ,sell,3200.0,10.011310220718658,32036.192706299706,9.610857811889911,16.018096353149854,16.026109407852346,32330.257688771548
20160715,20160718,002313.SZ,sell,1500.0,20.064943894266566,30097.41584139985,9.029224752419953,15.048707920699924,15.056236038719362,62403.59559749828
20160715,20160718,002695.SZ,sell,2500.0,14.198287195024715,35495.71798756179,10.648715396268535,17.747858993780895,17.756737362462445,97870.91701067002
20160715,20160718,300428.SZ,sell,1100.0,26.722573238547405,29394.830562402145,8.818449168720642,14.697415281201073,14.704767665029067,127242.23170862225
20160715,20160718,600176.SH,sell,5200.0,5.600561465249883,29122.91961929939,8.736875885789816,14.561459809649696,14.568744181742659,156341.8529922262
20160715,20160718,000411.SZ,buy,1800.0,16.148743659980557,29067.738587965003,8.7203215763895,0.0,14.526605990980897,127265.3940826848
20160715,20160718,002759.SZ,buy,900.0,35.45118812123494,31906.069309111448,9.571820792733433,0.0,15.945062123493699,95349.75295278062
20160715,20160718,300110.SZ,buy,4100.0,7.83275084317032,32114.278456998312,9.634283537099494,0.0,16.049114671164716,63225.84021224521
20160715,20160718,600084.SH,buy,4000.0,7.44372,29774.88,8.932464,0.0,14.880000000001019,33442.02774824521
20160715,20160718,600320.SH,buy,8500.0,3.705136780691779,31493.662635880122,9.448098790764035,0.0,15.738961837021634,1938.9170135743225
20160722,20160725,000411.SZ,sell,1800.0,15.452942397867517,27815.29631616153,8.344588894848458,13.907648158080764,13.91460546080998,29731.961092682923
20160722,20160725,002759.SZ,sell,900.0,30.428020096009032,27385.218086408127,8.215565425922437,13.692609043204063,13.699458772593061,57095.27100462193
20160722,20160725,300110.SZ,sell,4100.0,8.862635677890806,36336.806279352306,10.901041883805691,18.168403139676155,18.1774918856172,93403.00783895075
20160722,20160725,600084.SH,sell,4000.0,8.765615,35062.46,10.518737999999999,17.53123,17.540000000000873,128437.41787095075
20160722,20160725,600320.SH,sell,8500.0,3.678771657825777,31269.559091519106,9.380867727455731,15.634779545759553,15.642600846178539,159681.96131519665
20160722,20160725,000607.SZ,buy,2900.0,9.84887932464455,28561.750041469193,8.568525012440757,0.0,14.27373815165629,131111.642748715
20160722,20160725,002115.SZ,buy,3000.0,10.392324975961538,31176.974927884614,9.353092478365383,0.0,15.580697115383373,99925.31472835202
20160722,20160725,002607.SZ,buy,4900.0,6.417057744087327,31443.582946027902,9.43307488380837,0.0,15.713934505762154,68472.29870744032
20160722,20160725,300519.SZ,buy,700.0,47.356197352587245,33149.338146811075,9.944801444043321,0.0,16.56638588046917,35313.015759185204
20160722,20160725,600860.SH,buy,2900.0,11.025509999999999,31973.978999999996,9.592193699999997,0.0,15.978999999995722,3329.4445654852098
20160729,20160801,000607.SZ,sell,2900.0,11.107002962085309,32210.308590047396,9.663092577014218,16.1051542950237,16.11321090047204,35513.98490866057
20160729,20160801,002115.SZ,sell,3000.0,9.26905385977564,27807.161579326923,8.342148473798076,13.903580789663462,13.910536057690479,63298.900758724034
20160729,20160801,002607.SZ,sell,4900.0,5.927301694966648,29043.778305336575,8.713133491600972,14.521889152668289,14.529153729530663,92319.44404141634
20160729,20160801,300519.SZ,sell,700.0,47.30886482150021,33116.20537505014,9.934861612515043,16.55810268752507,16.566385880461894,125409.15645216644
20160729,20160801,600860.SH,sell,2900.0,10.784604999999999,31275.354499999998,9.382606349999998,15.63767725,15.64549999999872,156659.49066856643
20160729,20160801,000563.SZ,buy,6500.0,5.203013475693324,33819.58759200661,10.145876277601982,0.0,16.901343124445702,122829.75720028221
20160729,20160801,000987.SZ,buy,4800.0,6.297007691332704,30225.636918396976,9.067691075519091,0.0,15.105265826281538,92595.05259080972
20160729,20160801,002526.SZ,buy,8600.0,3.620042659609659,31132.36687264307,9.33971006179292,0.0,15.558404234205227,61453.346008104854
20160729,20160801,002616.SZ,buy,3000.0,9.572105462210923,28716.316386632767,8.61489491598983,0.0,14.350982701962494,32728.414726556097
20160729,20160801,600350.SH,buy,8700.0,3.6360034765813616,31633.230246257845,9.489969073877353,0.0,15.808710767742014,1085.6945112243739
20160805,20160808,000563.SZ,sell,6500.0,5.692429664357793,37000.79281832566,11.100237845497697,18.50039640916283,18.509651234773628,38056.88669529538
20160805,20160808,000987.SZ,sell,4800.0,6.8784593563478,33016.60491046944,9.90498147314083,16.50830245523472,16.516560735595704,71047.07832183645
20160805,20160808,002616.SZ,sell,3000.0,9.327179407692148,27981.538223076444,8.394461466922932,13.990769111538222,13.997767995530012,99006.23131433444
20160805,20160808,600350.SH,sell,8700.0,3.632369290197972,31601.612824722357,9.480483847416707,15.80080641236118,15.808710767745652,130582.56284879701
20160805,20160808,000428.SZ,buy,4000.0,7.073535,28294.14,8.488242,0.0,14.139999999999418,102279.934606797
20160805,20160808,002805.SZ,buy,1200.0,28.34121347785108,34009.4561734213,10.202836852026389,0.0,16.99622997172264,68260.27559652369
20160805,20160808,600511.SH,buy,1200.0,27.248280621323115,32697.936745587736,9.80938102367632,0.0,16.340797973804,35552.529469912275
20160805,20160808,600739.SH,buy,2000.0,16.360341223032744,32720.68244606549,9.816204733819646,0.0,16.352165140462603,2822.030819112966
20160805,20160808,600844.SH,buy,300.0,7.503749999999999,2251.125,5.0,0.0,1.125,565.9058191129661
20160812,20160815,000428.SZ,sell,4000.0,7.67616,30704.640000000003,9.211392,15.352320000000002,15.359999999996944,31245.982107112966
20160812,20160815,002805.SZ,sell,1200.0,32.26001649387371,38712.01979264845,11.613605937794533,19.356009896324224,19.365692742692772,69927.0322839273
20160812,20160815,600511.SH,sell,1200.0,26.57212319061283,31886.547828735398,9.565964348620618,15.9432739143677,15.95124953913546,101788.07087439971
20160812,20160815,600739.SH,sell,2000.0,16.829639018469656,33659.278036939315,10.097783411081794,16.829639018469656,16.83805804749136,135420.42148890946
20160812,20160815,600844.SH,sell,300.0,7.386305,2215.8915,5.0,1.10794575,1.1084999999998217,137630.20504315945
20160812,20160815,000756.SZ,buy,3400.0,9.154271109813083,31124.521773364482,9.337356532009343,0.0,15.5544836448571,106496.34591326297
20160812,20160815,002146.SZ,buy,5100.0,6.382263903614457,32549.54590843373,9.764863772530118,0.0,16.266639634395688,73937.03514105671
20160812,20160815,002703.SZ,buy,2000.0,15.190603525991255,30381.20705198251,9.114362115594751,0.0,15.183012019977468,43546.71372695861
20160812,20160815,600246.SH,buy,5900.0,5.891293689320388,34758.63276699029,10.427589830097086,0.0,17.3706310679554,8777.653370138221
20160812,20160815,600863.SH,buy,3400.0,2.5180440557765107,8561.349789640137,5.0,0.0,4.2785356270051125,211.30358049808456
20160819,20160822,000756.SZ,sell,3400.0,9.583252705607476,32583.05919906542,9.774917759719626,16.291529599532712,16.299679439249303,32768.296332204256
20160819,20160822,002146.SZ,sell,5100.0,6.298881389281264,32124.295085334445,9.637288525600333,16.062147542667223,16.070182633982768,64866.891981470435
20160819,20160822,002703.SZ,sell,2000.0,16.798671860365282,33597.34372073056,10.079203116219167,16.798671860365282,16.807075398064626,98437.35782722442
20160819,20160822,600246.SH,sell,5900.0,5.457375860547221,32198.517577228602,9.65955527316858,16.0992587886143,16.10731244483395,130610.11659039123
20160819,20160822,600863.SH,sell,3400.0,2.4064726196751165,8182.006906895396,5.0,4.091003453447698,4.093049978436284,138783.0324938332
20160819,20160822,002264.SZ,buy,3100.0,10.259718280467446,31805.126669449084,9.541538000834725,0.0,15.894616026711446,106968.36428638326
20160819,20160822,300331.SZ,buy,1000.0,31.508492487046624,31508.492487046624,9.452547746113986,0.0,15.746373056990706,75450.41925159053
20160819,20160822,300381.SZ,buy,1400.0,24.785920253338002,34700.288354673205,10.41008650640196,0.0,17.341473440617847,40739.72081041092
20160819,20160822,601390.SH,buy,5000.0,6.3869070842968245,31934.53542148412,9.580360626445236,0.0,15.959288066704175,8795.605028300357
20160819,20160822,601968.SH,buy,800.0,10.098455774952665,8078.764619962132,5.0,0.0,4.037363628167441,711.8404083382247
20160826,20160829,002264.SZ,sell,3100.0,9.461043405676127,29329.234557595995,8.798770367278799,14.664617278797998,14.671953255423432,30017.611578288146
20160826,20160829,300331.SZ,sell,1000.0,37.39062176165803,37390.62176165803,11.21718652849741,18.695310880829016,18.704663212432934,67378.32084253685
20160826,20160829,300381.SZ,sell,1400.0,26.618232723840265,37265.52581337637,11.17965774401291,18.632762906688185,18.64208394866,104614.03423526252
20160826,20160829,601390.SH,sell,5000.0,5.796938914582019,28984.694572910095,8.695408371873027,14.492347286455049,14.499597084995912,133575.54105251428
20160826,20160829,601968.SH,sell,800.0,8.550226399783607,6840.181119826886,5.0,3.4200905599134432,3.4218014606440192,140407.30208178126
20160826,20160829,000153.SZ,buy,4200.0,7.955921052631579,33414.86842105263,10.024460526315789,0.0,16.6990846681947,106982.40920020232
20160826,20160829,000935.SZ,buy,3300.0,10.087256492307692,33287.94642461538,9.986383927384614,0.0,16.63565538461262,73684.47639165955
20160826,20160829,002022.SZ,buy,1500.0,21.69308659741847,32539.629896127706,9.761888968838312,0.0,16.261684106008033,41135.08460656301
20160826,20160829,002806.SZ,buy,800.0,42.26649305555556,33813.194444444445,10.143958333333332,0.0,16.898148148145992,7311.746203785231
20160826,20160829,600609.SH,buy,1300.0,5.30265,6893.445,5.0,0.0,3.444999999999709,413.30120378523134
20160902,20160905,000153.SZ,sell,4200.0,7.4777142686880245,31406.399928489704,9.42191997854691,15.703199964244853,15.7110554919891,31794.57601233214
20160902,20160905,000935.SZ,sell,3300.0,10.16115072923077,33531.79740646154,10.059539221938461,16.76589870323077,16.774285846149724,65299.547980868505
20160902,20160905,002022.SZ,sell,1500.0,21.142833514091503,31714.250271137254,9.514275081341175,15.857125135568628,15.865057664399501,96988.42685178886
20160902,20160905,002806.SZ,sell,800.0,39.84696469907408,31877.571759259263,9.563271527777777,15.938785879629632,15.946759259259125,128840.49655364071
20160902,20160905,600609.SH,sell,1300.0,4.947525000000001,6431.782500000001,5.0,3.2158912500000008,3.217499999998836,135264.06316239072
20160902,20160905,000889.SZ,buy,3400.0,9.519212673267328,32365.323089108915,9.709596926732674,0.0,16.174574257423956,102889.03047635508
20160902,20160905,002728.SZ,buy,3000.0,11.394609060402683,34183.82718120805,10.255148154362415,0.0,17.08337190464954,68694.94814699267
20160902,20160905,300105.SZ,buy,4200.0,7.656786132985312,32158.50175853831,9.647550527561492,0.0,16.071215271629626,36526.79883792679
20160902,20160905,600338.SH,buy,1500.0,21.143276242513394,31714.91436377009,9.514474309131026,0.0,15.84953241567564,4802.369999847571
20160902,20160905,600567.SH,buy,1700.0,2.7664616786502454,4702.984853705417,5.0,0.0,2.3503172682176228,94.38514614215455
20160909,20160912,000889.SZ,sell,3400.0,9.78564928217822,33271.20755940595,9.981362267821783,16.635603779702976,16.64392574257363,33338.97573950059
20160909,20160912,002728.SZ,sell,3000.0,10.980274299930572,32940.82289979172,9.882246869937514,16.47041144989586,16.478650775279675,66253.44598097246
20160909,20160912,300105.SZ,sell,4200.0,7.692842505751195,32309.93852415502,9.692981557246505,16.15496926207751,16.163050787472457,98537.53655430816
20160909,20160912,600338.SH,sell,1500.0,21.590791092255962,32386.186638383944,9.715855991515182,16.193093319191973,16.20119391614935,130897.81424338139
20160909,20160912,600567.SH,sell,1700.0,2.681876634394058,4559.190278469899,5.0,2.2795951392349494,2.2807355069890036,135449.72492671205
20160909,20160912,002122.SZ,buy,4300.0,7.503749999999999,32266.124999999996,9.679837499999998,0.0,16.124999999996362,103173.92008921206
20160909,20160912,300306.SZ,buy,1500.0,21.001727348643005,31502.59102296451,9.450777306889352,0.0,15.743423799580341,71661.87828894066
20160909,20160912,600496.SH,buy,7300.0,4.216678059722417,30781.749835973646,9.234524950792093,0.0,15.383183326324797,40870.893928016216
20160909,20160912,600678.SH,buy,2400.0,13.636815,32728.356,9.8185068,0.0,16.35599999999613,8132.719421216218
20160909,20160912,601002.SH,buy,900.0,8.474011386725364,7626.610248052827,5.0,0.0,3.811399424314004,501.10917316339055
20160914,20160919,002122.SZ,sell,4300.0,7.506245,32276.8535,9.68305605,16.13842675,16.146499999998923,32752.141190363393
20160914,20160919,300306.SZ,sell,1500.0,21.066371774530275,31599.557661795414,9.479867298538624,15.799778830897708,15.80768267223175,64326.41920602937
20160914,20160919,600496.SH,sell,7300.0,4.331511370157485,31620.03300214964,9.486009900644891,15.810016501074822,15.817925463805295,95921.15618177729
20160914,20160919,600678.SH,sell,2400.0,13.91304,33391.296,10.017388799999999,16.695648000000002,16.703999999997905,129285.7391449773
20160914,20160919,601002.SH,sell,900.0,8.456487555028785,7610.838799525906,5.0,3.805419399762953,3.8073230612926636,136887.77252510344
20160914,20160919,002205.SZ,buy,1800.0,18.842868937232524,33917.164087018544,10.175149226105562,0.0,16.95010699001432,102960.4332888588
20160914,20160919,002756.SZ,buy,2100.0,13.699266702177662,28768.46007457309,8.630538022371926,0.0,14.377041516527242,74183.34267626333
20160914,20160919,300132.SZ,buy,3300.0,10.343718768376347,34134.27193564194,10.240281580692582,0.0,17.058606664482795,40038.8304590407
20160914,20160919,600095.SH,buy,2900.0,10.427057965367966,30238.468099567104,9.071540429870131,0.0,15.111678210680111,9791.290819043723
20160914,20160919,600979.SH,buy,1900.0,5.0194483888430605,9536.951938801814,5.0,0.0,4.766092922938697,249.33888024190856
20160923,20160926,002205.SZ,sell,1800.0,19.72337161198288,35502.06890156918,10.650620670470754,17.75103445078459,17.759914407994074,35723.006126689834
20160923,20160926,002756.SZ,sell,2100.0,13.810143017389944,29001.30033651888,8.700390100955664,14.50065016825944,14.507904120317107,64701.1054229395
20160923,20160926,300132.SZ,sell,3300.0,10.869546173636069,35869.50237299903,10.760850711899707,17.934751186499515,17.943723048018,100541.91219404014
20160923,20160926,600095.SH,sell,2900.0,10.607767056277057,30762.524463203463,9.228757338961039,15.381262231601731,15.38895670995771,131279.82663767305
20160923,20160926,600979.SH,sell,1900.0,5.102881393070736,9695.474646834398,5.0,4.847737323417199,4.850162404620278,140965.45354718404
20160923,20160926,000504.SZ,buy,1900.0,16.588289999999997,31517.750999999993,9.455325299999997,0.0,15.750999999996566,109438.24722188404
20160923,20160926,000656.SZ,buy,8500.0,4.036278234185733,34308.36499057873,10.292509497173619,0.0,17.145609690443962,75119.58972180814
20160923,20160926,002633.SZ,buy,1300.0,26.393189999999997,34311.147,10.293344099999999,0.0,17.146999999997206,40798.14937770814
20160923,20160926,300046.SZ,buy,2200.0,16.179872013651877,35595.71843003413,10.678715529010239,0.0,17.788964732644672,5191.7522321450015
20160923,20160926,600410.SH,buy,400.0,11.914711890941211,4765.884756376485,5.0,0.0,2.3817515024375098,420.86747576851667
20160930,20161010,000504.SZ,sell,1900.0,14.472760000000001,27498.244000000002,8.2494732,13.749122000000002,13.755999999997584,27897.112880568515
20160930,20161010,002633.SZ,sell,1300.0,24.66766,32067.958000000002,9.6203874,16.033979000000002,16.041999999997643,59939.41651416852
20160930,20161010,300046.SZ,sell,2200.0,15.57534153924915,34265.75138634813,10.279725415904437,17.132875693174064,17.141446416382678,94177.75529940758
20160930,20161010,600410.SH,sell,400.0,12.040521516791015,4816.208606716406,5.0,2.4081043033582032,2.409308957837311,98986.55580182064
20160930,20161010,000518.SZ,buy,4100.0,8.024009999999999,32898.44099999999,9.869532299999996,0.0,16.440999999991618,66078.24526952064
20160930,20161010,000679.SZ,buy,2000.0,14.697992555960436,29395.985111920872,8.81879553357626,0.0,14.690647232342599,36673.441362066194
20160930,20161010,000681.SZ,buy,1200.0,23.703990069161197,28444.788082993437,8.53343642489803,0.0,14.215286398295575,8220.119842647859
20160930,20161010,000731.SZ,buy,1000.0,7.606158552460807,7606.158552460806,5.0,0.0,3.8011786868864874,608.9612901870523
20161014,20161017,000518.SZ,sell,4100.0,8.425785,34545.718499999995,10.363715549999998,17.27285925,17.2815000000046,35127.04321538705
20161014,20161017,000656.SZ,sell,8500.0,3.9482388903095558,33560.03056763123,10.068009170289367,16.780015283815615,16.788409488552134,68660.22575856416
20161014,20161017,000679.SZ,sell,2000.0,14.49530815113656,28990.61630227312,8.697184890681935,14.49530815113656,14.50255943085358,97627.64956779547
20161014,20161017,000681.SZ,sell,1200.0,23.433628155110245,28120.353786132295,8.436106135839688,14.060176893066147,14.067210498313216,125725.50707089886
20161014,20161017,000731.SZ,sell,1000.0,7.776846340446618,7776.846340446618,5.0,3.888423170223309,3.8903683544003798,133493.46498817526
20161014,20161017,002122.SZ,buy,2900.0,10.8054,31335.66,9.400697999999998,0.0,15.659999999996217,102148.40429017525
20161014,20161017,002278.SZ,buy,2000.0,15.370306273603765,30740.61254720753,9.222183764162258,0.0,15.362624961118854,71398.56955920356
20161014,20161017,002418.SZ,buy,3100.0,10.324465236141686,32005.842232039227,9.601752669611768,0.0,15.994923654190643,39383.12557449473
20161014,20161017,600163.SH,buy,5800.0,5.841479618339227,33880.58178636751,10.164174535910252,0.0,16.93182498068927,5492.379613591307
20161014,20161017,600657.SH,buy,800.0,6.356056891130228,5084.845512904182,5.0,0.0,2.541152180361678,402.5341006871249
20161021,20161024,002122.SZ,sell,2900.0,11.804095000000002,34231.87550000001,10.269562650000001,17.115937750000004,17.124499999990803,34607.02410028713
20161021,20161024,002278.SZ,sell,2000.0,16.503242895543607,33006.485791087216,9.901945737326164,16.503242895543607,16.51149864486797,67587.10470274148
20161021,20161024,002418.SZ,sell,3100.0,10.115606066639984,31358.37880658395,9.407513641975184,15.679189403291975,15.687032919748162,98920.39680628016
20161021,20161024,600163.SH,sell,5800.0,5.6828255802137955,32960.38836524001,9.888116509572002,16.480194182620007,16.48843840182235,131854.41686082797
20161021,20161024,600657.SH,sell,800.0,6.589148156333431,5271.318525066745,5.0,2.6356592625333723,2.6369777514091766,137118.09972663218
20161021,20161024,000553.SZ,buy,2000.0,16.83698571428571,33673.97142857142,10.102191428571425,0.0,16.828571428573923,103434.02610663218
20161021,20161024,000816.SZ,buy,5600.0,5.869841798905609,32871.11407387141,9.861334222161421,0.0,16.427343365248817,70553.05069853862
20161021,20161024,300287.SZ,buy,2100.0,15.667989795918368,32902.77857142857,9.870833571428571,0.0,16.44316770185833,37640.40129353862
20161021,20161024,600125.SH,buy,4800.0,6.7715969620420715,32503.66541780194,9.751099625340581,0.0,16.243710853468656,5126.984776111338
20161021,20161024,601669.SH,buy,800.0,5.964376635166306,4771.501308133044,5.0,0.0,2.3845583748779973,350.48346797829345
20161028,20161031,000553.SZ,sell,2000.0,15.353282973421926,30706.565946843853,9.211969784053155,15.353282973421926,15.360963455146702,31032.484162064673
20161028,20161031,000816.SZ,sell,5600.0,5.65525714021888,31669.439985225727,9.500831995567717,15.834719992612863,15.842641313269269,62676.58859530222
20161028,20161031,300287.SZ,sell,2100.0,13.840990860692104,29066.080807453418,8.719824242236024,14.533040403726709,14.540310559004865,91719.41653810968
20161028,20161031,600125.SH,sell,4800.0,6.522919164285793,31310.011988571805,9.39300359657154,15.655005994285903,15.662837412994122,123004.38051709063
20161028,20161031,601669.SH,sell,800.0,5.763751104992931,4611.000883994345,5.0,2.3055004419971725,2.306653768881006,127608.07590064297
20161028,20161031,000601.SZ,buy,3500.0,8.295777775646645,29035.222214763256,8.710566664428976,0.0,14.510355929411162,98564.1431192153
20161028,20161031,000923.SZ,buy,1900.0,16.98308910891089,32267.86930693069,9.680360792079206,0.0,16.125871717602422,66286.59345149253
20161028,20161031,300257.SZ,buy,1900.0,15.358991029151476,29182.082955387803,8.754624886616341,0.0,14.583749602890748,37095.75587121811
20161028,20161031,600829.SH,buy,2200.0,14.360991000877963,31594.18020193152,9.478254060579454,0.0,15.789195503213705,5492.097415226013
20161028,20161031,603800.SH,buy,100.0,31.523734872396066,3152.3734872396067,5.0,0.0,1.5753990440980488,2334.7239279864066
20161104,20161107,000601.SZ,sell,3500.0,8.442774345590383,29549.71020956634,8.8649130628699,14.77485510478317,14.782246227896394,31860.794369385094
20161104,20161107,000923.SZ,sell,1900.0,22.63032252744296,42997.61280214162,12.899283840642486,21.498806401070812,21.50956118166505,74824.00908128501
20161104,20161107,300257.SZ,sell,1900.0,15.80773745820916,30034.701170597404,9.010410351179221,15.017350585298702,15.024863016809832,104834.68249094594
20161104,20161107,600829.SH,sell,2200.0,13.914030896228796,30610.867971703352,9.183260391511006,15.305433985851677,15.31309053111545,135421.06176827193
20161104,20161107,603800.SH,sell,100.0,33.55551072233745,3355.5510722337453,5.0,1.6777755361168727,1.6786148435385257,138769.93506496956
20161104,20161107,000969.SZ,buy,2600.0,12.438153812220737,32339.199911773914,9.701759973532173,0.0,16.161519196288282,106421.03339322211
20161104,20161107,002778.SZ,buy,700.0,44.58656289089645,31210.594023627516,9.363178207088254,0.0,15.597498262683075,75201.0761913875
20161104,20161107,300411.SZ,buy,1400.0,25.380942478608883,35533.31947005244,10.65999584101573,0.0,17.757780844607623,39657.09672549405
20161104,20161107,600259.SH,buy,500.0,56.89843499999999,28449.217499999995,8.534765249999998,0.0,14.217499999995198,11199.344460244054
20161104,20161107,600467.SH,buy,2600.0,4.289195243488109,11151.907633069084,5.0,0.0,5.573167232918422,42.43682717496995
20161111,20161114,000969.SZ,sell,2600.0,12.788377351509805,33249.78111392549,9.974934334177647,16.624890556962747,16.633207160542952,33265.61811620933
20161111,20161114,002778.SZ,sell,700.0,42.10610806115358,29474.275642807504,8.84228269284225,14.737137821403753,14.744510076438019,62716.31433850258
20161111,20161114,300411.SZ,sell,1400.0,24.769254223019594,34676.95591222743,10.403086773668228,17.338477956113714,17.347151531881536,97365.52868600024
20161111,20161114,600259.SH,sell,500.0,57.971000000000004,28985.5,8.695649999999999,14.492750000000001,14.5,126327.84028600024
20161111,20161114,600467.SH,sell,2600.0,4.410085285013213,11466.221741034353,5.0,5.7331108705171765,5.735978859947863,137783.3289161641
20161111,20161114,000510.SZ,buy,2100.0,15.561092720207254,32678.294712435232,9.80348841373057,0.0,16.3309818652815,105095.23071531512
20161111,20161114,002346.SZ,buy,1700.0,18.67377896160198,31745.424234723363,9.523627270417007,0.0,15.864779727493442,73340.28285332135
20161111,20161114,601901.SH,buy,4000.0,8.336846261551386,33347.38504620554,10.004215513861661,0.0,16.66535984318034,39982.89359160195
20161111,20161114,601958.SH,buy,4800.0,7.133358371013075,34240.12018086276,10.272036054258827,0.0,17.111504338259692,5732.501374684929
20161111,20161114,603993.SH,buy,1500.0,3.7875819240478834,5681.372886071825,5.0,0.0,2.839266809630317,46.12848861310431
20161118,20161121,000510.SZ,sell,2100.0,13.550230706678182,28455.484484024182,8.536645345207253,14.227742242012091,14.234859671847516,28478.848585050066
20161118,20161121,002346.SZ,sell,1700.0,21.77709527043766,37021.06195974402,11.106318587923207,18.510530979872012,18.519790875303443,65470.29369522629
20161118,20161121,601901.SH,sell,4000.0,8.290000224026883,33160.00089610754,9.94800026883226,16.58000044805377,16.588294595348998,98603.76659061694
20161118,20161121,601958.SH,sell,4800.0,6.804502682390322,32661.612875473547,9.798483862642064,16.330806437736776,16.338975925697014,131239.2501757901
20161118,20161121,603993.SH,sell,1500.0,3.5924318276826193,5388.647741523929,5.0,2.6943238707619646,2.6956717066150304,136620.20359344326
20161118,20161121,002408.SZ,buy,5100.0,6.547934273661866,33394.464795675514,10.018339438702654,0.0,16.688887953852827,103215.72045832904
20161118,20161121,002694.SZ,buy,1500.0,21.153395429582623,31730.093144373936,9.51902794331218,0.0,15.857118013180298,71476.10828601179
20161118,20161121,300293.SZ,buy,1700.0,20.383584471527627,34652.093601596964,10.395628080479089,0.0,17.31738810674142,36813.61905633435
20161118,20161121,300301.SZ,buy,3200.0,9.954975,31855.92,9.556776,0.0,15.920000000001892,4948.1422803343485
20161118,20161121,600575.SH,buy,1000.0,4.817964679814629,4817.96467981463,5.0,0.0,2.4077784506816897,125.17760051971891
20161125,20161128,002408.SZ,sell,5100.0,6.960953959992711,35500.865195962826,10.650259558788846,17.750432597981412,17.7593122541075,35597.64210432577
20161125,20161128,002694.SZ,sell,1500.0,21.85018733219429,32775.28099829144,9.832584299487431,16.38764049914572,16.39583841834974,68346.70287781858
20161125,20161128,300293.SZ,sell,1700.0,19.17238001681025,32593.046028577428,9.777913808573228,16.296523014288713,16.304675351962942,100913.67446957315
20161125,20161128,300301.SZ,sell,3200.0,9.895050000000001,31664.160000000003,9.499248,15.832080000000001,15.839999999996508,132552.50314157316
20161125,20161128,600575.SH,sell,1000.0,5.527238684501554,5527.2386845015535,5.0,2.763619342250777,2.7650018431722856,138071.97820673246
20161125,20161128,600191.SH,buy,2000.0,16.49779467710372,32995.58935420744,9.898676806262232,0.0,16.489549902158615,105066.49017571876
20161125,20161128,600376.SH,buy,3400.0,9.589122799849369,32603.017519487854,9.780905255846355,0.0,16.293362078704376,72453.69175097506
20161125,20161128,600545.SH,buy,2600.0,12.785500771220315,33242.302005172816,9.972690601551845,0.0,16.612844580289675,39201.4170552007
20161125,20161128,600608.SH,buy,1800.0,16.6083,29894.94,8.968481999999998,0.0,14.939999999995052,9297.5085732007
20161125,20161128,600718.SH,buy,500.0,18.11995791950408,9059.978959752041,5.0,0.0,4.527725617066608,232.52961344865798
20161202,20161205,600191.SH,sell,2000.0,14.584962187866926,29169.92437573385,8.750977312720154,14.584962187866926,14.592258317024971,29379.11804968192
20161202,20161205,600376.SH,sell,3400.0,9.205562492939185,31298.912475993227,9.389673742797967,15.649456237996613,15.657284880435327,60652.99139569436
20161202,20161205,600545.SH,sell,2600.0,11.464901878673878,29808.74488455208,8.942623465365623,14.90437244227604,14.911828356453043,90437.8892843388
20161202,20161205,600608.SH,sell,1800.0,15.722135000000002,28299.843000000004,8.4899529,14.149921500000003,14.156999999995605,118715.0924099388
20161202,20161205,600718.SH,sell,500.0,17.275582226646456,8637.791113323228,5.0,4.318895556661614,4.321056084703741,127343.56462770537
20161202,20161205,000920.SZ,buy,1900.0,15.662013006068287,29757.824711529745,8.927347413458923,0.0,14.87147661745621,97576.81256876217
20161202,20161205,002389.SZ,buy,1400.0,24.692782718930843,34569.895806503184,10.370968741950954,0.0,17.27630974837666,62996.54579351703
20161202,20161205,300296.SZ,buy,2800.0,10.715855508307262,30004.395423260336,9.0013186269781,0.0,14.994700361450668,32983.14905162971
20161202,20161205,300420.SZ,buy,4100.0,6.919118428617053,28368.38555732992,8.510515667198975,0.0,14.17710422655,4606.252978632594
20161202,20161205,601333.SH,buy,1000.0,4.320620220876381,4320.620220876381,5.0,0.0,2.1592304951900587,280.6327577562133
20161209,20161212,000920.SZ,sell,1900.0,14.896994837424145,28304.290191105876,8.491287057331762,14.152145095552939,14.159224707906105,28562.279516709204
20161209,20161212,002389.SZ,sell,1400.0,25.587896649295008,35823.05530901301,10.746916592703903,17.911527654506507,17.920487898452848,64356.67638147501
20161209,20161212,300296.SZ,sell,2800.0,11.229238144306413,31441.866804057954,9.432560041217386,15.720933402028978,15.728797800929897,95773.38969208972
20161209,20161212,300420.SZ,sell,4100.0,6.970961833280103,28580.94351644842,8.574283054934526,14.29047175822421,14.297620568504499,124331.46845372499
20161209,20161212,601333.SH,sell,1000.0,4.27207735660848,4272.07735660848,5.0,2.13603867830424,2.1371072319197992,128596.40977165516
20161209,20161212,000719.SZ,buy,3300.0,9.11371729291663,30075.26706662488,9.022580119987463,0.0,15.030118474074698,98512.12012491029
20161209,20161212,002481.SZ,buy,3300.0,9.164381222354226,30242.458033768948,9.072737410130683,0.0,15.11367218079613,68260.58935373121
20161209,20161212,002561.SZ,buy,2700.0,11.984739799660442,32358.797459083195,9.707639237724958,0.0,16.171313073005877,35892.084255410286
20161209,20161212,002819.SZ,buy,800.0,39.855538380334785,31884.430704267827,9.565329211280346,0.0,15.934248228015349,3998.088221931179
20161209,20161212,603001.SH,buy,200.0,18.382225831856665,3676.445166371333,5.0,0.0,1.837303931220049,316.64305555984583
20161216,20161219,000719.SZ,sell,3300.0,8.708128757947524,28736.824901226828,8.621047470368048,14.368412450613414,14.375600250739808,29030.47849686569
20161216,20161219,002481.SZ,sell,3300.0,9.039210167545319,29829.393552899553,8.948818065869865,14.914696776449777,14.92215785537337,58836.00853492292
20161216,20161219,002561.SZ,sell,2700.0,16.168482173174873,43654.90186757215,13.096470560271644,21.82745093378608,21.838370118850435,102455.98648100102
20161216,20161219,002819.SZ,sell,800.0,35.22593123209169,28180.74498567335,8.454223495702005,14.090372492836677,14.097421203437989,130614.18687068584
20161216,20161219,603001.SH,sell,200.0,17.209347312463088,3441.8694624926175,5.0,1.7209347312463088,1.7217956290610346,134049.3353984472
20161216,20161219,000576.SZ,buy,1900.0,18.2842209147213,34740.01973797047,10.42200592139114,0.0,17.361329204381036,99298.89365455534
20161216,20161219,000881.SZ,buy,1100.0,26.816487222887957,29498.135945176753,8.849440783553025,0.0,14.74169712402363,69791.90826859504
20161216,20161219,600467.SH,buy,6400.0,4.616909037372594,29548.2178391846,8.86446535175538,0.0,14.766725556812162,40234.82596405869
20161216,20161219,600790.SH,buy,8100.0,4.317815956432849,34974.30924710607,10.49229277413182,0.0,17.47841541584785,5250.024424178482
20161216,20161219,600819.SH,buy,600.0,8.196529672441486,4917.917803464891,5.0,0.0,2.457730036713656,327.1066207135909
20161223,20161226,000576.SZ,sell,1900.0,14.966291100524062,28435.953090995718,8.530785927298714,14.217976545497859,14.225089090043184,28740.310949236515
20161223,20161226,000881.SZ,sell,1100.0,26.22363616636709,28845.999783003797,8.653799934901139,14.422999891501899,14.43021499900351,57563.2339324139
20161223,20161226,600467.SH,sell,6400.0,4.304166206115516,27546.663719139302,8.26399911574179,13.773331859569652,13.780221970551793,85087.86032057789
20161223,20161226,600790.SH,sell,8100.0,3.837162842050887,31081.019020612184,9.324305706183655,15.540509510306093,15.548283652129612,116144.01452597359
20161223,20161226,600819.SH,sell,600.0,7.623624325952271,4574.174595571362,5.0,2.287087297785681,2.2882314134922126,120710.90203424716
20161223,20161226,600099.SH,buy,2200.0,15.730537998630679,34607.183596987496,10.382155079096247,0.0,17.2949443263351,86093.33628218056
20161223,20161226,600115.SH,buy,3900.0,7.147768204758472,27876.29599855804,8.362888799567411,0.0,13.931182408072345,58208.67739482295
20161223,20161226,600268.SH,buy,5100.0,5.924173002404828,30213.282312264622,9.063984693679386,0.0,15.099091610325559,27986.33109786465
20161223,20161226,600721.SH,buy,1200.0,18.8094,22571.28,6.771383999999999,0.0,11.279999999998836,5408.279713864653
20161223,20161226,603222.SH,buy,400.0,12.992007591623038,5196.803036649215,5.0,0.0,2.5971029668407937,206.47667721543803
20161230,20170103,600099.SH,sell,2200.0,18.651521435263593,41033.347157579905,12.31000414727397,20.516673578789952,20.52693704731064,41206.99715706928
20161230,20170103,600115.SH,sell,3900.0,6.8876863734679175,26861.976856524878,8.058593056957463,13.43098842826244,13.437707281900657,68047.48443210893
20161230,20170103,600268.SH,sell,5100.0,5.740067865148147,29274.34611225555,8.782303833676664,14.637173056127775,14.64449530377533,97298.41106747468
20161230,20170103,600721.SH,sell,1200.0,18.530730000000002,22236.876000000004,6.6710628000000005,11.118438000000003,11.123999999996158,119517.49756667468
20161230,20170103,603222.SH,sell,400.0,12.90886520069808,5163.546080279232,5.0,2.581773040139616,2.583064572425428,124673.46187391377
20161230,20170103,000683.SZ,buy,10700.0,2.780050995240907,29746.545649077707,8.92396369472331,0.0,14.865839904588938,94917.99226114133
20161230,20170103,000993.SZ,buy,2300.0,13.124834070080862,30187.11836118598,9.056135508355794,0.0,15.08601617250315,64721.817764447
20161230,20170103,002300.SZ,buy,5200.0,6.05418172350265,31481.74496221378,9.444523488664133,0.0,15.733005978116125,33230.62827874455
20161230,20170103,002430.SZ,buy,3900.0,7.551587329750573,29451.190586027235,8.83535717580817,0.0,14.718236174921913,3770.602335541509
20161230,20170103,600760.SH,buy,300.0,9.92811692621394,2978.435077864182,5.0,0.0,1.488473302280454,787.1672576773271
20170106,20170109,000683.SZ,sell,10700.0,2.872741070043191,30738.32944946214,9.221498834838641,15.369164724731071,15.376853151305113,31500.906043579897
20170106,20170109,000993.SZ,sell,2300.0,12.133229541778977,27906.427946091648,8.371928383827493,13.953213973045823,13.960194070077705,59385.00884731467
20170106,20170109,002300.SZ,sell,5200.0,9.053334737000416,47077.34063240216,14.123202189720647,23.53867031620108,23.550445538967324,106424.68760721092
20170106,20170109,002430.SZ,sell,3900.0,7.744632474565146,30204.066650804067,9.061219995241219,15.102033325402033,15.109588119459659,136604.59100469435
20170106,20170109,000852.SZ,buy,3500.0,9.075826026647198,31765.391093265192,9.529617327979556,0.0,15.874758167548862,104829.67029410118
20170106,20170109,002483.SZ,buy,4100.0,8.3255944626351,34134.93729680391,10.240481189041173,0.0,17.058939178801666,70684.49251610822
20170106,20170109,300152.SZ,buy,3800.0,8.524464835922753,32392.96637650646,9.717889912951938,0.0,16.18838899374896,38281.80824968881
20170106,20170109,300172.SZ,buy,4200.0,8.097286221281575,34008.60212938261,10.202580638814783,0.0,16.99580316310312,4263.003539667385
20170106,20170109,603009.SH,buy,100.0,23.48887468614471,2348.8874686144713,5.0,0.0,1.1738568059040517,1909.1160710529134
20170113,20170116,000852.SZ,sell,3500.0,8.882346165358642,31088.21157875525,9.326463473626575,15.544105789377625,15.551881730236346,32972.45708054516
20170113,20170116,002483.SZ,sell,4100.0,7.474673473675061,30646.161242067752,9.193848372620325,15.323080621033876,15.330745994026074,63594.10139361926
20170113,20170116,300152.SZ,sell,3800.0,8.276900571366344,31452.22217119211,9.435666651357632,15.726111085596054,15.733978074633342,95021.16178707442
20170113,20170116,300172.SZ,sell,4200.0,7.269583120100174,30532.24910442073,9.159674731326218,15.266124552210366,15.273761432923493,125528.98509221162
20170113,20170116,600760.SH,sell,300.0,10.584633668512485,3175.3901005537455,5.0,1.5876950502768727,1.5884892949243294,128697.78749771508
20170113,20170116,002388.SZ,buy,2600.0,12.938450962684632,33639.97250298005,10.091991750894014,0.0,16.811580461260746,95047.72300298413
20170113,20170116,002779.SZ,buy,1100.0,25.708163817330213,28278.980199063233,8.48369405971897,0.0,14.132423887585901,66760.25910986117
20170113,20170116,600236.SH,buy,8900.0,3.5501218017153486,31596.084035266602,9.478825210579979,0.0,15.790146944156731,35154.696249384
20170113,20170116,600576.SH,buy,1600.0,20.910449999999997,33456.719999999994,10.037015999999998,0.0,16.719999999993888,1687.9392333840005
20170113,20170116,603288.SH,buy,100.0,13.281501716954928,1328.1501716954929,5.0,0.0,0.6637432142406396,354.7890616885077
20170120,20170123,002779.SZ,sell,1100.0,22.516136768149885,24767.750444964873,7.430325133489461,12.383875222482438,12.390070257610205,25102.72530629741
20170120,20170123,600236.SH,sell,8900.0,3.5687395381754943,31761.7818897619,9.528534566928569,15.88089094488095,15.888835362558893,56839.097770547494
20170120,20170123,600576.SH,sell,1600.0,21.909040000000005,35054.46400000001,10.5163392,17.527232000000005,17.535999999992782,91865.5181993475
20170120,20170123,603009.SH,sell,100.0,21.46234798942403,2146.234798942403,5.0,1.0731173994712015,1.0736542265840399,94005.67988089043
20170120,20170123,603288.SH,sell,100.0,13.439928267780697,1343.9928267780697,5.0,0.6719964133890348,0.6723325796788231,95344.00071125511
20170120,20170123,002333.SZ,buy,1700.0,15.418546382342733,26211.528849982646,7.863458654994793,0.0,13.099214817579195,69124.60840261746
20170120,20170123,002549.SZ,buy,3900.0,9.874010508454393,38508.64098297214,11.55259229489164,0.0,19.244698142414563,30604.414827350432
20170120,20170123,300131.SZ,buy,3200.0,9.55124204511116,30563.97454435571,9.169192363306713,0.0,15.274350097126444,31.271090631413244
20170126,20170203,002333.SZ,sell,1700.0,15.893621180175613,27019.15600629854,8.10574680188956,13.50957800314927,13.516336171232979,27028.81177212492
20170126,20170203,002388.SZ,sell,2600.0,14.479670251360455,37647.14265353718,11.294142796061152,18.82357132676859,18.83298782067868,64645.83671153926
20170126,20170203,002549.SZ,sell,3900.0,9.306603003691357,36295.75171439629,10.888725514318887,18.147875857198144,18.156954334364855,100912.55182456403
20170126,20170203,300131.SZ,sell,3200.0,9.121743775091735,29189.580080293552,8.756874024088065,14.594790040146776,14.60209108568597,130078.78024079333
20170126,20170203,002395.SZ,buy,1700.0,17.914702565803356,30454.994361865705,9.13649830855971,0.0,15.219887237311923,99614.64938061907
20170126,20170203,002534.SZ,buy,3500.0,9.245799311136624,32360.297588978185,9.708089276693455,0.0,16.17206276311117,67244.64370236419
20170126,20170203,002725.SZ,buy,1900.0,17.090301886792457,32471.57358490567,9.7414720754717,0.0,16.227672955974413,34763.32864538305
20170126,20170203,300099.SZ,buy,3100.0,10.28683559389846,31889.190341085225,9.566757102325566,0.0,15.936626857113879,2864.571547195501
20170126,20170203,601666.SH,buy,700.0,3.5871142443772195,2510.9799710640536,5.0,0.0,1.254862554254487,348.59157613144725
20170203,20170206,002395.SZ,sell,1700.0,16.38835251304007,27860.199272168116,8.358059781650434,13.930099636084059,13.937068170169368,28186.50268888183
20170203,20170206,002534.SZ,sell,3500.0,8.487462271973465,29706.117951907127,8.911835385572138,14.853058975953564,14.860489220565796,57868.85574642743
20170203,20170206,002725.SZ,sell,1900.0,15.70126493710692,29832.403380503147,8.949721014150944,14.916201690251574,14.923663522014976,87677.39320422617
20170203,20170206,300099.SZ,sell,3100.0,9.149775936590345,28364.30540343007,8.50929162102902,14.182152701715035,14.189247325375618,116019.0071633335
20170203,20170206,000525.SZ,buy,2000.0,17.331988312804352,34663.9766256087,10.39919298768261,0.0,17.32332664947171,81344.63134473712
20170203,20170206,000795.SZ,buy,4400.0,6.760718695106649,29747.162258469256,8.924148677540776,0.0,14.866148055203666,51588.544937590326
20170203,20170206,002552.SZ,buy,1800.0,18.60849568441716,33495.29223195089,10.048587669585265,0.0,16.739276477732346,18083.204117969857
20170203,20170206,600098.SH,buy,1900.0,9.410218971300782,17879.416045471487,5.363824813641446,0.0,8.935240402533964,198.42424768472847
20170210,20170213,000525.SZ,sell,2000.0,17.111758755848374,34223.51751169675,10.267055253509024,17.111758755848378,17.12031891530205,34394.56294537213
20170210,20170213,000795.SZ,sell,4400.0,6.9554289523212045,30603.8873902133,9.18116621706399,15.30194369510665,15.30959849435385,64973.96722567325
20170210,20170213,002552.SZ,sell,1800.0,18.736350504782976,33725.430908609356,10.117629272582805,16.862715454304677,16.871151029816247,98672.41778955572
20170210,20170213,600098.SH,sell,1900.0,9.656617902845078,18347.574015405648,5.504272204621694,9.173787007702824,9.178376195799501,117005.31374574905
20170210,20170213,601666.SH,sell,700.0,3.756069204261476,2629.248442983033,5.0,1.3146242214915165,1.315281862423035,119628.24756451059
20170210,20170213,000425.SZ,buy,8800.0,3.2949610455703637,28995.6572010192,8.698697160305759,0.0,14.490583308852365,90623.89166633108
20170210,20170213,000905.SZ,buy,2600.0,11.168026288453857,29036.868349980028,8.711060504994007,0.0,14.511178585697053,61578.31225584606
20170210,20170213,002342.SZ,buy,3700.0,8.054025000000001,29799.892500000005,8.939967750000001,0.0,14.892500000001746,31769.479788096054
20170210,20170213,600217.SH,buy,3200.0,9.13344083282087,29227.010665026784,8.768103199508035,0.0,14.60620223139631,2533.701019869761
20170210,20170213,603022.SH,buy,100.0,25.19184968529321,2519.184968529321,5.0,0.0,1.2589630027628118,9.516051340439844
20170217,20170220,000425.SZ,sell,8800.0,3.274787383842593,28818.12897781482,8.645438693344445,14.40906448890741,14.416272625217971,28804.59052597301
20170217,20170220,000905.SZ,sell,2600.0,11.457385428395018,29789.202113827047,8.936760634148113,14.894601056913524,14.90205208295447,58569.961278108996
20170217,20170220,002342.SZ,sell,3700.0,8.215890000000002,30398.793000000005,9.1196379,15.199396500000002,15.206999999998516,88944.435243709
20170217,20170220,600217.SH,sell,3200.0,8.618507706667836,27579.224661337077,8.273767398401123,13.78961233066854,13.796510585962096,116501.596525317
20170217,20170220,603022.SH,sell,100.0,25.762672551427695,2576.2672551427695,5.0,1.2881336275713848,1.288778016579272,119071.57564683219
20170217,20170220,000548.SZ,buy,3100.0,9.640598476443047,29885.85527697345,8.965756583092034,0.0,14.935459908530902,89176.75461327565
20170217,20170220,002413.SZ,buy,2200.0,12.799849587026591,28159.6690914585,8.447900727437549,0.0,14.07279814665526,61008.637621089714
20170217,20170220,300123.SZ,buy,2700.0,11.377951216617209,30720.468284866463,9.216140485459938,0.0,15.352557863498077,30278.95319573779
20170217,20170220,300419.SZ,buy,2000.0,14.374722450916657,28749.444901833314,8.624833470549994,0.0,14.367538681577571,1520.8834604339281
20170217,20170220,603688.SH,buy,100.0,8.747446848330588,874.7446848330588,5.0,0.0,0.43715376553382157,641.1387756008693
20170224,20170227,000548.SZ,sell,3100.0,9.453304160690607,29305.24289814088,8.791572869442264,14.652621449070441,14.659951424782776,29922.93747942324
20170224,20170227,002413.SZ,sell,2200.0,12.549157415390814,27608.14631385979,8.282443894157936,13.804073156929896,13.810978646251897,57508.99727623194
20170224,20170227,300123.SZ,sell,2700.0,11.985168282228818,32359.95436201781,9.707986308605342,16.179977181008905,16.188071216616663,89843.06367476014
20170224,20170227,300419.SZ,sell,2000.0,13.765723238850606,27531.446477701214,8.259433943310363,13.765723238850608,13.772609543619183,117352.4849952792
20170224,20170227,603688.SH,sell,100.0,8.372365099565805,837.2365099565804,5.0,0.41861825497829025,0.4188276688125825,118184.3028869808
20170224,20170227,000591.SZ,buy,5600.0,5.357487637606973,30001.93077059905,9.000579231179714,0.0,14.99346865096959,88173.37153715058
20170224,20170227,002174.SZ,buy,1000.0,28.678755657004213,28678.755657004214,8.603626697101264,0.0,14.332211722638021,59486.01225344927
20170224,20170227,002555.SZ,buy,1900.0,15.118887230984146,28725.885738869878,8.617765721660962,0.0,14.355764986939903,30751.50874885773
20170224,20170227,300424.SZ,buy,900.0,32.50338095238095,29253.042857142857,8.775912857142856,0.0,14.619211822657235,1489.689978857732
20170303,20170306,000591.SZ,sell,5600.0,5.756349852099269,32235.559171755904,9.67066775152677,16.11777958587795,16.125842507131892,33699.46070327623
20170303,20170306,002174.SZ,sell,1000.0,28.610831087983655,28610.831087983654,8.583249326395096,14.305415543991828,14.31257182990521,62287.403126389494
20170303,20170306,002555.SZ,sell,1900.0,15.500440721019848,29450.83736993771,8.835251210981312,14.725418684968856,14.73278507750365,91714.67982643125
20170303,20170306,300424.SZ,sell,900.0,31.546298872468533,28391.66898522168,8.517500695566504,14.19583449261084,14.202935960587638,120083.63547646475
20170303,20170306,000973.SZ,buy,3500.0,8.12788725794054,28447.605402791887,8.534281620837566,0.0,14.216694354214269,91627.49579205204
20170303,20170306,002358.SZ,buy,1400.0,21.266727400771227,29773.41836107972,8.932025508323916,0.0,14.879269545766874,61845.145405464
20170303,20170306,300390.SZ,buy,5900.0,5.181513554527027,30570.92997170946,9.171278991512837,0.0,15.277826072815515,31265.044154763025
20170303,20170306,300432.SZ,buy,4400.0,6.710422655043326,29525.859682190632,8.85775790465719,0.0,14.755552065060328,1730.3267146677354
20170303,20170306,603007.SH,buy,100.0,12.557001213236832,1255.7001213236833,5.0,0.0,0.6275362925157424,469.626593344052
20170310,20170313,000973.SZ,sell,3500.0,8.129096494012051,28451.83772904218,8.535551318712654,14.225918864521091,14.233035382207163,28898.702852202998
20170310,20170313,002358.SZ,sell,1400.0,19.9889147640295,27984.4806696413,8.395344200892389,13.99224033482065,13.999239954795485,56860.79593730858
20170310,20170313,300390.SZ,sell,5900.0,5.040763961542213,29740.50737309906,8.922152211929717,14.87025368654953,14.877692532812944,86577.51090450917
20170310,20170313,300432.SZ,sell,4400.0,6.836462429208444,30080.434688517154,9.024130406555146,15.040217344258577,15.0477412148648,116633.88124527551
20170310,20170313,603007.SH,sell,100.0,12.753524662176297,1275.3524662176296,5.0,0.6376762331088148,0.6379952307243002,117903.59603526002
20170310,20170313,002314.SZ,buy,3700.0,7.995203292937736,29582.252183869623,8.874675655160885,0.0,14.783734224820364,88312.46917573524
20170310,20170313,002830.SZ,buy,900.0,30.054456843237432,27049.01115891369,8.114703347674107,0.0,13.517746706103935,61255.34331347387
20170310,20170313,002836.SZ,buy,1700.0,16.76577720507326,28501.821248624543,8.550546374587363,0.0,14.243788729945663,32744.971518474744
20170310,20170313,300308.SZ,buy,1600.0,18.015094524036932,28824.151238459093,8.647245371537727,0.0,14.404873182640586,3912.1730346441145
20170317,20170320,002314.SZ,sell,3700.0,7.565868328458004,27993.712815294613,8.398113844588384,13.996856407647307,14.003858336815028,31883.49087968649
20170317,20170320,002830.SZ,sell,900.0,31.377151115891373,28239.436004302235,8.47183080129067,14.119718002151117,14.12678139284617,60100.335335185286
20170317,20170320,002836.SZ,sell,1700.0,21.295885214571147,36203.00486477095,10.860901459431284,18.101502432385473,18.11055771123938,96274.37779606442
20170317,20170320,300308.SZ,sell,1600.0,18.757387888297632,30011.820621276212,9.003546186382863,15.005910310638107,15.013417019144981,126262.1889608436
20170317,20170320,002201.SZ,buy,4200.0,7.431320451223472,31211.545895138584,9.363463768541575,0.0,15.597973960586387,95041.27960193648
20170317,20170320,002689.SZ,buy,3800.0,7.965611510791366,30269.32374100719,9.080797122302156,0.0,15.127098321339872,64762.87506380698
20170317,20170320,300120.SZ,buy,2500.0,12.0530445385514,30132.6113463785,9.03978340391355,0.0,15.058776285044587,34621.22393402457
20170317,20170320,300534.SZ,buy,1300.0,24.5590586645648,31926.776263934244,9.578032879180272,0.0,15.955410426751769,2684.869637211148
20170317,20170320,600373.SH,buy,100.0,16.42149923875799,1642.1499238757988,5.0,0.0,0.8206646296230247,1037.7197133353493
20170324,20170327,002201.SZ,sell,4200.0,7.736642411487657,32493.898128248158,9.748169438474447,16.24694906412408,16.255076602425106,33505.62272308091
20170324,20170327,002526.SZ,sell,8600.0,3.7795713926563015,32504.313976844194,9.751294193053257,16.252156988422097,16.260287131986843,65983.93324874362
20170324,20170327,002689.SZ,sell,3800.0,7.559767386091128,28727.116067146286,8.618134820143885,14.363558033573144,14.37074340527397,94688.06762303619
20170324,20170327,300120.SZ,sell,2500.0,11.817481994742991,29543.704986857476,8.863111496057241,14.771852493428739,14.779242114487715,124208.13764590418
20170324,20170327,300534.SZ,sell,1300.0,26.321142044814774,34217.48465825921,10.265245397477761,17.108742329129605,17.11730097961845,158398.24831643677
20170324,20170327,600373.SH,sell,100.0,15.799809238228125,1579.9809238228124,5.0,0.7899904619114062,0.7903856547386567,159972.43924979767
20170324,20170327,000903.SZ,buy,6900.0,4.811673414025455,33200.54655677564,9.960163967032692,0.0,16.59197728973959,126761.93252905499
20170324,20170327,002040.SZ,buy,1900.0,15.686723942170959,29804.775490124823,8.941432647037447,0.0,14.89494027492401,96948.21560628313
20170324,20170327,002516.SZ,buy,6200.0,5.156375730544448,31969.529529375577,9.590858858812672,0.0,15.976776376497583,64969.095218048744
20170324,20170327,300420.SZ,buy,3900.0,8.127557968700094,31697.476077930365,9.50924282337911,0.0,15.840817630145466,33262.109897295
20170324,20170327,601231.SH,buy,3100.0,10.144325962487661,31447.410483711752,9.434223145113524,0.0,15.71584731819894,1805.2651904381346
20170331,20170405,000903.SZ,sell,6900.0,4.377173931869229,30202.50012989768,9.060750038969303,15.10125006494884,15.10880446718511,31983.603320231894
20170331,20170405,002040.SZ,sell,1900.0,16.181666534997632,30745.1664164955,9.22354992494865,15.37258320824775,15.38027334491926,62704.1736035942
20170331,20170405,002516.SZ,sell,6200.0,4.7391241771762544,29382.569898492777,8.814770969547832,14.69128494924639,14.698634266376757,92063.23744616818
20170331,20170405,300420.SZ,sell,3900.0,7.371591823698498,28749.208112424145,8.624762433727243,14.374604056212073,14.38179495368604,120789.44619210239
20170331,20170405,601231.SH,sell,3100.0,10.414747244159264,32285.71645689372,9.685714937068115,16.14285822844686,16.150933695291315,153049.3340758306
20170331,20170405,002060.SZ,buy,7400.0,3.61441404542678,26746.663936158173,8.02399918084745,0.0,13.36664864375416,126294.64614049156
20170331,20170405,002204.SZ,buy,6400.0,5.0224497909893175,32143.678662331633,9.643103598699488,0.0,16.063807427453867,94141.32437456123
20170331,20170405,300311.SZ,buy,2400.0,12.163735014291547,29192.96403429971,8.757889210289912,0.0,14.58918742343667,64939.60245105122
20170331,20170405,600744.SH,buy,5800.0,5.90295,34237.11,10.271132999999999,0.0,17.110000000000582,30692.22131805122
20170331,20170405,600798.SH,buy,4800.0,6.048642634985423,29033.484647930032,8.710045394379009,0.0,14.5094875801733,1650.0266247268082
20170407,20170410,002060.SZ,sell,7400.0,3.619208425898694,26782.142351650335,8.0346427054951,13.391071175825168,13.397770060855692,28410.743262495824
20170407,20170410,002204.SZ,sell,6400.0,5.036435267271148,32233.18571053535,9.669955713160604,16.116592855267676,16.124655182858987,60618.14242446274
20170407,20170410,300311.SZ,sell,2400.0,12.184778389138424,29243.46813393222,8.773040440179665,14.62173406696611,14.629048591257742,89838.21578388782
20170407,20170410,600744.SH,sell,5800.0,6.146925,35652.165,10.6956495,17.826082500000002,17.834999999999127,125461.85905188782
20170407,20170410,600798.SH,sell,4800.0,5.979746823323617,28702.78475195336,8.610835425586007,14.351392375976681,14.35857166180358,154141.6815760396
20170407,20170410,000778.SZ,buy,5500.0,5.608403359214854,30846.2184756817,9.25386554270451,0.0,15.415401537073194,123286.20923481521
20170407,20170410,002146.SZ,buy,3400.0,9.249657831325301,31448.836626506025,9.434650987951807,0.0,15.716560033237329,91827.93795732124
20170407,20170410,300407.SZ,buy,1400.0,20.996738905796587,29395.43446811522,8.818630340434567,0.0,14.69037204802953,62423.68485886558
20170407,20170410,600155.SH,buy,1800.0,16.468457386363635,29643.223295454543,8.892966988636362,0.0,14.814204545451503,32771.568596422396
20170407,20170410,600550.SH,buy,3200.0,9.654825,30895.440000000002,9.268632,0.0,15.440000000002328,1866.8599644223941
20170414,20170417,000778.SZ,sell,5500.0,6.08325897724052,33457.92437482286,10.037377312446857,16.72896218741143,16.737330852840387,35298.0179997454
20170414,20170417,002146.SZ,sell,3400.0,10.441666459493147,35501.665962276704,10.65049978868301,17.750832981138352,17.75971283754916,70771.2826292523
20170414,20170417,300407.SZ,sell,1400.0,17.9927449453842,25189.84292353788,7.556952877061363,12.594921461768939,12.601222072800738,95940.97367845135
20170414,20170417,600155.SH,sell,1800.0,17.758186024449035,31964.734844008264,9.589420453202479,15.982367422004133,15.990362603304675,127880.1367345844
20170414,20170417,000415.SZ,buy,4200.0,7.258237946364548,30484.5993747311,9.14537981241933,0.0,15.234682346188492,97386.39198004088
20170414,20170417,000507.SZ,buy,3300.0,9.751871179807852,32181.17489336591,9.654352468009773,0.0,16.082546173594892,65195.56273420696
20170414,20170417,002330.SZ,buy,2600.0,13.205220469000341,34333.57321940089,10.300071965820266,0.0,17.158207505948667,30851.689442840245
20170414,20170417,002443.SZ,buy,3000.0,10.220562654479316,30661.687963437947,9.198506389031383,0.0,15.323182390518923,180.80297301326573
20170421,20170424,000415.SZ,sell,4200.0,6.859038290549261,28807.960820306896,8.642388246092068,14.403980410153448,14.41118600315167,28965.71742466392
20170421,20170424,000507.SZ,sell,3300.0,8.06149233269836,26602.92469790459,7.980877409371376,13.301462348952295,13.308116407155467,55547.359782810185
20170421,20170424,002443.SZ,sell,3000.0,8.403901156554586,25211.703469663757,7.563511040899126,12.605851734831878,12.612157813739032,80738.89388969821
20170421,20170424,600550.SH,sell,3200.0,8.91554,28529.728,8.5589184,14.264864,14.272000000000844,109245.79810729821
20170421,20170424,000725.SZ,buy,6000.0,3.4478223273511204,20686.933964106724,6.206080189232017,0.0,10.338297833135584,88552.65806300225
20170421,20170424,002282.SZ,buy,2400.0,13.584904281803963,32603.770276329513,9.781131082898852,0.0,16.293738269032474,55939.10665558984
20170421,20170424,300152.SZ,buy,2800.0,9.062852088717873,25375.985848410044,7.612795754523012,0.0,12.681652098151972,30555.508011425278
20170421,20170424,300298.SZ,buy,1500.0,12.38488245772196,18577.32368658294,5.573197105974881,0.0,9.284019833376078,11972.611127736363
20170421,20170424,600681.SH,buy,1500.0,7.745114854490479,11617.672281735719,5.0,0.0,5.8059331742806535,349.93884600064484
20170428,20170502,000725.SZ,sell,6000.0,3.487756281323703,20926.53768794222,6.277961306382665,10.46326884397111,10.468503095518827,21259.73530379251
20170428,20170502,002330.SZ,sell,2600.0,9.085633092197893,23622.646039714524,7.086793811914356,11.811323019857262,11.817231635675853,44863.483226675264
20170428,20170502,300152.SZ,sell,2800.0,9.46216070132133,26494.049963699727,7.948214989109918,13.247024981849863,13.253651807754068,71336.33795040403
20170428,20170502,300298.SZ,sell,1500.0,12.40360608679433,18605.409130191496,5.581622739057448,9.302704565095748,9.30735824421572,89926.86275329138
20170428,20170502,600681.SH,sell,1500.0,7.358891743830805,11038.337615746208,5.0,5.519168807873104,5.521929772758085,100954.68120022971
20170428,20170502,002282.SZ,sell,600.0,18.877543819516855,11326.526291710114,5.0,5.663263145855057,5.666096193952399,112270.54422879397
20170428,20170502,000736.SZ,buy,2800.0,10.305414682539682,28855.161111111112,8.656548333333333,0.0,14.42037037037153,83406.72656934953
20170428,20170502,002011.SZ,buy,2000.0,11.045762056451613,22091.524112903226,6.627457233870967,0.0,11.040241935483209,61308.57499921243
20170428,20170502,300122.SZ,buy,1800.0,13.125187913176616,23625.33824371791,7.087601473115372,0.0,11.806765738987451,37676.149154021405
20170428,20170502,300157.SZ,buy,3300.0,11.30565,37308.645,11.192593499999997,0.0,18.6449999999968,356.3115605214043
20170505,20170508,000736.SZ,sell,2800.0,7.665900582010582,21464.521629629628,6.439356488888888,10.732260814814815,10.737629629631556,21803.66157284733
20170505,20170508,002011.SZ,sell,2000.0,10.707546774193549,21415.0935483871,6.42452806451613,10.70754677419355,10.71290322580171,43201.62304639572
20170505,20170508,002282.SZ,sell,1800.0,17.510518254692386,31518.932858446293,9.455679857533887,15.759466429223147,15.767350104277284,74695.34075855525
20170505,20170508,300122.SZ,sell,1800.0,12.60322419165991,22685.803544987837,6.805741063496351,11.342901772493919,11.348576060525374,97362.99566070709
20170505,20170508,300157.SZ,sell,3300.0,11.894050000000002,39250.365000000005,11.775109500000001,19.625182500000005,19.63499999999476,136581.9603687071
20170505,20170508,002178.SZ,buy,2900.0,10.39608868614255,30148.657189813395,9.044597156944018,0.0,15.0667951973046,106424.25858173677
20170505,20170508,002449.SZ,buy,1700.0,10.670994805527943,18140.691169397505,5.442207350819251,0.0,9.06581267836009,88278.12520498844
20170505,20170508,600319.SH,buy,2400.0,10.655325,25572.78,7.671833999999999,0.0,12.779999999998836,62697.673370988436
20170505,20170508,600581.SH,buy,6200.0,5.582002240441287,34608.413890735974,10.382524167220792,0.0,17.295559165781015,28078.876956085238
20170512,20170515,002178.SZ,sell,2900.0,9.876888390945242,28642.9763337412,8.59289290012236,14.321488166870601,14.32865249311726,56698.938908759446
20170512,20170515,002449.SZ,sell,1700.0,10.825392304485845,18403.16691762594,5.520950075287781,9.20158345881297,9.206186552084546,75087.38329285129
20170512,20170515,600319.SH,sell,2400.0,10.23488,24563.712,7.3691135999999995,12.281856,12.288000000000466,99631.44432325129
20170512,20170515,600581.SH,sell,6200.0,4.786221379023727,29674.57254994711,8.902371764984132,14.837286274973554,14.844708629287197,129282.27721515844
20170512,20170515,300334.SZ,buy,1100.0,30.991806039735092,34090.9866437086,10.22729599311258,0.0,17.036974834438297,95181.06327545672
20170512,20170515,600036.SH,buy,2000.0,14.490271846964445,28980.543693928892,8.694163108178667,0.0,14.483030331797636,66191.82541841964
20170512,20170515,600133.SH,buy,3100.0,8.493869842265832,26330.99651102408,7.899298953307223,0.0,13.158918796114449,39852.92960844225
20170512,20170515,601939.SH,buy,4100.0,3.84145997231584,15749.985886494944,5.0,0.0,7.871057414540701,24097.94372194731
20170512,20170515,603958.SH,buy,600.0,33.83473837209302,20300.843023255813,6.090252906976743,0.0,10.145348837209895,3791.0104457845227
20170519,20170522,300334.SZ,sell,1100.0,33.96799646799116,37364.79611479028,11.209438834437083,18.68239805739514,18.69174392936111,41125.914723682974
20170519,20170522,600036.SH,sell,2000.0,14.482867441970857,28965.734883941714,8.689720465182514,14.482867441970857,14.490112498220697,70068.47701971754
20170519,20170522,600133.SH,sell,3100.0,8.214197962870806,25464.0136848995,7.639204105469849,12.73200684244975,12.738376030465588,95512.11949366912
20170519,20170522,601939.SH,sell,4100.0,3.7629827575830523,15428.229306090514,5.0,7.714114653045257,7.717973639864795,110927.63468510659
20170519,20170522,603958.SH,sell,600.0,33.89777131782946,20338.662790697676,6.101598837209302,10.169331395348838,10.174418604648963,131250.02654557172
20170519,20170522,000062.SZ,buy,1200.0,19.702845778923322,23643.414934707987,7.093024480412396,0.0,11.81579956756832,107599.51858638332
20170519,20170522,300150.SZ,buy,2800.0,8.767342907507258,24548.560141020323,7.364568042306097,0.0,12.268145997510146,83043.59387732069
20170519,20170522,300600.SZ,buy,1200.0,21.815665883931565,26178.79906071788,7.853639718215363,0.0,13.082858101304737,56856.94117688459
20170519,20170522,601808.SH,buy,2400.0,11.876192166462666,28502.861199510397,8.550858359853118,0.0,14.244308445529896,28345.52911901434
20170519,20170522,603667.SH,buy,1300.0,19.94384212701474,25926.99476511916,7.778098429535747,0.0,12.957018873119523,2410.7562554656433
20170526,20170531,000062.SZ,sell,1200.0,18.546685029866975,22256.02203584037,6.676806610752111,11.128011017920185,11.13357780682054,24648.973473677343
20170526,20170531,300150.SZ,sell,2800.0,7.835151389464953,21938.42389050187,6.5815271671505595,10.969211945250935,10.974699294900347,46569.84662506681
20170526,20170531,300600.SZ,sell,1200.0,19.312713854411275,23175.25662529353,6.952576987588058,11.587628312646764,11.593425025159377,69726.56304506012
20170526,20170531,601808.SH,sell,2400.0,11.115956988984088,26678.29677356181,8.003489032068543,13.339148386780906,13.345821297429211,96383.51718120307
20170526,20170531,603667.SH,sell,1300.0,17.20450819672131,22365.860655737702,6.70975819672131,11.182930327868851,11.188524590164889,118731.48514841619
20170526,20170531,002135.SZ,buy,3100.0,7.921786286636193,24557.537488572198,7.367261246571658,0.0,12.27263242807021,94166.58039859742
20170526,20170531,002592.SZ,buy,700.0,29.731391670771917,20811.974169540343,6.243592250862102,0.0,10.40078669142531,73348.36263680621
20170526,20170531,300012.SZ,buy,4700.0,4.9204819168173595,23126.26500904159,6.937879502712476,0.0,11.557353827603947,50215.15974826191
20170526,20170531,601101.SH,buy,5200.0,5.043289276964634,26225.104240216097,7.867531272064828,0.0,13.105999120547494,23982.18797677375
20170526,20170531,603098.SH,buy,900.0,23.650857995785525,21285.772196206974,6.385731658862092,0.0,10.637567314446642,2690.0300489079127
20170602,20170605,002135.SZ,sell,3100.0,7.987829846732994,24762.27252487228,7.428681757461684,12.381136262436142,12.387329927398241,27432.492755760297
20170602,20170605,002592.SZ,sell,700.0,27.394287970366445,19176.00157925651,5.7528004737769525,9.588000789628255,9.592797188222903,46593.1535337534
20170602,20170605,300012.SZ,sell,4700.0,4.507931766124171,21187.279300783604,6.356183790235081,10.593639650391802,10.598939119950956,67763.48301109638
20170602,20170605,601101.SH,sell,5200.0,4.870306891136378,25325.595833909167,7.597678750172749,12.662797916954583,12.669132483195426,93068.81836833843
20170602,20170605,603098.SH,sell,900.0,21.65169897760087,19486.529079840784,5.845958723952235,9.743264539920393,9.748138609222224,112539.75822491533
20170602,20170605,000558.SZ,buy,2500.0,7.8039,19509.75,5.852924999999999,0.0,9.75,93024.15529991534
20170602,20170605,002218.SZ,buy,5500.0,4.775718599769077,26266.452298729924,7.879935689618977,0.0,13.126662817951,66749.82306549579
20170602,20170605,002549.SZ,buy,3100.0,7.813347445820433,24221.377082043342,7.266413124613002,0.0,12.104636222909903,42521.17957032783
20170602,20170605,300226.SZ,buy,1100.0,19.035477005068575,20939.024705575433,6.281707411672629,0.0,10.464280212683661,21575.873157340728
20170602,20170605,300255.SZ,buy,1800.0,11.207474200959355,20173.45356172684,6.052036068518052,0.0,10.08168593789378,1396.3675595453678
20170609,20170612,000558.SZ,sell,2500.0,8.09595,20239.875,6.0719625,10.1199375,10.125,21620.05065954537
20170609,20170612,002218.SZ,sell,5500.0,4.7327012175921075,26029.856696756593,7.808957009026977,13.014928348378296,13.02143906791025,47629.08347094456
20170609,20170612,002549.SZ,sell,3100.0,7.419549860085736,23000.60456626578,6.900181369879734,11.500302283132891,11.506055310786905,70611.28755355733
20170609,20170612,300226.SZ,sell,1100.0,19.69020463377062,21659.225097147682,6.497767529144304,10.829612548573841,10.83503006360479,92253.18527062729
20170609,20170612,300255.SZ,sell,1800.0,9.769682268366576,17585.428083059836,5.275628424917951,8.79271404152992,8.797112597829255,109824.54501122067
20170609,20170612,002047.SZ,buy,2400.0,8.504716920478968,20411.320609149523,6.123396182744856,0.0,10.200560024561128,89407.1010058884
20170609,20170612,002163.SZ,buy,2500.0,8.30415,20760.375,6.228112499999999,0.0,10.375,68640.4978933884
20170609,20170612,002633.SZ,buy,900.0,23.71185,21340.664999999997,6.402199499999998,0.0,10.664999999997235,47293.4306938884
20170609,20170612,300279.SZ,buy,1500.0,15.241360159362552,22862.04023904383,6.858612071713148,0.0,11.425307465786318,24424.531842772856
20170609,20170612,600031.SH,buy,3400.0,6.153975328016464,20923.516115255978,6.277054834576793,0.0,10.45652979272927,3494.7386726823024
20170616,20170619,002047.SZ,sell,2400.0,7.966429284617746,19119.43028308259,5.735829084924776,9.559715141541295,9.564497390234465,22598.873411538425
20170616,20170619,002163.SZ,sell,2500.0,8.245875,20614.6875,6.184406249999999,10.30734375,10.3125,43197.06916153843
20170616,20170619,002633.SZ,sell,900.0,17.641175,15877.0575,5.0,7.938528750000001,7.942499999997381,59061.188132788426
20170616,20170619,300279.SZ,sell,1500.0,14.897719767884986,22346.57965182748,6.703973895548243,11.17328982591374,11.178879265542491,81389.89052089443
20170616,20170619,600031.SH,sell,3400.0,6.1986328944866385,21075.35184125457,6.322605552376371,10.537675920627287,10.542947394322255,102448.382080676
20170616,20170619,000810.SZ,buy,1600.0,12.045485266790548,19272.776426864875,5.781832928059462,0.0,9.63157242721718,83169.82382088307
20170616,20170619,002485.SZ,buy,1200.0,15.60989705882353,18731.876470588235,5.61956294117647,0.0,9.361257606487925,64432.32778735366
20170616,20170619,002591.SZ,buy,1400.0,15.635115238095239,21889.161333333333,6.5667484,0.0,10.939111111110833,42536.59970562032
20170616,20170619,600793.SH,buy,700.0,28.588070898598513,20011.64962901896,6.003494888705688,0.0,10.000824402308353,22518.946581712655
20170616,20170619,603993.SH,buy,4400.0,4.357116528678845,19171.31272618692,5.7513938178560755,0.0,9.580865930125583,3341.882461707879
20170623,20170626,000810.SZ,sell,1600.0,11.024487653305016,17639.180245288026,5.291754073586407,8.819590122644014,8.824002123707032,20966.951362799675
20170623,20170626,002485.SZ,sell,1200.0,15.248406465517244,18298.08775862069,5.489426327586207,9.149043879310346,9.153620689656236,39250.400651213466
20170623,20170626,002591.SZ,sell,1400.0,15.657817968253969,21920.945155555557,6.576283546666667,10.960472577777779,10.96595555555541,61153.80905064457
20170623,20170626,600793.SH,sell,700.0,28.852231960016486,20196.56237201154,6.058968711603462,10.09828118600577,10.103332852431777,81334.21417275851
20170623,20170626,603993.SH,sell,4400.0,4.273938945139663,18805.331358614516,5.641599407584354,9.402665679307258,9.407369363987527,100124.50126628614
20170623,20170626,000002.SZ,buy,1100.0,18.234264911834636,20057.6914030181,6.017307420905429,0.0,10.023833784616727,80060.79255584713
20170623,20170626,002208.SZ,buy,2500.0,7.596671733103484,18991.67933275871,5.697503799827613,0.0,9.491094119319314,61063.41571928859
20170623,20170626,300112.SZ,buy,1700.0,10.797262499999999,18355.34625,5.506603874999999,0.0,9.173086581711686,42702.562865413594
20170623,20170626,600615.SH,buy,1400.0,13.394803720135894,18752.72520819025,5.625817562457075,0.0,9.371676765713346,23944.211839660886
20170623,20170626,600883.SH,buy,1700.0,11.594191257053229,19710.12513699049,5.913037541097147,0.0,9.85013749974678,4228.1736651292995
20170630,20170703,000002.SZ,sell,1100.0,18.084568742790477,19893.025617069525,5.967907685120857,9.946512808534763,9.95148855280786,24105.284861705168
20170630,20170703,002208.SZ,sell,2500.0,7.600621183067053,19001.552957667634,5.70046588730029,9.500776478833817,9.505529243451747,43091.63657700666
20170630,20170703,300112.SZ,sell,1700.0,10.058708759370315,17099.804890929536,5.129941467278861,8.549902445464769,8.554179535229196,60177.76162402345
20170630,20170703,600615.SH,sell,1400.0,13.19001476529595,18466.02067141433,5.539806201424299,9.233010335707165,9.237629150280554,78629.00947890064
20170630,20170703,600883.SH,sell,1700.0,11.069930274388383,18818.88146646025,5.645664439938074,9.409440733230126,9.414147807136032,97432.83584018772
20170630,20170703,000669.SZ,buy,1500.0,12.84713248972884,19270.69873459326,5.781209620377978,0.0,9.630534100244404,78156.35589597408
20170630,20170703,002506.SZ,buy,4200.0,4.4722349999999995,18783.387,5.635016099999999,0.0,9.386999999998807,59367.33387987407
20170630,20170703,002628.SZ,buy,2900.0,6.716837042786328,19478.82742408035,5.843648227224105,0.0,9.734546438819962,39882.6628075665
20170630,20170703,002688.SZ,buy,2300.0,8.214753621322346,18893.933329041396,5.668179998712418,0.0,9.44224554174798,20983.06129852639
20170630,20170703,603023.SH,buy,2300.0,8.231939118796122,18933.45997323108,5.680037991969324,0.0,9.46199898712075,2043.9212873033393
20170707,20170710,000669.SZ,sell,1500.0,12.720713974253632,19081.07096138045,5.724321288414134,9.540535480690226,9.545308134755032,21109.727391914686
20170707,20170710,002506.SZ,sell,4200.0,4.467765,18764.613,5.6293839,9.3823065,9.386999999998807,39859.32870151469
20170707,20170710,002628.SZ,sell,2900.0,7.106585811374902,20609.098852987216,6.182729655896164,10.304549426493608,10.309704278632125,60451.94027541952
20170707,20170710,002688.SZ,sell,2300.0,7.420082604776927,17066.18999098693,5.119856997296079,8.533094995493466,8.537363677332905,77504.47731441366
20170707,20170710,603023.SH,sell,2300.0,8.947397887425844,20579.01514107944,6.173704542323831,10.289507570539719,10.294654897988949,98067.02924338024
20170707,20170710,300080.SZ,buy,2000.0,9.68484,19369.68,5.810904,0.0,9.680000000000291,78691.53833938023
20170707,20170710,600111.SH,buy,1500.0,12.933128678422827,19399.69301763424,5.819907905290271,0.0,9.694999009308958,59286.0254138407
20170707,20170710,600259.SH,buy,300.0,49.72485,14917.455000000002,5.0,0.0,7.455000000001746,44363.5704138407
20170707,20170710,601020.SH,buy,1000.0,19.01731056907758,19017.31056907758,5.705193170723274,0.0,9.503903332872142,25340.554651592396
20170707,20170710,603421.SH,buy,900.0,20.502959472948692,18452.663525653825,5.535799057696147,0.0,9.221720902376546,6882.3553268808755
20170714,20170717,300080.SZ,sell,2000.0,7.33633,14672.66,5.0,7.33633,7.3400000000001455,21542.678996880873
20170714,20170717,600111.SH,sell,1500.0,13.248518058252431,19872.777087378647,5.961833126213594,9.936388543689324,9.941359223299514,41399.557862589616
20170714,20170717,600259.SH,sell,300.0,47.87605,14362.815,5.0,7.181407500000001,7.184999999999491,55750.19145508962
20170714,20170717,601020.SH,sell,1000.0,17.265467497579863,17265.467497579863,5.179640249273958,8.632733748789931,8.637052274927555,73001.84657867142
20170714,20170717,603421.SH,sell,900.0,21.253492513475745,19128.14326212817,5.738442978638451,9.564071631064087,9.56885605908974,92114.68732618989
20170714,20170717,000799.SZ,buy,900.0,19.649437548710335,17684.4937938393,5.30534813815179,0.0,8.837827982930321,74424.88818421244
20170714,20170717,000932.SZ,buy,7100.0,2.678785580311469,19019.37762021143,5.705813286063429,0.0,9.504936341934808,55399.804750714946
20170714,20170717,600199.SH,buy,2100.0,8.327625715042373,17488.014001588985,5.246404200476695,0.0,8.739637182203296,37906.54434492548
20170714,20170717,600787.SH,buy,2300.0,7.982287912577393,18359.262198928,5.5077786596784,0.0,9.175043577673932,19541.774367337803
20170714,20170717,603789.SH,buy,1200.0,15.778308812405442,18933.97057488653,5.680191172465959,0.0,9.462254160363955,602.1236012788067
20170721,20170724,000799.SZ,sell,900.0,19.999996854704023,17999.99716923362,5.399999150770085,8.99999858461681,9.004500835035287,18587.72077277704
20170721,20170724,000932.SZ,sell,7100.0,2.7800877950816565,19738.623345079763,5.921587003523928,9.869311672539881,9.874248796935717,38310.55321918074
20170721,20170724,600199.SH,sell,2100.0,8.179816943855934,17177.615582097464,5.153284674629239,8.588807791048731,8.59310434321742,55474.42670881253
20170721,20170724,600787.SH,sell,2300.0,7.75927205119449,17846.325717747328,5.353897715324198,8.923162858873663,8.927626672208135,73306.47536598565
20170721,20170724,603789.SH,sell,1200.0,16.1854357602118,19422.52291225416,5.826756873676247,9.71126145612708,9.716119515880564,92713.46025991
20170721,20170724,002285.SZ,buy,2000.0,8.913703757396448,17827.407514792896,5.348222254437869,0.0,8.909249132826517,74880.70452286267
20170721,20170724,002377.SZ,buy,1700.0,11.042542733564012,18772.32264705882,5.631696794117645,0.0,9.381470588232332,56102.75017900973
20170721,20170724,600210.SH,buy,3900.0,4.637359972202918,18085.70389159138,5.425711167477414,0.0,9.0383327794043,38011.620576250876
20170721,20170724,600303.SH,buy,1700.0,11.041394414168938,18770.370504087194,5.631111151226158,0.0,9.380495004541444,19235.618961012457
20170728,20170731,002285.SZ,sell,2000.0,10.879293400326466,21758.58680065293,6.5275760401958784,10.879293400326466,10.884735768209794,40976.79889222486
20170728,20170731,002377.SZ,sell,1700.0,11.185523241061128,19015.389509803917,5.704616852941175,9.507694754901959,9.512450980393623,59976.97609042094
20170728,20170731,600210.SH,sell,3900.0,4.773110533683818,18615.13108136689,5.584539324410066,9.307565540683445,9.312221651511209,78577.21506692274
20170728,20170731,600303.SH,sell,1700.0,10.991655525280049,18685.81439297608,5.605744317892824,9.34290719648804,9.347580986981484,97248.08080838443
20170728,20170731,002507.SZ,buy,2200.0,8.590486370413792,18899.070014910343,5.669721004473103,0.0,9.44481260115208,78343.34107246962
20170728,20170731,300175.SZ,buy,2100.0,9.455811282740093,19857.203693754196,5.957161108126258,0.0,9.923640026863723,58480.180217607296
20170728,20170731,600604.SH,buy,2500.0,7.914208450760198,19785.521126900498,5.935656338070149,0.0,9.887816655122151,38688.72343436873
20170728,20170731,601015.SH,buy,3400.0,5.189021785714285,17642.67407142857,5.292802221428571,0.0,8.816928571428434,21040.75656071873
20170728,20170731,601919.SH,buy,6300.0,3.021224931066176,19033.717065716908,5.710115119715072,0.0,9.512102481618058,2001.3293798821069
20170804,20170807,002507.SZ,sell,2200.0,8.801596821674801,19363.513007684563,5.809053902305369,9.681756503842282,9.686599803742865,21349.35157716052
20170804,20170807,300175.SZ,sell,2100.0,9.148054085516007,19210.913579583616,5.763274073875084,9.605456789791807,9.610261920752237,40544.89642588047
20170804,20170807,600604.SH,sell,2500.0,8.341688836594034,20854.222091485088,6.256266627445526,10.427111045742544,10.432327209346113,61382.435139692374
20170804,20170807,601015.SH,sell,3400.0,5.2877565848214285,17978.372388392858,5.393511716517857,8.98918619419643,8.99368303571464,79346.42483017451
20170804,20170807,601919.SH,sell,6300.0,3.11837652907754,19645.7721331885,5.89373163995655,9.82288606659425,9.827799966577004,98976.48034565646
20170804,20170807,002064.SZ,buy,4100.0,5.140341765114663,21075.401236970116,6.322620371091034,0.0,10.532434401280625,77894.75648831525
20170804,20170807,300243.SZ,buy,2000.0,9.634290325497286,19268.580650994572,5.780574195298371,0.0,9.629475587702473,58620.39526312538
20170804,20170807,600063.SH,buy,4800.0,4.003243458855051,19215.568602504245,5.764670580751273,0.0,9.602982809847163,39399.06199004038
20170804,20170807,600879.SH,buy,2100.0,8.966900930424934,18830.49195389236,5.649147586167707,0.0,9.410540706590837,20562.920888561854
20170804,20170807,603968.SH,buy,900.0,21.076733484189493,18969.060135770542,5.690718040731162,0.0,9.479790172797948,1588.1700347505794
20170811,20170814,002064.SZ,sell,4100.0,4.978003870024683,20409.8158671012,6.122944760130359,10.204907933550599,10.210012940020533,21981.658049158097
20170811,20170814,300243.SZ,sell,2000.0,8.775176220614828,17550.352441229657,5.265105732368896,8.77517622061483,8.779566003613581,39517.970208434774
20170811,20170814,600063.SH,sell,4800.0,3.8158708480342747,18316.18007056452,5.494854021169355,9.158090035282259,9.162671370966564,57819.49733494284
20170811,20170814,600879.SH,sell,2100.0,9.21027480678055,19341.577094239154,5.802473128271745,9.670788547119576,9.675626360298338,77145.6011675066
20170811,20170814,603968.SH,sell,900.0,20.406938090200228,18366.244281180207,5.509873284354062,9.183122140590104,9.187715998588828,95497.15245326186
20170811,20170814,000906.SZ,buy,3000.0,5.7541790193039315,17262.537057911795,5.178761117373538,0.0,8.626955051429832,78229.4366342327
20170811,20170814,000929.SZ,buy,1200.0,14.08704,16904.448,5.0713344,0.0,8.44800000000032,61319.9172998327
20170811,20170814,002105.SZ,buy,2300.0,7.920532361111111,18217.224430555558,5.4651673291666665,0.0,9.104060185185517,43097.22770194797
20170811,20170814,002743.SZ,buy,1500.0,13.59069946820809,20386.049202312133,6.115814760693639,0.0,10.187930635835073,22705.062684875145
20170811,20170814,300045.SZ,buy,1700.0,11.050015477497254,18785.026311745332,5.6355078935236,0.0,9.38781924624709,3914.40086523629
20170818,20170821,000906.SZ,sell,3000.0,5.71323326053262,17139.69978159786,5.141909934479358,8.569849890798931,8.574136959276075,21040.388887008874
20170818,20170821,000929.SZ,sell,1200.0,13.493250000000002,16191.900000000001,5.0,8.09595,8.099999999998545,37219.19293700888
20170818,20170821,002105.SZ,sell,2300.0,7.912615787037038,18199.016310185187,5.459704893055555,9.099508155092593,9.104060185185517,55403.65003414592
20170818,20170821,002743.SZ,sell,1500.0,14.581450136416185,21872.175204624276,6.561652561387282,10.936087602312139,10.941558381502546,77258.3274986065
20170818,20170821,300045.SZ,sell,1700.0,11.29754147578973,19205.820508842542,5.761746152652762,9.602910254421271,9.607714111476525,96448.78335104196
20170818,20170821,000554.SZ,buy,1800.0,10.018426340478593,18033.16741286147,5.4099502238584405,0.0,9.012077667597623,78410.20598795664
20170818,20170821,000661.SZ,buy,200.0,63.69093597075548,12738.187194151096,5.0,0.0,6.3659106417544535,65667.01879380555
20170818,20170821,600626.SH,buy,1900.0,10.04893349818046,19092.973646542876,5.727892093962862,0.0,9.541715965289768,46568.3172551687
20170818,20170821,600641.SH,buy,2000.0,9.652053357987189,19304.106715974376,5.791232014792312,0.0,9.647229743113712,27258.419307179534
20170818,20170821,601611.SH,buy,1500.0,12.616229050175892,18924.34357526384,5.677303072579152,0.0,9.457443066101405,8328.398428843117
20170825,20170828,000554.SZ,sell,1800.0,10.25983198939097,18467.697580903743,5.540309274271123,9.233848790451871,9.238468024464964,26781.321851682136
20170825,20170828,000661.SZ,sell,200.0,62.83993593201274,12567.987186402548,5.0,6.2839935932012745,6.287137161782084,39338.025044491485
20170825,20170828,600626.SH,sell,1900.0,9.845462041616123,18706.377879070635,5.6119133637211895,9.353188939535318,9.35786787347024,58029.43782125886
20170825,20170828,600641.SH,sell,2000.0,9.780154787218988,19560.309574437975,5.868092872331392,9.780154787218988,9.785047310873779,77574.09914803729
20170825,20170828,601611.SH,sell,1500.0,11.654158896500649,17481.238344750975,5.244371503425292,8.740619172375487,8.74499166820533,95041.35250211247
20170825,20170828,002774.SZ,buy,1800.0,10.657329143754911,19183.19245875884,5.7549577376276515,0.0,9.586802827965585,75852.405085616
20170825,20170828,002796.SZ,buy,900.0,19.30794867501079,17377.15380750971,5.213146142252912,0.0,8.68423478636032,58470.038131964044
20170825,20170828,300620.SZ,buy,1100.0,15.771428571428569,17348.571428571424,5.204571428571427,0.0,8.66995073891303,41116.262131964046
20170825,20170828,300643.SZ,buy,1200.0,15.15367847411444,18184.41416893733,5.455324250681198,0.0,9.087663252841594,22926.392638776037
20170825,20170828,603316.SH,buy,1400.0,13.364888059701489,18710.843283582086,5.613252985074626,0.0,9.350746268657531,4209.936102208878
20170901,20170904,002774.SZ,sell,1800.0,10.80370777690495,19446.67399842891,5.834002199528672,9.723336999214455,9.72820109976601,23641.052761439045
20170901,20170904,002796.SZ,sell,900.0,17.268185066896848,15541.366560207163,5.0,7.770683280103582,7.774570565383328,39169.6486383661
20170901,20170904,300620.SZ,sell,1100.0,16.055365174555583,17660.901692011143,5.298270507603342,8.830450846005572,8.834868280140654,56816.42160902364
20170901,20170904,300643.SZ,sell,1200.0,16.622333928403645,19946.800714084373,5.9840402142253115,9.973400357042186,9.978389551819419,76747.26488253675
20170901,20170904,603316.SH,sell,1400.0,13.284399253731342,18598.15895522388,5.579447686567163,9.29907947761194,9.303731343279651,95330.54531059646
20170901,20170904,002738.SZ,buy,1500.0,12.368296424202502,18552.444636303753,5.5657333908911255,0.0,9.271586524890154,76772.53494090181
20170901,20170904,002845.SZ,buy,600.0,28.043537352646307,16826.122411587785,5.047836723476335,0.0,8.408856777405163,59941.36469259055
20170901,20170904,300227.SZ,buy,2100.0,8.615497626368883,18092.545015374653,5.427763504612395,0.0,9.041751631870284,41843.39191371128
20170901,20170904,300348.SZ,buy,1800.0,10.320301437805936,18576.542588050685,5.5729627764152045,0.0,9.283629479283263,23261.276362884182
20170901,20170904,600380.SH,buy,2400.0,8.314559701131394,19954.943282715347,5.986482984814604,0.0,9.972485398659046,3300.3465971840196
20170908,20170911,002738.SZ,sell,1500.0,11.980214982277847,17970.32247341677,5.391096742025031,8.985161236708386,8.989656064739393,21256.292812622058
20170908,20170911,002845.SZ,sell,600.0,30.090730632281254,18054.438379368752,5.416331513810625,9.027219189684375,9.031735057211336,39296.287641287316
20170908,20170911,300227.SZ,sell,2100.0,9.176057389725054,19269.720518422615,5.780916155526784,9.634860259211308,9.63968009925884,58550.592383295196
20170908,20170911,300348.SZ,sell,1800.0,10.022630257031262,18040.73446265627,5.412220338796881,9.020367231328136,9.024879671163944,76576.89425838133
20170908,20170911,600380.SH,sell,2400.0,7.976572412642257,19143.773790341416,5.743132137102425,9.571886895170708,9.576675232787238,95705.35302969048
20170908,20170911,000014.SZ,buy,1300.0,13.957338227567885,18144.53969583825,5.443361908751475,0.0,9.067735979930148,77555.36997194348
20170908,20170911,000973.SZ,buy,2300.0,7.937328114849618,18255.85466415412,5.476756399246236,0.0,9.123365649251355,59294.03855139011
20170908,20170911,300381.SZ,buy,1200.0,15.044957630589346,18053.949156707215,5.416184747012164,0.0,9.022463346678705,41234.673209935885
20170908,20170911,603315.SH,buy,1100.0,17.822674965388835,19604.94246192772,5.881482738578315,0.0,9.7975724447424,21623.849265269586
20170908,20170911,603636.SH,buy,1700.0,10.999731969622733,18699.544348358646,5.609863304507593,0.0,9.345099624366412,2918.6950536064323
20170915,20170918,000014.SZ,sell,1300.0,13.641994952774498,17734.593438606847,5.320378031582054,8.867296719303424,8.871732585594145,20639.100817462393
20170915,20170918,000973.SZ,sell,2300.0,7.769679456249534,17870.262749373927,5.361078824812178,8.935131374686964,8.939601175276039,38495.06735663682
20170915,20170918,300381.SZ,sell,1200.0,15.085897548071802,18103.07705768616,5.430923117305848,9.05153852884308,9.056066562126944,56583.66195267683
20170915,20170918,603315.SH,sell,1100.0,17.323648732515398,19056.013605766937,5.71680408173008,9.52800680288347,9.532773189475847,75624.43074755915
20170915,20170918,603636.SH,sell,1700.0,10.44588093050792,17757.997581863463,5.327399274559038,8.878998790931732,8.883440511188383,93368.22193135711
20170915,20170918,002208.SZ,buy,2400.0,7.566602857701397,18159.846858483354,5.447954057545005,0.0,9.075385736374301,75202.92711881621
20170915,20170918,002817.SZ,buy,1700.0,10.630601249490693,18072.02212413418,5.421606637240253,0.0,9.031495314407948,57125.48338804479
20170915,20170918,300631.SZ,buy,600.0,26.611592621789192,15966.955573073516,5.0,0.0,7.9794880425142765,41153.527814971276
20170915,20170918,600962.SH,buy,1200.0,15.397695,18477.234,5.5431702,0.0,9.234000000000378,22670.750644771277
20170922,20170925,002208.SZ,sell,2400.0,7.256445669907053,17415.469607776926,5.224640882333078,8.707734803888464,8.712090849312517,40072.287876861985
20170922,20170925,002817.SZ,sell,1700.0,10.290484399022136,17493.823478337632,5.248147043501289,8.746911739168816,8.751287382860028,57552.11629641695
20170922,20170925,300631.SZ,sell,600.0,35.00721158252141,21004.326949512844,6.301298084853853,10.502163474756422,10.50741718334757,78539.63978437019
20170922,20170925,600962.SH,sell,1200.0,14.602695,17523.234,5.2569702,8.761617000000001,8.765999999999622,96048.85519717018
20170922,20170925,002270.SZ,buy,3100.0,6.096102770277977,18897.918587861728,5.669375576358518,0.0,9.444237175343005,77145.2672337321
20170922,20170925,002833.SZ,buy,1100.0,15.839114214625699,17423.02563608827,5.226907690826481,0.0,8.707159238427266,59717.014689953
20170922,20170925,300025.SZ,buy,2200.0,8.864429999999999,19501.745999999996,5.850523799999998,0.0,9.745999999995547,40209.418166153
20170922,20170925,300321.SZ,buy,700.0,23.81484169777409,16670.389188441863,5.001116756532558,0.0,8.331029079683503,23534.027860954608
20170922,20170925,600444.SH,buy,1100.0,17.130107347862612,18843.118082648874,5.652935424794662,0.0,9.416850616016745,4685.256842880939
20170929,20171009,002270.SZ,sell,3100.0,5.99085788492984,18571.659443282504,5.57149783298475,9.285829721641253,9.290474959118,23242.058958608817
20170929,20171009,002833.SZ,sell,1100.0,16.675561120726954,18343.11723279965,5.502935169839895,9.171558616399825,9.1761466897442,41570.501697622225
20170929,20171009,300025.SZ,sell,2200.0,8.89555,19570.21,5.8710629999999995,9.785105,9.790000000000873,61125.05552962223
20170929,20171009,300321.SZ,sell,700.0,22.06856755150007,15447.99728605005,5.0,7.723998643025025,7.727862574311075,76560.32881702925
20170929,20171009,600444.SH,sell,1100.0,18.238962572335268,20062.858829568795,6.018857648870638,10.031429414784398,10.036447638602112,96607.13735953439
20170929,20171009,002801.SZ,buy,900.0,20.405173311593384,18364.655980434047,5.509396794130214,0.0,9.177739120656042,78236.97198230622
20170929,20171009,300081.SZ,buy,1300.0,15.519441235955055,20175.27360674157,6.052582082022471,0.0,10.082595505617064,58055.645793482625
20170929,20171009,300582.SZ,buy,1200.0,15.02818582252472,18033.822987029664,5.410146896108898,0.0,9.012405290868628,40016.41265955685
20170929,20171009,300657.SZ,buy,1000.0,17.456640625,17456.640625,5.236992187499999,0.0,8.72395833333212,22554.535042369353
20170929,20171009,600345.SH,buy,600.0,29.147551723109054,17488.53103386543,5.246559310159629,0.0,8.739895569146029,5060.757449193763
20171013,20171016,002801.SZ,sell,900.0,19.621591021027776,17659.431918924998,5.297829575677499,8.829715959462499,8.834133025971823,22706.061822583622
20171013,20171016,300081.SZ,sell,1300.0,14.348851947565544,18653.507531835206,5.596052259550562,9.326753765917603,9.33141947565673,41344.64654839336
20171013,20171016,300582.SZ,sell,1200.0,15.026051984076023,18031.26238089123,5.409378714267368,9.015631190445614,9.02014126107315,59361.48391937987
20171013,20171016,300657.SZ,sell,1000.0,15.36102224392361,15361.02224392361,5.0,7.680511121961805,7.684353298611313,74709.82565218152
20171013,20171016,600345.SH,sell,600.0,28.14653434283157,16887.920605698942,5.066376181709682,8.44396030284947,8.448184395045246,91584.23592139591
20171013,20171016,300176.SZ,buy,600.0,26.99928870026235,16199.57322015741,5.0,0.0,8.09573874070702,75379.6627012385
20171013,20171016,300536.SZ,buy,1600.0,10.933848471615718,17494.15755458515,5.248247266375544,0.0,8.742707423578395,57880.25689938698
20171013,20171016,300562.SZ,buy,500.0,31.82610149706715,15913.050748533575,5.0,0.0,7.952549099716634,41962.2061508534
20171013,20171016,601200.SH,buy,1000.0,16.98996222342148,16989.96222342148,5.0969886670264435,0.0,8.49073574383874,24967.146938764894
20171013,20171016,603888.SH,buy,700.0,25.831418599414548,18081.993019590183,5.424597905877055,0.0,9.036478270660155,6879.729321268835
20171020,20171023,300176.SZ,sell,600.0,35.85172411237429,21511.034467424575,6.453310340227372,10.755517233712288,10.760897682550421,28373.55496111947
20171020,20171023,300536.SZ,sell,1600.0,12.307991397379913,19692.78623580786,5.907835870742358,9.846393117903931,9.851318777291453,48050.58696793868
20171020,20171023,300562.SZ,sell,500.0,27.483359450783556,13741.679725391778,5.0,6.870839862695889,6.874277001195878,61780.395853467766
20171020,20171023,601200.SH,sell,1000.0,16.13991425316304,16139.914253163042,5.0,8.06995712658152,8.07399412364066,77907.24014950423
20171020,20171023,603888.SH,sell,700.0,22.400694522630044,15680.48616584103,5.0,7.840243082920515,7.844165165501181,93574.88607226234
20171020,20171023,600018.SH,buy,2600.0,6.627289783919297,17230.953438190172,5.169286031457051,0.0,8.611171133528842,76338.76334804071
20171020,20171023,600284.SH,buy,2600.0,6.572472602739724,17088.42876712328,5.126528630136984,0.0,8.539944411353645,59245.208052287286
20171020,20171023,600639.SH,buy,1300.0,14.660848038951956,19059.102450637543,5.717730735191262,0.0,9.524788830902253,40180.38787091455
20171020,20171023,600648.SH,buy,1100.0,16.808179925113073,18488.99791762438,5.5466993752873135,0.0,9.239879019300133,21685.84325391488
20171020,20171023,600676.SH,buy,2200.0,8.522278983933997,18749.013764654796,5.624704129396438,0.0,9.36982197134057,2931.204785130689
20171027,20171030,600018.SH,sell,2600.0,6.311437103802303,16409.73646988599,5.0,8.204868234942994,8.208972721302416,19327.736386781737
20171027,20171030,600284.SH,sell,2600.0,5.977236212030971,15540.814151280525,5.0,7.770407075640263,7.774294222750541,34855.78013098662
20171027,20171030,600639.SH,sell,1300.0,14.069695371765212,18290.603983294775,5.487181194988432,9.145301991647388,9.149876930110622,53131.751631094754
20171027,20171030,600648.SH,sell,1100.0,15.125919824028077,16638.511806430884,5.0,8.319255903215442,8.323417612020421,69756.94418162243
20171027,20171030,600676.SH,sell,2200.0,7.558327789115646,16628.321136054423,5.0,8.314160568027212,8.318319727888593,86371.95115710882
20171027,20171030,002038.SZ,buy,800.0,19.322885866885784,15458.308693508627,5.0,0.0,7.725291700900925,70908.64246360019
20171027,20171030,002356.SZ,buy,1000.0,15.733122923997824,15733.122923997824,5.0,0.0,7.862630146924857,55170.51953960236
20171027,20171030,002867.SZ,buy,1800.0,9.605238373155968,17289.429071680745,5.186828721504223,0.0,8.640394338672195,37875.903639200114
20171027,20171030,300596.SZ,buy,800.0,22.29278777923784,17834.230223390274,5.350269067017082,0.0,8.91265878230115,20036.323146742823
20171027,20171030,601002.SH,buy,1700.0,9.534395699288858,16208.472688791058,5.0,0.0,8.100186251269406,3822.850457951765
20171103,20171106,002038.SZ,sell,800.0,20.7609043246521,16608.723459721678,5.0,8.304361729860839,8.30851598785739,20418.26955594358
20171103,20171106,002356.SZ,sell,1000.0,15.664792018864507,15664.792018864508,5.0,7.832396009432254,7.836314166514057,36070.229178798654
20171103,20171106,002867.SZ,sell,1800.0,9.676057294162149,17416.903129491868,5.22507093884756,8.708451564745934,8.712807968728157,53473.198785786924
20171103,20171106,300596.SZ,sell,800.0,21.931648050810338,17545.31844064827,5.26359553219448,8.772659220324135,8.777047744195443,71004.48097168267
20171103,20171106,601002.SH,sell,1700.0,9.968514773112089,16946.47511429055,5.083942534287165,8.473237557145277,8.477476295291126,87937.3989058818
20171103,20171106,002430.SZ,buy,1300.0,12.117460362651787,15752.698471447324,5.0,0.0,7.872413029208474,72179.70043443448
20171103,20171106,002778.SZ,buy,800.0,19.56502432244614,15652.01945795691,5.0,0.0,7.822098679636838,56522.68097647757
20171103,20171106,300474.SZ,buy,400.0,37.47826558039806,14991.306232159224,5.0,0.0,7.4919071624990465,41526.374744318346
20171103,20171106,600807.SH,buy,1600.0,11.715855,18745.368,5.623610399999999,0.0,9.367999999998574,22775.383133918345
20171110,20171113,002430.SZ,sell,1300.0,14.058949942566459,18276.634925336395,5.482990477600918,9.138317462668198,9.142888907121232,41037.396751314474
20171110,20171113,002778.SZ,sell,800.0,20.13881367268937,16111.050938151497,5.0,8.055525469075748,8.059555246696618,57135.3921639969
20171110,20171113,300474.SZ,sell,400.0,41.25501033619223,16502.00413447689,5.0,8.251002067238446,8.255129632052558,73624.14529640655
20171110,20171113,600807.SH,sell,1600.0,15.792100000000001,25267.36,7.580208,12.63368,12.639999999999418,98871.29140840656
20171110,20171113,600167.SH,buy,2200.0,8.300466310298406,18261.025882656493,5.478307764796948,0.0,9.125949966342887,80604.78721798527
20171110,20171113,600330.SH,buy,2100.0,8.887673907462625,18664.115205671515,5.599234561701454,0.0,9.327393905885401,61935.07277775205
20171110,20171113,601222.SH,buy,2200.0,8.50892581080366,18719.636783768052,5.615891035130415,0.0,9.355140821469831,43209.82010294887
20171110,20171113,603729.SH,buy,300.0,63.751692397785334,19125.5077193356,5.73765231580068,0.0,9.557974872230261,24078.574731297467
20171117,20171120,600167.SH,sell,2200.0,8.282959881085933,18222.511738389054,5.466753521516716,9.111255869194528,9.115813776083087,42286.50846029581
20171117,20171120,600330.SH,sell,2100.0,8.489996445427437,17828.992535397618,5.3486977606192845,8.914496267698809,8.918955745568383,60101.237801665106
20171117,20171120,601222.SH,sell,2200.0,8.186187559741107,18009.612631430435,5.40288378942913,9.004806315715218,9.009310971199739,78096.44274299039
20171117,20171120,603729.SH,sell,300.0,59.482431583617256,17844.729475085176,5.353418842525552,8.922364737542589,8.926828151619702,95926.89643449549
20171117,20171120,000936.SZ,buy,2500.0,6.783714672743197,16959.286681857993,5.0877860045573975,0.0,8.475405638109805,78962.52196663294
20171117,20171120,300220.SZ,buy,900.0,18.599018618784527,16739.116756906074,5.021735027071822,0.0,8.365375690606015,62218.38347469979
20171117,20171120,300708.SZ,buy,1700.0,13.964377802690583,23739.44226457399,7.121832679372196,0.0,11.863789237664605,38471.81937744643
20171117,20171120,600217.SH,buy,2400.0,6.979140114644644,16749.936275147145,5.024980882544143,0.0,8.370782746198529,21716.858121416743
20171117,20171120,600816.SH,buy,1600.0,11.778039545278387,18844.86327244542,5.653458981733625,0.0,9.417722774833237,2866.3413899895895
20171124,20171127,000936.SZ,sell,2500.0,7.177823422353518,17944.558555883796,5.383367566765139,8.972279277941897,8.976767661770282,20796.544299028676
20171124,20171127,300220.SZ,sell,900.0,17.36504241712707,15628.538175414364,5.0,7.814269087707182,7.81817817679439,36412.26820535533
20171124,20171127,300708.SZ,sell,1700.0,10.151872197309418,17258.18273542601,5.177454820627802,8.629091367713006,8.633408071749727,53656.644394593
20171124,20171127,600217.SH,sell,2400.0,7.1209304181674415,17090.23300360186,5.127069901080558,8.545116501800932,8.549391197397199,70733.20521179198
20171124,20171127,600816.SH,sell,1600.0,10.849518916160703,17359.230265857124,5.207769079757137,8.679615132928562,8.683957111483323,88078.54809343642
20171124,20171127,002038.SZ,buy,700.0,23.097504339152557,16168.25303740679,5.0,0.0,8.080086475463759,71905.29505602963
20171124,20171127,002058.SZ,buy,800.0,21.075159304274937,16860.12744341995,5.058038233025985,0.0,8.42585079631317,55040.10957437665
20171124,20171127,300026.SZ,buy,3900.0,4.332751512102229,16897.730897198693,5.069319269159608,0.0,8.444643127037125,38137.3093579088
20171124,20171127,603160.SH,buy,100.0,119.75414167309174,11975.414167309174,5.0,0.0,5.984714726291713,26156.89519059963
20171201,20171204,002038.SZ,sell,700.0,24.19777821987091,16938.444753909636,5.08153342617289,8.469222376954818,8.473459106506198,43081.78918870614
20171201,20171204,002058.SZ,sell,800.0,21.972093118189438,17577.67449455155,5.273302348365465,8.788837247275774,8.79323386420947,60645.40154366205
20171201,20171204,300026.SZ,sell,3900.0,4.375571480631421,17064.728774462543,5.119418632338762,8.532364387231272,8.536632703577197,77696.47853510502
20171201,20171204,603160.SH,sell,100.0,107.35184849653045,10735.184849653046,5.0,5.3675924248265225,5.370277563608397,88421.29579233324
20171201,20171204,002014.SZ,buy,2900.0,4.6842065244968145,13584.198921040763,5.0,0.0,6.788705107966962,74832.09687129248
20171201,20171204,002129.SZ,buy,2700.0,8.218221193041199,22189.197221211238,6.656759166363371,0.0,11.089054083560768,52636.24289091488
20171201,20171204,002485.SZ,buy,900.0,16.55470661764706,14899.235955882354,5.0,0.0,7.445895030425163,37732.00693503253
20171201,20171204,300017.SZ,buy,1500.0,9.183584973392064,13775.377460088095,5.0,0.0,6.884246606739907,23951.629474944435
20171201,20171204,601360.SH,buy,400.0,45.409841486199575,18163.93659447983,5.449180978343948,0.0,9.07742958244853,5782.243699486262
20171208,20171211,002014.SZ,sell,2900.0,4.920355302475053,14269.030377177653,5.0,7.134515188588827,7.138084230702589,20039.139561475327
20171208,20171211,002129.SZ,sell,2700.0,8.30156849614209,22414.234939583646,6.724270481875093,11.207117469791823,11.212723831704352,42435.44311310731
20171208,20171211,002485.SZ,sell,900.0,16.16882161933739,14551.93945740365,5.0,7.275969728701825,7.27960953346701,56975.10660078225
20171208,20171211,300017.SZ,sell,1500.0,9.36921136268511,14053.817044027666,5.0,7.026908522013834,7.030423733878706,71016.8967362879
20171208,20171211,601360.SH,sell,400.0,47.486601037980655,18994.64041519226,5.698392124557678,9.49732020759613,9.50207124321605,89996.341439148
20171208,20171211,002634.SZ,buy,2100.0,7.6748872499999985,16117.263224999997,5.0,0.0,8.054604310344075,73874.078214148
20171208,20171211,300270.SZ,buy,1300.0,13.288778062975677,17275.41148186838,5.182623444560514,0.0,8.633389046412049,56593.48410883506
20171208,20171211,300590.SZ,buy,1800.0,12.085902284458527,21754.624112025347,6.526387233607603,0.0,10.871876117951615,34832.333609576104
20171208,20171211,600319.SH,buy,1300.0,11.455725,14892.4425,5.0,0.0,7.442500000001019,19934.891109576107
20171208,20171211,600661.SH,buy,800.0,22.301144999999998,17840.915999999997,5.352274799999999,0.0,8.915999999997439,2088.62283477611
20171215,20171218,002634.SZ,sell,2100.0,7.6573102341954025,16080.351491810345,5.0,8.040175745905172,8.044197844827067,18155.93415084055
20171215,20171218,300270.SZ,sell,1300.0,12.69656452469781,16505.533882107153,5.0,8.252766941053576,8.256895388745761,34648.21526600665
20171215,20171218,300590.SZ,sell,1800.0,12.097970066949456,21776.34612050902,6.532903836152705,10.88817306025451,10.893619870188559,56407.140309619266
20171215,20171218,600319.SH,sell,1300.0,10.904545,14175.908500000001,5.0,7.087954250000001,7.091499999998632,70570.96085536927
20171215,20171218,600661.SH,sell,800.0,22.988500000000002,18390.800000000003,5.51724,9.195400000000001,9.19999999999709,88947.04821536927
20171215,20171218,000504.SZ,buy,600.0,25.0125,15007.5,5.0,0.0,7.5,73934.54821536927
20171215,20171218,002419.SZ,buy,2000.0,8.553878218425869,17107.756436851738,5.132326931055521,0.0,8.549603416719037,56821.65945158648
20171215,20171218,002506.SZ,buy,4100.0,4.74237,19443.717,5.8331151,0.0,9.717000000000553,37372.10933648648
20171215,20171218,300464.SZ,buy,1400.0,12.670306043632078,17738.42846108491,5.321528538325473,0.0,8.864781839623902,19628.359346863243
20171215,20171218,600361.SH,buy,3100.0,5.421849190353742,16807.732490096598,5.042319747028979,0.0,8.399666411838552,2815.584537019615
20171222,20171225,000504.SZ,sell,600.0,23.50824,14104.944,5.0,7.052472,7.056000000000495,16908.476065019615
20171222,20171225,002419.SZ,sell,2000.0,7.868687013309832,15737.374026619664,5.0,7.868687013309832,7.872623324970846,32632.98140462597
20171222,20171225,002506.SZ,sell,4100.0,4.447775,18235.8775,5.470763249999999,9.117938749999999,9.12250000000131,50854.270202625965
20171222,20171225,300464.SZ,sell,1400.0,11.738703183962267,16434.184457547173,5.0,8.217092228773586,8.221202830187394,67275.23756794436
20171222,20171225,600361.SH,sell,3100.0,4.9175483355340885,15244.399840155675,5.0,7.622199920077837,7.626012926539261,82507.01520817996
20171222,20171225,000593.SZ,buy,1500.0,10.075035,15112.5525,5.0,0.0,7.552499999999782,67389.46270817996
20171222,20171225,002775.SZ,buy,1600.0,9.309922503187417,14895.876005099868,5.0,0.0,7.444215894603985,52488.58670308009
20171222,20171225,600333.SH,buy,2100.0,7.892645893865262,16574.55637711705,5.0,0.0,8.283136620248115,35909.03032596304
20171222,20171225,600917.SH,buy,1700.0,9.98363515625,16972.179765625,5.091653929687499,0.0,8.481848958330374,18931.75890640835
20171222,20171225,603727.SH,buy,700.0,22.223747608282846,15556.623325797993,5.0,0.0,7.774424450673905,3370.1355806103584
20171229,20180102,000593.SZ,sell,1500.0,8.965515000000002,13448.272500000003,5.0,6.724136250000002,6.727499999999054,16806.68394436036
20171229,20180102,002775.SZ,sell,1600.0,9.223469256268592,14757.550810029747,5.0,7.378775405014873,7.382466638333426,31551.85597898509
20171229,20180102,600333.SH,sell,2100.0,7.904371016183668,16599.179133985705,5.0,8.299589566992852,8.303741437706776,48137.735523403804
20171229,20180102,600917.SH,sell,1700.0,9.867459635416667,16774.681380208334,5.0324044140624995,8.387340690104168,8.391536458333576,64898.99715850798
20171229,20180102,603727.SH,sell,700.0,20.862336920155528,14603.635844108869,5.0,7.301817922054434,7.305470657382102,79490.33118469479
20171229,20180102,002107.SZ,buy,2200.0,6.726101153927588,14797.422538640694,5.0,0.0,7.395013762439703,64687.9086460541
20171229,20180102,002146.SZ,buy,1900.0,7.812005421686747,14842.81030120482,5.0,0.0,7.417696302451077,49840.09834484928
20171229,20180102,002244.SZ,buy,2500.0,6.675719092022159,16689.297730055398,5.006789319016619,0.0,8.34047862571606,33145.79382547486
20171229,20180102,600748.SH,buy,2900.0,5.7057572351041985,16546.695981802175,5.0,0.0,8.269213384210161,16594.097843672684
20171229,20180102,603959.SH,buy,900.0,15.74182867439516,14167.645806955645,5.0,0.0,7.080282762095521,2421.452036717039
20180105,20180108,002107.SZ,sell,2200.0,6.521277217869998,14346.809879313996,5.0,7.173404939656998,7.176993436372868,16756.08851109138
20180105,20180108,002146.SZ,sell,1900.0,8.804735438304945,16728.997332779396,5.018699199833819,8.364498666389698,8.368683007891377,33471.70264600455
20180105,20180108,002244.SZ,sell,2500.0,6.887153897092859,17217.88474273215,5.165365422819645,8.608942371366075,8.613248995861795,50675.81308094251
20180105,20180108,600748.SH,sell,2900.0,5.888263670384504,17075.96464411506,5.122789393234518,8.53798232205753,8.542253448777046,67738.11695334228
20180105,20180108,603959.SH,sell,900.0,16.673816179435487,15006.434561491938,5.0,7.503217280745969,7.506970766127779,82732.04829755347
20180105,20180108,000036.SZ,buy,2900.0,5.5993714953271025,16238.177336448598,5.0,0.0,8.115031152647134,66488.87096110487
20180105,20180108,000042.SZ,buy,1000.0,17.237362336642466,17237.362336642465,5.171208700992739,0.0,8.614373981330573,49246.337415761416
20180105,20180108,000635.SZ,buy,1100.0,14.403969515669516,15844.366467236468,5.0,0.0,7.918224121556705,33396.97094852495
20180105,20180108,300407.SZ,buy,1200.0,12.651692727723123,15182.031273267748,5.0,0.0,7.5872220256205765,18209.9396752572
20180105,20180108,600185.SH,buy,2800.0,5.629253526834611,15761.909875136911,5.0,0.0,7.877016429354626,2443.029800120288
20180112,20180115,000036.SZ,sell,2900.0,5.56021227258567,16124.615590498444,5.0,8.062307795249222,8.066340965729978,18554.583082823483
20180112,20180115,000042.SZ,sell,1000.0,18.26059620573418,18260.596205734182,5.478178861720254,9.13029810286709,9.134865535634162,36800.570811593076
20180112,20180115,000635.SZ,sell,1100.0,13.841812573599242,15225.993830959165,5.0,7.612996915479583,7.616805318139086,52013.951645636764
20180112,20180115,300407.SZ,sell,1200.0,11.491766989878972,13790.120387854766,5.0,6.8950601939273835,6.898509448652476,65792.17697329761
20180112,20180115,600185.SH,sell,2800.0,5.7153665169769985,16003.026247535596,5.0,8.001513123767799,8.005515881708561,81782.20170770944
20180112,20180115,002117.SZ,buy,1400.0,10.918817487905393,15286.34448306755,5.0,0.0,7.639352565249283,66490.85722464189
20180112,20180115,002289.SZ,buy,1100.0,13.006499999999999,14307.15,5.0,0.0,7.149999999999636,52178.70722464189
20180112,20180115,002382.SZ,buy,900.0,17.914221436231053,16122.799292607948,5.0,0.0,8.057370960821572,36050.907932033944
20180112,20180115,600159.SH,buy,3900.0,4.174866512854951,16281.979400134309,5.0,0.0,8.136921239447474,19763.928531899634
20180112,20180115,600749.SH,buy,700.0,22.45122,15715.854,5.0,0.0,7.85399999999936,4043.074531899634
20180119,20180122,002117.SZ,sell,1400.0,9.468101483455772,13255.34207683808,5.0,6.62767103841904,6.6309865316870855,17286.788937699297
20180119,20180122,002289.SZ,sell,1100.0,10.784604999999999,11863.065499999999,5.0,5.93153275,5.934499999999389,29138.922904949293
20180119,20180122,002382.SZ,sell,900.0,14.663139455247357,13196.825509722621,5.0,6.598412754861311,6.601713611667947,42324.15000191705
20180119,20180122,600159.SH,sell,3900.0,3.8576615320414436,15044.87997496163,5.0,7.522439987480815,7.5262030890244205,57356.5075368912
20180119,20180122,600749.SH,sell,700.0,21.16941,14818.587,5.0,7.4092934999999995,7.413000000000466,72162.6852433912
20180119,20180122,300389.SZ,buy,1300.0,10.346805501918924,13450.847152494602,5.0,0.0,6.722062544975415,58706.8380908966
20180119,20180122,300668.SZ,buy,400.0,35.07287822878229,14029.151291512915,5.0,0.0,7.011070110702349,44672.686799383686
20180119,20180122,600381.SH,buy,1200.0,12.006,14407.2,5.0,0.0,7.200000000000728,30260.486799383685
20180119,20180122,600908.SH,buy,2000.0,7.011396723752792,14022.793447505584,5.0,0.0,7.00789277736294,16232.6933518781
20180119,20180122,600992.SH,buy,1000.0,12.87406875118919,12874.06875118919,5.0,0.0,6.433817466859182,3353.6246006889105
20180126,20180129,300389.SZ,sell,1300.0,10.083957657711684,13109.14495502519,5.0,6.554572477512595,6.557851403213135,16451.214983236587
20180126,20180129,300668.SZ,sell,400.0,32.12415129151291,12849.660516605163,5.0,6.424830258302582,6.4280442804429185,29289.45066958345
20180126,20180129,600381.SH,sell,1200.0,11.65417,13985.004,5.0,6.992502000000001,6.995999999999185,43262.46216758345
20180126,20180129,600908.SH,sell,2000.0,6.74078279970216,13481.565599404319,5.0,6.74078279970216,6.744154877140318,56732.28698418807
20180126,20180129,600992.SH,sell,1000.0,11.175604303291687,11175.604303291686,5.0,5.587802151645843,5.590597450371206,67897.30348532811
20180126,20180129,000548.SZ,buy,2100.0,6.593558439098314,13846.472722106459,5.0,0.0,6.919776472816011,54045.83076322165
20180126,20180129,000702.SZ,buy,1800.0,7.653825,13776.885,5.0,0.0,6.885000000000218,40263.94576322165
20180126,20180129,300058.SZ,buy,2600.0,5.487692641933836,14268.000869027974,5.0,0.0,7.130435216904516,25990.94489419368
20180126,20180129,600624.SH,buy,1800.0,6.940469689251145,12492.845440652061,5.0,0.0,6.243301069791414,13493.099453541618
20180202,20180205,000548.SZ,sell,2100.0,5.655382676643304,11876.30362095094,5.0,5.938151810475469,5.941122371659731,25358.464922682084
20180202,20180205,000702.SZ,sell,1800.0,6.57671,11838.078000000001,5.0,5.919039000000001,5.921999999998661,37185.623883682085
20180202,20180205,300058.SZ,sell,2600.0,5.204627555474987,13532.031644234967,5.0,6.766015822117484,6.769400522378419,50705.88951209493
20180202,20180205,600624.SH,sell,1800.0,5.9232179249448125,10661.792264900663,5.0,5.330896132450332,5.333562913905553,61357.350880863145
20180202,20180205,000736.SZ,buy,1400.0,8.933035714285714,12506.249999999998,5.0,0.0,6.249999999998181,48846.100880863145
20180202,20180205,000898.SZ,buy,2200.0,4.87584889899909,10726.867577797997,5.0,0.0,5.360753412191116,38114.23330306515
20180202,20180205,300277.SZ,buy,1500.0,10.125261511678913,15187.89226751837,5.0,0.0,7.5901510582316405,22921.34103554678
20180202,20180205,300343.SZ,buy,1400.0,7.465568466777769,10451.795853488877,5.0,0.0,5.223286283602647,12464.545182057902
20180202,20180205,600531.SH,buy,1700.0,6.39075555871261,10864.284449811437,5.0,0.0,5.429427511149697,1595.2607322464646
20180209,20180212,000736.SZ,sell,1400.0,6.504682539682539,9106.555555555555,5.0,4.553277777777778,4.555555555554747,10692.263010024242
20180209,20180212,000898.SZ,sell,2200.0,4.239201753108887,9326.243856839552,5.0,4.663121928419776,4.665454655747453,20008.843744935373
20180209,20180212,300277.SZ,sell,1500.0,9.382435871988887,14073.653807983332,5.0,7.036826903991666,7.040347077529077,34070.46072601472
20180209,20180212,300343.SZ,sell,1400.0,7.79760928048692,10916.65299268169,5.0,5.458326496340844,5.4610570248514705,44976.65539220007
20180209,20180212,600531.SH,sell,1700.0,5.526766325704741,9395.50275369806,5.0,4.6977513768490295,4.700101427562913,54362.46039452128
20180209,20180212,000816.SZ,buy,4200.0,3.9696048775649797,16672.340485772915,5.0017021457318736,0.0,8.332004240764945,37685.11820660264
20180209,20180212,002878.SZ,buy,700.0,12.004746240601502,8403.322368421052,5.0,0.0,4.199561403509506,29276.795838181584
20180209,20180212,300323.SZ,buy,200.0,16.175830555395265,3235.166111079053,5.0,0.0,1.6167746682049255,26036.629727102532
20180209,20180212,300586.SZ,buy,3200.0,4.938338355087277,15802.682736279286,5.0,0.0,7.897392671802663,10228.946990823246
20180209,20180212,600313.SH,buy,2800.0,3.3416699999999997,9356.676,5.0,0.0,4.675999999999476,867.2709908232464
20180214,20180222,000816.SZ,sell,4200.0,3.9954540779753764,16780.907127496583,5.034272138248975,8.390453563748292,8.394650889189506,17634.753392617833
20180214,20180222,002878.SZ,sell,700.0,11.70780231829574,8195.461622807017,5.0,4.097730811403508,4.0997807017538435,25821.117284613447
20180214,20180222,300323.SZ,sell,200.0,16.021630301500288,3204.3260603000576,5.0,1.602163030150029,1.6029645124062881,29018.841181883356
20180214,20180222,300586.SZ,sell,3200.0,4.8385293599622585,15483.293951879226,5.0,7.741646975939613,7.745519735806738,44489.39348678664
20180214,20180222,600313.SH,sell,2800.0,3.268365,9151.422,5.0,4.575711,4.57799999999952,53631.23977578664
20180214,20180222,002240.SZ,buy,700.0,14.477163279569893,10134.014295698926,5.0,0.0,5.064474910393983,43492.22548008771
20180214,20180222,002485.SZ,buy,1200.0,15.551213235294115,18661.455882352937,5.59843676470588,0.0,9.326064908720582,24825.17116097007
20180214,20180222,002609.SZ,buy,900.0,13.00500345792419,11704.50311213177,5.0,0.0,5.8493268926195015,13115.668048838299
20180214,20180222,600207.SH,buy,1600.0,7.28364,11653.824,5.0,0.0,5.824000000000524,1456.8440488382985
20180223,20180226,002240.SZ,sell,700.0,14.8681894265233,10407.73259856631,5.0,5.203866299283155,5.206469534048665,11854.372781105325
20180223,20180226,002485.SZ,sell,1200.0,15.477044624746451,18572.453549695743,5.571736064908722,9.286226774847872,9.290872210949601,30411.968367961308
20180223,20180226,002609.SZ,sell,900.0,13.275789362263755,11948.21042603738,5.0,5.9741052130186905,5.9770937598968885,42349.20468878567
20180223,20180226,600207.SH,sell,1600.0,6.65667,10650.672,5.0,5.325336,5.32799999999952,52989.55135278567
20180223,20180226,002073.SZ,buy,1200.0,8.166907722035875,9800.28926644305,5.0,0.0,4.897695785326505,43184.26208634262
20180223,20180226,002459.SZ,buy,1400.0,6.001231160220995,8401.723624309394,5.0,0.0,4.1987624309404055,34777.538462033226
20180223,20180226,002737.SZ,buy,900.0,12.590707792207793,11331.637012987014,5.0,0.0,5.662987012985468,23440.901449046214
20180223,20180226,600567.SH,buy,2700.0,4.812931828860255,12994.915937922688,5.0,0.0,6.494210863529588,10440.985511123527
20180223,20180226,600810.SH,buy,1400.0,6.405915120390972,8968.28116854736,5.0,0.0,4.481899634454749,1467.7043425761658
20180302,20180305,002073.SZ,sell,1200.0,8.283525700014584,9940.2308400175,5.0,4.97011542000875,4.972601720868624,11397.965067173658
20180302,20180305,002459.SZ,sell,1400.0,6.1317097753222845,8584.393685451198,5.0,4.292196842725599,4.294344014733724,19973.06655578213
20180302,20180305,002737.SZ,sell,900.0,13.023020213657313,11720.718192291582,5.0,5.860359096145792,5.8632907415158115,31682.924388977568
20180302,20180305,600567.SH,sell,2700.0,4.817262217318051,13006.607986758738,5.0,6.503303993379369,6.506557272014106,44678.02907174293
20180302,20180305,600810.SH,sell,1400.0,6.3504269806897655,8890.597772965672,5.0,4.445298886482836,4.447522647806181,53559.18154582212
20180302,20180305,002698.SZ,buy,1600.0,7.024553136681845,11239.28501869095,5.0,0.0,5.616834092297722,42314.89652713117
20180302,20180305,300353.SZ,buy,600.0,17.186981616748167,10312.1889700489,5.0,0.0,5.153517726159407,31997.70755708227
20180302,20180305,300616.SZ,buy,100.0,86.62975230007078,8662.975230007078,5.0,0.0,4.329322953526571,23329.732327075195
20180302,20180305,600410.SH,buy,900.0,11.558689054687129,10402.820149218416,5.0,0.0,5.198810669273371,12921.912177856779
20180302,20180305,600577.SH,buy,2500.0,4.343117918872194,10857.794797180484,5.0,0.0,5.426184306435971,2059.1173806762945
20180309,20180312,002698.SZ,sell,1600.0,6.851856800108747,10962.970880173994,5.0,5.481485440086997,5.484227553864912,13011.606775410202
20180309,20180312,300353.SZ,sell,600.0,18.221825849633255,10933.095509779952,5.0,5.466547754889977,5.469282396088602,23934.235737435265
20180309,20180312,300616.SZ,sell,100.0,91.86723047888654,9186.723047888654,5.0,4.593361523944327,4.5956593536211585,33111.36542379997
20180309,20180312,600410.SH,sell,900.0,11.655698960518638,10490.129064466775,5.0,5.245064532233387,5.247688376419319,43591.249423734516
20180309,20180312,600577.SH,sell,2500.0,4.159418080875927,10398.545202189818,5.0,5.1992726010949095,5.2018735378624115,53979.59535332324
20180309,20180312,000790.SZ,buy,1600.0,6.689557032159958,10703.291251455932,5.0,0.0,5.348971140156209,43271.30410186731
20180309,20180312,300420.SZ,buy,2500.0,4.388201734270201,10970.504335675501,5.0,0.0,5.482510912379439,32295.79976619181
20180309,20180312,300545.SZ,buy,300.0,28.8624761622013,8658.74284866039,5.0,0.0,4.327207820419062,23632.05691753142
20180309,20180312,603918.SH,buy,1100.0,9.178379475964109,10096.21742356052,5.0,0.0,5.045585918820507,13530.8394939709
20180316,20180319,000790.SZ,sell,1600.0,6.007764480474311,9612.423168758898,5.0,4.806211584379449,4.808615892325179,23133.45645114542
20180316,20180319,300420.SZ,sell,2500.0,4.138193894389438,10345.484735973596,5.0,5.172742367986798,5.175330033001956,33468.768444751026
20180316,20180319,300545.SZ,sell,300.0,29.511155457398022,8853.346637219407,5.0,4.426673318609704,4.428887762489467,42312.688408651826
20180316,20180319,603918.SH,sell,1100.0,8.475167345503644,9322.684080054009,5.0,4.661342040027004,4.663673876964822,51625.71114666581
20180316,20180319,000909.SZ,buy,800.0,11.20561876230661,8964.495009845288,5.0,0.0,4.480007501171713,42656.21613682052
20180316,20180319,002702.SZ,buy,1800.0,5.546900177935943,9984.420320284698,5.0,0.0,4.989715302492186,32666.79581653582
20180316,20180319,600192.SH,buy,1500.0,7.043767175743964,10565.650763615946,5.0,0.0,5.280185289162546,22096.145052919877
20180316,20180319,600825.SH,buy,1600.0,6.164276310453091,9862.842096724946,5.0,0.0,4.928956570078299,12228.302956194932
20180316,20180319,600865.SH,buy,1400.0,7.066405688622754,9892.967964071855,5.0,0.0,4.944011976045658,2330.3349921230765
20180323,20180326,000909.SZ,sell,800.0,9.320419503047352,7456.335602437882,5.0,3.728167801218941,3.730032817627034,9777.942426759739
20180323,20180326,002702.SZ,sell,1800.0,4.755146558992609,8559.263806186696,5.0,4.279631903093349,4.28177278948715,18327.926601043342
20180323,20180326,600192.SH,sell,1500.0,5.635344870859068,8453.017306288602,5.0,4.226508653144301,4.228622964625174,26771.7173986788
20180323,20180326,600825.SH,sell,1600.0,5.319269305841548,8510.830889346476,5.0,4.255415444673238,4.257544216781753,35273.292872580605
20180323,20180326,600865.SH,sell,1400.0,6.628895081787645,9280.453114502703,5.0,4.640226557251352,4.642547831166667,44544.10576052606
20180323,20180326,000565.SZ,buy,1300.0,6.891842717275027,8959.395532457536,5.0,0.0,4.47745903671057,35579.71022806852
20180323,20180326,002824.SZ,buy,700.0,11.21739234827306,7852.174643791142,5.0,0.0,3.924125259264656,27722.53558427738
20180323,20180326,600343.SH,buy,600.0,13.265767950391643,7959.460770234986,5.0,0.0,3.977741514360787,19758.074814042393
20180323,20180326,600800.SH,buy,1300.0,6.4032,8324.16,5.0,0.0,4.1599999999998545,11428.914814042393
20180323,20180326,603609.SH,buy,900.0,9.12698761711902,8214.288855407118,5.0,0.0,4.105091881761837,3209.6259586352753
20180330,20180402,000565.SZ,sell,1300.0,6.7576365290787175,8784.927487802333,5.0,4.392463743901167,4.394661074436954,11985.160982693707
20180330,20180402,002824.SZ,sell,700.0,11.505012043466499,8053.508430426549,5.0,4.026754215213275,4.028768599512659,20029.642658905042
20180330,20180402,600343.SH,sell,600.0,12.68539694843342,7611.238169060051,5.0,3.8056190845300257,3.8075228459538266,27632.075208880564
20180330,20180402,600800.SH,sell,1300.0,5.987005000000001,7783.106500000001,5.0,3.8915532500000003,3.8934999999992215,35406.290155630566
20180330,20180402,603609.SH,sell,900.0,8.794536637852868,7915.082974067582,5.0,3.957541487033791,3.959521247656994,43312.415588211115
20180330,20180402,002724.SZ,buy,1200.0,6.578834493041749,7894.601391650099,5.0,0.0,3.945328031808458,35412.81419656102
20180330,20180402,300161.SZ,buy,400.0,19.24975937056623,7699.903748226492,5.0,0.0,3.848027860181901,27707.91044833453
20180330,20180402,300412.SZ,buy,1300.0,6.873039790097008,8934.95172712611,5.0,0.0,4.465243241942517,18767.95872120842
20180330,20180402,603067.SH,buy,1900.0,4.761175997383911,9046.23439502943,5.0,0.0,4.52085676912975,9716.724326178988
20180330,20180402,603976.SH,buy,400.0,18.312693753710175,7325.07750148407,5.0,0.0,3.6607083965436686,2386.646824694918
20180404,20180409,002724.SZ,sell,1200.0,6.091545149105368,7309.854178926442,5.0,3.654927089463221,3.65675546719649,9687.846076531896
20180404,20180409,300161.SZ,sell,400.0,16.906169282858247,6762.467713143299,5.0,3.3812338565716495,3.382925319230708,16441.932555818625
20180404,20180409,300412.SZ,sell,1300.0,6.301678723250607,8192.182340225789,5.0,4.096091170112895,4.098140240233988,24625.0188048743
20180404,20180409,603067.SH,sell,1900.0,5.584191465009811,10609.96378351864,5.0,5.30498189175932,5.307635709612441,35224.67760650118
20180404,20180409,603976.SH,sell,400.0,16.494617769276434,6597.847107710574,5.0,3.2989235538552872,3.300573840774632,41814.225790657896
20180404,20180409,000153.SZ,buy,1300.0,5.960310855263158,7748.4041118421055,5.0,0.0,3.8722659229588317,34060.82167881579
20180404,20180409,000852.SZ,buy,1100.0,7.652921098740644,8418.213208614708,5.0,0.0,4.207003102756062,25637.608470201078
20180404,20180409,300194.SZ,buy,1400.0,5.450278740240083,7630.390236336117,5.0,0.0,3.8132884739306974,18002.21823386496
20180404,20180409,300354.SZ,buy,600.0,13.450475273232293,8070.285163939376,5.0,0.0,4.033126018959592,9926.933069925586
20180404,20180409,300637.SZ,buy,600.0,12.777439485627834,7666.463691376701,5.0,0.0,3.8313161875948936,2255.4693785488853
20180413,20180416,000153.SZ,sell,1300.0,5.345009224828376,6948.511992276888,5.0,3.474255996138444,3.47599399313458,9195.507114829634
20180413,20180416,000852.SZ,sell,1100.0,7.12278105128673,7835.059156415403,5.0,3.9175295782077013,3.9194893228695946,17021.648741666828
20180413,20180416,300194.SZ,sell,1400.0,5.29717474635455,7416.044644896369,5.0,3.7080223224481847,3.709877261078873,24428.985364240747
20180413,20180416,300354.SZ,sell,600.0,11.905498894994265,7143.299336996559,5.0,3.5716496684982797,3.5734363866913554,31563.713051568808
20180413,20180416,300637.SZ,sell,600.0,11.207378883005545,6724.427329803327,5.0,3.3622136649016636,3.3638956127078927,38279.778167707234
20180413,20180416,002719.SZ,buy,400.0,19.27226192378611,7708.9047695144445,5.0,0.0,3.852526121696428,30565.87339819279
20180413,20180416,300368.SZ,buy,800.0,8.88175923444976,7105.407387559808,5.0,0.0,3.5509282296643505,23455.466010632983
20180413,20180416,300541.SZ,buy,800.0,8.9888322147651,7191.06577181208,5.0,0.0,3.593736017895935,16259.400238820903
20180413,20180416,600180.SH,buy,700.0,9.729680558848978,6810.776391194285,5.0,0.0,3.4036863524215732,9443.623847626619
20180413,20180416,603871.SH,buy,1500.0,4.968724503671471,7453.086755507206,5.0,0.0,3.7246810372344044,1985.5370921194126
20180420,20180423,002719.SZ,sell,400.0,19.730756607252616,7892.302642901046,5.0,3.946151321450523,3.9481253841422586,9868.89358369901
20180420,20180423,300368.SZ,sell,800.0,7.36091100478469,5888.728803827752,5.0,2.944364401913876,2.9458373205743555,15749.678023124849
20180420,20180423,300541.SZ,sell,800.0,7.143060809436649,5714.448647549319,5.0,2.8572243237746595,2.85865365059999,21456.269446350394
20180420,20180423,600180.SH,sell,700.0,9.977144350626464,6984.001045438525,5.0,3.4920005227192625,3.4937473964164383,28431.7784912662
20180420,20180423,603871.SH,sell,1500.0,4.142374454600276,6213.5616819004135,5.0,3.106780840950207,3.10833500845456,34637.23339232567
20180420,20180423,002806.SZ,buy,200.0,27.81237145833333,5562.474291666666,5.0,0.0,2.779847222222088,29069.759100659
20180420,20180423,300077.SZ,buy,600.0,11.695844999999998,7017.506999999999,5.0,0.0,3.5069999999986976,22047.252100659003
20180420,20180423,600562.SH,buy,300.0,19.766318659685016,5929.8955979055045,5.0,0.0,2.9634660659194196,16112.356502753499
20180420,20180423,603421.SH,buy,300.0,17.784891195847475,5335.467358754243,5.0,0.0,2.6664004791382467,10771.889143999255
20180427,20180502,002806.SZ,sell,200.0,31.017400208333335,6203.480041666667,5.0,3.1017400208333332,3.103291666666337,16967.267445645088
20180427,20180502,300077.SZ,sell,600.0,11.564215,6938.529,5.0,3.4692645000000004,3.470999999999549,23897.32718114509
20180427,20180502,600562.SH,sell,300.0,19.783062334253398,5934.918700276019,5.0,2.9674593501380095,2.9689438220493685,29824.278422070973
20180427,20180502,603421.SH,sell,300.0,15.82278937911759,4746.836813735277,5.0,2.3734184068676387,2.3746057097223456,34563.74181739938
20180427,20180502,000678.SZ,buy,1000.0,6.4032,6403.2,5.0,0.0,3.199999999999818,28155.54181739938
20180427,20180502,000813.SZ,buy,700.0,9.958909264443879,6971.236485110715,5.0,0.0,3.483876304403566,21179.305332288663
20180427,20180502,002524.SZ,buy,900.0,7.603799999999999,6843.419999999999,5.0,0.0,3.4199999999991633,14330.885332288664
20180427,20180502,002683.SZ,buy,600.0,9.550435835665052,5730.261501399032,5.0,0.0,2.8636989012484264,8595.623830889632
20180427,20180502,002725.SZ,buy,700.0,8.935460688124307,6254.822481687015,5.0,0.0,3.125848316685733,2335.8013492026166
20180504,20180507,000678.SZ,sell,1000.0,5.927035,5927.035,5.0,2.9635175,2.9650000000001455,8254.872831702616
20180504,20180507,000813.SZ,sell,700.0,9.958558570883177,6970.990999618224,5.0,3.485495499809112,3.4872391193675867,15217.378335821031
20180504,20180507,002524.SZ,sell,900.0,7.406295000000001,6665.665500000001,5.0,3.3328327500000006,3.334499999999025,21874.711003071032
20180504,20180507,002683.SZ,sell,600.0,9.986309881935442,5991.785929161266,5.0,2.995892964580633,2.9973916604094484,27858.501039267718
20180504,20180507,002725.SZ,sell,700.0,10.0423459045505,7029.64213318535,5.0,3.514821066592675,3.5165793562700856,34879.62835138648
20180504,20180507,002889.SZ,buy,500.0,11.73251255037828,5866.25627518914,5.0,0.0,2.931662306441467,29008.372076197338
20180504,20180507,300375.SZ,buy,1400.0,4.825968684272026,6756.3561579808365,5.0,0.0,3.3764898340732543,22247.0159182165
20180504,20180507,600098.SH,buy,1200.0,5.416876546775997,6500.251856131196,5.0,0.0,3.248501677226159,15741.764062085305
20180504,20180507,600812.SH,buy,1400.0,4.9714471942233285,6960.02607191266,5.0,0.0,3.478273899006126,8776.737990172645
20180504,20180507,603633.SH,buy,900.0,7.405613969236209,6665.052572312588,5.0,0.0,3.330860855728133,2106.685417860057
20180511,20180514,002889.SZ,sell,500.0,11.858594357632752,5929.297178816376,5.0,2.964648589408188,2.9661316552355856,8028.017948087025
20180511,20180514,300375.SZ,sell,1400.0,4.787509231128769,6702.512923580276,5.0,3.351256461790138,3.352932928253722,14722.17961520551
20180511,20180514,600098.SH,sell,1200.0,5.427664360479564,6513.197232575476,5.0,3.256598616287738,3.2582277301535214,21227.120249164698
20180511,20180514,600812.SH,sell,1400.0,4.704574106020653,6586.403748428914,5.0,3.293201874214457,3.2948492988634825,27805.2307957194
20180511,20180514,603633.SH,sell,900.0,6.692776407355022,6023.49876661952,5.0,3.0117493833097604,3.013256011314297,33820.71781295561
20180511,20180514,300460.SZ,buy,600.0,10.457791286015459,6274.674771609275,5.0,0.0,3.1357695010528914,27541.043041346336
20180511,20180514,601015.SH,buy,1300.0,4.9748522544642855,6467.307930803571,5.0,0.0,3.232037946428136,21068.735110542766
20180511,20180514,603456.SH,buy,700.0,9.714369580277586,6800.05870619431,5.0,0.0,3.3983301880025465,14263.676404348456
20180511,20180514,603708.SH,buy,400.0,15.38859375568354,6155.437502273417,5.0,0.0,3.0761806608061306,8103.23890207504
20180511,20180514,603798.SH,buy,500.0,13.573729521763628,6786.864760881814,5.0,0.0,3.391736512184252,1311.374141193226
20180518,20180521,300460.SZ,sell,600.0,9.494372013352072,5696.623208011243,5.0,2.8483116040056218,2.849736472240693,7000.149037600464
20180518,20180521,601015.SH,sell,1300.0,5.012670982142857,6516.472276785714,5.0,3.258236138392857,3.259866071428405,13508.363078247785
20180518,20180521,603456.SH,sell,700.0,9.201782225699338,6441.247557989536,5.0,3.220623778994768,3.2222348964432967,19941.390012458327
20180518,20180521,603708.SH,sell,400.0,15.989212670506214,6395.685068202486,5.0,3.1978425341012433,3.1994422552288597,26328.87723812671
20180518,20180521,603798.SH,sell,500.0,13.631158191294547,6815.579095647274,5.0,3.407789547823637,3.4094942949705,33136.04854422616
20180518,20180521,002172.SZ,buy,1000.0,6.34317,6343.17,5.0,0.0,3.1700000000000728,26787.878544226165
20180518,20180521,002554.SZ,buy,1300.0,4.4747997200635075,5817.23963608256,5.0,0.0,2.9071662349242615,20965.638908143606
20180518,20180521,600917.SH,buy,800.0,7.66268359375,6130.146874999999,5.0,0.0,3.0635416666655146,14830.492033143608
20180518,20180521,603536.SH,buy,600.0,10.318795872781065,6191.277523668639,5.0,0.0,3.0940917159769015,8634.214509474969
20180518,20180521,603800.SH,buy,400.0,16.459375362972313,6583.750145188926,5.0,0.0,3.290229957615338,2045.4643642860428
20180525,20180528,002172.SZ,sell,1000.0,5.95702,5957.02,5.0,2.9785100000000004,2.9799999999995634,7994.505854286043
20180525,20180528,002554.SZ,sell,1300.0,3.9004832553410766,5070.628231943399,5.0,2.5353141159717,2.5365824071750467,13057.59877211347
20180525,20180528,600917.SH,sell,800.0,7.389532552083333,5911.626041666666,5.0,2.9558130208333333,2.957291666666606,18961.269000759305
20180525,20180528,603536.SH,sell,600.0,9.860895488165681,5916.537292899409,5.0,2.9582686464497048,2.959748520708672,24869.848025012263
20180525,20180528,603800.SH,sell,400.0,20.623788817747318,8249.515527098927,5.0,4.124757763549463,4.12682117413533,33110.23879434764
20180525,20180528,002264.SZ,buy,500.0,10.654322829716193,5327.161414858097,5.0,0.0,2.662249582636832,27778.077379489547
20180525,20180528,002722.SZ,buy,300.0,19.8543636597241,5956.30909791723,5.0,0.0,2.9766662158508552,21816.768281572316
20180525,20180528,300177.SZ,buy,600.0,9.67445357771261,5804.672146627566,5.0,0.0,2.9008856304981236,16007.09613494475
20180525,20180528,300536.SZ,buy,700.0,9.34574976606363,6542.024836244541,5.0,0.0,3.2693777292570303,9460.071298700208
20180525,20180528,603069.SH,buy,500.0,12.288381824853229,6144.190912426614,5.0,0.0,3.0705601761246726,3310.880386273594
20180601,20180604,002264.SZ,sell,500.0,10.97875245200334,5489.37622600167,5.0,2.744688113000835,2.746061143571751,8792.511924162263
20180601,20180604,002722.SZ,sell,300.0,17.40189789018123,5220.569367054369,5.0,2.6102846835271842,2.6115904787666295,14005.471006533106
20180601,20180604,300177.SZ,sell,600.0,8.491924934017595,5095.154960410557,5.0,2.547577480205278,2.5488519061591433,19093.07838946346
20180601,20180604,300536.SZ,sell,700.0,7.395567365876482,5176.897156113538,5.0,2.5884485780567688,2.5897434497810536,24262.38709699894
20180601,20180604,603069.SH,sell,500.0,10.752644471624265,5376.322235812133,5.0,2.6881611179060667,2.6895058708405486,29631.021171693166
20180601,20180604,002481.SZ,buy,1300.0,4.672855982094554,6074.71277672292,5.0,0.0,3.035838469126247,23551.308394970245
20180601,20180604,002607.SZ,buy,700.0,8.582396998180716,6007.677898726502,5.0,0.0,3.0023377804727716,17538.630496243743
20180601,20180604,002702.SZ,buy,1000.0,5.518454535997811,5518.454535997811,5.0,0.0,2.7578483438273906,12015.175960245931
20180601,20180604,002793.SZ,buy,500.0,9.609003828364445,4804.501914182222,5.0,0.0,2.401050431873955,7205.674046063709
20180601,20180604,300740.SZ,buy,200.0,23.828070201690352,4765.6140403380705,5.0,0.0,2.3816162120629087,2435.060005725639
20180608,20180611,002481.SZ,sell,1300.0,4.39587464279274,5714.637035630562,5.0,2.857318517815281,2.8587478917597764,8141.839722838386
20180608,20180611,002607.SZ,sell,700.0,11.5147309611886,8060.311672832021,5.0,4.030155836416011,4.0321719223766195,16193.12123983399
20180608,20180611,002702.SZ,sell,1000.0,5.598190470845881,5598.1904708458815,5.0,2.7990952354229406,2.8004954831640134,21783.512615444448
20180608,20180611,002793.SZ,sell,500.0,9.321567032599612,4660.783516299806,5.0,2.330391758149903,2.3315575369178987,26436.965739986103
20180608,20180611,300740.SZ,sell,200.0,20.92327496542451,4184.654993084902,5.0,2.092327496542451,2.0933741836333866,30614.528405574463
20180608,20180611,002782.SZ,buy,400.0,16.657849028249007,6663.139611299603,5.0,0.0,3.329904853222615,23946.388794274862
20180608,20180611,300686.SZ,buy,300.0,17.96085749537323,5388.257248611969,5.0,0.0,2.692782233189064,18553.131545662894
20180608,20180611,600433.SH,buy,1400.0,4.109045226373869,5752.6633169234165,5.0,0.0,2.8748942113552403,12795.468228739479
20180608,20180611,603686.SH,buy,300.0,15.558730659833827,4667.619197950148,5.0,0.0,2.3326432773365013,8122.849030789331
20180615,20180619,002782.SZ,sell,400.0,14.880076523086005,5952.030609234403,5.0,2.9760153046172015,2.977504056644648,14066.903624719116
20180615,20180619,300686.SZ,sell,300.0,15.864981492905615,4759.494447871684,5.0,2.3797472239358424,2.3809376927820267,18819.018325366866
20180615,20180619,600433.SH,sell,1400.0,3.842920900517189,5380.089260724065,5.0,2.6900446303620327,2.6913903255244804,24191.41754146057
20180615,20180619,603686.SH,sell,300.0,15.480957207835525,4644.287162350657,5.0,2.322143581175329,2.32330523379278,28828.382560230053
20180615,20180619,002423.SZ,buy,500.0,12.065442864953527,6032.721432476763,5.0,0.0,3.014853289592793,22790.66112775329
20180615,20180619,002829.SZ,buy,200.0,22.818364264705878,4563.672852941176,5.0,0.0,2.280696078430992,18221.988274812116
20180615,20180619,300139.SZ,buy,700.0,8.72436,6107.052000000001,5.0,0.0,3.0520000000005894,12109.936274812117
20180615,20180619,300552.SZ,buy,300.0,14.047827791556728,4214.348337467019,5.0,0.0,2.10612110817965,7890.587937345098
20180615,20180619,600774.SH,buy,400.0,12.81361914893617,5125.447659574467,5.0,0.0,2.5614431082331066,2760.1402777706307
20180622,20180625,002423.SZ,sell,500.0,10.977850774558048,5488.925387279024,5.0,2.744462693639512,2.745835611444818,8241.321202356015
20180622,20180625,002829.SZ,sell,200.0,21.614326319444444,4322.865263888889,5.0,2.1614326319444443,2.1625138888884976,12557.025033612961
20180622,20180625,300139.SZ,sell,700.0,8.225885000000002,5758.119500000002,5.0,2.879059750000001,2.880499999998392,18307.265473862964
20180622,20180625,300552.SZ,sell,300.0,11.154652073878628,3346.3956221635885,5.0,1.6731978110817942,1.674034828495678,21646.98789821547
20180622,20180625,600774.SH,sell,400.0,10.991787819919827,4396.715127967931,5.0,2.1983575639839654,2.1994572926296314,26036.50466861942
20180622,20180625,002859.SZ,buy,300.0,22.827833796415295,6848.3501389245885,5.0,0.0,3.422463837543546,19183.15452969483
20180622,20180625,002909.SZ,buy,800.0,8.985463002114164,7188.370401691332,5.0,0.0,3.5923890063413637,11989.784128003499
20180622,20180625,600117.SH,buy,900.0,5.552775,4997.4974999999995,5.0,0.0,2.4974999999994907,6987.2866280035
20180622,20180625,603819.SH,buy,500.0,9.257373849510374,4628.686924755187,5.0,0.0,2.3131868689424664,2353.599703248313
20180629,20180702,002859.SZ,sell,300.0,22.834458395064612,6850.337518519384,5.0,3.4251687592596918,3.426882200359614,9195.512053008437
20180629,20180702,002909.SZ,sell,800.0,8.631232720767606,6904.986176614085,5.0,3.4524930883070426,3.454220198405892,16092.045736534215
20180629,20180702,600117.SH,sell,900.0,5.11744,4605.696,5.0,2.302848,2.3040000000000873,20690.438888534216
20180629,20180702,603819.SH,sell,500.0,9.489331807803541,4744.66590390177,5.0,2.3723329519508853,2.3735197118066935,25427.732459484036
20180629,20180702,002357.SZ,buy,600.0,8.770278709748812,5262.167225849287,5.0,0.0,2.6297687285605207,20160.56523363475
20180629,20180702,300384.SZ,buy,300.0,19.20216511714997,5760.649535144991,5.0,0.0,2.8788853249097883,14394.915698489756
20180629,20180702,300423.SZ,buy,300.0,12.866444787171151,3859.933436151345,5.0,0.0,1.9290022169666372,10529.982262338412
20180629,20180702,300469.SZ,buy,300.0,12.842201886792452,3852.6605660377354,5.0,0.0,1.9253675992190438,6672.321696300676
20180629,20180702,600448.SH,buy,1000.0,4.029592736842105,4029.592736842105,5.0,0.0,2.0137894736835733,2637.7289594585714
20180706,20180709,002357.SZ,sell,600.0,7.254155770720372,4352.493462432223,5.0,2.1762467312161116,2.177335398915602,6983.046175159578
20180706,20180709,300384.SZ,sell,300.0,17.858879565104125,5357.663869531238,5.0,2.678831934765619,2.680172020775899,12333.03121275605
20180706,20180709,300423.SZ,sell,300.0,12.494163626958322,3748.2490880874966,5.0,1.8741245440437484,1.8750620750811322,16074.406176299502
20180706,20180709,300469.SZ,sell,300.0,11.829797822055953,3548.9393466167858,5.0,1.774469673308393,1.7753573519844394,19616.57105324298
20180706,20180709,600448.SH,sell,1000.0,3.7838645583524033,3783.8645583524035,5.0,1.8919322791762019,1.8928787185350302,23393.543679316208
20180706,20180709,000713.SZ,buy,1000.0,3.7107842233547523,3710.784223354752,5.0,0.0,1.8544648792371845,19677.759455961455
20180706,20180709,000802.SZ,buy,200.0,17.09045802584135,3418.0916051682702,5.0,0.0,1.7081917067312133,16254.667850793185
20180706,20180709,002412.SZ,buy,500.0,9.148400649401355,4574.200324700677,5.0,0.0,2.2859571837580006,11675.467526092507
20180706,20180709,300290.SZ,buy,900.0,5.6666190460210935,5099.957141418984,5.0,0.0,2.5487042186005056,6570.510384673523
20180706,20180709,603508.SH,buy,300.0,16.157151827864695,4847.145548359408,5.0,0.0,2.4223615933824476,1718.3648363141147
20180713,20180716,000713.SZ,sell,1000.0,3.5989972966984265,3598.9972966984265,5.0,1.7994986483492132,1.8003988477730672,5310.5626343641925
20180713,20180716,000802.SZ,sell,200.0,13.147890914963947,2629.578182992789,5.0,1.3147890914963947,1.3154468149036802,7933.826028265485
20180713,20180716,002412.SZ,sell,500.0,9.44538296264966,4722.6914813248295,5.0,2.361345740662415,2.3625270041648037,12649.156163849651
20180713,20180716,300290.SZ,sell,900.0,5.245290711888783,4720.761640699905,5.0,2.3603808203499526,2.3615616011502425,17362.557423729206
20180713,20180716,603508.SH,sell,300.0,16.247870596153096,4874.361178845928,5.0,2.4371805894229643,2.438399789317373,22229.48142198571
20180713,20180716,300477.SZ,buy,400.0,9.866322296606228,3946.528918642491,5.0,0.0,1.9722783201609673,18277.95250334322
20180713,20180716,300482.SZ,buy,100.0,31.24007410508934,3124.0074105089343,5.0,0.0,1.5612230937076674,15148.945092834285
20180713,20180716,603348.SH,buy,100.0,43.67655297256097,4367.655297256097,5.0,0.0,2.182736280487916,10776.289795578188
20180713,20180716,603690.SH,buy,200.0,21.87589362046632,4375.1787240932645,5.0,0.0,2.1864961139899606,6396.111071484924
20180713,20180716,603718.SH,buy,200.0,15.58581395348837,3117.162790697674,5.0,0.0,1.5578024941019066,3273.9482807872496
20180720,20180723,300477.SZ,sell,400.0,9.948843018750969,3979.5372075003875,5.0,1.9897686037501938,1.9907639857428876,7246.495719683887
20180720,20180723,300482.SZ,sell,100.0,28.35215521613493,2835.215521613493,5.0,1.4176077608067466,1.4183169192660898,10075.293633536574
20180720,20180723,603348.SH,sell,100.0,37.8716796875,3787.16796875,5.0,1.893583984375,1.89453125,13855.5680183022
20180720,20180723,603690.SH,sell,200.0,22.58520433937824,4517.0408678756485,5.0,2.258520433937824,2.2596502590668024,18365.35036574391
20180720,20180723,603718.SH,sell,200.0,13.818584386585776,2763.716877317155,5.0,1.3818584386585777,1.3825497135153455,21122.685384622408
20180720,20180723,002375.SZ,buy,700.0,5.942538038496792,4159.776626947754,5.0,0.0,2.0788488890293593,16957.908757674653
20180720,20180723,002807.SZ,buy,1100.0,3.561698159509202,3917.867975460122,5.0,0.0,1.9579550102243957,13035.040782214532
20180720,20180723,300464.SZ,buy,300.0,11.60208352004717,3480.625056014151,5.0,0.0,1.7394428066036198,9549.415726200381
20180720,20180723,600917.SH,buy,600.0,6.633096311475409,3979.8577868852453,5.0,0.0,1.988934426229207,5564.557939315136
20180720,20180723,603606.SH,buy,600.0,6.377693086491178,3826.615851894707,5.0,0.0,1.9123517500720482,1732.9420874204288
20180727,20180730,002375.SZ,sell,700.0,5.668494023199217,3967.9458162394517,5.0,1.983972908119726,1.9849653908145228,5693.903930751761
20180727,20180730,002807.SZ,sell,1100.0,3.521202550222543,3873.322805244797,5.0,1.9366614026223985,1.9376302177311118,9560.290074593937
20180727,20180730,300464.SZ,sell,300.0,9.67356095715409,2902.068287146227,5.0,1.4510341435731133,1.4517600235844839,12455.907327596591
20180727,20180730,600917.SH,sell,600.0,6.797530204064207,4078.5181224385246,5.0,2.0392590612192625,2.0402792008189863,16527.386190973895
20180727,20180730,603606.SH,sell,600.0,6.40751925441134,3844.511552646804,5.0,1.922255776323402,1.923217385015505,20364.975487844375
20180727,20180730,000955.SZ,buy,600.0,6.3931949999999995,3835.917,5.0,0.0,1.9169999999999163,16524.058487844373
20180727,20180730,002058.SZ,buy,300.0,13.125553629505447,3937.666088851634,5.0,0.0,1.9678491198656047,12581.392398992739
20180727,20180730,300163.SZ,buy,900.0,4.24212,3817.908,5.0,0.0,1.9079999999999018,8758.48439899274
20180727,20180730,600662.SH,buy,1000.0,3.954900264113469,3954.9002641134693,5.0,0.0,1.9764619011061768,4798.58413487927
20180727,20180730,600712.SH,buy,600.0,5.992995,3595.7969999999996,5.0,0.0,1.7969999999995707,1197.7871348792705
20180803,20180806,000955.SZ,sell,600.0,6.736630000000001,4041.9780000000005,5.0,2.020989,2.0219999999994798,5232.744145879271
20180803,20180806,002058.SZ,sell,300.0,11.654387829002514,3496.316348700754,5.0,1.7481581743503771,1.7490326906954579,8722.312336405674
20180803,20180806,300163.SZ,sell,900.0,3.5982000000000003,3238.38,5.0,1.6191900000000001,1.6199999999998909,11954.073146405673
20180803,20180806,600662.SH,sell,1000.0,3.768194269503909,3768.194269503909,5.0,1.8840971347519544,1.8850396545790318,15715.383318774831
20180803,20180806,600712.SH,sell,600.0,4.707645,2824.587,5.0,1.4122935,1.413000000000011,18533.558025274833
20180803,20180806,000520.SZ,buy,900.0,3.66183,3295.647,5.0,0.0,1.6469999999999345,15232.911025274832
20180803,20180806,002006.SZ,buy,500.0,7.282350717234975,3641.1753586174873,5.0,0.0,1.8196778403885219,11586.735666657345
20180803,20180806,002100.SZ,buy,600.0,5.498291971769545,3298.975183061727,5.0,0.0,1.6486632599003315,8282.760483595619
20180803,20180806,300240.SZ,buy,400.0,8.312484283549185,3324.9937134196744,5.0,0.0,1.6616660236977623,4952.766770175945
20180803,20180806,600540.SH,buy,800.0,4.24212,3393.696,5.0,0.0,1.6959999999999127,1554.0707701759447
20180810,20180813,000520.SZ,sell,900.0,3.3683150000000004,3031.4835000000003,5.0,1.51574175,1.5164999999997235,4579.038528425945
20180810,20180813,002006.SZ,sell,500.0,7.3623728699439015,3681.186434971951,5.0,1.8405932174859754,1.8415139744729458,8253.384370180409
20180810,20180813,002100.SZ,sell,600.0,5.344578111270372,3206.746866762223,5.0,1.6033734333811114,1.6041755211417694,11453.52786350925
20180810,20180813,300240.SZ,sell,400.0,7.621106251033343,3048.4425004133373,5.0,1.5242212502066688,1.5249837420774384,14495.446142672381
20180810,20180813,600540.SH,sell,800.0,4.41779,3534.232,5.0,1.7671160000000001,1.768000000000029,18022.91102667238
20180810,20180813,000635.SZ,buy,300.0,11.322999601139601,3396.8998803418804,5.0,0.0,1.6976011396009199,14621.0111463305
20180810,20180813,002315.SZ,buy,300.0,10.024717901623639,3007.4153704870914,5.0,0.0,1.5029562071395048,11608.595775843409
20180810,20180813,002523.SZ,buy,1000.0,3.5554688819761155,3555.4688819761154,5.0,0.0,1.7768460179786416,8048.126893867293
20180810,20180813,300046.SZ,buy,200.0,15.89832061433447,3179.664122866894,5.0,0.0,1.5890375426620267,4863.462771000399
20180817,20180820,000635.SZ,sell,300.0,10.685087357312442,3205.5262071937327,5.0,1.6027631035968664,1.603564886039294,8062.386215090535
20180817,20180820,002315.SZ,sell,300.0,8.348191706333198,2504.4575118999596,5.0,1.2522287559499798,1.2528551835416692,10560.591498234546
20180817,20180820,002523.SZ,sell,1000.0,3.2662835536999455,3266.2835536999455,5.0,1.6331417768499727,1.633958756227912,13820.241910157642
20180817,20180820,300046.SZ,sell,200.0,14.95139996871445,2990.27999374289,5.0,1.495139996871445,1.4958879408418397,16804.02676390366
20180817,20180820,000897.SZ,buy,1200.0,2.7267397520533962,3272.0877024640754,5.0,0.0,1.635226238112864,13526.939061439585
20180817,20180820,002175.SZ,buy,700.0,4.402540411382617,3081.778287967832,5.0,0.0,1.5401190844418124,10440.160773471753
20180817,20180820,002348.SZ,buy,600.0,4.802330065530799,2881.3980393184793,5.0,0.0,1.439979030144059,7553.762734153273
20180817,20180820,002808.SZ,buy,400.0,8.47370979175705,3389.4839167028204,5.0,0.0,1.693895010846063,4159.278817450453
20180817,20180820,300563.SZ,buy,200.0,14.648125287816596,2929.625057563319,5.0,0.0,1.4640804885370926,1224.6537598871341
20180824,20180827,000897.SZ,sell,1200.0,2.464126077729357,2956.951293275228,5.0,1.478475646637614,1.4792152542645454,4175.126577515724
20180824,20180827,002175.SZ,sell,700.0,4.358156979585526,3050.709885709868,5.0,1.525354942854934,1.5261180018551386,7219.311108282738
20180824,20180827,002348.SZ,sell,600.0,3.9279777983835737,2356.786679030144,5.0,1.178393339515072,1.1789828309306358,9569.919393973367
20180824,20180827,002808.SZ,sell,400.0,8.311326856399134,3324.530742559654,5.0,1.662265371279827,1.6630969197390186,12887.787871161741
20180824,20180827,300563.SZ,sell,200.0,14.033007016217837,2806.6014032435673,5.0,1.4033007016217838,1.40400270297323,15687.985973703686
20180824,20180827,000001.SZ,buy,300.0,8.047382105359363,2414.2146316078088,5.0,0.0,1.2065040637717175,13268.771342095877
20180824,20180827,000629.SZ,buy,1000.0,3.5617799999999997,3561.7799999999997,5.0,0.0,1.7799999999997453,9701.991342095876
20180824,20180827,002478.SZ,buy,600.0,3.967441004068237,2380.464602440942,5.0,0.0,1.1896374824791565,7316.526739654934
20180824,20180827,300399.SZ,buy,200.0,12.067549837725766,2413.5099675451534,5.0,0.0,1.2061519078188212,4898.0167721097805
20180831,20180903,000001.SZ,sell,300.0,8.095501790058508,2428.6505370175523,5.0,1.2143252685087762,1.214932734876129,7320.452983858824
20180831,20180903,000629.SZ,sell,1000.0,3.028485,3028.4849999999997,5.0,1.5142425,1.5150000000003274,10342.423741358823
20180831,20180903,002478.SZ,sell,600.0,4.314695697582989,2588.8174185497933,5.0,1.2944087092748966,1.29505623739351,12924.946751199343
20180831,20180903,300399.SZ,sell,200.0,10.70455294445995,2140.91058889199,5.0,1.0704552944459949,1.0709907898408346,15059.786884796886
20180831,20180903,002228.SZ,buy,500.0,5.1710787026328315,2585.539351316416,5.0,0.0,1.2921236138508903,12469.24753348047
20180831,20180903,002803.SZ,buy,300.0,9.520548340925878,2856.1645022777634,5.0,0.0,1.4273685668554208,9608.083031202706
20180831,20180903,300736.SZ,buy,200.0,15.859385583941604,3171.877116788321,5.0,0.0,1.5851459854015957,6431.205914414386
20180831,20180903,603017.SH,buy,300.0,8.593720718469347,2578.116215540804,5.0,0.0,1.2884139008197053,3848.0896988735817
20180831,20180903,603861.SH,buy,300.0,10.035026120785476,3010.507836235643,5.0,0.0,1.5045016672843303,832.5818626379387
20180907,20180910,002228.SZ,sell,500.0,5.213522283828833,2606.7611419144164,5.0,1.3033805709572082,1.304032587250731,3433.0396239813977
20180907,20180910,002803.SZ,sell,300.0,8.87283297217434,2661.849891652302,5.0,1.3309249458261512,1.3315907411965782,6088.558590687873
20180907,20180910,300736.SZ,sell,200.0,14.548926277372264,2909.7852554744527,5.0,1.4548926277372263,1.4556204379559858,8991.888953534588
20180907,20180910,603017.SH,sell,300.0,7.9953131120656,2398.59393361968,5.0,1.1992969668098399,1.1998969152673453,11384.283590187457
20180907,20180910,603861.SH,sell,300.0,9.556538347536126,2866.961504260838,5.0,1.433480752130419,1.4341978510556146,14244.811613696165
20180907,20180910,002554.SZ,buy,700.0,3.896825018801705,2727.7775131611934,5.0,0.0,1.3632071530037138,11512.034100534973
20180907,20180910,002871.SZ,buy,200.0,9.286369265530986,1857.2738531061973,5.0,0.0,0.9281728401331293,9649.760247428776
20180907,20180910,300411.SZ,buy,200.0,10.845419999999999,2169.084,5.0,0.0,1.0839999999998327,7475.676247428776
20180907,20180910,300491.SZ,buy,100.0,15.986833283671034,1598.6833283671035,5.0,0.0,0.7989421930869867,5871.992919061673
20180907,20180910,600903.SH,buy,100.0,15.591188315498792,1559.1188315498791,5.0,0.0,0.7791698308592458,4307.874087511794
20180914,20180917,002554.SZ,sell,700.0,3.587409041530877,2511.1863290716137,5.0,1.255593164535807,1.256221275173175,6812.804823418872
20180914,20180917,002871.SZ,sell,200.0,8.726016387824012,1745.2032775648024,5.0,0.8726016387824013,0.8730381578614015,8552.135499344891
20180914,20180917,300411.SZ,sell,200.0,9.045475000000001,1809.0950000000003,5.0,0.9045475000000002,0.9049999999999727,10355.325951844892
20180914,20180917,300491.SZ,sell,100.0,16.707970798569725,1670.7970798569725,5.0,0.8353985399284862,0.8358164481526273,12020.287633161935
20180914,20180917,600903.SH,sell,100.0,16.57714049016224,1657.714049016224,5.0,0.8288570245081119,0.829271660338236,13672.172825153652
20180914,20180917,002666.SZ,buy,600.0,3.9032931319300688,2341.975879158041,5.0,0.0,1.1704027382097593,11325.19694599561
20180914,20180917,300215.SZ,buy,400.0,5.781899702358846,2312.7598809435385,5.0,0.0,1.1558020394522828,9007.437065052072
20180914,20180917,600152.SH,buy,400.0,6.12306,2449.2239999999997,5.0,0.0,1.2239999999997053,6553.213065052072
20180914,20180917,600333.SH,buy,400.0,6.211749410989837,2484.699764395935,5.0,0.0,1.2417290176890674,4063.5133006561373
20180914,20180917,603667.SH,buy,200.0,10.272560356109658,2054.5120712219314,5.0,0.0,1.0267426642785722,2004.001229434206
20180921,20180925,002666.SZ,sell,600.0,3.7395078436596916,2243.704706195815,5.0,1.1218523530979077,1.1224135598777139,4241.584083276923
20180921,20180925,300215.SZ,sell,400.0,5.550137879479207,2220.055151791683,5.0,1.1100275758958416,1.1105828673294127,6455.529207492709
20180921,20180925,600152.SH,sell,400.0,5.947025000000001,2378.8100000000004,5.0,1.1894050000000003,1.1899999999995998,8828.14980249271
20180921,20180925,600333.SH,sell,400.0,6.829064000752729,2731.6256003010917,5.0,1.3658128001505458,1.3664960481742128,11553.409589993651
20180921,20180925,603667.SH,sell,200.0,10.900835600633696,2180.167120126739,5.0,1.0900835600633696,1.0906288745009078,13727.486626560327
20180921,20180925,000031.SZ,buy,400.0,5.833117817896389,2333.247127158556,5.0,0.0,1.1660405433076448,11389.23949940177
20180921,20180925,000428.SZ,buy,900.0,3.1315649999999997,2818.4084999999995,5.0,0.0,1.408499999999549,8565.83099940177
20180921,20180925,300340.SZ,buy,100.0,16.353001125611744,1635.3001125611745,5.0,0.0,0.8172414355628916,6925.530886840596
20180921,20180925,600834.SH,buy,300.0,7.216537755808204,2164.961326742461,5.0,0.0,1.0819396935239638,4755.569560098135
20180921,20180925,601288.SH,buy,1000.0,2.5742756153023008,2574.2756153023006,5.0,0.0,1.2864945603705564,2176.2939447958347
20180928,20181008,000031.SZ,sell,400.0,5.445170394512321,2178.0681578049284,5.0,1.0890340789024642,1.089578868336048,4348.273068521861
20180928,20181008,000428.SZ,sell,900.0,2.83858,2554.7219999999998,5.0,1.277361,1.2780000000002474,6896.717707521861
20180928,20181008,300340.SZ,sell,100.0,14.22040663132137,1422.040663132137,5.0,0.7110203315660686,0.7113760195757095,8313.047350322431
20180928,20181008,600834.SH,sell,300.0,6.909741621354424,2072.922486406327,5.0,1.0364612432031637,1.0369797330695292,10379.933375485554
20180928,20181008,601288.SH,sell,1000.0,2.5383904159978603,2538.39041599786,5.0,1.2691952079989302,1.2698301230602738,12912.054596275415
20180928,20181008,600010.SH,buy,1600.0,1.6077117874999998,2572.33886,5.0,0.0,1.2855266666665557,10334.715736275415
20180928,20181008,600101.SH,buy,500.0,4.46637050734776,2233.1852536738797,5.0,0.0,1.1160346095321074,8096.530482601535
20180928,20181008,600603.SH,buy,600.0,4.232800802156404,2539.680481293842,5.0,0.0,1.2692056378277812,5551.850001307694
20180928,20181008,600636.SH,buy,200.0,11.283986926505287,2256.7973853010576,5.0,0.0,1.1278347752631817,3290.052616006636
20181012,20181015,600010.SH,sell,1600.0,1.5469844541666669,2475.175126666667,5.0,1.2375875633333335,1.2382066666664286,5758.99015510997
20181012,20181015,600101.SH,sell,500.0,3.7582765785684384,1879.1382892842191,5.0,0.9395691446421096,0.9400391642241175,7632.188875249547
20181012,20181015,600603.SH,sell,600.0,3.797581239418247,2278.5487436509484,5.0,1.1392743718254743,1.1398442939721463,9904.59834452867
20181012,20181015,600636.SH,sell,200.0,10.215892149494596,2043.1784298989194,5.0,1.0215892149494596,1.0221002650819173,11941.75518521264
20181012,20181015,002748.SZ,buy,200.0,8.281476815215884,1656.2953630431768,5.0,0.0,0.8277338146144757,10280.459822169463
20181012,20181015,002827.SZ,buy,200.0,10.289451288056206,2057.8902576112414,5.0,0.0,1.0284309133489842,8217.569564558222
20181012,20181015,002860.SZ,buy,200.0,7.375910520103862,1475.1821040207724,5.0,0.0,0.7372224407897647,6737.387460537449
20181012,20181015,300717.SZ,buy,100.0,20.51037844887955,2051.037844887955,5.0,0.0,1.0250064192341597,4681.349615649495
20181012,20181015,603159.SH,buy,100.0,14.7008685201083,1470.08685201083,5.0,0.0,0.7346760879613612,3206.262763638665
20181019,20181022,002748.SZ,sell,200.0,6.6032032949234125,1320.6406589846824,5.0,0.6603203294923412,0.6606506548198467,4521.243102293855
20181019,20181022,002827.SZ,sell,200.0,8.909828571428573,1781.9657142857145,5.0,0.8909828571428573,0.8914285714283778,6297.317833722427
20181019,20181022,002860.SZ,sell,200.0,7.25359068376741,1450.718136753482,5.0,0.725359068376741,0.7257219293412618,7742.310611407533
20181019,20181022,300717.SZ,sell,100.0,15.37209535480859,1537.209535480859,5.0,0.7686047677404295,0.7689892623714059,9273.751542120652
20181019,20181022,603159.SH,sell,100.0,11.406933183649212,1140.6933183649212,5.0,0.5703466591824606,0.5706319751700448,10408.874513826391
20181019,20181022,300451.SZ,buy,300.0,6.702447242954215,2010.7341728862646,5.0,0.0,1.0048646541158632,8393.140340940126
20181019,20181022,300501.SZ,buy,100.0,10.600435352495085,1060.0435352495085,5.0,0.0,0.5297568891801347,7328.096805690618
20181019,20181022,300531.SZ,buy,100.0,15.922388995977201,1592.23889959772,5.0,0.0,0.795721589004188,5730.857906092898
20181019,20181022,300550.SZ,buy,100.0,15.497124712973593,1549.7124712973593,5.0,0.0,0.7744690011479634,4176.145434795539
20181019,20181022,300552.SZ,buy,200.0,8.53950244591029,1707.9004891820582,5.0,0.0,0.8535234828498233,2463.2449456134805
20181026,20181029,300451.SZ,sell,300.0,6.5712543355241175,1971.3763006572353,5.0,0.9856881503286177,0.9861812409490085,4428.635558120387
20181026,20181029,300501.SZ,sell,100.0,10.535378179321539,1053.5378179321538,5.0,0.5267689089660769,0.5270324251787315,5476.646607143575
20181026,20181029,300531.SZ,sell,100.0,15.279232190747567,1527.9232190747568,5.0,0.7639616095373785,0.7643437814278968,6998.805864608795
20181026,20181029,300550.SZ,sell,100.0,14.113490815154996,1411.3490815154996,5.0,0.7056745407577498,0.7060275545350123,8404.449271583537
20181026,20181029,300552.SZ,sell,200.0,8.504357831134564,1700.8715662269128,5.0,0.8504357831134565,0.8508612137202363,10099.470402027337
20181026,20181029,000750.SZ,buy,400.0,3.6733128221063147,1469.3251288425258,5.0,0.0,0.7342954167129392,8625.145273184811
20181026,20181029,000800.SZ,buy,200.0,5.771971108252159,1154.3942216504317,5.0,0.0,0.5769086564969257,7465.751051534379
20181026,20181029,000953.SZ,buy,600.0,4.232115,2539.2690000000002,5.0,0.0,1.268999999999778,4921.482051534379
20181026,20181029,600223.SH,buy,800.0,2.6472915866483766,2117.8332693187012,5.0,0.0,1.0583874409385317,2798.648782215678
20181026,20181029,601375.SH,buy,300.0,4.468987994722956,1340.6963984168867,5.0,0.0,0.6700131926122594,1452.952383798791
20181102,20181105,000750.SZ,sell,400.0,3.9305562112973034,1572.2224845189214,5.0,0.7861112422594607,0.7865044945067439,3019.388757075453
20181102,20181105,000800.SZ,sell,200.0,5.713782003308216,1142.7564006616433,5.0,0.5713782003308217,0.571664032346689,4156.573779536766
20181102,20181105,000953.SZ,sell,600.0,3.9280350000000004,2356.8210000000004,5.0,1.1784105000000002,1.1789999999996326,6507.216369036766
20181102,20181105,600223.SH,sell,800.0,2.6816336686480717,2145.3069349184575,5.0,1.0726534674592287,1.0731900624900845,8646.450650487765
20181102,20181105,601375.SH,sell,300.0,4.63846362608368,1391.539087825104,5.0,0.695769543912552,0.6961176027136844,10032.293968768956
20181102,20181105,000633.SZ,buy,300.0,5.602799999999999,1680.8399999999997,5.0,0.0,0.8399999999996908,8346.453968768956
20181102,20181105,000993.SZ,buy,300.0,5.703227547169811,1710.9682641509432,5.0,0.0,0.8550566037736189,6630.485704618012
20181102,20181105,002843.SZ,buy,200.0,8.773381096938776,1754.676219387755,5.0,0.0,0.876899659863966,4870.809485230257
20181102,20181105,300126.SZ,buy,300.0,5.586286693858704,1675.8860081576113,5.0,0.0,0.8375242419579081,3189.923477072646
20181102,20181105,300678.SZ,buy,100.0,14.60158410856955,1460.158410856955,5.0,0.0,0.7297143482542197,1724.7650662156911
20181109,20181112,000633.SZ,sell,300.0,5.07746,1523.238,5.0,0.761619,0.7619999999999436,3242.241447215691
20181109,20181112,000993.SZ,sell,300.0,5.373915471698114,1612.1746415094342,5.0,0.8060873207547171,0.8064905660376098,4848.61000140437
20181109,20181112,002843.SZ,sell,200.0,7.719975949546485,1543.9951899092969,5.0,0.7719975949546485,0.7723837868481951,6386.833193718712
20181109,20181112,300126.SZ,sell,300.0,5.2535927094556465,1576.077812836694,5.0,0.788038906418347,0.7884331229797681,7957.1229676489875
20181109,20181112,300678.SZ,sell,100.0,13.765650304622232,1376.5650304622231,5.0,0.6882825152311116,0.6886268286455106,9327.999715595979
20181109,20181112,000509.SZ,buy,500.0,3.3216599999999996,1660.8299999999997,5.0,0.0,0.8299999999996999,7662.169715595979
20181109,20181112,600624.SH,buy,200.0,6.568539887926642,1313.7079775853283,5.0,0.0,0.6565257259296686,6343.461738010651
20181109,20181112,600689.SH,buy,100.0,11.958523158842645,1195.8523158842645,5.0,0.0,0.5976273442699949,5142.609422126387
20181109,20181112,600730.SH,buy,400.0,4.978422471183884,1991.3689884735536,5.0,0.0,0.9951869007863934,3146.240433652833
20181116,20181119,000509.SZ,sell,500.0,3.548225,1774.1125,5.0,0.88705625,0.8875000000000455,4914.465877402833
20181116,20181119,600624.SH,sell,200.0,8.093102044489726,1618.6204088979453,5.0,0.8093102044489726,0.8097150619798867,6527.276976096329
20181116,20181119,600689.SH,sell,100.0,13.648956924161155,1364.8956924161155,5.0,0.6824478462080578,0.6827892408284697,7886.490220666236
20181116,20181119,600730.SH,sell,400.0,5.595127353764946,2238.0509415059782,5.0,1.1190254707529892,1.1195852633850336,10118.422136701462
20181116,20181119,000524.SZ,buy,200.0,7.820206954102922,1564.0413908205844,5.0,0.0,0.7816298804700637,8549.380745880877
20181116,20181119,300018.SZ,buy,300.0,6.0469134017129225,1814.0740205138768,5.0,0.0,0.9065837183977692,6730.306725367
20181116,20181119,600316.SH,buy,100.0,10.899273484486873,1089.9273484486873,5.0,0.0,0.5446913285600203,5635.379376918312
20181116,20181119,600461.SH,buy,400.0,4.683821836086073,1873.5287344344292,5.0,0.0,0.9362962191075894,3756.850642483883
20181123,20181126,000524.SZ,sell,200.0,6.9780576726935575,1395.6115345387116,5.0,0.6978057672693558,0.698154844691544,5146.764371255325
20181123,20181126,300018.SZ,sell,300.0,4.77830835859552,1433.4925075786562,5.0,0.7167462537893281,0.7171048061923102,6574.540132580192
20181123,20181126,600316.SH,sell,100.0,11.195513206046144,1119.5513206046144,5.0,0.5597756603023072,0.560055688146349,7688.531677524505
20181123,20181126,600461.SH,sell,400.0,4.08165012504559,1632.6600500182358,5.0,0.8163300250091179,0.816738394206368,9315.375397517731
20181123,20181126,002397.SZ,buy,300.0,4.708780070084411,1412.6340210253234,5.0,0.0,0.7059640284983288,7897.741376492408
20181123,20181126,002472.SZ,buy,200.0,7.7785925861478775,1555.7185172295756,5.0,0.0,0.7774705233530312,6337.022859262832
20181123,20181126,002480.SZ,buy,300.0,5.50275,1650.825,5.0,0.0,0.8250000000000455,4681.197859262832
20181123,20181126,300449.SZ,buy,100.0,11.075027579933845,1107.5027579933844,5.0,0.0,0.553474641675848,3568.6951012694476
20181123,20181126,603069.SH,buy,200.0,7.1486801859099804,1429.7360371819962,5.0,0.0,0.7145107632093186,2133.959064087451
20181130,20181203,002397.SZ,sell,300.0,4.249439306900024,1274.8317920700072,5.0,0.6374158960350036,0.6377347634165744,3403.1534402614234
20181130,20181203,002472.SZ,sell,200.0,6.132334702571125,1226.466940514225,5.0,0.6132334702571125,0.6135402403774606,4624.007147305391
20181130,20181203,002480.SZ,sell,300.0,5.107445,1532.2335,5.0,0.76611675,0.7664999999999509,6150.4745305553915
20181130,20181203,300449.SZ,sell,100.0,9.759715275633956,975.9715275633956,5.0,0.48798576378169783,0.4882298787210857,7120.958072355005
20181130,20181203,603069.SH,sell,200.0,7.408231409001957,1481.6462818003915,5.0,0.7408231409001957,0.741193737768981,8596.863531014496
20181130,20181203,000603.SZ,buy,100.0,9.11604222972973,911.604222972973,5.0,0.0,0.4555743243242887,7680.259308041524
20181130,20181203,002238.SZ,buy,300.0,4.870000072423069,1461.0000217269207,5.0,0.0,0.7301349433914766,6214.259286314603
20181130,20181203,300109.SZ,buy,100.0,10.276911369251557,1027.6911369251557,5.0,0.0,0.5135887740752878,5181.568149389447
20181130,20181203,600774.SH,buy,100.0,14.811441489361702,1481.1441489361703,5.0,0.0,0.7402019734813621,3695.4240004532767
20181207,20181210,000603.SZ,sell,100.0,8.822951182432433,882.2951182432433,5.0,0.4411475591216217,0.4413682432432324,4572.277971137399
20181207,20181210,002238.SZ,sell,300.0,4.2872815188152185,1286.1844556445656,5.0,0.6430922278222828,0.6434139347898054,5852.819334554142
20181207,20181210,300109.SZ,sell,100.0,8.987709632946123,898.7709632946123,5.0,0.4493854816473062,0.4496102867905165,6746.140912367107
20181207,20181210,600774.SH,sell,100.0,14.501687866173297,1450.1687866173297,5.0,0.7250843933086649,0.725447116866917,8190.584614591128
20181207,20181210,002414.SZ,buy,500.0,2.8665389805926544,1433.2694902963271,5.0,0.0,0.7162766068445308,6752.315124294801
20181207,20181210,300175.SZ,buy,300.0,4.80837567494963,1442.5127024848891,5.0,0.0,0.7208959032907387,5304.802421809912
20181207,20181210,300407.SZ,buy,100.0,7.783293764597637,778.3293764597637,5.0,0.0,0.38897020312822406,4521.473045350148
20181207,20181210,300435.SZ,buy,100.0,11.546578740327403,1154.6578740327402,5.0,0.0,0.5770404168076766,3361.8151713174075
20181207,20181210,601038.SH,buy,300.0,4.734357126385809,1420.3071379157425,5.0,0.0,0.7097986696228418,1936.508033401665
20181214,20181217,002414.SZ,sell,500.0,3.049893322203673,1524.9466611018365,5.0,0.7624733305509183,0.7628547579297447,3455.6922211729507
20181214,20181217,300175.SZ,sell,300.0,4.2753763532572195,1282.6129059771658,5.0,0.6413064529885829,0.6416272666219811,4732.663820697127
20181214,20181217,300407.SZ,sell,100.0,7.165670096963693,716.5670096963693,5.0,0.35828350484818466,0.35846273621621094,5443.872546888649
20181214,20181217,300435.SZ,sell,100.0,9.478256312236027,947.8256312236027,5.0,0.4739128156118014,0.474149890556987,6386.22426529664
20181214,20181217,601038.SH,sell,300.0,4.582399450110866,1374.7198350332596,5.0,0.6873599175166298,0.687703769401196,7755.256740412383
20181214,20181217,000498.SZ,buy,300.0,4.787216693290734,1436.1650079872202,5.0,0.0,0.7177236421723592,6314.091732425162
20181214,20181217,002213.SZ,buy,100.0,11.72848245280327,1172.848245280327,5.0,0.0,0.5861310571115155,5136.243487144835
20181214,20181217,002882.SZ,buy,100.0,9.35923930896779,935.9239308967791,5.0,0.0,0.46772810139759713,4195.319556248056
20181214,20181217,300259.SZ,buy,600.0,2.6392432512888635,1583.545950773318,5.0,0.0,0.7913772867432272,2606.773605474738
20181221,20181224,000498.SZ,sell,300.0,4.594885521205287,1378.465656361586,5.0,0.689232828180793,0.6895776169892542,3979.550029008143
20181221,20181224,002213.SZ,sell,100.0,9.522983522754293,952.2983522754294,5.0,0.4761491761377147,0.4763873698225325,4926.372232107435
20181221,20181224,002882.SZ,sell,100.0,8.798862540151056,879.8862540151056,5.0,0.4399431270075528,0.440163208611807,5800.818542995533
20181221,20181224,300259.SZ,sell,600.0,2.4488858538799985,1469.331512327999,5.0,0.7346657561639995,0.735033272800365,7264.415389567368
20181221,20181224,000691.SZ,buy,200.0,4.70235,940.47,5.0,0.0,0.4700000000000273,6318.945389567368
20181221,20181224,002871.SZ,buy,100.0,10.64153634263373,1064.153634263373,5.0,0.0,0.5318109116758478,5249.791755303995
20181221,20181224,603608.SH,buy,100.0,10.308759080928482,1030.8759080928482,5.0,0.0,0.5151803638646015,4213.915847211147
20181228,20190102,000691.SZ,sell,200.0,4.897550000000001,979.5100000000001,5.0,0.48975500000000005,0.4900000000000091,5187.936092211146
20181228,20190102,002871.SZ,sell,100.0,8.430954670085557,843.0954670085557,5.0,0.4215477335042779,0.4217586128106632,6025.610011486197
20181228,20190102,603608.SH,sell,100.0,10.252274058971143,1025.2274058971143,5.0,0.5126137029485571,0.5128701380174334,7045.324803680363
20181228,20190102,002006.SZ,buy,200.0,5.185033710671301,1037.0067421342603,5.0,0.0,0.5182442489426649,6003.318061546103
20181228,20190102,002484.SZ,buy,200.0,5.592709029440766,1118.5418058881532,5.0,0.0,0.5589914072404554,4879.77625565795
20181228,20190102,601700.SH,buy,300.0,3.752230425824176,1125.6691277472528,5.0,0.0,0.5625532872300028,3749.1071279106973
20190104,20190107,002006.SZ,sell,200.0,5.558155012487293,1111.6310024974587,5.0,0.5558155012487294,0.5560935480227727,4855.182314906908
20190104,20190107,002484.SZ,sell,200.0,5.5501183265248635,1110.0236653049726,5.0,0.5550118326524863,0.5552894773911703,5959.650968379228
20190104,20190107,601700.SH,sell,300.0,5.173828048029557,1552.148414408867,5.0,0.7760742072044335,0.7764624384235503,7506.02330858089
20190104,20190107,000561.SZ,buy,200.0,6.565208751139472,1313.0417502278942,5.0,0.0,0.6561927787245168,6187.981558352996
20190104,20190107,000592.SZ,buy,400.0,3.411705,1364.682,5.0,0.0,0.6820000000000164,4818.299558352996
20190104,20190107,000797.SZ,buy,300.0,4.2469248595259,1274.07745785777,5.0,0.0,0.6367203687445908,3539.222100495226
20190104,20190107,000901.SZ,buy,100.0,9.339483354208033,933.9483354208033,5.0,0.0,0.4667407973116724,2600.273765074423
20190104,20190107,600855.SH,buy,100.0,11.407526841144248,1140.752684114425,5.0,0.0,0.5700912964089184,1454.521080959998
20190111,20190114,000561.SZ,sell,200.0,6.568629543022474,1313.7259086044946,5.0,0.6568629543022473,0.6571915500771865,2762.5901266101905
20190111,20190114,000592.SZ,sell,400.0,3.2383800000000003,1295.352,5.0,0.647676,0.6479999999999109,4052.2944506101903
20190111,20190114,000797.SZ,sell,300.0,4.156094749780509,1246.8284249341527,5.0,0.6234142124670764,0.6237260755046918,5293.499461331876
20190111,20190114,000901.SZ,sell,100.0,8.933120940888958,893.3120940888958,5.0,0.44665604704444795,0.4468794867877932,6181.364899373727
20190111,20190114,600855.SH,sell,100.0,10.955931345100428,1095.5931345100428,5.0,0.5477965672550213,0.5480706025562085,7271.410237316515
20190111,20190114,000595.SZ,buy,300.0,4.6023,1380.6899999999998,5.0,0.0,0.6899999999998272,5885.7202373165155
20190111,20190114,002274.SZ,buy,400.0,3.49765184390295,1399.06073756118,5.0,0.0,0.6991807783913373,4481.659499755336
20190111,20190114,600710.SH,buy,300.0,3.888724197617003,1166.617259285101,5.0,0.0,0.5830171210820936,3310.042240470235
20190111,20190114,601619.SH,buy,300.0,4.515098886986301,1354.5296660958904,5.0,0.0,0.6769263698629402,1950.5125743743445
20190111,20190114,603628.SH,buy,100.0,9.12267688747469,912.2676887474689,5.0,0.0,0.45590589142796034,1033.2448856268757
20190118,20190121,000595.SZ,sell,300.0,3.4182900000000003,1025.487,5.0,0.5127435,0.51299999999992,2053.219142126876
20190118,20190121,002274.SZ,sell,400.0,3.2211750071976346,1288.470002879054,5.0,0.6442350014395269,0.6445572800794253,3336.0449100044902
20190118,20190121,600710.SH,sell,300.0,3.2177441230141692,965.3232369042507,5.0,0.48266161845212535,0.48290306998706,4295.885485290289
20190118,20190121,601619.SH,sell,300.0,4.527769229452056,1358.3307688356167,5.0,0.6791653844178084,0.6795051369861085,5648.537088741487
20190118,20190121,603628.SH,sell,100.0,7.804696605920356,780.4696605920357,5.0,0.39023483029601785,0.39043004531856695,6423.616514503227
20190118,20190121,000933.SZ,buy,300.0,3.5205273793486014,1056.1582138045803,5.0,0.0,0.5278151993024949,5362.458300698647
20190118,20190121,300019.SZ,buy,100.0,7.119798500165095,711.9798500165095,5.0,0.0,0.35581201899867665,4645.478450682137
20190118,20190121,600470.SH,buy,200.0,4.352174999999999,870.4349999999998,5.0,0.0,0.43499999999994543,3770.043450682137
20190118,20190121,600589.SH,buy,300.0,3.738568349999999,1121.5705049999997,5.0,0.0,0.560504999999921,2643.4729456821374
20190125,20190128,000933.SZ,sell,300.0,3.3651377849539053,1009.5413354861715,5.0,0.5047706677430858,0.5050231793327384,3647.5095105005657
20190125,20190128,300019.SZ,sell,100.0,5.897223898935764,589.7223898935764,5.0,0.2948611949467882,0.2950086992964316,4231.937039199195
20190125,20190128,600470.SH,sell,200.0,4.21789,843.578,5.0,0.42178899999999997,0.42200000000002547,5070.093250199196
20190125,20190128,600589.SH,sell,300.0,3.435414766666667,1030.62443,5.0,0.515312215,0.5155699999997978,6095.202367984196
20190125,20190128,002079.SZ,buy,100.0,6.143423508133818,614.3423508133818,5.0,0.0,0.3070176665734152,5475.860017170814
20190125,20190128,002565.SZ,buy,200.0,5.377372222547928,1075.4744445095855,5.0,0.0,0.5374684880107452,4395.385572661228
20190125,20190128,300332.SZ,buy,200.0,4.406328792671985,881.265758534397,5.0,0.0,0.4404126729307336,3509.1198141268314
20190125,20190128,600178.SH,buy,200.0,5.7876365581395355,1157.527311627907,5.0,0.0,0.5784744186046282,2346.5925024989247
20190125,20190128,600841.SH,buy,100.0,8.313576872875592,831.3576872875592,5.0,0.0,0.41547110808971865,1510.2348152113655
20190201,20190211,002079.SZ,sell,100.0,5.192336383348655,519.2336383348655,5.0,0.2596168191674328,0.2597466925136587,2024.2088367270635
20190201,20190211,002565.SZ,sell,200.0,3.7472958433487724,749.4591686697545,5.0,0.37472958433487724,0.374917042856282,2768.293275812483
20190201,20190211,300332.SZ,sell,200.0,3.424794135700458,684.9588271400916,5.0,0.3424794135700458,0.34265073893948284,3447.9096235390043
20190201,20190211,600178.SH,sell,200.0,4.311889488372094,862.3778976744187,5.0,0.4311889488372094,0.4314046511627794,4304.856332264586
20190201,20190211,600841.SH,sell,100.0,7.062367797416723,706.2367797416723,5.0,0.35311838987083616,0.3532950373894437,5005.739993616387
20190201,20190211,000591.SZ,buy,300.0,3.179168488250291,953.7505464750873,5.0,0.0,0.47663695476001067,4046.9894471413
20190201,20190211,000862.SZ,buy,200.0,4.332165,866.433,5.0,0.0,0.4329999999999927,3175.5564471413
20190201,20190211,600984.SH,buy,200.0,4.421073610007943,884.2147220015885,5.0,0.0,0.4418864177918067,2286.3417251397113
20190215,20190218,000591.SZ,sell,300.0,3.1423825391492253,942.7147617447675,5.0,0.47135738087238377,0.47159317746104534,3223.5851295036064
20190215,20190218,000862.SZ,sell,200.0,7.01649,1403.298,5.0,0.701649,0.7019999999999982,4621.1814805036065
20190215,20190218,600984.SH,sell,200.0,4.507252791898333,901.4505583796666,5.0,0.45072527918983335,0.45095075456697487,5517.181313604084
20190215,20190218,002040.SZ,buy,100.0,7.132551695370516,713.2551695370516,5.0,0.0,0.35644936008850436,4798.9261440670325
20190215,20190218,002164.SZ,buy,300.0,3.711855,1113.5565,5.0,0.0,0.5564999999999145,3680.369644067033
20190215,20190218,002600.SZ,buy,200.0,4.0220236385323185,804.4047277064637,5.0,0.0,0.40200136317173474,2870.964916360569
20190215,20190218,600707.SH,buy,100.0,5.9529749999999995,595.2974999999999,5.0,0.0,0.29749999999989996,2270.6674163605694
20190222,20190225,002040.SZ,sell,100.0,7.905894972349503,790.5894972349503,5.0,0.39529474861747516,0.395492494864925,3055.8616188469023
20190222,20190225,002164.SZ,sell,300.0,3.5582200000000004,1067.4660000000001,5.0,0.5337330000000001,0.5339999999998781,4117.793885846902
20190222,20190225,002600.SZ,sell,200.0,4.150987196410314,830.1974392820629,5.0,0.41509871964103146,0.41530637282744465,4942.576226409325
20190222,20190225,600707.SH,sell,100.0,6.246875,624.6875,5.0,0.31234375000000003,0.3125,5561.951382659325
20190222,20190225,000727.SZ,buy,400.0,2.2811399999999997,912.4559999999999,5.0,0.0,0.4560000000000173,4644.495382659325
20190222,20190225,000859.SZ,buy,100.0,7.225287356260075,722.5287356260075,5.0,0.0,0.361083825899982,3916.9666470333173
20190222,20190225,002846.SZ,buy,100.0,7.942675368898978,794.2675368898979,5.0,0.0,0.39693530079455286,3117.6991101434196
20190222,20190225,300264.SZ,buy,100.0,6.253125,625.3125,5.0,0.0,0.3125,2487.3866101434196
20190222,20190225,600572.SH,buy,100.0,6.381325015079456,638.1325015079457,5.0,0.0,0.3189067973553392,1844.254108635474
20190301,20190304,000727.SZ,sell,400.0,2.648675,1059.47,5.0,0.5297350000000001,0.5299999999999727,2898.194373635474
20190301,20190304,000859.SZ,sell,100.0,7.611420757657174,761.1420757657174,5.0,0.38057103788285873,0.3807614185921011,3653.955878363309
20190301,20190304,002846.SZ,sell,100.0,7.293854086265608,729.3854086265608,5.0,0.3646927043132804,0.36487514188422665,4377.9765942855565
20190301,20190304,300264.SZ,sell,100.0,6.65667,665.667,5.0,0.3328335,0.33299999999997,5038.310760785556
20190301,20190304,600572.SH,sell,100.0,7.036497970363066,703.6497970363066,5.0,0.3518248985181533,0.3520008989676171,5736.608732923345
20190301,20190304,000797.SZ,buy,200.0,4.703922339771729,940.7844679543459,5.0,0.0,0.47015715539941993,4790.824264968999
20190301,20190304,002224.SZ,buy,100.0,6.6486336789148925,664.8633678914892,5.0,0.0,0.3322655511701669,4120.96089707751
20190301,20190304,600613.SH,buy,100.0,6.734016765460941,673.4016765460941,5.0,0.0,0.3365325719870498,3442.5592205314156
20190301,20190304,600678.SH,buy,100.0,7.16358,716.358,5.0,0.0,0.35799999999994725,2721.201220531416
20190308,20190311,000797.SZ,sell,200.0,4.368622322212468,873.7244644424935,5.0,0.43686223222124676,0.43708077260737355,3589.488822741688
20190308,20190311,002224.SZ,sell,100.0,7.277308994385457,727.7308994385457,5.0,0.36386544971927287,0.36404747345591204,4311.8558567305145
20190308,20190311,600613.SH,sell,100.0,8.836531898389726,883.6531898389726,5.0,0.4418265949194863,0.44204761872879317,5190.067219974568
20190308,20190311,600678.SH,sell,100.0,6.786605000000001,678.6605000000001,5.0,0.33933025000000006,0.33949999999992997,5863.388389724568
20190308,20190311,002175.SZ,buy,100.0,6.30315,630.3149999999999,5.0,0.0,0.3149999999999409,5228.073389724568
20190308,20190311,002391.SZ,buy,100.0,7.860043773260359,786.0043773260359,5.0,0.0,0.3928057857700651,4437.069012398532
20190308,20190311,601010.SH,buy,300.0,3.6593596068863925,1097.8078820659177,5.0,0.0,0.5486296262197357,3334.261130332615
20190308,20190311,601789.SH,buy,200.0,4.772639530332681,954.5279060665362,5.0,0.0,0.47702544031301386,2374.7332242660787
20190315,20190318,002175.SZ,sell,100.0,6.696650000000001,669.6650000000001,5.0,0.33483250000000003,0.3349999999999227,3039.063391766079
20190315,20190318,002391.SZ,sell,100.0,7.751303019546522,775.1303019546522,5.0,0.3875651509773261,0.3877590304924752,3808.8061285697536
20190315,20190318,601010.SH,sell,300.0,3.3409727582397344,1002.2918274719203,5.0,0.5011459137359602,0.5013966120419582,4805.596810127938
20190315,20190318,601789.SH,sell,200.0,3.8986367906066546,779.7273581213309,5.0,0.38986367906066544,0.3900587084148128,5579.934304570208
20190315,20190318,002057.SZ,buy,200.0,5.295854383069605,1059.1708766139209,5.0,0.0,0.5293207779177465,4515.763427956287
20190315,20190318,600268.SH,buy,200.0,4.634177630564,926.8355261128,5.0,0.0,0.46318616997143636,3583.9279018434872
20190322,20190325,002057.SZ,sell,200.0,4.70139856971815,940.27971394363,5.0,0.470139856971815,0.4703750444941761,4518.737475930146
20190322,20190325,600268.SH,sell,200.0,5.368987106946776,1073.7974213893551,5.0,0.5368987106946775,0.5371672943417707,5586.997998608806
20190322,20190325,000021.SZ,buy,100.0,9.859540603799186,985.9540603799186,5.0,0.0,0.49273066485750405,4596.043938228887
20190322,20190325,002307.SZ,buy,100.0,10.219054880222444,1021.9054880222444,5.0,0.0,0.5106973953135139,3569.1384502066426
20190322,20190325,600359.SH,buy,100.0,6.10305,610.305,5.0,0.0,0.30499999999995,2953.8334502066427
20190322,20190325,600722.SH,buy,100.0,7.70385,770.385,5.0,0.0,0.3849999999999909,2178.4484502066425
20190329,20190401,000021.SZ,sell,100.0,8.87409804477612,887.409804477612,5.0,0.44370490223880604,0.4439268656716422,3060.414549782016
20190329,20190401,002307.SZ,sell,100.0,8.465868090213414,846.5868090213414,5.0,0.4232934045106707,0.42350515708903913,3901.578065398847
20190329,20190401,600359.SH,sell,100.0,5.3973,539.73,5.0,0.269865,0.2699999999999818,4436.038200398847
20190329,20190401,600722.SH,sell,100.0,6.67666,667.666,5.0,0.33383300000000005,0.33399999999994634,5098.3703673988475
20190329,20190401,300267.SZ,buy,100.0,5.77839877755511,577.839877755511,5.0,0.0,0.28877555110216235,4515.530489643336
20190329,20190401,600115.SH,buy,100.0,6.947552790194664,694.7552790194665,5.0,0.0,0.3472040374908829,3815.77521062387
20190329,20190401,600279.SH,buy,100.0,5.8747685668137395,587.476856681374,5.0,0.0,0.2935916325244534,3223.298353942496
20190404,20190408,300267.SZ,sell,100.0,6.833695671342685,683.3695671342686,5.0,0.3416847835671343,0.34185571142279514,3901.3262362931973
20190404,20190408,600115.SH,sell,100.0,8.06771610670512,806.771610670512,5.0,0.40338580533525603,0.4035875991346529,4702.694461158374
20190404,20190408,600279.SH,sell,100.0,5.981399546958713,598.1399546958712,5.0,0.2990699773479356,0.2992195871415788,5295.535345876897
20190404,20190408,300135.SZ,buy,200.0,3.9269438973322557,785.3887794664512,5.0,0.0,0.3924981406628376,4505.146566410445
20190404,20190408,600871.SH,buy,300.0,3.26163,978.4889999999999,5.0,0.0,0.48900000000003274,3521.6575664104453
20190412,20190415,300135.SZ,sell,200.0,3.459747837914309,691.9495675828618,5.0,0.34597478379143093,0.3461478577202115,4208.261159209515
20190412,20190415,600871.SH,sell,300.0,3.008495,902.5485,5.0,0.45127425,0.4514999999998963,5105.358384959515
20190412,20190415,002357.SZ,buy,100.0,8.204454276861789,820.4454276861788,5.0,0.0,0.4100177049904232,4279.912957273336
20190412,20190415,600099.SH,buy,100.0,9.09131503369248,909.131503369248,5.0,0.0,0.45433858239346137,3365.7814539040883
20190412,20190415,600794.SH,buy,200.0,4.676770918005026,935.3541836010052,5.0,0.0,0.4674433701154612,2425.427270303083
20190419,20190422,002357.SZ,sell,100.0,6.820790620781233,682.0790620781233,5.0,0.3410395310390617,0.3412101361070654,3102.165292850167
20190419,20190422,600099.SH,sell,100.0,8.343435290620157,834.3435290620157,5.0,0.41717176453100785,0.4173804547583586,3931.0916501476518
20190419,20190422,600794.SH,sell,200.0,5.018524480134018,1003.7048960268036,5.0,0.5018524480134018,0.5021034997632796,4929.294693726442
20190419,20190422,000680.SZ,buy,200.0,4.7940697979762605,958.8139595952521,5.0,0.0,0.4791673960994558,3965.4807341311903
20190419,20190422,002057.SZ,buy,100.0,7.291480050480535,729.1480050480535,5.0,0.0,0.36439180662057424,3231.3327290831367
20190419,20190422,600078.SH,buy,100.0,5.40326977264975,540.3269772649751,5.0,0.0,0.2700284743953034,2686.0057518181616
20190419,20190422,600963.SH,buy,100.0,5.690681040655918,569.0681040655918,5.0,0.0,0.2843918561046621,2111.93764775257
20190419,20190422,601777.SH,buy,100.0,8.704349999999998,870.4349999999998,5.0,0.0,0.43499999999994543,1236.5026477525698
20190426,20190429,000680.SZ,sell,200.0,4.182320104338083,836.4640208676166,5.0,0.4182320104338083,0.4184412310494281,2067.5484366097526
20190426,20190429,002057.SZ,sell,100.0,6.195134064653917,619.5134064653918,5.0,0.3097567032326959,0.30991165906220886,2681.752086371912
20190426,20190429,600078.SH,sell,100.0,4.406624131308488,440.66241313084885,5.0,0.22033120656542443,0.22044142727901317,3117.194168296195
20190426,20190429,600963.SH,sell,100.0,4.364747319972034,436.47473199720343,5.0,0.21823736599860172,0.21834653926822511,3548.4506629274
20190426,20190429,601777.SH,sell,100.0,6.926535,692.6535,5.0,0.34632675,0.3464999999999918,4235.7578361774
20190430,20190506,002135.SZ,buy,100.0,6.996116787666935,699.6116787666936,5.0,0.0,0.34963102387143863,3531.146157410707
20190430,20190506,002763.SZ,buy,100.0,6.863114329535495,686.3114329535496,5.0,0.0,0.3429842243646135,2839.8347244571573
20190430,20190506,600512.SH,buy,300.0,2.8952955996451446,868.5886798935434,5.0,0.0,0.4340773012960426,1966.2460445636139
20190510,20190513,002135.SZ,sell,100.0,5.397470211526396,539.7470211526396,5.0,0.2698735105763198,0.2700085148336484,2500.723192205677
20190510,20190513,002763.SZ,sell,100.0,6.883789804265264,688.3789804265265,5.0,0.3441894902132632,0.34436167104877313,3183.7579831419903
20190510,20190513,600512.SH,sell,300.0,2.9206662631942986,876.1998789582896,5.0,0.4380999394791448,0.4383190990286039,4054.519762160801
20190510,20190513,002481.SZ,buy,100.0,6.117891993465785,611.7891993465786,5.0,0.0,0.3057417288089255,3437.730562814222
20190510,20190513,600371.SH,buy,100.0,6.355769010118477,635.5769010118477,5.0,0.0,0.317629635687922,2797.1536618023747
20190517,20190520,002481.SZ,sell,100.0,6.287234876369694,628.7234876369694,5.0,0.3143617438184847,0.31451900332012883,3420.5627876955255
20190517,20190520,600371.SH,sell,100.0,6.925374409366019,692.5374409366019,5.0,0.346268720468301,0.34644194143891127,4107.753959911659
20190517,20190520,300029.SZ,buy,100.0,7.433714999999999,743.3715,5.0,0.0,0.3714999999999691,3359.3824599116588
20190517,20190520,600366.SH,buy,100.0,7.009803125757209,700.9803125757209,5.0,0.0,0.3503149987884626,2653.402147335938
20190524,20190527,300029.SZ,sell,100.0,7.396300000000001,739.6300000000001,5.0,0.36981500000000006,0.36999999999989086,3387.662332335938
20190524,20190527,600366.SH,sell,100.0,7.628380008884581,762.838000888458,5.0,0.38141900044422905,0.3816098053468977,4145.118914223952
20190524,20190527,603977.SH,buy,100.0,5.957844570227766,595.7844570227766,5.0,0.0,0.29774335683293884,3544.334457201175
20190531,20190603,603977.SH,sell,100.0,5.633393933026031,563.3393933026032,5.0,0.2816696966513016,0.281810601952202,4102.392180807127
20190531,20190603,300095.SZ,buy,100.0,7.334729481641467,733.4729481641467,5.0,0.0,0.36655319748331294,3363.9192326429807
20190531,20190603,600617.SH,buy,100.0,4.299913877366004,429.9913877366004,5.0,0.0,0.21488824974346699,2928.9278449063804
20190606,20190610,300095.SZ,sell,100.0,5.3341941848999905,533.4194184899991,5.0,0.26670970924499954,0.2668431308103436,3457.0805536871344
20190606,20190610,600617.SH,sell,100.0,3.6955935442938976,369.55935442938977,5.0,0.18477967721469488,0.1848721132712967,3821.4551284393096
20190606,20190610,000593.SZ,buy,100.0,7.053525,705.3525,5.0,0.0,0.3524999999999636,3111.1026284393097
20190614,20190617,000593.SZ,sell,100.0,7.076460000000001,707.6460000000001,5.0,0.35382300000000005,0.35399999999992815,3813.3948054393095
20190614,20190617,002107.SZ,buy,100.0,5.000866511398121,500.08665113981215,5.0,0.0,0.2499183663866802,3308.3081542994973
20190614,20190617,300189.SZ,buy,100.0,5.632815,563.2814999999999,5.0,0.0,0.28149999999993724,2740.0266542994973
20190621,20190624,002107.SZ,sell,100.0,5.16813945938316,516.813945938316,5.0,0.258406972969158,0.2585362410897005,3251.582193264844
20190621,20190624,300189.SZ,sell,100.0,4.37781,437.781,5.0,0.21889050000000002,0.2189999999999941,3684.1443027648443
20190621,20190624,002284.SZ,buy,100.0,5.329356633316882,532.9356633316883,5.0,0.0,0.26633466433361264,3146.208639433156
20190621,20190624,300126.SZ,buy,100.0,6.47929877635832,647.929877635832,5.0,0.0,0.3238030372992853,2493.278761797324
20190621,20190624,300160.SZ,buy,200.0,3.5349959017341033,706.9991803468207,5.0,0.0,0.3533229287090762,1781.2795814505034
20190621,20190624,300525.SZ,buy,100.0,6.681732061232366,668.1732061232366,5.0,0.0,0.3339196432399376,1108.106375327267
20190628,20190701,002284.SZ,sell,100.0,5.333709994466628,533.3709994466628,5.0,0.26668549972333144,0.2668189091778004,1636.2106892742065
20190628,20190701,300126.SZ,sell,100.0,5.68974002873121,568.974002873121,5.0,0.28448700143656047,0.2846293160946516,2199.900205145891
20190628,20190701,300160.SZ,sell,200.0,3.349896468208092,669.9792936416184,5.0,0.3349896468208092,0.3351572254334769,2864.5445091406887
20190628,20190701,300525.SZ,sell,100.0,6.507957463230566,650.7957463230566,5.0,0.3253978731615283,0.3255606534881963,3510.0148575905837
20190628,20190701,000607.SZ,buy,100.0,5.755451327014218,575.5451327014218,5.0,0.0,0.28762875197469384,2929.4697248891616
20190628,20190701,600653.SH,buy,200.0,2.68134,536.268,5.0,0.0,0.2680000000000291,2388.2017248891616
20190628,20190701,600744.SH,buy,200.0,3.431715,686.343,5.0,0.0,0.3429999999999609,1696.8587248891617
20190705,20190708,000607.SZ,sell,100.0,5.087791850974197,508.7791850974197,5.0,0.25438959254870985,0.25451685097414156,2200.3835203940325
20190705,20190708,600653.SH,sell,200.0,2.368815,473.76300000000003,5.0,0.23688150000000002,0.23699999999996635,2668.9096388940325
20190705,20190708,600744.SH,sell,200.0,3.328335,665.667,5.0,0.3328335,0.33299999999997,3329.2438053940323
20190705,20190708,000510.SZ,buy,100.0,4.92246,492.246,5.0,0.0,0.2459999999999809,2831.997805394032
20190705,20190708,600035.SH,buy,200.0,2.8875911073962324,577.5182214792464,5.0,0.0,0.2886148033379641,2249.4795839147855
20190705,20190708,600375.SH,buy,100.0,5.829355565027706,582.9355565027706,5.0,0.0,0.2913221171927489,1661.5440274120149
20190712,20190715,000510.SZ,sell,100.0,4.967515,496.75149999999996,5.0,0.24837574999999998,0.24850000000003547,2153.047151662015
20190712,20190715,600035.SH,sell,200.0,2.8451884530702114,569.0376906140423,5.0,0.28451884530702115,0.28466117589493933,2716.8003234307503
20190712,20190715,600375.SH,sell,100.0,4.733965609407518,473.3965609407518,5.0,0.2366982804703759,0.23681668881471296,3184.9601860910316
20190712,20190715,002432.SZ,buy,100.0,5.99742991123291,599.742991123291,5.0,0.0,0.29972163474428726,2580.2171949677404
20190712,20190715,300453.SZ,buy,100.0,3.599152247518972,359.9152247518972,5.0,0.0,0.17986767853665242,2215.301970215843
20190712,20190715,600096.SH,buy,100.0,5.66748841632681,566.748841632681,5.0,0.0,0.2832328044140695,1643.553128583162
20190719,20190722,002432.SZ,sell,100.0,5.289242888207084,528.9242888207084,5.0,0.2644621444103542,0.26459444163117496,2167.21295525946
20190719,20190722,300453.SZ,sell,100.0,3.522825591415784,352.2825591415784,5.0,0.1761412795707892,0.17622939426786388,2514.319373121468
20190719,20190722,600096.SH,sell,100.0,5.281552015147881,528.1552015147881,5.0,0.26407760075739406,0.264209705610142,3037.2104970354985
20190719,20190722,002201.SZ,buy,100.0,4.298739081447596,429.8739081447596,5.0,0.0,0.21482953930274107,2602.3365888907388
20190719,20190722,300341.SZ,buy,100.0,5.344719535578801,534.4719535578802,5.0,0.0,0.2671024255661223,2062.8646353328586
20190726,20190729,002201.SZ,sell,100.0,5.443015275146168,544.3015275146169,5.0,0.27215076375730846,0.27228690721085513,2601.8940120837183
20190726,20190729,300341.SZ,sell,100.0,5.118503957926199,511.8503957926199,5.0,0.25592519789630996,0.25605322450849144,3108.488482678442
20190726,20190729,002559.SZ,buy,100.0,6.2711462643981815,627.1146264398182,5.0,0.0,0.3134006129133695,2476.373856238624
20190726,20190729,601208.SH,buy,100.0,3.6999989002458267,369.99989002458267,5.0,0.0,0.1849074912666424,2101.373966214041
20190802,20190805,002559.SZ,sell,100.0,6.110077481374828,611.0077481374828,5.0,0.3055038740687414,0.30565670241992393,2707.076210477455
20190802,20190805,601208.SH,sell,100.0,3.374246823651184,337.42468236511843,5.0,0.1687123411825592,0.168796739552306,3039.3321805013907
20190809,20190812,002528.SZ,buy,100.0,4.332165,433.2165,5.0,0.0,0.21649999999999636,2601.1156805013907
20190809,20190812,600711.SH,buy,100.0,5.420096753007552,542.0096753007552,5.0,0.0,0.27086940294896067,2054.1060052006355
20190816,20190819,002528.SZ,sell,100.0,3.998,399.8,5.0,0.19990000000000002,0.19999999999998863,2448.7061052006356
20190816,20190819,600711.SH,sell,100.0,5.270926815436665,527.0926815436665,5.0,0.26354634077183325,0.2636781798618131,2970.53524040353
20190823,20190826,000056.SZ,buy,100.0,5.08254,508.25399999999996,5.0,0.0,0.25399999999996226,2457.2812404035303
20190823,20190826,300507.SZ,buy,200.0,3.0400287413199187,608.0057482639837,5.0,0.0,0.3038509486576686,1844.2754921395467
20190830,20190902,000056.SZ,sell,100.0,5.307345,530.7345,5.0,0.26536725,0.26549999999997453,2369.7446248895467
20190830,20190902,300507.SZ,sell,200.0,2.8387297419213735,567.7459483842747,5.0,0.28387297419213736,0.284014981682958,2932.206700299629
20190830,20190902,002536.SZ,buy,100.0,5.131418746084777,513.1418746084777,5.0,0.0,0.2564427159461502,2414.0648256911513
20190906,20190909,002536.SZ,sell,100.0,4.7518478474977375,475.18478474977377,5.0,0.23759239237488688,0.2377112479989023,2884.01201804855
20190906,20190909,000599.SZ,buy,100.0,4.7591552141982865,475.9155214198286,5.0,0.0,0.23783884128920363,2403.0964966287215
20190912,20190916,000599.SZ,sell,100.0,4.8437295144838854,484.37295144838856,5.0,0.2421864757241943,0.24230762953885687,2882.227261601386
20190912,20190916,000863.SZ,buy,100.0,4.3425897191174325,434.25897191174323,5.0,0.0,0.21702097546807408,2442.968289689643
20190912,20190916,002471.SZ,buy,100.0,3.0540889982365322,305.4088998236532,5.0,0.0,0.15262813584388368,2132.55938986599
20190912,20190916,300247.SZ,buy,100.0,3.191595,319.1595,5.0,0.0,0.15949999999998,1808.39988986599
20190920,20190923,000863.SZ,sell,100.0,4.111200738133256,411.1200738133256,5.0,0.2055600369066628,0.20566286834082348,2214.3144036424087
20190920,20190923,002471.SZ,sell,100.0,2.883721534216964,288.3721534216964,5.0,0.1441860767108482,0.14425820581374182,2497.5423709873944
20190920,20190923,300247.SZ,sell,100.0,3.028485,302.8485,5.0,0.15142425,0.15149999999999864,2795.2394467373942
20190920,20190923,000008.SZ,buy,100.0,3.9786337171992137,397.86337171992136,5.0,0.0,0.19883226972507373,2392.376075017473
20190920,20190923,603111.SH,buy,100.0,5.427143335982084,542.7143335982084,5.0,0.0,0.2712215560210325,1844.6617414192644
20190927,20190930,000008.SZ,sell,100.0,3.466618197965012,346.66181979650116,5.0,0.1733309098982506,0.1734176187076173,2186.1502303058674
20190927,20190930,603111.SH,sell,100.0,4.863737542440223,486.3737542440223,5.0,0.24318687712201115,0.24330853138769726,2667.2807976727677
20191018,20191021,002228.SZ,buy,100.0,3.480618955371113,348.0618955371113,5.0,0.0,0.1739439757806167,2314.218902135656
20191018,20191021,002448.SZ,buy,100.0,5.425793122667452,542.5793122667452,5.0,0.0,0.2711540790937761,1766.6395898689111
20191018,20191021,600481.SH,buy,100.0,3.2571959222648754,325.7195922264875,5.0,0.0,0.16277840690975154,1435.9199976424236
20191025,20191028,002228.SZ,sell,100.0,3.2447966145656166,324.47966145656164,5.0,0.16223983072828083,0.16232099122390764,1755.2374192682569
20191025,20191028,002448.SZ,sell,100.0,4.805035879493223,480.5035879493223,5.0,0.24025179397466115,0.2403719799646069,2230.5007554236045
20191025,20191028,600481.SH,sell,100.0,3.0202319309021117,302.0231930902112,5.0,0.1510115965451056,0.15108714011512347,2527.3729369172706
20191101,20191104,600208.SH,buy,100.0,4.428854302226027,442.8854302226027,5.0,0.0,0.22133204908669768,2079.487506694668
20191108,20191111,600208.SH,sell,100.0,4.191051257134703,419.1051257134703,5.0,0.20955256285673515,0.20965739155246865,2493.3830798452814
20191122,20191125,600397.SH,buy,100.0,2.98149,298.149,5.0,0.0,0.1490000000000009,2190.2340798452815
20191129,20191202,600397.SH,sell,100.0,2.6386800000000004,263.86800000000005,5.0,0.13193400000000002,0.13199999999994816,2448.9701458452814
20191129,20191202,000782.SZ,buy,100.0,3.849007356936416,384.9007356936416,5.0,0.0,0.19235419075141635,2059.0694101516397
20191206,20191209,000782.SZ,sell,100.0,3.629909570809249,362.9909570809249,5.0,0.18149547854046244,0.18158627167628083,2416.878871754024
20191206,20191209,000417.SZ,buy,100.0,4.428276917621099,442.82769176210996,5.0,0.0,0.2213031942839052,1969.0511799919143
20191213,20191216,000417.SZ,sell,100.0,4.342596450299465,434.25964502994645,5.0,0.21712982251497323,0.2172384417358444,2398.093695199346
20191213,20191216,000987.SZ,buy,100.0,4.5037025729956435,450.37025729956434,5.0,0.0,0.2250725923535697,1942.7234378997814
20191220,20191223,000987.SZ,sell,100.0,4.461471971285692,446.14719712856925,5.0,0.22307359856428463,0.22318519115981417,2383.6475614297865
20191220,20191223,002613.SZ,buy,100.0,2.805797802197802,280.5797802197802,5.0,0.0,0.14021978021980885,2098.067781210006
20191227,20191230,002613.SZ,sell,100.0,2.6676764835164835,266.76764835164835,5.0,0.13338382417582417,0.13345054945051515,2359.702045737479
20200103,20200106,002170.SZ,buy,100.0,3.695929610091744,369.59296100917436,5.0,0.0,0.18470412844033035,1985.1090847283044
20200110,20200113,002170.SZ,sell,100.0,3.2933256589714635,329.33256589714637,5.0,0.1646662829485732,0.1647486572771868,2309.276984342502
20200110,20200113,601010.SH,buy,100.0,2.923270884735776,292.3270884735776,5.0,0.0,0.14609049898729154,2011.9498958689246
20200117,20200120,601010.SH,sell,100.0,2.6837844849014916,268.37844849014914,5.0,0.13418922424507457,0.1342563524212892,2275.1941551348286
20200228,20200302,002062.SZ,buy,100.0,4.456425154409081,445.64251544090814,5.0,0.0,0.22270990276905422,1824.5516396939206
20200228,20200302,600868.SH,buy,100.0,3.6641399081805957,366.4139908180596,5.0,0.0,0.18311543769016225,1453.137648875861
20200306,20200309,600868.SH,sell,100.0,3.759409426438327,375.9409426438327,5.0,0.18797047132191635,0.18806450357362792,1823.890621048372
20200306,20200309,002689.SZ,buy,100.0,4.722611657873701,472.2611657873701,5.0,0.0,0.23601257660538977,1346.6294552610018
20200313,20200316,002062.SZ,sell,100.0,4.915903801504787,491.5903801504787,5.0,0.24579519007523937,0.2459181491498157,1832.9740402214052
20200313,20200316,002689.SZ,sell,100.0,4.497989688249401,449.7989688249401,5.0,0.22489948441247007,0.22501199040760866,2277.548109561933
20200313,20200316,601199.SH,buy,100.0,4.349828009237875,434.9828009237875,5.0,0.0,0.21738270910731217,1837.5653086381453
20200313,20200316,601860.SH,buy,100.0,4.2075504971659905,420.75504971659905,5.0,0.0,0.21027238866395237,1411.8102589215464
20200320,20200323,601199.SH,sell,100.0,3.348156994879004,334.8156994879004,5.0,0.1674078497439502,0.1674915955417191,1741.4585505597029
20200320,20200323,601860.SH,sell,100.0,3.6861365765182184,368.6136576518218,5.0,0.18430682882591093,0.18439902834006716,2104.8879013826986
20200320,20200323,600361.SH,buy,100.0,3.6083721912572093,360.83721912572094,5.0,0.0,0.18032844534013748,1739.0506822569778
20200327,20200330,600361.SH,sell,100.0,3.549590638334839,354.9590638334839,5.0,0.17747953191674196,0.17756831607471213,2088.832266558545
20200410,20200413,002400.SZ,buy,100.0,3.7611169759380094,376.11169759380095,5.0,0.0,0.18796186786295266,1707.7205689647442
20200417,20200420,002400.SZ,sell,100.0,4.2648450175578905,426.48450175578904,5.0,0.21324225087789453,0.21334892534054006,2128.9918284696555
20200424,20200427,300091.SZ,buy,100.0,3.803710428571428,380.3710428571428,5.0,0.0,0.19009047619050534,1743.6207856125127
20200430,20200506,300091.SZ,sell,100.0,3.2726961666666665,327.26961666666665,5.0,0.16363480833333333,0.16371666666663032,2065.726767470846
20200508,20200511,000825.SZ,buy,100.0,3.2482987881480567,324.8298788148057,5.0,0.0,0.16233377252115133,1735.8968886560403
20200515,20200518,000825.SZ,sell,100.0,2.994101415982351,299.4101415982351,5.0,0.14970507079911755,0.1497799607794832,2030.1573251834764
20200515,20200518,600239.SH,buy,100.0,3.5018230558598034,350.1823055859803,5.0,0.0,0.17500365096748283,1674.9750195974962
20200515,20200518,600575.SH,buy,100.0,2.209356588182632,220.9356588182632,5.0,0.0,0.11041262309754529,1449.039360779233
20200522,20200525,600239.SH,sell,100.0,3.4583421487508486,345.83421487508485,5.0,0.17291710743754243,0.1730036092421301,1789.7006585468803
20200522,20200525,600575.SH,sell,100.0,2.1422322081994842,214.22322081994844,5.0,0.10711161040997422,0.10716519300643768,1998.8167677564188
20200619,20200622,300272.SZ,buy,100.0,3.879248133493893,387.9248133493893,5.0,0.0,0.1938654739377057,1605.8919544070295
20200619,20200622,600397.SH,buy,100.0,2.4013205119196988,240.13205119196988,5.0,0.0,0.12000602258467552,1360.7599032150597
20200624,20200629,300272.SZ,sell,100.0,4.033908721361213,403.3908721361213,5.0,0.20169543606806065,0.20179633423509813,1758.9490799151129
20200624,20200629,600397.SH,sell,100.0,2.1990103588456718,219.90103588456716,5.0,0.10995051794228358,0.1100055207026287,1973.7401652817377
20200717,20200720,600052.SH,buy,100.0,3.8146186516234772,381.46186516234775,5.0,0.0,0.19063561477378244,1587.27830011939
20200724,20200727,600052.SH,sell,100.0,3.551632739424083,355.1632739424083,5.0,0.17758163697120416,0.17767047220729637,1937.2639924248272
20200724,20200727,601216.SH,buy,100.0,3.628435147105197,362.8435147105197,5.0,0.0,0.1813310918093407,1569.4204777143075
20200731,20200803,601216.SH,sell,100.0,6.483589976570497,648.3589976570497,5.0,0.32417949882852487,0.32434166966322664,2212.455295872529
20200731,20200803,600295.SH,buy,100.0,3.6770618143106337,367.7061814310634,5.0,0.0,0.18376121011044688,1839.7491144414655
20200731,20200803,601619.SH,buy,100.0,3.3677823647260277,336.77823647260277,5.0,0.0,0.16830496575340703,1497.9708779688626
20200807,20200810,600295.SH,sell,100.0,3.7103794057187813,371.03794057187815,5.0,0.18551897028593908,0.18561177617397107,1863.8232995704548
20200807,20200810,601619.SH,sell,100.0,3.0225547474315073,302.2554747431507,5.0,0.15112773737157537,0.1512033390411034,2160.927646576234
20200814,20200817,002108.SZ,buy,100.0,4.714208646885893,471.42086468858923,5.0,0.0,0.23559263602624014,1684.5067818876448
20200821,20200824,002108.SZ,sell,100.0,6.177857011357612,617.7857011357612,5.0,0.30889285056788063,0.3090473742549875,2296.9835901728384
20200821,20200824,002141.SZ,buy,100.0,3.6917533795756294,369.17533795756293,5.0,0.0,0.18449542126808183,1922.8082522152754
20200828,20200831,002141.SZ,sell,100.0,3.4182051683831745,341.8205168383174,5.0,0.17091025841915872,0.1709957562973159,2259.4578587951737
20200911,20200914,002378.SZ,buy,100.0,4.628747737095471,462.87477370954707,5.0,0.0,0.23132172599179057,1791.5830850856266
20200918,20200921,002378.SZ,sell,100.0,4.227768048069153,422.7768048069153,5.0,0.21138840240345766,0.21149414947814194,2209.1485014901386
20200930,20201009,002052.SZ,buy,300.0,1.5308548072748605,459.25644218245816,5.0,0.0,0.22951346435900177,1744.8920593076805
20201009,20201012,002052.SZ,sell,300.0,1.6692629269580521,500.77887808741565,5.0,0.2503894390437078,0.2505146963918605,2240.4205479560524
20201016,20201019,600982.SH,buy,100.0,2.7556595826852748,275.5659582685275,5.0,0.0,0.1377141220732483,1959.8545896875248
20201023,20201026,600982.SH,sell,100.0,2.5411433540712096,254.11433540712096,5.0,0.1270571677035605,0.127120728067581,2208.841867926942
20201030,20201102,000816.SZ,buy,200.0,2.39116228871409,478.232457742818,5.0,0.0,0.23899673050607362,1725.609410184124
20201106,20201109,000816.SZ,sell,200.0,3.598150777017784,719.6301554035567,5.0,0.3598150777017784,0.3599950752394534,2439.879750509979
20201106,20201109,600076.SH,buy,100.0,3.74187,374.187,5.0,0.0,0.18700000000001182,2060.6927505099793
20201106,20201109,600428.SH,buy,100.0,3.4297829739061014,342.9782973906101,5.0,0.0,0.17140344697179444,1712.7144531193692
20201113,20201116,600076.SH,sell,100.0,3.4882550000000005,348.82550000000003,5.0,0.17441275000000003,0.17449999999996635,2056.3655403693692
20201113,20201116,600428.SH,sell,100.0,3.3909403839850976,339.0940383985098,5.0,0.16954701919925488,0.1696318351167747,2390.2900317486797
20201113,20201116,000629.SZ,buy,200.0,2.371185,474.237,5.0,0.0,0.2370000000000232,1911.0530317486796
20201113,20201116,002578.SZ,buy,100.0,3.625162955260663,362.5162955260663,5.0,0.0,0.18116756398103462,1543.5367362226134
20201120,20201123,000629.SZ,sell,200.0,2.43878,487.756,5.0,0.24387799999999998,0.2440000000000282,2026.0488582226135
20201120,20201123,002578.SZ,sell,100.0,4.031525219526066,403.1525219526066,5.0,0.2015762609763033,0.20167709952607993,2423.999803914244
20201127,20201130,000863.SZ,buy,100.0,4.352556232762375,435.25562327623743,5.0,0.0,0.21751905211198164,1983.7441806380064
20201127,20201130,002514.SZ,buy,100.0,4.352109661837561,435.2109661837561,5.0,0.0,0.2174967347244774,1543.5332144542504
20201204,20201207,000863.SZ,sell,100.0,4.418479885687328,441.84798856873283,5.0,0.22092399428436643,0.2210345115400969,1980.1602790286988
20201204,20201207,002514.SZ,sell,100.0,3.997939978982135,399.7939978982135,5.0,0.19989699894910676,0.19999699744784039,2374.7543799279633
20201211,20201214,000521.SZ,buy,100.0,3.968572708837463,396.8572708837463,5.0,0.0,0.19832947070653972,1972.897109044217
20201211,20201214,600382.SH,buy,100.0,4.874608395243905,487.46083952439056,5.0,0.0,0.24360861545443413,1480.4362695198263
20201211,20201214,601015.SH,buy,100.0,3.6459125484983765,364.59125484983764,5.0,0.0,0.18220452516231944,1110.8450146699886
20201218,20201221,000521.SZ,sell,100.0,3.644593069425037,364.4593069425037,5.0,0.18222965347125186,0.1823208138781638,1470.122091959021
20201218,20201221,600382.SH,sell,100.0,4.591046499333126,459.10464993331266,5.0,0.22955232496665634,0.22966715854585118,1923.997189567367
20201218,20201221,601015.SH,sell,100.0,3.5589213536931816,355.89213536931817,5.0,0.1779460676846591,0.17803508522723632,2274.7113788690003
20201218,20201221,600982.SH,buy,100.0,2.984591301862205,298.4591301862205,5.0,0.0,0.1491549875992746,1971.2522486827797
20201225,20201228,600982.SH,sell,100.0,3.4728959172306526,347.28959172306526,5.0,0.17364479586153264,0.1737316616923863,2313.3681956099836
20201225,20201228,600617.SH,buy,100.0,3.3492653754562816,334.92653754562815,5.0,0.0,0.1673795789832866,1973.4416580643554
20201231,20210104,600617.SH,sell,100.0,3.195385695440449,319.5385695440449,5.0,0.15976928477202246,0.15984920937671632,2287.8204583236284
20201231,20210104,002314.SZ,buy,100.0,3.982035990388634,398.2035990388634,5.0,0.0,0.19900229837020333,1884.616859284765
20201231,20210104,600320.SH,buy,100.0,3.6742458476306172,367.4245847630617,5.0,0.0,0.1836204821404408,1512.1922745217034
20210108,20210111,002314.SZ,sell,100.0,3.4508437108232353,345.0843710823235,5.0,0.17254218554116177,0.17262849979101702,1852.104103418486
20210108,20210111,600320.SH,sell,100.0,3.449646358871851,344.96463588718507,5.0,0.17248231794359253,0.17256860224472348,2191.8962569877276
20210115,20210118,601658.SH,buy,100.0,4.149103626943004,414.91036269430043,5.0,0.0,0.2073515055943176,1771.9858942934272
20210122,20210125,601658.SH,sell,100.0,4.184059960952166,418.4059960952166,5.0,0.2092029980476083,0.20930765187347333,2185.182687390596
20210129,20210201,600576.SH,buy,100.0,5.012504999999999,501.25049999999993,5.0,0.0,0.25049999999993133,1678.9321873905963
20210205,20210208,600576.SH,sell,100.0,3.89805,389.805,5.0,0.1949025,0.19499999999999318,2063.5422848905964
20210219,20210222,000683.SZ,buy,100.0,2.2146846771111957,221.46846771111956,5.0,0.0,0.11067889440835188,1837.073817179477
20210226,20210301,000683.SZ,sell,100.0,2.2999205497852038,229.99205497852037,5.0,0.11499602748926019,0.11505355426641017,2061.950876130508
20210312,20210315,002471.SZ,buy,100.0,2.8077914983787475,280.77914983787474,5.0,0.0,0.14031941521130875,1776.1717262926331
20210312,20210315,600868.SH,buy,100.0,3.2585331299978764,325.85331299978765,5.0,0.0,0.16284523388293337,1445.3184132928454
20210319,20210322,002471.SZ,sell,100.0,2.4408291484157236,244.08291484157238,5.0,0.12204145742078619,0.12210250867508421,1684.2792866769971
20210319,20210322,600868.SH,sell,100.0,3.086557640471304,308.6557640471304,5.0,0.1543278820235652,0.15440508456583757,1987.7807228421038
20210514,20210517,002622.SZ,buy,100.0,2.631315,263.13149999999996,5.0,0.0,0.13149999999995998,1719.6492228421039
20210514,20210517,600839.SH,buy,100.0,2.8895368672951416,288.9536867295142,5.0,0.0,0.1444046410442752,1425.6955361125897
20210521,20210524,002622.SZ,sell,100.0,4.6276850000000005,462.7685000000001,5.0,0.23138425000000004,0.23149999999992588,1883.2326518625898
20210521,20210524,600839.SH,sell,100.0,2.6549445250181294,265.49445250181293,5.0,0.13274722625090646,0.13281363306742833,2143.5943571381517
20210528,20210531,002379.SZ,buy,100.0,4.032015,403.2015,5.0,0.0,0.20150000000001,1735.3928571381516
20210604,20210607,002379.SZ,sell,100.0,3.63818,363.81800000000004,5.0,0.18190900000000002,0.18199999999995953,2094.0289481381515
20210604,20210607,300292.SZ,buy,100.0,3.9819899999999997,398.19899999999996,5.0,0.0,0.19899999999995543,1690.8299481381514
20210611,20210615,300292.SZ,sell,100.0,4.13793,413.793,5.0,0.2068965,0.2069999999999368,2099.416051638151
20210618,20210621,000631.SZ,buy,100.0,2.86730266378012,286.730266378012,5.0,0.0,0.14329348644577067,1807.6857852601393
20210625,20210628,000631.SZ,sell,100.0,2.775754540365409,277.5754540365409,5.0,0.13878772701827047,0.1388571555960425,2080.1224515696617
20210702,20210705,600252.SH,buy,100.0,3.71060971194879,371.060971194879,5.0,0.0,0.18543776671407386,1704.0614803747826
20210709,20210712,600252.SH,sell,100.0,3.34405615398293,334.40561539829304,5.0,0.16720280769914653,0.16728645092456418,2033.2998929653766
20210806,20210809,600815.SH,buy,100.0,3.24162,324.16200000000003,5.0,0.0,0.16200000000003456,1704.1378929653765
20210813,20210816,600815.SH,sell,100.0,2.8485750000000003,284.8575,5.0,0.14242875000000002,0.14249999999998408,1983.8529642153765
20211203,20211206,600717.SH,buy,100.0,4.0110805019122235,401.10805019122233,5.0,0.0,0.20045379819646314,1577.7449140241542
20211210,20211213,600717.SH,sell,100.0,3.833248692859213,383.3248692859213,5.0,0.19166243464296065,0.19175831379982355,1955.8781208754326
20211224,20211227,600255.SH,buy,100.0,2.511255,251.1255,5.0,0.0,0.1255000000000166,1699.7526208754325
20211231,20220104,600255.SH,sell,100.0,3.49825,349.825,5.0,0.1749125,0.17500000000001137,2044.4027083754324
20211231,20220104,600981.SH,buy,100.0,3.7356156910697376,373.56156910697376,5.0,0.0,0.18668744083305455,1665.8411392684586
20220107,20220110,600981.SH,sell,100.0,3.122995941148628,312.29959411486277,5.0,0.1561497970574314,0.15622791101293387,1972.9845835862639
20220422,20220425,000839.SZ,buy,100.0,2.64132,264.132,5.0,0.0,0.132000000000005,1703.8525835862638
20220429,20220505,600370.SH,buy,100.0,2.8508386905563787,285.0838690556379,5.0,0.0,0.14247069917820454,1413.7687145306259
20220506,20220509,000839.SZ,sell,100.0,2.7986,279.86,5.0,0.13993,0.13999999999998636,1688.488784530626
20220506,20220509,600370.SH,sell,100.0,3.3321474535901925,333.2147453590193,5.0,0.16660737267950965,0.1666907180384669,2016.5369225169657
20220506,20220509,601975.SH,buy,100.0,2.2011000000000003,220.11,5.0,0.0,0.10999999999998522,1791.4269225169655
20220513,20220516,601975.SH,sell,100.0,2.7986,279.86,5.0,0.13993,0.13999999999998636,2066.1469925169654
20220513,20220516,002431.SZ,buy,100.0,4.592295,459.22950000000003,5.0,0.0,0.22950000000003,1601.9174925169655
20220520,20220523,300071.SZ,buy,100.0,3.5117549999999995,351.17549999999994,5.0,0.0,0.1754999999999427,1245.7419925169656
20220527,20220530,002431.SZ,sell,100.0,4.007995,400.7995,5.0,0.20039975000000002,0.2004999999999768,1641.3410927669656
20220527,20220530,300071.SZ,sell,100.0,3.068465,306.84650000000005,5.0,0.15342325000000004,0.15349999999995134,1943.0341695169657
20220610,20220613,002630.SZ,buy,100.0,3.8018999999999994,380.18999999999994,5.0,0.0,0.18999999999994088,1557.8441695169658
20220617,20220620,002630.SZ,sell,100.0,3.3883050000000003,338.83050000000003,5.0,0.16941525000000002,0.1694999999999709,1891.505254266966
20220805,20220808,002471.SZ,buy,100.0,3.241275098128449,324.1275098128449,5.0,0.0,0.1619827635246338,1562.377744454121
20220812,20220815,002471.SZ,sell,100.0,3.513612927356505,351.3612927356505,5.0,0.17568064636782527,0.17576853063309272,1908.5633565434036
20220902,20220905,000573.SZ,buy,100.0,3.5092095967148382,350.92095967148384,5.0,0.0,0.1753727934390099,1552.6423968719198
20220916,20220919,000573.SZ,sell,100.0,3.5808914629017377,358.08914629017374,5.0,0.17904457314508687,0.17913414021518292,1905.5524985889485
20221118,20221121,300315.SZ,buy,100.0,3.4617299999999998,346.173,5.0,0.0,0.17300000000000182,1554.3794985889485
20221125,20221128,300315.SZ,sell,100.0,3.148425,314.84250000000003,5.0,0.15742125,0.15749999999997044,1864.0645773389485
20221125,20221128,002948.SZ,buy,100.0,3.181715159181952,318.1715159181952,5.0,0.0,0.15900625483163822,1540.8930614207534
20221202,20221205,002948.SZ,sell,100.0,3.134632616487455,313.4632616487455,5.0,0.15673163082437275,0.15681003584228392,1849.1995914386746
20221216,20221219,002210.SZ,buy,100.0,2.931465,293.1465,5.0,0.0,0.14650000000000318,1551.0530914386745
20221223,20221226,002210.SZ,sell,100.0,2.368815,236.88150000000002,5.0,0.11844075000000001,0.11849999999998317,1782.8161506886745
20230113,20230116,002217.SZ,buy,100.0,3.2816399999999994,328.16399999999993,5.0,0.0,0.16399999999993042,1449.6521506886745
20230120,20230130,002217.SZ,sell,100.0,2.888555,288.8555,5.0,0.14442775,0.14449999999999363,1733.3632229386744
20230210,20230213,002228.SZ,buy,100.0,3.292337740237431,329.23377402374314,5.0,0.0,0.16453461970201033,1399.1294489149313
20230217,20230220,002228.SZ,sell,100.0,3.0955736920878976,309.55736920878974,5.0,0.15477868460439487,0.1548561126607524,1703.5320394391167
20230721,20230724,002076.SZ,buy,100.0,2.911455,291.1455,5.0,0.0,0.14550000000002683,1407.3865394391166
20230721,20230724,002431.SZ,buy,100.0,2.911455,291.1455,5.0,0.0,0.14550000000002683,1111.2410394391165
20230728,20230731,002076.SZ,sell,100.0,2.628685,262.8685,5.0,0.13143425,0.13150000000001683,1368.9781051891166
20230728,20230731,002431.SZ,sell,100.0,2.788605,278.8605,5.0,0.13943025,0.13949999999999818,1642.6991749391166
20230811,20230814,000903.SZ,buy,100.0,2.86143,286.143,5.0,0.0,0.14299999999997226,1351.5561749391165
20230818,20230821,000903.SZ,sell,100.0,2.9985,299.85,5.0,0.149925,0.14999999999997726,1646.2562499391165
20230825,20230828,600187.SH,buy,100.0,3.16158,316.15799999999996,5.0,0.0,0.15799999999995862,1325.0982499391166
20230901,20230904,600187.SH,sell,100.0,2.908545,290.85450000000003,5.0,0.14542725,0.14549999999997,1610.8073226891165
20230928,20231009,600545.SH,buy,100.0,3.331665,333.1665,5.0,0.0,0.166499999999985,1272.6408226891165
20231013,20231016,600545.SH,sell,100.0,2.7986,279.86,5.0,0.13993,0.13999999999998636,1547.3608926891166
20240329,20240401,600881.SH,buy,100.0,1.790895,179.0895,5.0,0.0,0.08949999999998681,1363.2713926891165
20240403,20240408,600881.SH,sell,100.0,1.6091950000000002,160.91950000000003,5.0,0.08045975000000001,0.08049999999997226,1519.1104329391164
20240524,20240527,000620.SZ,buy,100.0,2.491245,249.1245,5.0,0.0,0.1244999999999834,1264.9859329391165
20240531,20240603,000620.SZ,sell,100.0,2.048975,204.8975,5.0,0.10244875,0.10249999999996362,1464.7809841891165
20240614,20240617,000793.SZ,buy,200.0,1.32066,264.132,5.0,0.0,0.132000000000005,1195.6489841891164
20240621,20240624,000793.SZ,sell,200.0,1.29935,259.87,5.0,0.129935,0.12999999999999545,1450.3890491891163
20240705,20240708,002689.SZ,buy,100.0,2.46123,246.123,5.0,0.0,0.12299999999999045,1199.2660491891163
20240705,20240708,300111.SZ,buy,100.0,2.30115,230.11499999999998,5.0,0.0,0.1150000000000091,964.1510491891163
20240705,20240708,300287.SZ,buy,100.0,2.001,200.1,5.0,0.0,0.09999999999999432,759.0510491891163
20240705,20240708,920370.BJ,buy,100.0,1.9309649999999998,193.0965,5.0,0.0,0.09649999999999181,560.9545491891163
20240712,20240715,002689.SZ,sell,100.0,2.248875,224.8875,5.0,0.11244375,0.11250000000001137,780.7296054391163
20240712,20240715,300111.SZ,sell,100.0,2.2888550000000003,228.88550000000004,5.0,0.11444275000000002,0.11449999999996407,1004.5006626891163
20240712,20240715,300287.SZ,sell,100.0,2.01899,201.899,5.0,0.1009495,0.10099999999999909,1201.2987131891164
20240712,20240715,920370.BJ,sell,100.0,1.91904,191.904,5.0,0.095952,0.09600000000000364,1388.1067611891162
20240726,20240729,600187.SH,buy,100.0,2.52126,252.12599999999998,5.0,0.0,0.12599999999997635,1130.9807611891163
20240802,20240805,600187.SH,sell,100.0,2.57871,257.871,5.0,0.12893549999999998,0.1290000000000191,1383.7228256891162
20240802,20240805,000518.SZ,buy,100.0,2.251125,225.1125,5.0,0.0,0.11250000000001137,1153.6103256891163
20240809,20240812,000518.SZ,sell,100.0,2.05897,205.897,5.0,0.1029485,0.10300000000000864,1354.4043771891163
20240913,20240918,300072.SZ,buy,100.0,2.231115,223.1115,5.0,0.0,0.1115000000000066,1126.2928771891163
20240913,20240918,600082.SH,buy,100.0,2.2011000000000003,220.11,5.0,0.0,0.10999999999998522,901.1828771891163
20240920,20240923,300072.SZ,sell,100.0,2.068965,206.8965,5.0,0.10344825,0.1034999999999684,1102.9759289391163
20240920,20240923,600082.SH,sell,100.0,2.4887550000000003,248.87550000000002,5.0,0.12443775000000001,0.12450000000001182,1346.7269911891162
20241101,20241104,600467.SH,buy,100.0,2.3313725135091405,233.13725135091406,5.0,0.0,0.11651037049017532,1108.5897398382021
20241108,20241111,600467.SH,sell,100.0,2.6375906457962577,263.7590645796258,5.0,0.1318795322898129,0.13194550504232438,1367.216924885538
20250425,20250428,600726.SH,buy,100.0,2.70135,270.135,5.0,0.0,0.1349999999999909,1092.081924885538
20250430,20250506,600726.SH,sell,100.0,2.37881,237.881,5.0,0.1189405,0.11899999999999977,1324.843984385538
20250704,20250707,600231.SH,buy,100.0,2.001,200.1,5.0,0.0,0.09999999999999432,1119.7439843855382
20250711,20250714,600231.SH,sell,100.0,2.008995,200.89950000000002,5.0,0.10044975,0.10049999999995407,1315.543034635538
