trade_date,cash,positions_value,equity
20060104,1000000.0,0.0,1000000.0
20060105,1000000.0,0.0,1000000.0
20060106,1000000.0,0.0,1000000.0
20060109,104.458997628215,1031125.9269430948,1031230.385940723
20060110,104.458997628215,1035366.6978435778,1035471.156841206
20060111,104.458997628215,1047121.8600613379,1047226.3190589661
20060112,104.458997628215,1064145.6928460805,1064250.1518437087
20060113,104.458997628215,1052718.7968277961,1052823.2558254243
20060116,2.1332709385314956,1020338.4996258557,1020340.6328967942
20060117,2.1332709385314956,1010818.3812099766,1010820.5144809152
20060118,2.1332709385314956,1025074.388323174,1025076.5215941125
20060119,2.1332709385314956,1036724.4354638534,1036726.568734792
20060120,2.1332709385314956,1057590.2576847319,1057592.3909556703
20060123,47.77008102335276,1059807.1973019221,1059854.9673829456
20060124,47.77008102335276,1048727.6961415324,1048775.4662225558
20060125,47.77008102335276,1084382.2675898927,1084430.0376709162
20060206,103.52277821134379,1130907.5450648344,1131011.0678430458
20060207,103.52277821134379,1141552.5373888018,1141656.0601670132
20060208,103.52277821134379,1144175.128526667,1144278.6513048783
20060209,103.52277821134379,1136240.7347241275,1136344.2575023388
20060210,103.52277821134379,1180884.097527589,1180987.6203058003
20060213,15.99801958858734,1176399.5942899636,1176415.5923095522
20060214,15.99801958858734,1173935.2233680533,1173951.221387642
20060215,15.99801958858734,1169500.848451007,1169516.8464705956
20060216,15.99801958858734,1140278.426730503,1140294.4247500917
20060217,15.99801958858734,1127205.0005981666,1127220.9986177552
20060220,201944.9593516854,899718.7974214779,1101663.7567731633
20060221,201944.9593516854,899732.2021462008,1101677.1614978863
20060222,201944.9593516854,893796.4980532541,1095741.4574049395
20060223,201944.9593516854,896018.4391341966,1097963.398485882
20060224,201944.9593516854,889534.5274587243,1091479.4868104097
20060227,6.123432580847293,1088553.268887849,1088559.39232043
20060228,6.123432580847293,1081279.4390477587,1081285.5624803395
20060301,6.123432580847293,1099818.8693052558,1099824.9927378367
20060302,6.123432580847293,1078431.34382761,1078437.4672601908
20060303,6.123432580847293,1075193.1835740483,1075199.3070066292
20060306,22.032364997343393,1048886.6923107381,1048908.7246757355
20060307,22.032364997343393,1018118.5276105746,1018140.5599755719
20060308,22.032364997343393,1012753.7520716311,1012775.7844366285
20060309,22.032364997343393,1007132.4319812559,1007154.4643462532
20060310,22.032364997343393,1005044.96902274,1005067.0013877373
20060313,66.57757019335986,994439.7902598791,994506.3678300724
20060314,66.57757019335986,996442.2675482823,996508.8451184756
20060315,66.57757019335986,996534.1557947252,996600.7333649185
20060316,66.57757019335986,1012824.4972784326,1012891.0748486259
20060317,66.57757019335986,995402.5000150132,995469.0775852065
20060320,25.173171001835726,1039813.44664915,1039838.6198201518
20060321,25.173171001835726,1028725.3542954822,1028750.527466484
20060322,25.173171001835726,1031031.1679053882,1031056.34107639
20060323,25.173171001835726,1031132.3572433926,1031157.5304143945
20060324,25.173171001835726,1042767.7221497358,1042792.8953207376
20060327,36.05112314287726,1077629.8034712656,1077665.8545944085
20060328,36.05112314287726,1063171.837867133,1063207.888990276
20060329,36.05112314287726,1053041.3183510895,1053077.3694742324
20060330,36.05112314287726,1023681.1112522106,1023717.1623753534
20060331,36.05112314287726,1023163.6364569212,1023199.687580064
20060403,107.87108209214057,1069871.6519762047,1069979.5230582969
20060404,107.87108209214057,1091923.0756672649,1092030.946749357
20060405,107.87108209214057,1080616.9787757872,1080724.8498578793
20060406,107.87108209214057,1116643.0333561734,1116750.9044382656
20060407,107.87108209214057,1131296.0112628844,1131403.8823449765
20060410,8063.97027580571,1147777.292838914,1155841.26311472
20060411,8063.97027580571,1162935.8571365206,1170999.8274123264
20060412,8063.97027580571,1158597.228581228,1166661.1988570339
20060413,8063.97027580571,1134799.0849383147,1142863.0552141205
20060414,8063.97027580571,1153901.3360647892,1161965.306340595
20060417,94.77901970618677,1188389.6632938348,1188484.442313541
20060418,94.77901970618677,1183168.5718502316,1183263.3508699378
20060419,94.77901970618677,1176284.7642686563,1176379.5432883624
20060420,94.77901970618677,1177786.3686652784,1177881.1476849846
20060421,94.77901970618677,1179686.916421434,1179781.69544114
20060424,114.47054676461266,1173094.82625628,1173209.2968030446
20060425,114.47054676461266,1172332.7856606047,1172447.2562073693
20060426,114.47054676461266,1173856.8668519552,1173971.3373987197
20060427,114.47054676461266,1180662.1412312877,1180776.6117780523
20060428,114.47054676461266,1176851.9382529117,1176966.4087996762
20060508,107.70803642508872,1251582.706135944,1251690.414172369
20060509,107.70803642508872,1313615.9969174631,1313723.7049538882
20060510,107.70803642508872,1353193.7116637353,1353301.4197001604
20060511,107.70803642508872,1331884.4929436638,1331992.200980089
20060512,107.70803642508872,1347365.947520691,1347473.655557116
20060515,107.71662464304245,1346673.975341415,1346781.691966058
20060516,107.71662464304245,1324416.3552061256,1324524.0718307686
20060517,107.71662464304245,1345662.2653352655,1345769.9819599085
20060518,107.71662464304245,1357802.7854090598,1357910.5020337028
20060519,107.71662464304245,1382083.8255566484,1382191.5421812914
20060522,12.512226440290405,1400379.7386824102,1400392.2509088505
20060523,12.512226440290405,1372052.800942125,1372065.3131685653
20060524,12.512226440290405,1358901.6703660658,1358914.182592506
20060525,12.512226440290405,1413054.3868024992,1413066.8990289394
20060526,12.512226440290405,1448296.3523573948,1448308.864583835
20060529,86.83764192805393,1618995.7532493751,1619082.5908913033
20060530,86.83764192805393,1686989.7019110112,1687076.5395529394
20060531,86.83764192805393,1681746.1781558238,1681833.015797752
20060601,86.83764192805393,1742195.9484500133,1742282.7860919414
20060602,86.83764192805393,1726405.0496516346,1726491.8872935628
20060605,72.17441070219502,1749646.3607539323,1749718.5351646345
20060606,72.17441070219502,1730440.478337117,1730512.6527478192
20060607,72.17441070219502,1633288.0588623402,1633360.2332730424
20060608,72.17441070219502,1665620.2975756885,1665692.4719863907
20060609,72.17441070219502,1627838.086553824,1627910.260964526
20060612,50.993696119461674,1609181.9964772186,1609232.990173338
20060613,50.993696119461674,1630422.504552507,1630473.4982486265
20060614,50.993696119461674,1615311.8423616868,1615362.8360578062
20060615,50.993696119461674,1597312.1121987333,1597363.1058948527
20060616,50.993696119461674,1600957.2269788056,1601008.220674925
20060619,110.98412894766079,1615182.0466704322,1615293.0307993798
20060620,110.98412894766079,1648312.2571734237,1648423.2413023713
20060621,110.98412894766079,1638118.3462494262,1638229.3303783739
20060622,110.98412894766079,1653220.0743923977,1653331.0585213453
20060623,110.98412894766079,1678013.597072673,1678124.5812016206
20060626,163.33869444775337,1718036.611429961,1718199.9501244086
20060627,163.33869444775337,1730713.0529265213,1730876.391620969
20060628,163.33869444775337,1733040.705637167,1733204.0443316146
20060629,163.33869444775337,1744409.8238813982,1744573.1625758458
20060630,163.33869444775337,1714943.5131615023,1715106.85185595
20060703,101.85153496271232,1769028.8882800592,1769130.7398150219
20060704,101.85153496271232,1770453.0659522684,1770554.917487231
20060705,101.85153496271232,1765285.2989858221,1765387.1505207848
20060706,101.85153496271232,1806939.34449932,1807041.1960342827
20060707,101.85153496271232,1789653.6368913068,1789755.4884262695
20060710,586.2122723728389,1771308.430594986,1771894.6428673589
20060711,586.2122723728389,1763684.0079631,1764270.2202354728
20060712,586.2122723728389,1749346.4349279683,1749932.647200341
20060713,586.2122723728389,1682972.4517389203,1683558.664011293
20060714,586.2122723728389,1716939.3039933762,1717525.516265749
20060717,98.79466966474138,1734543.643277274,1734642.4379469387
20060718,98.79466966474138,1717202.640426865,1717301.4350965298
20060719,98.79466966474138,1716904.262504168,1717003.0571738328
20060720,98.79466966474138,1720110.0933399592,1720208.8880096239
20060721,98.79466966474138,1686813.5798982037,1686912.3745678684
20060724,246.86004605068592,1756604.4119066228,1756851.2719526736
20060725,246.86004605068592,1745789.5644010655,1746036.4244471162
20060726,246.86004605068592,1745582.2871438705,1745829.1471899212
20060727,246.86004605068592,1693826.6691330504,1694073.529179101
20060728,246.86004605068592,1664582.364557609,1664829.2246036597
20060731,623675.3504598147,1032410.4607402693,1656085.811200084
20060801,623675.3504598147,992147.0492251515,1615822.399684966
20060802,623675.3504598147,973657.7886798305,1597333.1391396453
20060803,623675.3504598147,983036.7269326717,1606712.0773924864
20060804,623675.3504598147,955537.3196645502,1579212.670124365
20060807,24.942237061142805,1573818.9439278527,1573843.886164914
20060808,24.942237061142805,1673668.7979049617,1673693.740142023
20060809,24.942237061142805,1655361.961567385,1655386.903804446
20060810,24.942237061142805,1661232.6832225476,1661257.6254596089
20060811,24.942237061142805,1653226.8106529198,1653251.752889981
20060814,94351.76552787866,1551697.1502998304,1646048.915827709
20060815,94351.76552787866,1559696.3447622857,1654048.1102901644
20060816,94351.76552787866,1564971.7137045902,1659323.4792324689
20060817,94351.76552787866,1567792.3019809397,1662144.0675088183
20060818,94351.76552787866,1544807.8351474795,1639159.6006753582
20060821,3.6238158817798194,1648827.6525069694,1648831.2763228512
20060822,3.6238158817798194,1626839.0136700196,1626842.6374859014
20060823,3.6238158817798194,1619459.7033685092,1619463.327184391
20060824,3.6238158817798194,1633813.2647327231,1633816.888548605
20060825,3.6238158817798194,1629449.6032207175,1629453.2270365993
20060828,31.664619828733535,1650482.1849550903,1650513.849574919
20060829,31.664619828733535,1674479.8379504615,1674511.5025702904
20060830,31.664619828733535,1682837.301505143,1682868.9661249719
20060831,31.664619828733535,1671618.3311763552,1671649.995796184
20060901,31.664619828733535,1662920.7682759182,1662952.432895747
20060904,42.51047917519463,1668277.3404478894,1668319.8509270647
20060905,42.51047917519463,1659212.806100112,1659255.3165792872
20060906,42.51047917519463,1657198.4513707913,1657240.9618499666
20060907,42.51047917519463,1621696.8408864713,1621739.3513656466
20060908,42.51047917519463,1620773.3167565127,1620815.827235688
20060911,101.85761812754208,1624970.5990747288,1625072.4566928563
20060912,101.85761812754208,1612565.4246572678,1612667.2822753952
20060913,101.85761812754208,1589879.202119742,1589981.0597378695
20060914,101.85761812754208,1581027.5398653229,1581129.3974834504
20060915,101.85761812754208,1576775.4722019564,1576877.329820084
20060918,104.45110243646286,1608969.6257407528,1609074.0768431893
20060919,104.45110243646286,1602844.9044988216,1602949.355601258
20060920,104.45110243646286,1641577.9900187494,1641682.441121186
20060921,104.45110243646286,1665301.8345829293,1665406.2856853658
20060922,104.45110243646286,1642319.3994400594,1642423.850542496
20060925,656522.9448200751,1034561.3748539416,1691084.3196740167
20060926,656522.9448200751,1073736.7006879253,1730259.6455080004
20060927,656522.9448200751,1099855.4583393037,1756378.4031593788
20060928,656522.9448200751,1104107.9265885379,1760630.871408613
20060929,656522.9448200751,1079194.6530544572,1735717.5978745322
20061009,726610.2580633457,1044660.2869812492,1771270.545044595
20061010,726610.2580633457,1013554.4080816002,1740164.666144946
20061011,726610.2580633457,1052601.3655643847,1779211.6236277304
20061012,726610.2580633457,983883.9934614846,1710494.2515248302
20061013,726610.2580633457,989461.175045037,1716071.4331083826
20061016,77.21166335383896,1755889.3485504456,1755966.5602137996
20061017,77.21166335383896,1710420.079053299,1710497.2907166528
20061018,77.21166335383896,1746509.3504089927,1746586.5620723465
20061019,77.21166335383896,1759705.7848187464,1759782.9964821003
20061020,77.21166335383896,1732419.7934657643,1732497.005129118
20061023,18.944693390862085,1651653.3873865078,1651672.3320798986
20061024,18.944693390862085,1733609.7355934693,1733628.68028686
20061025,18.944693390862085,1746553.1384240044,1746572.0831173952
20061026,18.944693390862085,1707412.413708102,1707431.3584014927
20061027,18.944693390862085,1661849.1691443312,1661868.1138377222
20061030,99.93719182160567,1664163.375905841,1664263.3130976625
20061031,99.93719182160567,1687235.6048031503,1687335.541994972
20061101,99.93719182160567,1712699.2153459599,1712799.1525377815
20061102,99.93719182160567,1706848.167785699,1706948.1049775206
20061103,99.93719182160567,1692895.5398497628,1692995.4770415844
20061106,75.22687248291913,1704551.3827921962,1704626.609664679
20061107,75.22687248291913,1676509.6306707775,1676584.8575432603
20061108,75.22687248291913,1654660.197031483,1654735.4239039659
20061109,75.22687248291913,1684142.129541852,1684217.3564143348
20061110,75.22687248291913,1660519.3176107176,1660594.5444832006
20061113,232.55429332176573,1671623.743444287,1671856.2977376087
20061114,232.55429332176573,1666455.2737051097,1666687.8279984314
20061115,232.55429332176573,1672606.3325770285,1672838.8868703502
20061116,232.55429332176573,1677752.899440178,1677985.4537334996
20061117,232.55429332176573,1687135.690236933,1687368.2445302547
20061120,24.196830447763205,1701040.7472591964,1701064.9440896441
20061121,24.196830447763205,1714596.9826134641,1714621.1794439119
20061122,24.196830447763205,1733285.3910785215,1733309.5879089693
20061123,24.196830447763205,1709472.9822530937,1709497.1790835415
20061124,24.196830447763205,1742250.190410597,1742274.3872410448
20061127,8965.456123102456,1777257.420767871,1786222.8768909734
20061128,8965.456123102456,1767454.4147487823,1776419.8708718847
20061129,8965.456123102456,1762265.1808057784,1771230.6369288808
20061130,8965.456123102456,1792649.671959185,1801615.1280822875
20061201,8965.456123102456,1777112.7806431702,1786078.2367662727
20061204,36.275291184778325,1828583.745714965,1828620.0210061497
20061205,36.275291184778325,1827781.6099077326,1827817.8851989172
20061206,36.275291184778325,1785278.6872618492,1785314.962553034
20061207,36.275291184778325,1766460.1170887868,1766496.3923799717
20061208,36.275291184778325,1695184.734336876,1695221.0096280607
20061211,28.189535385055933,1687653.9257916058,1687682.1153269908
20061212,28.189535385055933,1703841.7706845407,1703869.9602199257
20061213,28.189535385055933,1675466.5814942734,1675494.7710296584
20061214,28.189535385055933,1676086.7397287262,1676114.9292641112
20061215,28.189535385055933,1697222.3595025113,1697250.5490378963
20061218,254.696500621832,1686134.217599493,1686388.9141001147
20061219,254.696500621832,1665871.663443177,1666126.3599437987
20061220,254.696500621832,1703196.226826114,1703450.9233267359
20061221,254.696500621832,1696838.7205054339,1697093.4170060556
20061222,254.696500621832,1718998.9308188925,1719253.6273195143
20061225,3697.294627224386,1704751.5442568103,1708448.8388840347
20061226,3697.294627224386,1697975.536958938,1701672.8315861623
20061227,3697.294627224386,1700054.2110824815,1703751.5057097059
20061228,3697.294627224386,1663880.2326404762,1667577.5272677005
20061229,3697.294627224386,1669166.3154687108,1672863.6100959352
20070104,121.92043090664083,1662023.8304130847,1662145.7508439913
20070105,121.92043090664083,1687303.478214311,1687425.3986452175
20070108,2.7028798815681796,1733301.5522796786,1733304.2551595601
20070109,2.7028798815681796,1725584.9532977114,1725587.656177593
20070110,2.7028798815681796,1740475.1665932448,1740477.8694731263
20070111,2.7028798815681796,1711884.1412509282,1711886.8441308097
20070112,2.7028798815681796,1646447.0504615873,1646449.7533414687
20070115,306325.43550190603,1360502.017783376,1666827.453285282
20070116,306325.43550190603,1353158.8420084598,1659484.277510366
20070117,306325.43550190603,1340699.749675013,1647025.185176919
20070118,306325.43550190603,1343272.9009364177,1649598.3364383238
20070119,306325.43550190603,1360055.6323950521,1666381.0678969582
20070122,139.6111827318673,1725688.3693955978,1725827.9805783296
20070123,139.6111827318673,1758884.6143710115,1759024.2255537433
20070124,139.6111827318673,1744566.915406636,1744706.5265893678
20070125,139.6111827318673,1676278.4232411168,1676418.0344238486
20070126,139.6111827318673,1670676.7236683257,1670816.3348510575
20070129,140.90965800423874,1690089.0666060224,1690229.9762640267
20070130,140.90965800423874,1709359.5643599797,1709500.474017984
20070131,140.90965800423874,1656344.1490249108,1656485.058682915
20070201,140.90965800423874,1618955.9161424658,1619096.82580047
20070202,140.90965800423874,1618669.3163504715,1618810.2260084758
20070205,289950.6686035152,1318201.9651009645,1608152.6337044798
20070206,289950.6686035152,1340444.179778634,1630394.8483821494
20070207,289950.6686035152,1357536.6988179458,1647487.367421461
20070208,289950.6686035152,1372203.5948159918,1662154.263419507
20070209,289950.6686035152,1377042.1626246544,1666992.8312281696
20070212,97.23875471606152,1734189.4015236227,1734286.6402783387
20070213,97.23875471606152,1732751.955644744,1732849.19439946
20070214,97.23875471606152,1744890.5534763061,1744987.7922310221
20070215,97.23875471606152,1761944.4993224652,1762041.7380771812
20070216,97.23875471606152,1777053.856988094,1777151.09574281
20070226,143.85855625441764,1868122.9873218797,1868266.845878134
20070227,143.85855625441764,1777823.5374277069,1777967.3959839614
20070228,143.85855625441764,1920839.7620430696,1920983.620599324
20070301,143.85855625441764,1932334.776821307,1932478.6353775612
20070302,143.85855625441764,1884361.6169988571,1884505.4755551117
20070305,428990.6956950692,1433497.136085483,1862487.8317805522
20070306,428990.6956950692,1419268.0817118213,1848258.7774068904
20070307,428990.6956950692,1443821.5758784888,1872812.271573558
20070308,428990.6956950692,1486708.4489354552,1915699.1446305243
20070309,428990.6956950692,1512777.7497089938,1941768.445404063
20070312,429490.8952404835,1568920.7062510843,1998411.601491568
20070313,429490.8952404835,1623537.235337033,2053028.1305775165
20070314,429490.8952404835,1594903.7756156982,2024394.6708561818
20070315,429490.8952404835,1591026.5901706147,2020517.4854110982
20070316,429490.8952404835,1573734.4394446483,2003225.334685132
20070319,1207413.7700210307,773269.8089622641,1980683.5789832948
20070320,1207413.7700210307,770509.8089622641,1977923.5789832948
20070321,1207413.7700210307,756157.8089622641,1963571.5789832948
20070322,1207413.7700210307,761125.8089622641,1968539.5789832948
20070323,1207413.7700210307,765541.8089622641,1972955.5789832948
20070326,860587.7679792328,1147804.2483065266,2008392.0162857594
20070327,860587.7679792328,1144595.4190571737,2005183.1870364065
20070328,860587.7679792328,1169179.916382454,2029767.684361687
20070329,860587.7679792328,1134070.737521367,1994658.5055005997
20070330,860587.7679792328,1157136.141533446,2017723.9095126789
20070402,157535.51971271733,1856618.601648528,2014154.1213612452
20070403,157535.51971271733,1889944.197936719,2047479.7176494363
20070404,157535.51971271733,1884502.2377251196,2042037.7574378368
20070405,157535.51971271733,1922940.8954989368,2080476.415211654
20070406,157535.51971271733,1923140.90449598,2080676.4242086972
20070409,82887.0737363195,2029474.154368109,2112361.2281044284
20070410,82887.0737363195,2048030.3894787263,2130917.4632150456
20070411,82887.0737363195,2097316.797676212,2180203.8714125315
20070412,82887.0737363195,2145147.31092606,2228034.3846623795
20070413,82887.0737363195,2098164.804945627,2181051.8786819465
20070416,540680.0983863694,1637193.0442571403,2177873.1426435094
20070417,540680.0983863694,1662896.5938222297,2203576.6922085993
20070418,540680.0983863694,1700913.746653847,2241593.845040216
20070419,540680.0983863694,1606254.4224690965,2146934.520855466
20070420,540680.0983863694,1674197.8454606996,2214877.943847069
20070423,462679.6201243821,1761829.2872484252,2224508.907372807
20070424,462679.6201243821,1725412.9436170193,2188092.5637414013
20070425,462679.6201243821,1739092.9787734905,2201772.5988978725
20070426,462679.6201243821,1732123.776593484,2194803.396717866
20070427,462679.6201243821,1686517.0471514661,2149196.6672758483
20070430,65580.42289395956,2077864.9999864483,2143445.422880408
20070508,110.82134980568662,2224300.200675697,2224411.0220255028
20070509,110.82134980568662,2255104.71454691,2255215.5358967157
20070510,110.82134980568662,2273731.620845603,2273842.4421954085
20070511,110.82134980568662,2299749.5617637965,2299860.383113602
20070514,166.44766045632423,2280219.5495230057,2280385.997183462
20070515,166.44766045632423,2176338.2116455873,2176504.6593060438
20070516,166.44766045632423,2255352.050502145,2255518.4981626016
20070517,166.44766045632423,2279435.3281816724,2279601.775842129
20070518,166.44766045632423,2275146.4173417697,2275312.865002226
20070521,117.29405581773608,2302913.492334048,2303030.7863898654
20070522,117.29405581773608,2308173.5429969607,2308290.8370527783
20070523,117.29405581773608,2340403.352637676,2340520.6466934937
20070524,117.29405581773608,2330648.8325544377,2330766.1266102553
20070525,117.29405581773608,2366487.3632394774,2366604.657295295
20070528,148784.65789301298,2213563.5224123634,2362348.1803053766
20070529,148784.65789301298,2233861.4586050306,2382646.1164980438
20070530,148784.65789301298,2158036.2840906554,2306820.941983668
20070531,148784.65789301298,2142802.2318543154,2291586.889747328
20070601,148784.65789301298,2053983.0715219565,2202767.7294149697
20070604,144435.53389522067,1920758.1867583138,2065193.7206535344
20070605,144435.53389522067,1933696.126461895,2078131.6603571156
20070606,144435.53389522067,1885142.8028981676,2029578.3367933882
20070607,144435.53389522067,1911279.055341795,2055714.5892370157
20070608,144435.53389522067,1933994.7452725386,2078430.2791677592
20070611,218.88837271922966,2103477.943985501,2103696.83235822
20070612,218.88837271922966,2223974.601900878,2224193.490273597
20070613,218.88837271922966,2272318.7257584254,2272537.6141311447
20070614,218.88837271922966,2309308.214302387,2309527.1026751064
20070615,218.88837271922966,2294576.7870449084,2294795.6754176277
20070618,700625.756974869,1622953.8002096312,2323579.5571845
20070619,700625.756974869,1663036.36001286,2363662.116987729
20070620,700625.756974869,1621632.1272568728,2322257.8842317415
20070621,700625.756974869,1563313.7087857183,2263939.4657605872
20070622,700625.756974869,1498089.748141735,2198715.5051166043
20070625,563264.0338195786,1491740.961295263,2055004.9951148415
20070626,563264.0338195786,1498500.0052037123,2061764.0390232909
20070627,563264.0338195786,1558235.508372366,2121499.5421919446
20070628,563264.0338195786,1565571.953299324,2128835.9871189026
20070629,563264.0338195786,1494541.428766803,2057805.4625863815
20070702,606264.6011856839,1428316.5543058612,2034581.155491545
20070703,606264.6011856839,1345911.473631884,1952176.0748175678
20070704,606264.6011856839,1361607.6794745466,1967872.2806602304
20070705,606264.6011856839,1297996.7400069148,1904261.3411925987
20070706,606264.6011856839,1298822.8561038973,1905087.4572895812
20070709,332585.1238699432,1581335.0616221945,1913920.1854921377
20070710,332585.1238699432,1572522.322170077,1905107.44604002
20070711,332585.1238699432,1580035.2513350646,1912620.3752050078
20070712,332585.1238699432,1552625.2629297364,1885210.3867996796
20070713,332585.1238699432,1563197.4761826005,1895782.6000525437
20070716,276.52145509736147,2003658.0767013736,2003934.5981564708
20070717,276.52145509736147,2036373.1778469793,2036649.6993020768
20070718,276.52145509736147,1974598.257481996,1974874.7789370934
20070719,276.52145509736147,1954960.7641870922,1955237.2856421894
20070720,276.52145509736147,1946965.7584650088,1947242.2799201063
20070723,514.0626053940505,1944963.5141903074,1945477.5767957014
20070724,514.0626053940505,1949657.5121685667,1950171.5747739607
20070725,514.0626053940505,1976415.3900700854,1976929.4526754795
20070726,514.0626053940505,1959184.5723814657,1959698.6349868597
20070727,514.0626053940505,1983900.6451515842,1984414.7077569782
20070730,194.66929474158678,1996390.3843664108,1996585.0536611523
20070731,194.66929474158678,2003783.6467323299,2003978.3160270713
20070801,194.66929474158678,1958203.8251951644,1958398.494489906
20070802,194.66929474158678,1982365.7205787927,1982560.3898735344
20070803,194.66929474158678,1995780.7490920848,1995975.4183868263
20070806,34.143770218880945,1986390.6888708924,1986424.8326411112
20070807,34.143770218880945,1978930.6630715716,1978964.8068417904
20070808,34.143770218880945,1943145.7452047819,1943179.8889750007
20070809,34.143770218880945,1955389.4846227982,1955423.628393017
20070810,34.143770218880945,1942489.7903569033,1942523.9341271222
20070813,49.1109178008046,1919332.1201214613,1919381.2310392621
20070814,49.1109178008046,1920637.0055672936,1920686.1164850944
20070815,49.1109178008046,1919530.5228305808,1919579.6337483816
20070816,49.1109178008046,1907917.1616727076,1907966.2725905085
20070817,49.1109178008046,1884545.4344927382,1884594.545410539
20070820,283.6422610490117,1938447.2590509173,1938730.9013119664
20070821,283.6422610490117,1970651.221925389,1970934.864186438
20070822,283.6422610490117,1978558.2906627534,1978841.9329238024
20070823,283.6422610490117,1967690.6382091604,1967974.2804702094
20070824,283.6422610490117,1964661.2456342662,1964944.8878953152
20070827,19.99846478338594,2023591.7556891597,2023611.7541539432
20070828,19.99846478338594,2052915.244242212,2052935.2427069955
20070829,19.99846478338594,2028863.4102664453,2028883.4087312287
20070830,19.99846478338594,2054534.3868918808,2054554.3853566642
20070831,19.99846478338594,2033119.6581560976,2033139.656620881
20070903,260.6655633179471,2107110.5393672744,2107371.2049305923
20070904,260.6655633179471,2096648.454614799,2096909.120178117
20070905,260.6655633179471,2101272.3443578994,2101533.0099212173
20070906,260.6655633179471,2135741.7971897144,2136002.4627530323
20070907,260.6655633179471,2084442.7638279828,2084703.4293913008
20070910,100.84814923685553,2119361.2884657257,2119462.1366149625
20070911,100.84814923685553,2044088.5479096211,2044189.396058858
20070912,100.84814923685553,2028768.7469460964,2028869.5950953332
20070913,100.84814923685553,2044381.0660967792,2044481.914246016
20070914,100.84814923685553,2040717.4295253227,2040818.2776745595
20070917,210.89043228021183,2092666.59104261,2092877.4814748901
20070918,210.89043228021183,2083704.322185552,2083915.2126178322
20070919,210.89043228021183,2077630.8464649918,2077841.736897272
20070920,210.89043228021183,2129855.0973803583,2130065.9878126383
20070921,210.89043228021183,2129896.470393254,2130107.360825534
20070924,126.51020599076583,2123546.9896608447,2123673.4998668353
20070925,126.51020599076583,2164826.376917014,2164952.8871230045
20070926,126.51020599076583,2123470.947595808,2123597.457801799
20070927,126.51020599076583,2106476.1029871507,2106602.6131931413
20070928,126.51020599076583,2109735.6985474247,2109862.2087534154
20071008,227.86749996816798,2069630.1213733084,2069857.9888732766
20071009,227.86749996816798,2090829.689806612,2091057.5573065802
20071010,227.86749996816798,2091938.5578131068,2092166.425313075
20071011,227.86749996816798,2057687.364751317,2057915.2322512853
20071012,227.86749996816798,2015427.0511150793,2015654.9186150476
20071015,462.68616400740575,2009215.7252694871,2009678.4114334946
20071016,462.68616400740575,2042899.9614793614,2043362.6476433687
20071017,462.68616400740575,2051030.4614055192,2051493.1475695265
20071018,462.68616400740575,2013075.9049455316,2013538.591109539
20071019,462.68616400740575,1904581.911717953,1905044.5978819602
20071022,1194519.1440899826,702666.4825832988,1897185.6266732814
20071023,1194519.1440899826,681907.991585871,1876427.1356758536
20071024,1194519.1440899826,697613.4288536618,1892132.5729436444
20071025,1194519.1440899826,673031.0053040761,1867550.1493940586
20071026,1194519.1440899826,685322.217078869,1879841.3611688516
20071029,377.56670499756,1910887.0876385714,1911264.654343569
20071030,377.56670499756,1889921.2429488017,1890298.8096537993
20071031,377.56670499756,1967679.3122239811,1968056.8789289787
20071101,377.56670499756,1937228.2635712498,1937605.8302762473
20071102,377.56670499756,1949666.6961648867,1950044.2628698843
20071105,170.49523321114248,2006348.9558941545,2006519.4511273657
20071106,170.49523321114248,1982386.43787066,1982556.9331038713
20071107,170.49523321114248,2024490.9242736707,2024661.4195068819
20071108,170.49523321114248,1941906.264251893,1942076.7594851041
20071109,170.49523321114248,1896931.922224063,1897102.4174572742
20071112,1199419.4699190257,651561.4776801094,1850980.947599135
20071113,1199419.4699190257,659880.0240333829,1859299.4939524084
20071114,1199419.4699190257,660545.5077416447,1859964.9776606704
20071115,1199419.4699190257,678180.8260105846,1877600.2959296103
20071116,1199419.4699190257,674187.9237610132,1873607.3936800389
20071119,390577.85475188243,1371779.4642006992,1762357.3189525816
20071120,390577.85475188243,1341753.8297999706,1732331.684551853
20071121,390577.85475188243,1402020.3694785598,1792598.2242304422
20071122,390577.85475188243,1405630.7693262422,1796208.6240781245
20071123,390577.85475188243,1391704.0661622977,1782281.92091418
20071126,307.6538721948891,1789720.0643459053,1790027.7182181003
20071127,307.6538721948891,1768182.747188734,1768490.4010609288
20071128,307.6538721948891,1760273.6338507829,1760581.2877229778
20071129,307.6538721948891,1792006.3503610725,1792314.0042332674
20071130,307.6538721948891,1739401.9510378984,1739709.6049100934
20071203,397.1242430428392,1780480.032062104,1780877.1563051469
20071204,397.1242430428392,1743591.8362025775,1743988.9604456204
20071205,397.1242430428392,1747873.5921930545,1748270.7164360974
20071206,397.1242430428392,1754228.126650107,1754625.25089315
20071207,397.1242430428392,1793917.6559492978,1794314.7801923407
20071210,83.86439661754366,1858850.728277604,1858934.5926742216
20071211,83.86439661754366,1881796.5329483678,1881880.3973449853
20071212,83.86439661754366,1858622.9770718466,1858706.8414684641
20071213,83.86439661754366,1822714.0901975457,1822797.9545941632
20071214,83.86439661754366,1852301.3066373314,1852385.171033949
20071217,68897.46104320098,1799084.0491393444,1867981.5101825453
20071218,68897.46104320098,1750804.300263194,1819701.7613063948
20071219,68897.46104320098,1769810.4422487074,1838707.9032919083
20071220,68897.46104320098,1780745.4224659887,1849642.8835091896
20071221,68897.46104320098,1793638.5969938587,1862536.0580370596
20071224,128.68761216475468,1883022.7650547207,1883151.4526668855
20071225,128.68761216475468,1932115.277295773,1932243.9649079377
20071226,128.68761216475468,1941785.0585585274,1941913.7461706921
20071227,128.68761216475468,1970697.8564931252,1970826.54410529
20071228,128.68761216475468,1952125.8704501232,1952254.558062288
20080102,19600.091473691224,2011472.5946683718,2031072.686142063
20080103,19600.091473691224,2052797.4899968065,2072397.5814704977
20080104,19600.091473691224,2026849.5613832178,2046449.652856909
20080107,81324.85453196446,1962039.9973514974,2043364.851883462
20080108,81324.85453196446,1967713.9710044628,2049038.8255364273
20080109,81324.85453196446,1963721.7893199548,2045046.6438519193
20080110,81324.85453196446,1952907.0702524376,2034231.9247844021
20080111,81324.85453196446,1903835.6670186098,1985160.5215505743
20080114,319.86652308675,2004320.5458169437,2004640.4123400305
20080115,319.86652308675,1983475.5333175014,1983795.3998405882
20080116,319.86652308675,2014720.0553655108,2015039.9218885975
20080117,319.86652308675,2044185.5912358551,2044505.457758942
20080118,319.86652308675,2050968.472330561,2051288.3388536477
20080121,74306.26098637981,1945827.1836440768,2020133.4446304566
20080122,74306.26098637981,1826070.685969689,1900376.9469560687
20080123,74306.26098637981,1904411.1038189004,1978717.3648052802
20080124,74306.26098637981,1960586.317023091,2034892.5780094708
20080125,74306.26098637981,1935897.3526866985,2010203.6136730784
20080128,268819.1835391955,1768872.5907643822,2037691.7743035776
20080129,268819.1835391955,1753617.2730708057,2022436.4566100012
20080130,268819.1835391955,1705046.3916153891,1973865.5751545846
20080131,268819.1835391955,1576149.7827432137,1844968.9662824092
20080201,268819.1835391955,1505242.9461124886,1774062.129651684
20080204,1239781.7978603926,567718.8089622641,1807500.6068226567
20080205,1239781.7978603926,564958.8089622641,1804740.6068226567
20080213,1004.7162350195867,1846983.767761767,1847988.4839967864
20080214,1004.7162350195867,1854787.7136396398,1855792.4298746593
20080215,1004.7162350195867,1925463.0192393875,1926467.735474407
20080218,413.2469269593421,1942046.8628502537,1942460.109777213
20080219,413.2469269593421,1923686.578055379,1924099.8249823384
20080220,413.2469269593421,1943881.703348728,1944294.9502756873
20080221,413.2469269593421,1975090.0481692401,1975503.2950961995
20080222,413.2469269593421,1896984.9045239394,1897398.1514508987
20080225,376570.9280396523,1528200.0039180554,1904770.9319577077
20080226,376570.9280396523,1494228.5520197975,1870799.4800594498
20080227,376570.9280396523,1506166.4668587914,1882737.3948984437
20080228,376570.9280396523,1532410.0841118246,1908981.012151477
20080229,376570.9280396523,1523342.8092273746,1899913.737267027
20080303,31730.091973824543,1952466.919644707,1984197.0116185318
20080304,31730.091973824543,1958360.9193611757,1990091.0113350004
20080305,31730.091973824543,2022941.771813613,2054671.8637874373
20080306,31730.091973824543,2017534.6905442537,2049264.782518078
20080307,31730.091973824543,1927530.9452674398,1959261.0372412642
20080310,59626.248368603294,1867708.172088909,1927334.4204575121
20080311,59626.248368603294,1869404.0251927653,1929030.2735613687
20080312,59626.248368603294,1906293.9088387503,1965920.1572073535
20080313,59626.248368603294,1866912.6664644661,1926538.9148330693
20080314,59626.248368603294,1822516.04348814,1882142.2918567434
20080317,150727.88310295175,1619875.4543475406,1770603.3374504924
20080318,150727.88310295175,1507119.9723352876,1657847.8554382394
20080319,150727.88310295175,1539181.6066325293,1689909.489735481
20080320,150727.88310295175,1617801.2708618785,1768529.1539648303
20080321,150727.88310295175,1628987.0637005626,1779714.9468035144
20080324,49.773089257709216,1703494.1492190245,1703543.9223082822
20080325,49.773089257709216,1654596.1478128291,1654645.920902087
20080326,49.773089257709216,1624711.6585490764,1624761.4316383342
20080327,49.773089257709216,1513529.5266902535,1513579.2997795113
20080328,49.773089257709216,1511005.6571938107,1511055.4302830684
20080331,5.580698384940092,1428726.9090217494,1428732.4897201343
20080401,5.580698384940092,1349005.5348307437,1349011.1155291286
20080402,5.580698384940092,1349201.5270004454,1349207.1076988303
20080403,5.580698384940092,1362433.8618419687,1362439.4425403536
20080407,986004.3533932706,352093.80896226416,1338098.1623555347
20080408,986004.3533932706,352093.80896226416,1338098.1623555347
20080409,986004.3533932706,352093.80896226416,1338098.1623555347
20080410,986004.3533932706,352093.80896226416,1338098.1623555347
20080411,986004.3533932706,352093.80896226416,1338098.1623555347
20080414,94385.09362378647,1302837.2070579217,1397222.3006817081
20080415,94385.09362378647,1294375.4094906365,1388760.503114423
20080416,94385.09362378647,1314925.4892968999,1409310.5829206863
20080417,94385.09362378647,1250253.1793183652,1344638.2729421516
20080418,94385.09362378647,1183767.6270039834,1278152.7206277698
20080421,999828.0166773392,352093.80896226416,1351921.8256396034
20080422,999828.0166773392,352093.80896226416,1351921.8256396034
20080423,999828.0166773392,352093.80896226416,1351921.8256396034
20080424,999828.0166773392,352093.80896226416,1351921.8256396034
20080425,999828.0166773392,352093.80896226416,1351921.8256396034
20080428,141.6882416318498,1373190.8891539297,1373332.5773955616
20080429,141.6882416318498,1415828.8834104503,1415970.5716520823
20080430,141.6882416318498,1478359.5451850104,1478501.2334266424
20080505,83.17116593645187,1516971.5428168364,1517054.7139827728
20080506,83.17116593645187,1504078.374653177,1504161.5458191135
20080507,83.17116593645187,1467185.3007218335,1467268.4718877699
20080508,83.17116593645187,1488978.6655474985,1489061.836713435
20080509,83.17116593645187,1470527.2679990202,1470610.4391649566
20080512,84.77811192299123,1474599.0983446531,1474683.8764565762
20080513,84.77811192299123,1529668.239793325,1529753.017905248
20080514,84.77811192299123,1541482.4353434197,1541567.2134553427
20080515,84.77811192299123,1550919.1111949608,1551003.8893068838
20080516,84.77811192299123,1495592.3927019495,1495677.1708138725
20080519,298616.72033872106,1197226.142692639,1495842.86303136
20080520,298616.72033872106,1163448.6065102797,1462065.3268490008
20080521,298616.72033872106,1172186.6769975587,1470803.3973362797
20080522,298616.72033872106,1161238.4342540654,1459855.1545927864
20080523,298616.72033872106,1142300.026678574,1440916.747017295
20080526,440.85401511675445,1439583.191908919,1440024.0459240358
20080527,440.85401511675445,1425130.0313107716,1425570.8853258884
20080528,440.85401511675445,1429574.133204714,1430014.9872198307
20080529,440.85401511675445,1388712.0376997644,1389152.8917148812
20080530,440.85401511675445,1392600.7858614093,1393041.639876526
20080602,171.28647948554135,1400537.6974365031,1400708.9839159886
20080603,171.28647948554135,1371327.9151551928,1371499.2016346783
20080604,171.28647948554135,1354464.014639997,1354635.3011194824
20080605,171.28647948554135,1338665.4183711042,1338836.7048505896
20080606,171.28647948554135,1314352.2244820788,1314523.5109615643
20080610,157.79532762322924,1295866.9853204708,1296024.780648094
20080611,157.79532762322924,1267589.069718251,1267746.8650458741
20080612,157.79532762322924,1188296.6027903096,1188454.3981179327
20080613,157.79532762322924,1163868.7237916288,1164026.519119252
20080616,805338.6769543588,352093.80896226416,1157432.485916623
20080617,805338.6769543588,352093.80896226416,1157432.485916623
20080618,805338.6769543588,352093.80896226416,1157432.485916623
20080619,805338.6769543588,352093.80896226416,1157432.485916623
20080620,805338.6769543588,352093.80896226416,1157432.485916623
20080623,805338.6769543588,352093.80896226416,1157432.485916623
20080624,805338.6769543588,352093.80896226416,1157432.485916623
20080625,805338.6769543588,352093.80896226416,1157432.485916623
20080626,805338.6769543588,352093.80896226416,1157432.485916623
20080627,805338.6769543588,352093.80896226416,1157432.485916623
20080630,805338.6769543588,352093.80896226416,1157432.485916623
20080701,805338.6769543588,352093.80896226416,1157432.485916623
20080702,805338.6769543588,352093.80896226416,1157432.485916623
20080703,805338.6769543588,352093.80896226416,1157432.485916623
20080704,805338.6769543588,352093.80896226416,1157432.485916623
20080707,128.12314018423785,1181305.9566616213,1181434.0798018056
20080708,128.12314018423785,1167672.6718222504,1167800.7949624346
20080709,128.12314018423785,1178376.7487308336,1178504.8718710179
20080710,128.12314018423785,1172008.7077736463,1172136.8309138305
20080711,128.12314018423785,1147397.0888972376,1147525.2120374218
20080714,103.98550169816161,1161029.2126150054,1161133.1981167037
20080715,103.98550169816161,1139114.9829944246,1139218.9684961229
20080716,103.98550169816161,1105139.736119034,1105243.7216207322
20080717,103.98550169816161,1096483.5786282513,1096587.5641299495
20080718,103.98550169816161,1107603.4194975854,1107707.4049992836
20080721,84.23881236974557,1129661.234127299,1129745.4729396687
20080722,84.23881236974557,1143625.2675536429,1143709.5063660126
20080723,84.23881236974557,1129912.484147884,1129996.7229602537
20080724,84.23881236974557,1142375.707888604,1142459.9467009737
20080725,84.23881236974557,1136590.7226314729,1136674.9614438426
20080728,435.9798156184261,1168252.368044224,1168688.3478598425
20080729,435.9798156184261,1130229.2518450422,1130665.2316606606
20080730,435.9798156184261,1141130.8468788718,1141566.8266944902
20080731,435.9798156184261,1091621.0295995844,1092057.0094152028
20080801,435.9798156184261,1107522.9288209227,1107958.908636541
20080804,102621.97073528921,1012047.2770058778,1114669.247741167
20080805,102621.97073528921,983196.4619367702,1085818.4326720594
20080806,102621.97073528921,995451.0809464018,1098073.051681691
20080807,102621.97073528921,1023425.2862656057,1126047.257000895
20080808,102621.97073528921,983456.5829922495,1086078.5537275388
20080811,437868.65532974724,671161.3090865619,1109029.9644163093
20080812,437868.65532974724,639293.1871007816,1077161.8424305287
20080813,437868.65532974724,610708.4473802028,1048577.10270995
20080814,437868.65532974724,632147.0021706368,1070015.657500384
20080815,437868.65532974724,660152.321491474,1098020.9768212214
20080818,738775.6955245247,352093.80896226416,1090869.5044867888
20080819,738775.6955245247,352093.80896226416,1090869.5044867888
20080820,738775.6955245247,352093.80896226416,1090869.5044867888
20080821,738775.6955245247,352093.80896226416,1090869.5044867888
20080822,738775.6955245247,352093.80896226416,1090869.5044867888
20080825,233.68567248768522,1085981.8760342249,1086215.5617067125
20080826,233.68567248768522,1134844.8075451916,1135078.4932176792
20080827,233.68567248768522,1115597.2457682984,1115830.931440786
20080828,233.68567248768522,1081373.7328324288,1081607.4185049164
20080829,233.68567248768522,1105437.5171208289,1105671.2027933164
20080901,436.2077625239035,1104713.9607703185,1105150.1685328423
20080902,436.2077625239035,1087890.912045415,1088327.119807939
20080903,436.2077625239035,1076256.4449631362,1076692.6527256602
20080904,436.2077625239035,1063633.0435317955,1064069.2512943195
20080905,436.2077625239035,1051640.742392079,1052076.950154603
20080908,705758.6079138222,352093.80896226416,1057852.4168760863
20080909,705758.6079138222,352093.80896226416,1057852.4168760863
20080910,705758.6079138222,352093.80896226416,1057852.4168760863
20080911,705758.6079138222,352093.80896226416,1057852.4168760863
20080912,705758.6079138222,352093.80896226416,1057852.4168760863
20080916,705758.6079138222,352093.80896226416,1057852.4168760863
20080917,705758.6079138222,352093.80896226416,1057852.4168760863
20080918,705758.6079138222,352093.80896226416,1057852.4168760863
20080919,705758.6079138222,352093.80896226416,1057852.4168760863
20080922,243.59541085838282,1032052.3457164139,1032295.9411272723
20080923,243.59541085838282,979837.373039455,980080.9684503134
20080924,243.59541085838282,981751.6191692649,981995.2145801233
20080925,243.59541085838282,987592.4330768938,987836.0284877522
20080926,243.59541085838282,977957.2867743616,978200.88218522
20081006,36.11885574388725,948458.8180802508,948494.9369359947
20081007,36.11885574388725,951851.2747271708,951887.3935829147
20081008,36.11885574388725,950408.5325841022,950444.6514398461
20081009,36.11885574388725,933034.773497166,933070.8923529099
20081010,36.11885574388725,904007.2015421177,904043.3203978617
20081013,196.19046047478332,923118.3809232389,923314.5713837137
20081014,196.19046047478332,898200.9951097317,898397.1855702065
20081015,196.19046047478332,907015.1598719427,907211.3503324175
20081016,196.19046047478332,868910.5489213117,869106.7393817866
20081017,196.19046047478332,867763.8358966178,867960.0263570927
20081020,17.889756573362547,878636.8587384225,878654.7484949959
20081021,17.889756573362547,894122.5176081508,894140.4073647242
20081022,17.889756573362547,885258.4045725026,885276.294329076
20081023,17.889756573362547,888950.1987683696,888968.088524943
20081024,17.889756573362547,882319.6846019436,882337.574358517
20081027,118.61304384996765,872331.5814763103,872450.1945201602
20081028,118.61304384996765,897423.8696391967,897542.4826830466
20081029,118.61304384996765,852075.4678813164,852194.0809251664
20081030,118.61304384996765,859309.8886832963,859428.5017271462
20081031,118.61304384996765,842768.3400439793,842886.9530878293
20081103,475578.19015429815,352093.80896226416,827671.9991165623
20081104,475578.19015429815,352093.80896226416,827671.9991165623
20081105,475578.19015429815,352093.80896226416,827671.9991165623
20081106,475578.19015429815,352093.80896226416,827671.9991165623
20081107,475578.19015429815,352093.80896226416,827671.9991165623
20081110,255.2252626415334,846647.3447250758,846902.5699877173
20081111,255.2252626415334,832525.5889766907,832780.8142393322
20081112,255.2252626415334,839419.7613411024,839674.986603744
20081113,255.2252626415334,864485.9554615906,864741.1807242321
20081114,255.2252626415334,874760.3906628384,875015.6159254799
20081117,43.891425269061074,899004.0832555573,899047.9746808264
20081118,43.891425269061074,864755.6734990077,864799.5649242768
20081119,43.891425269061074,896401.080245532,896444.971670801
20081120,43.891425269061074,880715.3495093053,880759.2409345744
20081121,43.891425269061074,862748.0189964976,862791.9104217667
20081124,356565.99141715316,496399.9343141682,852965.9257313213
20081125,356565.99141715316,493141.4089029961,849707.4003201493
20081126,356565.99141715316,493839.6643482472,850405.6557654004
20081127,356565.99141715316,494537.9197934984,851103.9112106515
20081128,356565.99141715316,484529.59174489864,841095.5831620519
20081201,83.72260113718221,849380.0294281296,849463.7520292667
20081202,83.72260113718221,841045.2111084101,841128.9337095474
20081203,83.72260113718221,847352.8144953412,847436.5370964783
20081204,83.72260113718221,852620.7918748172,852704.5144759545
20081205,83.72260113718221,867275.10642366,867358.8290247971
20081208,339.5561325454328,879317.2817183769,879656.8378509224
20081209,339.5561325454328,875421.2774267967,875760.8335593422
20081210,339.5561325454328,884144.913184661,884484.4693172064
20081211,339.5561325454328,863614.4922928775,863954.048425423
20081212,339.5561325454328,829076.3358939484,829415.8920264939
20081215,149095.68889665493,698410.7496490488,847506.4385457037
20081216,149095.68889665493,680236.0711891112,829331.7600857662
20081217,149095.68889665493,675794.6591183515,824890.3480150064
20081218,149095.68889665493,674757.5561006616,823853.2449973165
20081219,149095.68889665493,671353.247047592,820448.9359442468
20081222,131.49232657661196,837721.4873336685,837852.9796602451
20081223,131.49232657661196,802964.2976605123,803095.7899870889
20081224,131.49232657661196,803118.4879196488,803249.9802462254
20081225,131.49232657661196,797448.8668721524,797580.359198729
20081226,131.49232657661196,790320.3049273975,790451.7972539741
20081229,75.54975448689947,794750.0229900366,794825.5727445235
20081230,75.54975448689947,803177.6496138935,803253.1993683804
20081231,75.54975448689947,795949.72158607,796025.2713405569
20090105,11.664268281113394,807897.1475379203,807908.8118062014
20090106,11.664268281113394,814773.5387985328,814785.2030668139
20090107,11.664268281113394,813440.1781702199,813451.842438501
20090108,11.664268281113394,799067.1204741774,799078.7847424585
20090109,11.664268281113394,818455.5262801502,818467.1905484312
20090112,224.8868788026448,817428.1620449196,817653.0489237222
20090113,224.8868788026448,797328.7823245998,797553.6692034025
20090114,224.8868788026448,817267.498425802,817492.3853046047
20090115,224.8868788026448,822679.2035715686,822904.0904503713
20090116,224.8868788026448,827255.1805953559,827480.0674741586
20090119,68.8673826338345,825353.9424702483,825422.8098528822
20090120,68.8673826338345,825172.6672567967,825241.5346394306
20090121,68.8673826338345,842303.4330917106,842372.3004743444
20090122,68.8673826338345,837491.1505402676,837560.0179229014
20090123,68.8673826338345,823799.4752740371,823868.342656671
20090202,90.23370476966375,863386.4163775333,863476.650082303
20090203,90.23370476966375,886473.4385509456,886563.6722557152
20090204,90.23370476966375,886569.7426781264,886659.9763828961
20090205,90.23370476966375,891038.3241347431,891128.5578395127
20090206,90.23370476966375,900301.6504353362,900391.8841401058
20090209,82.89445187079309,893105.6168246388,893188.5112765096
20090210,82.89445187079309,896630.628209376,896713.5226612468
20090211,82.89445187079309,896924.1587971607,897007.0532490315
20090212,82.89445187079309,908591.5117557524,908674.4062076232
20090213,82.89445187079309,922857.3853034439,922940.2797553147
20090216,281.4184630186595,914870.881213731,915152.2996767496
20090217,281.4184630186595,887906.0144723145,888187.4329353331
20090218,281.4184630186595,863559.9709843269,863841.3894473455
20090219,281.4184630186595,875128.8105762143,875410.229039233
20090220,281.4184630186595,895437.8674068633,895719.2858698819
20090223,29.370486457453808,905484.4321582997,905513.8026447572
20090224,29.370486457453808,941393.5061675566,941422.8766540141
20090225,29.370486457453808,928307.3501128864,928336.7205993439
20090226,29.370486457453808,900420.1623777862,900449.5328642437
20090227,29.370486457453808,854630.6493926432,854660.0198791007
20090302,52.193697104623425,829092.642661596,829144.8363587005
20090303,52.193697104623425,813354.5713346332,813406.7650317377
20090304,52.193697104623425,840931.8041368374,840983.997833942
20090305,52.193697104623425,846913.2453028158,846965.4389999204
20090306,52.193697104623425,824959.9009842143,825012.0946813188
20090309,22.96380575161311,788953.5837898839,788976.5475956355
20090310,22.96380575161311,794058.0805156549,794081.0443214065
20090311,22.96380575161311,790038.9265350581,790061.8903408097
20090312,22.96380575161311,786517.7856382012,786540.7494439528
20090313,22.96380575161311,772956.7310981132,772979.6949038649
20090316,157.38757598711527,789896.3956790876,790053.7832550748
20090317,157.38757598711527,791083.5434892243,791240.9310652114
20090318,157.38757598711527,801672.1010960477,801829.4886720348
20090319,157.38757598711527,800992.7972705133,801150.1848465004
20090320,157.38757598711527,792544.9015991796,792702.2891751667
20090323,67.71303556674684,798556.8961329666,798624.6091685334
20090324,67.71303556674684,793292.7753614953,793360.488397062
20090325,67.71303556674684,803833.9768041832,803901.68983975
20090326,67.71303556674684,839462.0810979415,839529.7941335082
20090327,67.71303556674684,843483.0486101088,843550.7616456755
20090330,304.4350796449289,837947.7074210969,838252.1425007418
20090331,304.4350796449289,886565.9968744402,886870.4319540851
20090401,304.4350796449289,903818.4528264899,904122.8879061348
20090402,304.4350796449289,908760.2883536326,909064.7234332775
20090403,304.4350796449289,900370.8724157738,900675.3074954187
20090407,161.086901996674,915553.7627974136,915714.8496994103
20090408,161.086901996674,898442.4539625151,898603.5408645117
20090409,161.086901996674,928674.7239008816,928835.8108028782
20090410,161.086901996674,949214.7801647355,949375.8670667321
20090413,48.71034211508061,941259.4133601211,941308.1237022361
20090414,48.71034211508061,950384.1620138551,950432.8723559701
20090415,48.71034211508061,948746.6635131749,948795.3738552899
20090416,48.71034211508061,939437.8759746157,939486.5863167307
20090417,48.71034211508061,926303.323128399,926352.033470514
20090420,179850.52181409876,743848.4671456779,923698.9889597767
20090421,179850.52181409876,727317.7457766563,907168.2675907551
20090422,179850.52181409876,727408.4094449319,907258.9312590307
20090423,179850.52181409876,708683.1880759104,888533.7098900091
20090424,179850.52181409876,692307.0244076349,872157.5462217336
20090427,88.00525794696773,872430.9503334383,872518.9555913854
20090428,88.00525794696773,870195.073729141,870283.078987088
20090429,88.00525794696773,887069.9596125818,887157.9648705288
20090430,88.00525794696773,884592.5219610955,884680.5272190425
20090504,119.12302865225138,894049.5705102693,894168.6935389215
20090505,119.12302865225138,909456.3213363148,909575.444364967
20090506,119.12302865225138,908598.4130137002,908717.5360423524
20090507,119.12302865225138,909451.6737793337,909570.796807986
20090508,119.12302865225138,893000.9805823312,893120.1036109835
20090511,258.19787479311344,842406.4634680984,842664.6613428915
20090512,258.19787479311344,856121.8155836073,856380.0134584004
20090513,258.19787479311344,852355.7856041968,852613.9834789899
20090514,258.19787479311344,850309.265365115,850567.4632399081
20090515,258.19787479311344,850397.0785650072,850655.2764398003
20090518,89.93144554295577,846490.8938840537,846580.8253295966
20090519,89.93144554295577,844058.1567926471,844148.08823819
20090520,89.93144554295577,828816.9330552155,828906.8645007585
20090521,89.93144554295577,819611.695219457,819701.626665
20090522,89.93144554295577,815340.34160432,815430.2730498629
20090525,98.76003099732188,850499.1928041393,850597.9528351367
20090526,98.76003099732188,834370.568639716,834469.3286707134
20090527,98.76003099732188,832083.1884392414,832181.9484702387
20090601,323.62724266311125,844295.4304496842,844619.0576923472
20090602,323.62724266311125,837220.6744664676,837544.3017091306
20090603,323.62724266311125,852751.8665928965,853075.4938355596
20090604,323.62724266311125,843964.9942372502,844288.6214799132
20090605,323.62724266311125,849493.9930675554,849817.6203102184
20090608,69.57770479668397,866711.1854071699,866780.7631119665
20090609,69.57770479668397,871407.5331383764,871477.1108431731
20090610,69.57770479668397,874677.3342480182,874746.9119528149
20090611,69.57770479668397,858657.2704570405,858726.8481618372
20090612,69.57770479668397,855815.344956737,855884.9226615337
20090615,325.6003216961981,890706.3851662425,891031.9854879386
20090616,325.6003216961981,883819.5010484166,884145.1013701127
20090617,325.6003216961981,878576.3392048869,878901.9395265831
20090618,325.6003216961981,874547.5189430108,874873.119264707
20090619,325.6003216961981,864798.5228009057,865124.123122602
20090622,95.17524440556798,831999.6602878725,832094.835532278
20090623,95.17524440556798,836236.5454532743,836331.7206976798
20090624,95.17524440556798,837687.9254937978,837783.1007382033
20090625,95.17524440556798,832953.4423358527,833048.6175802582
20090626,95.17524440556798,838669.2595728056,838764.4348172111
20090629,90.07128616643604,823878.4380950829,823968.5093812493
20090630,90.07128616643604,815395.5531614576,815485.6244476241
20090701,90.07128616643604,819416.71436023,819506.7856463965
20090702,90.07128616643604,818335.6655123649,818425.7367985314
20090703,90.07128616643604,828957.6073520577,829047.6786382241
20090706,544.9780335561663,816510.0062990875,817054.9843326437
20090707,544.9780335561663,825279.7127295698,825824.6907631259
20090708,544.9780335561663,824700.6860177515,825245.6640513076
20090709,544.9780335561663,831317.9971150655,831862.9751486216
20090710,544.9780335561663,841437.9358822657,841982.9139158218
20090713,66.35314388809263,863914.9454430756,863981.2985869637
20090714,66.35314388809263,885983.692675433,886050.0458193211
20090715,66.35314388809263,893401.3937745233,893467.7469184113
20090716,66.35314388809263,917835.5248697106,917901.8780135986
20090717,66.35314388809263,945568.0491689373,945634.4023128253
20090720,26.240487284041592,950164.6865652695,950190.9270525535
20090721,26.240487284041592,942101.0760450802,942127.3165323642
20090722,26.240487284041592,954810.169552864,954836.4100401481
20090723,26.240487284041592,950081.7931862196,950108.0336735037
20090724,26.240487284041592,935041.2107120681,935067.4511993522
20090727,108.48073700119323,942908.3327237642,943016.8134607654
20090728,108.48073700119323,933791.3579840688,933899.83872107
20090729,108.48073700119323,905994.4982360982,906102.9789730994
20090730,108.48073700119323,915003.4756641276,915111.9564011288
20090731,108.48073700119323,927915.3092510741,928023.7899880753
20090803,396.6644716267301,934999.5739813447,935396.2384529714
20090804,396.6644716267301,921631.9593729242,922028.6238445509
20090805,396.6644716267301,935456.4211129209,935853.0855845476
20090806,396.6644716267301,933448.3521082996,933845.0165799264
20090807,396.6644716267301,912417.9840181249,912814.6484897516
20090810,149.77501884130834,906845.6178129539,906995.3928317952
20090811,149.77501884130834,882475.6712484728,882625.446267314
20090812,149.77501884130834,866394.0316382734,866543.8066571146
20090813,149.77501884130834,864879.6405415352,865029.4155603765
20090814,149.77501884130834,834675.9418559874,834825.7168748287
20090817,118.03057537840505,840809.733593298,840927.7641686765
20090818,118.03057537840505,823578.5471526199,823696.5777279984
20090819,118.03057537840505,829361.9698101359,829480.0003855143
20090820,118.03057537840505,865389.9597699455,865507.9903453239
20090821,118.03057537840505,891308.9548908105,891426.985466189
20090824,21.151867200620472,909550.30298139,909571.4548485907
20090825,21.151867200620472,889825.0334352934,889846.185302494
20090826,21.151867200620472,920008.701248421,920029.8531156216
20090827,21.151867200620472,915495.7470892696,915516.8989564702
20090828,21.151867200620472,892210.0591968497,892231.2110640503
20090831,275427.1454332062,582672.5084513398,858099.653884546
20090901,275427.1454332062,566803.8099210039,842230.9553542101
20090902,275427.1454332062,560957.4473045643,836384.5927377705
20090903,275427.1454332062,580333.963404764,855761.1088379702
20090904,275427.1454332062,589019.9878634743,864447.1332966805
20090907,192.74606789979305,893459.176764958,893651.9228328577
20090908,192.74606789979305,890476.784489232,890669.5305571317
20090909,192.74606789979305,897585.6494566542,897778.395524554
20090910,192.74606789979305,886288.1517020272,886480.8977699269
20090911,192.74606789979305,887515.9689546416,887708.7150225413
20090914,160.20953731785994,901454.8136686513,901615.0232059691
20090915,160.20953731785994,898346.8036618375,898507.0131991553
20090916,160.20953731785994,880544.5501762169,880704.7597135347
20090917,160.20953731785994,886311.9568135036,886472.1663508215
20090918,160.20953731785994,856674.9244655739,856835.1340028917
20090921,468.1495594656735,845731.7776447011,846199.9272041668
20090922,468.1495594656735,820459.7638800761,820927.9134395418
20090923,468.1495594656735,810999.9097851003,811468.059344566
20090924,468.1495594656735,799531.9097851003,800000.059344566
20090925,468.1495594656735,782579.211918617,783047.3614780827
20090928,111.82227055256953,756385.4622706143,756497.2845411669
20090929,111.82227055256953,723391.1776491565,723502.999919709
20090930,111.82227055256953,725300.5218410058,725412.3441115583
20091009,382.2117106174701,728277.4970148599,728659.7087254773
20091012,11.39003005392442,743870.9701267097,743882.3601567636
20091013,11.39003005392442,752053.017479077,752064.4075091309
20091014,11.39003005392442,745277.9537053051,745289.343735359
20091015,11.39003005392442,751085.8457344337,751097.2357644876
20091016,11.39003005392442,755579.0293335161,755590.41936357
20091019,177.3807821325754,762089.9178813546,762267.2986634872
20091020,177.3807821325754,762776.6842367501,762954.0650188827
20091021,177.3807821325754,770278.731244006,770456.1120261386
20091022,177.3807821325754,776687.4582698948,776864.8390520274
20091023,177.3807821325754,777429.8366248469,777607.2174069795
20091026,1.825362798277638,767007.0784142688,767008.9037770671
20091027,1.825362798277638,758782.4178877361,758784.2432505344
20091028,1.825362798277638,762268.3586004459,762270.1839632442
20091029,1.825362798277638,753198.7745366505,753200.5998994488
20091030,1.825362798277638,752395.7581671769,752397.5835299751
20091102,384.77341054008866,760530.4229797367,760915.1963902768
20091103,384.77341054008866,807168.8192500434,807553.5926605834
20091104,384.77341054008866,804132.7445364028,804517.5179469428
20091105,384.77341054008866,795808.4234315727,796193.1968421128
20091106,384.77341054008866,787449.4549675501,787834.2283780902
20091109,210.41595533278723,777216.4635464594,777426.8795017923
20091110,210.41595533278723,774463.0237739987,774673.4397293315
20091111,210.41595533278723,784292.2651558754,784502.6811112082
20091112,210.41595533278723,791344.3813244908,791554.7972798236
20091113,210.41595533278723,797828.1690889326,798038.5850442654
20091116,95.30760549217405,830478.956045637,830574.2636511292
20091117,95.30760549217405,829297.8758858066,829393.1834912988
20091118,95.30760549217405,847857.3152158678,847952.62282136
20091119,95.30760549217405,855699.6457865835,855794.9533920757
20091120,95.30760549217405,851473.0366607709,851568.3442662631
20091123,121.31529861724903,849074.5295021266,849195.8448007439
20091124,121.31529861724903,814728.9703610241,814850.2856596414
20091125,121.31529861724903,832823.1028827456,832944.4181813628
20091126,121.31529861724903,809357.7275144164,809479.0428130337
20091127,121.31529861724903,801730.0783040592,801851.3936026765
20091130,72.02489438082864,817785.845934335,817857.8708287159
20091201,72.02489438082864,830011.6195100211,830083.6444044019
20091202,72.02489438082864,828148.8952284921,828220.9201228729
20091203,72.02489438082864,825334.1590353091,825406.1839296899
20091204,72.02489438082864,792191.6256826033,792263.6505769842
20091207,210.7896142436657,794530.6152771113,794741.404891355
20091208,210.7896142436657,791558.43424467,791769.2238589136
20091209,210.7896142436657,775684.7908439949,775895.5804582386
20091210,210.7896142436657,778822.257351922,779033.0469661657
20091211,210.7896142436657,781133.9546657458,781344.7442799895
20091214,61.07487695594318,779715.5256744495,779776.6005514055
20091215,61.07487695594318,773016.9657011412,773078.0405780971
20091216,61.07487695594318,767831.8407574878,767892.9156344438
20091217,61.07487695594318,757334.07461776,757395.149494716
20091218,61.07487695594318,744610.8209639443,744671.8958409003
20091221,32.67786720348522,741083.8099523077,741116.4878195112
20091222,32.67786720348522,712423.6436222809,712456.3214894844
20091223,32.67786720348522,711385.2086367975,711417.886504001
20091224,32.67786720348522,721882.7575236532,721915.4353908567
20091225,32.67786720348522,730605.0699194077,730637.7477866112
20091228,209.40709867821715,742115.188332129,742324.5954308072
20091229,209.40709867821715,741629.7668862996,741839.1739849778
20091230,209.40709867821715,734456.4946908082,734665.9017894864
20091231,209.40709867821715,732456.2415202538,732665.648618932
20100104,155.53431627271215,731006.9833020499,731162.5176183226
20100105,155.53431627271215,730073.3411815292,730228.8754978019
20100106,155.53431627271215,727080.3579506943,727235.892266967
20100107,155.53431627271215,719470.2802899588,719625.8146062315
20100108,155.53431627271215,719994.9195848925,720150.4539011652
20100111,414.32285693331505,729254.2419236663,729668.5647805997
20100112,414.32285693331505,726023.1816110049,726437.5044679382
20100113,414.32285693331505,713182.5606779779,713596.8835349112
20100114,414.32285693331505,721154.4550084288,721568.7778653621
20100115,414.32285693331505,716526.5347805778,716940.8576375111
20100118,277.74720139101555,722342.1073198242,722619.8545212152
20100119,277.74720139101555,721103.494460928,721381.241662319
20100120,277.74720139101555,715869.5508054383,716147.2980068293
20100121,277.74720139101555,711735.7319238728,712013.4791252639
20100122,277.74720139101555,700922.5463687128,701200.2935701038
20100125,202.76782860125968,677565.2678134493,677768.0356420506
20100126,202.76782860125968,658890.0711903593,659092.8390189606
20100127,202.76782860125968,652339.3609277507,652542.128756352
20100128,202.76782860125968,653420.3706559704,653623.1384845717
20100129,202.76782860125968,652651.280601948,652854.0484305493
20100201,170.972386623871,657942.115812453,658113.0881990768
20100202,170.972386623871,646564.1281258697,646735.1005124935
20100203,170.972386623871,642298.6995392033,642469.6719258272
20100204,170.972386623871,668658.6435417477,668829.6159283716
20100205,170.972386623871,652996.2357328432,653167.208119467
20100208,36113.5676856831,608571.867369704,644685.4350553871
20100209,36113.5676856831,605025.9940945333,641139.5617802164
20100210,36113.5676856831,600887.0400969979,637000.607782681
20100211,36113.5676856831,595911.5658621662,632025.1335478494
20100212,36113.5676856831,1914202.4481218385,1950316.0158075215
20100222,635.6037845474202,1996867.9334461775,1997503.537230725
20100223,635.6037845474202,1970250.3497957706,1970885.953580318
20100224,635.6037845474202,2003088.2687215926,2003723.87250614
20100225,635.6037845474202,2046896.6602471143,2047532.2640316617
20100226,635.6037845474202,2024792.8133921372,2025428.4171766846
20100301,387.0094628231018,2045224.5543503417,2045611.5638131648
20100302,387.0094628231018,2059456.3006729204,2059843.3101357436
20100303,387.0094628231018,2055746.9850314986,2056133.9944943218
20100304,387.0094628231018,1990656.574342168,1991043.583804991
20100305,387.0094628231018,2025140.9107072765,2025527.9201700997
20100308,732.8811752060428,2036264.9630053812,2036997.8441805872
20100309,732.8811752060428,2006061.5010220534,2006794.3821972595
20100310,732.8811752060428,1982968.6586730646,1983701.5398482706
20100311,732.8811752060428,2006675.013134643,2007407.894309849
20100312,732.8811752060428,1936579.4206774733,1937312.3018526793
20100315,299.1078456413816,1934068.3004550457,1934367.408300687
20100316,299.1078456413816,1890873.3034750894,1891172.4113207308
20100317,299.1078456413816,1952404.3741191034,1952703.4819647449
20100318,299.1078456413816,1971832.751176244,1972131.8590218856
20100319,299.1078456413816,1988798.1213842374,1989097.2292298789
20100322,434595.2763098672,1558122.106408044,1992717.3827179112
20100323,434595.2763098672,1535524.6414016406,1970119.9177115078
20100324,434595.2763098672,1517131.78980434,1951727.0661142073
20100325,434595.2763098672,1486459.7754314085,1921055.0517412757
20100326,434595.2763098672,1495085.2518728375,1929680.5281827047
20100329,135.79338305356214,1886505.5847092336,1886641.378092287
20100330,135.79338305356214,1903990.9661235102,1904126.7595065637
20100331,135.79338305356214,1911248.448536759,1911384.2419198125
20100401,135.79338305356214,1936601.5789991163,1936737.3723821698
20100402,135.79338305356214,1916695.7736554355,1916831.567038489
20100406,651.1435696223634,1903334.4498010313,1903985.5933706537
20100407,651.1435696223634,1916001.3348783376,1916652.47844796
20100408,651.1435696223634,1894699.6660384166,1895350.809608039
20100409,651.1435696223634,1930378.3198152182,1931029.4633848406
20100412,647.7413360082428,1986827.3102204043,1987475.0515564126
20100413,647.7413360082428,1987132.9262019768,1987780.6675379851
20100414,647.7413360082428,2005884.1312103248,2006531.8725463331
20100415,647.7413360082428,2016862.447564793,2017510.1889008014
20100416,647.7413360082428,1998327.4671361863,1998975.2084721946
20100419,45518.81346731825,1913607.9225748116,1959126.7360421298
20100420,45518.81346731825,1956505.489715547,2002024.3031828653
20100421,45518.81346731825,1985633.1108297557,2031151.9242970739
20100422,45518.81346731825,1958973.3117887015,2004492.1252560196
20100423,45518.81346731825,1929244.7691006146,1974763.5825679328
20100426,432309.4568096402,1531600.324186284,1963909.7809959243
20100427,432309.4568096402,1533129.553655536,1965439.010465176
20100428,432309.4568096402,1510509.3964438122,1942818.8532534523
20100429,432309.4568096402,1418812.041133695,1851121.4979433352
20100430,432309.4568096402,1374702.9825461062,1807012.4393557464
20100504,136.74931065249257,1844094.4314067375,1844231.18071739
20100505,136.74931065249257,1882630.1443834566,1882766.893694109
20100506,136.74931065249257,1894672.5546886814,1894809.3039993339
20100507,136.74931065249257,1935616.749726445,1935753.4990370974
20100510,813.6809849072015,1840135.9119535836,1840949.5929384907
20100511,813.6809849072015,1794472.869783518,1795286.5507684252
20100512,813.6809849072015,1664282.7936025774,1665096.4745874847
20100513,813.6809849072015,1688128.7208163096,1688942.4018012169
20100514,813.6809849072015,1709146.2663034264,1709959.9472883334
20100517,343.3120941808447,1654972.572341426,1655315.884435607
20100518,343.3120941808447,1643811.5424472198,1644154.8545414007
20100519,343.3120941808447,1653482.3271177371,1653825.639211918
20100520,343.3120941808447,1587822.3103136308,1588165.6224078117
20100521,343.3120941808447,1624792.9187259765,1625136.2308201573
20100524,53.8583466814307,1673055.9147935424,1673109.7731402237
20100525,53.8583466814307,1703799.5494723576,1703853.407819039
20100526,53.8583466814307,1714253.1334236197,1714306.991770301
20100527,53.8583466814307,1772544.5499479536,1772598.408294635
20100528,53.8583466814307,1749009.1434392452,1749063.0017859265
20100531,940.0492120499348,1704796.7368995636,1705736.7861116135
20100601,940.0492120499348,1657291.5640809585,1658231.6132930084
20100602,940.0492120499348,1674853.843650759,1675793.892862809
20100603,940.0492120499348,1652409.9981074047,1653350.0473194546
20100604,940.0492120499348,1669391.5316539207,1670331.5808659706
20100607,251.848900573852,1684276.3839953714,1684528.2328959452
20100608,251.848900573852,1710761.3535152655,1711013.2024158393
20100609,251.848900573852,1683982.917200908,1684234.7661014819
20100610,251.848900573852,1701174.312914256,1701426.1618148298
20100611,251.848900573852,1654824.3166933202,1655076.165593894
20100617,169.98792959656566,1579212.5724576474,1579382.560387244
20100618,169.98792959656566,1464717.6275429719,1464887.6154725684
20100621,34601.970954608696,1453984.3303465773,1488586.301301186
20100622,34601.970954608696,1447813.261803111,1482415.2327577197
20100623,34601.970954608696,1441425.7286913611,1476027.6996459698
20100624,34601.970954608696,1445097.7704365791,1479699.7413911878
20100625,34601.970954608696,1392863.406062995,1427465.3770176037
20100628,339.0781115051359,1447361.3714220924,1447700.4495335976
20100629,339.0781115051359,1371665.570771702,1372004.6488832072
20100630,339.0781115051359,1418877.4034512108,1419216.481562716
20100701,339.0781115051359,1435776.5687542749,1436115.64686578
20100702,339.0781115051359,1436352.428406859,1436691.5065183642
20100705,309961.0411741737,1151514.0520143467,1461475.0931885205
20100706,309961.0411741737,1168056.236242439,1478017.2774166125
20100707,309961.0411741737,1160566.783347533,1470527.824521707
20100708,309961.0411741737,1206144.7317707522,1516105.7729449258
20100709,309961.0411741737,1198163.5276681005,1508124.5688422741
20100712,560.6841849508346,1515098.230772123,1515658.9149570737
20100713,560.6841849508346,1501522.1325102116,1502082.8166951623
20100714,560.6841849508346,1502160.343334822,1502721.0275197728
20100715,560.6841849508346,1462454.0202962179,1463014.7044811687
20100716,560.6841849508346,1472038.1378783134,1472598.8220632642
20100719,36.730082550493535,1493040.2030208083,1493076.9331033588
20100720,36.730082550493535,1501265.199736973,1501301.9298195236
20100721,36.730082550493535,1472133.8926694575,1472170.622752008
20100722,36.730082550493535,1480527.1175432221,1480563.8476257727
20100723,36.730082550493535,1496424.5266265548,1496461.2567091053
20100726,195.59731414116686,1525001.269461072,1525196.8667752133
20100727,195.59731414116686,1533292.9351320923,1533488.5324462336
20100728,195.59731414116686,1537823.7346439976,1538019.3319581388
20100729,195.59731414116686,1549060.5902127838,1549256.187526925
20100730,195.59731414116686,1511112.9341129211,1511308.5314270623
20100802,596.5229791684542,1550314.2431695457,1550910.766148714
20100803,596.5229791684542,1529042.3170868582,1529638.8400660267
20100804,596.5229791684542,1529381.3615092877,1529977.8844884562
20100805,596.5229791684542,1525539.3253064845,1526135.848285653
20100806,596.5229791684542,1560010.846205713,1560607.3691848814
20100809,29.955530268198345,1570316.8395313707,1570346.7950616388
20100810,29.955530268198345,1526163.6690907283,1526193.6246209964
20100811,29.955530268198345,1560638.1044947174,1560668.0600249856
20100812,29.955530268198345,1548721.373199082,1548751.3287293501
20100813,29.955530268198345,1567187.5918402635,1567217.5473705316
20100816,54.17140096658841,1557075.1920847315,1557129.3634856981
20100817,54.17140096658841,1587660.8129810174,1587714.984381984
20100818,54.17140096658841,1613197.18306833,1613251.3544692965
20100819,54.17140096658841,1628579.3374127476,1628633.5088137141
20100820,54.17140096658841,1649647.2183769525,1649701.389777919
20100823,17522.6732112139,1686762.7221084957,1704285.3953197096
20100824,17522.6732112139,1717431.6159058656,1734954.2891170795
20100825,17522.6732112139,1686291.8129964615,1703814.4862076754
20100826,17522.6732112139,1675711.5675324318,1693234.2407436457
20100827,17522.6732112139,1679259.376147836,1696782.0493590499
20100830,23753.438685413683,1709895.0679976635,1733648.5066830772
20100831,23753.438685413683,1729942.577002289,1753696.0156877027
20100901,23753.438685413683,1737981.6151587872,1761735.053844201
20100902,23753.438685413683,1802016.6412343746,1825770.0799197883
20100903,23753.438685413683,1813588.1529823127,1837341.5916677264
20100906,291.59143915132154,1765811.2647253182,1766102.8561644694
20100907,291.59143915132154,1788233.8446597913,1788525.4360989425
20100908,291.59143915132154,1801659.967597855,1801951.5590370065
20100909,291.59143915132154,1789293.9040921014,1789585.4955312526
20100910,291.59143915132154,1785989.248744939,1786280.8401840902
20100913,1080651.5851303576,692474.1709423236,1773125.7560726814
20100914,1080651.5851303576,691037.9736406658,1771689.5587710235
20100915,1080651.5851303576,670931.2114174563,1751582.7965478138
20100916,1080651.5851303576,660016.1119248569,1740667.6970552146
20100917,1080651.5851303576,662314.0276075094,1742965.612737867
20100920,32625.272104842006,1686355.7099227705,1718980.9820276126
20100921,32625.272104842006,1633223.1485543638,1665848.4206592059
20100927,189446.7024130707,1492187.9784849526,1681634.6808980233
20100928,189446.7024130707,1487717.7831034688,1677164.4855165395
20100929,189446.7024130707,1462329.4549598312,1651776.157372902
20100930,189446.7024130707,1506940.728648584,1696387.4310616548
20101008,171.40298370702658,1774359.9750710092,1774531.3780547162
20101011,599.7745206863037,1851865.8270253371,1852465.6015460235
20101012,599.7745206863037,1936663.7385583753,1937263.5130790616
20101013,599.7745206863037,1929352.7020045468,1929952.4765252331
20101014,599.7745206863037,2004970.6004051797,2005570.374925866
20101015,599.7745206863037,2039908.1083654477,2040507.882886134
20101018,414537.8809989577,1652953.5618381992,2067491.4428371568
20101019,414537.8809989577,1642492.7306424025,2057030.6116413602
20101020,414537.8809989577,1696832.5969107368,2111370.4779096944
20101021,414537.8809989577,1685247.012440412,2099784.8934393697
20101022,414537.8809989577,1677607.7083604285,2092145.5893593861
20101025,416005.8657439715,1690446.0755443235,2106451.941288295
20101026,416005.8657439715,1725539.6790256416,2141545.544769613
20101027,416005.8657439715,1719118.6765644085,2135124.54230838
20101028,416005.8657439715,1763609.0692418786,2179614.93498585
20101029,416005.8657439715,1759516.895962736,2175522.7617067075
20101101,40.410583007964306,2242087.4472796596,2242127.8578626676
20101102,40.410583007964306,2208551.8695384045,2208592.2801214126
20101103,40.410583007964306,2158937.3379017403,2158977.7484847484
20101104,40.410583007964306,2274458.7811641176,2274499.1917471257
20101105,40.410583007964306,2272431.213650687,2272471.624233695
20101108,783.6902264318196,2314118.4564537858,2314902.1466802177
20101109,783.6902264318196,2321412.9653119617,2322196.6555383937
20101110,783.6902264318196,2331718.888761641,2332502.578988073
20101111,783.6902264318196,2296981.722247137,2297765.412473569
20101112,783.6902264318196,2124772.9826141084,2125556.6728405403
20101115,434515.60256675887,1774672.5218753053,2209188.124442064
20101116,434515.60256675887,1662759.5121367518,2097275.114703511
20101117,434515.60256675887,1541728.5222480427,1976244.1248148016
20101118,434515.60256675887,1603977.1546371458,2038492.7572039047
20101119,434515.60256675887,1671342.4753098784,2105858.077876637
20101122,360.15271109482273,2108717.88492613,2109078.037637225
20101123,360.15271109482273,2200510.539913334,2200870.692624429
20101124,360.15271109482273,2243694.2656279574,2244054.4183390522
20101125,360.15271109482273,2208709.322069951,2209069.4747810457
20101126,360.15271109482273,2175448.125087825,2175808.27779892
20101129,1003773.1902751892,1208740.3190849759,2212513.5093601653
20101130,1003773.1902751892,1218818.2074262754,2222591.3977014646
20101201,1003773.1902751892,1166521.5703037016,2170294.760578891
20101202,1003773.1902751892,1179524.7096288747,2183297.899904064
20101203,1003773.1902751892,1159637.3248073685,2163410.5150825577
20101206,673.1947397729382,2080122.3333622888,2080795.5281020617
20101207,673.1947397729382,2071199.9990835786,2071873.1938233515
20101208,673.1947397729382,2099074.708152891,2099747.902892664
20101209,673.1947397729382,2064245.1468273406,2064918.3415671135
20101210,673.1947397729382,2077557.8761803543,2078231.0709201272
20101213,19.846048383391462,2149093.305491489,2149113.1515398724
20101214,19.846048383391462,2165095.3901710697,2165115.236219453
20101215,19.846048383391462,2153858.4622177826,2153878.308266166
20101216,19.846048383391462,2147509.4516128087,2147529.2976611922
20101217,19.846048383391462,2133790.752611428,2133810.5986598115
20101220,12.867394781729672,2177750.8162052077,2177763.6835999894
20101221,12.867394781729672,2215034.517940444,2215047.3853352256
20101222,12.867394781729672,2187406.0303206784,2187418.89771546
20101223,12.867394781729672,2173604.234304899,2173617.1016996806
20101224,12.867394781729672,2220597.3778786347,2220610.2452734164
20101227,453.70310264109867,2167825.5022921655,2168279.205394807
20101228,453.70310264109867,2120103.980861117,2120557.6839637584
20101229,453.70310264109867,2141126.963760663,2141580.666863304
20101230,453.70310264109867,2115800.6852112478,2116254.388313889
20101231,453.70310264109867,2143241.0182604175,2143694.721363059
20110104,384223.6737434034,1778289.665442663,2162513.3391860663
20110105,384223.6737434034,1761236.6012237368,2145460.27496714
20110106,384223.6737434034,1746994.470292551,2131218.1440359545
20110107,384223.6737434034,1675579.546073696,2059803.2198170996
20110110,347.33165402378654,1999225.41663208,1999572.7482861038
20110111,347.33165402378654,2020996.1091115326,2021343.4407655564
20110112,347.33165402378654,2055591.3279525943,2055938.659606618
20110113,347.33165402378654,2034354.795971102,2034702.127625126
20110114,347.33165402378654,2001394.7222468604,2001742.0539008842
20110117,407848.81541434675,1545786.4766779603,1953635.292092307
20110118,407848.81541434675,1569437.5838198788,1977286.3992342255
20110119,407848.81541434675,1600953.6955294104,2008802.5109437571
20110120,407848.81541434675,1607802.819757151,2015651.6351714977
20110121,407848.81541434675,1631598.2607071558,2039447.0761215026
20110124,481.60420275112847,2064367.1595042213,2064848.7637069724
20110125,481.60420275112847,1922784.7586731205,1923266.3628758716
20110126,481.60420275112847,1955936.2358299885,1956417.8400327396
20110127,481.60420275112847,1972241.3630630546,1972722.9672658057
20110128,481.60420275112847,2044029.3219486806,2044510.9261514316
20110131,168.95862161827972,2109205.0534253237,2109374.012046942
20110201,168.95862161827972,2072307.283292496,2072476.2419141144
20110209,446.43410560354823,2143494.086632659,2143940.5207382627
20110210,446.43410560354823,2162904.026647741,2163350.4607533445
20110211,446.43410560354823,2164127.393167977,2164573.8272735807
20110214,867184.688282242,1286785.5493479832,2153970.2376302253
20110215,867184.688282242,1274119.1905920687,2141303.8788743108
20110216,867184.688282242,1287815.2042186453,2154999.8925008876
20110217,867184.688282242,1273627.2619509816,2140811.950233224
20110218,867184.688282242,1252189.690109319,2119374.378391561
20110221,871543.7712425769,1294156.7275689682,2165700.498811545
20110222,871543.7712425769,1260808.8024735218,2132352.5737160984
20110223,871543.7712425769,1277053.1907585228,2148596.9620010997
20110224,871543.7712425769,1280828.1228299623,2152371.894072539
20110225,871543.7712425769,1288210.3953896163,2159754.166632193
20110228,461093.21826574986,1733635.7303259927,2194728.9485917427
20110301,461093.21826574986,1743840.8905613227,2204934.1088270727
20110302,461093.21826574986,1740261.2642865526,2201354.4825523025
20110303,461093.21826574986,1718235.1810680577,2179328.3993338076
20110304,461093.21826574986,1775671.3143025513,2236764.532568301
20110307,438776.5281970484,1806820.3467511912,2245596.8749482394
20110308,438776.5281970484,1808331.3715570315,2247107.89975408
20110309,438776.5281970484,1793117.927531353,2231894.4557284014
20110310,438776.5281970484,1819024.4736231419,2257801.0018201903
20110311,438776.5281970484,1791110.9796918381,2229887.5078888866
20110314,450946.4138847804,1802771.1439679528,2253717.5578527334
20110315,450946.4138847804,1790654.4076264894,2241600.82151127
20110316,450946.4138847804,1826605.2214312854,2277551.635316066
20110317,450946.4138847804,1780705.0336158816,2231651.447500662
20110318,450946.4138847804,1783897.7402728712,2234844.1541576516
20110321,444273.2083854467,1757753.4316160823,2202026.640001529
20110322,444273.2083854467,1727692.4190220765,2171965.6274075233
20110323,444273.2083854467,1838145.0841204284,2282418.292505875
20110324,444273.2083854467,1839314.1233832361,2283587.3317686827
20110325,444273.2083854467,1863412.1963309594,2307685.404716406
20110328,479787.53525415517,1883486.964694742,2363274.4999488974
20110329,479787.53525415517,1839779.7904214375,2319567.3256755928
20110330,479787.53525415517,1803959.4564900743,2283746.9917442296
20110331,479787.53525415517,1742734.0118376745,2222521.5470918296
20110401,479787.53525415517,1782637.5138220564,2262425.0490762116
20110406,493.3869031420327,2322436.205939246,2322929.592842388
20110407,493.3869031420327,2349042.2165015,2349535.603404642
20110408,493.3869031420327,2338368.655057806,2338862.041960948
20110411,449243.3677645595,1859587.197704731,2308830.5654692906
20110412,449243.3677645595,1854292.980752275,2303536.3485168344
20110413,449243.3677645595,1877732.0513902244,2326975.4191547837
20110414,449243.3677645595,1893618.1227648093,2342861.4905293686
20110415,449243.3677645595,1888369.038060838,2337612.4058253975
20110418,957428.6010759695,1389451.3404125788,2346879.941488548
20110419,957428.6010759695,1362502.3995218424,2319931.000597812
20110420,957428.6010759695,1370301.779566643,2327730.3806426125
20110421,957428.6010759695,1377602.7263383216,2335031.327414291
20110422,957428.6010759695,1373212.8979831024,2330641.4990590718
20110425,467378.95125097723,1869857.8086918266,2337236.759942804
20110426,467378.95125097723,1859599.283640576,2326978.2348915534
20110427,467378.95125097723,1909908.2427381775,2377287.193989155
20110428,467378.95125097723,1840363.7374661234,2307742.688717101
20110429,467378.95125097723,1905982.2149132828,2373361.16616426
20110503,32.888969288382214,2423859.7991620745,2423892.6881313627
20110504,32.888969288382214,2391487.080809019,2391519.9697783072
20110505,32.888969288382214,2374425.0744562717,2374457.96342556
20110506,32.888969288382214,2424939.713992167,2424972.602961455
20110509,623.3042277967324,2461538.4610290583,2462161.765256855
20110510,623.3042277967324,2477625.742539309,2478249.046767106
20110511,623.3042277967324,2491342.9673951995,2491966.2716229963
20110512,623.3042277967324,2448560.710811269,2449184.015039066
20110513,623.3042277967324,2428114.5885051545,2428737.8927329513
20110516,455.9182119720499,2507384.1771180294,2507840.0953300013
20110517,455.9182119720499,2421634.828218759,2422090.746430731
20110518,455.9182119720499,2431408.114764491,2431864.032976463
20110519,455.9182119720499,2405009.534188447,2405465.452400419
20110520,455.9182119720499,2394634.4804944075,2395090.3987063793
20110523,914244.3459232507,1498196.715057347,2412441.0609805975
20110524,914244.3459232507,1484497.409420458,2398741.7553437087
20110525,914244.3459232507,1545174.5694208937,2459418.915344144
20110526,914244.3459232507,1501479.9129926166,2415724.258915867
20110527,914244.3459232507,1373104.423578847,2287348.7695020977
20110530,170459.52626875398,2029576.9982336191,2200036.5245023733
20110531,170459.52626875398,2047393.9879960702,2217853.5142648243
20110601,170459.52626875398,2110596.353143124,2281055.879411878
20110602,170459.52626875398,2109242.9715901664,2279702.4978589206
20110603,170459.52626875398,2133087.2167875543,2303546.7430563085
20110607,105.2408445350593,2359080.294764001,2359185.535608536
20110608,105.2408445350593,2379012.4688899443,2379117.7097344794
20110609,105.2408445350593,2297086.080939278,2297191.321783813
20110610,105.2408445350593,2283478.451693822,2283583.6925383573
20110613,497200.98905941995,1759350.8992613954,2256551.8883208153
20110614,497200.98905941995,1748581.551850915,2245782.540910335
20110615,497200.98905941995,1733306.0803880559,2230507.069447476
20110616,497200.98905941995,1657474.982539508,2154675.971598928
20110617,497200.98905941995,1644419.9957596408,2141620.9848190607
20110620,711530.6871291838,1391590.5517696657,2103121.2388988496
20110621,711530.6871291838,1388305.982874369,2099836.670003553
20110622,711530.6871291838,1406899.9474616798,2118430.6345908637
20110623,711530.6871291838,1425622.0699641393,2137152.757093323
20110624,711530.6871291838,1450112.008285752,2161642.6954149357
20110627,350.0088223250932,2215281.3130746074,2215631.3218969326
20110628,350.0088223250932,2214180.7021702994,2214530.7109926245
20110629,350.0088223250932,2234429.0333462604,2234779.0421685856
20110630,350.0088223250932,2239842.9296517037,2240192.938474029
20110701,350.0088223250932,2220044.903284531,2220394.9121068562
20110704,379.0589106537518,2255670.7921835543,2256049.851094208
20110705,379.0589106537518,2296547.5006906143,2296926.5596012683
20110706,379.0589106537518,2322872.9444591478,2323252.0033698017
20110707,379.0589106537518,2281486.3638566216,2281865.4227672755
20110708,379.0589106537518,2269184.799210517,2269563.858121171
20110711,405871.85912836046,1852333.5995862982,2258205.458714659
20110712,405871.85912836046,1818000.0948845663,2223871.9540129267
20110713,405871.85912836046,1821459.4292026008,2227331.2883309615
20110714,405871.85912836046,1798729.6530120885,2204601.512140449
20110715,405871.85912836046,1781114.804670338,2186986.6637986987
20110718,722.4696014891961,2205670.1416805675,2206392.6112820567
20110719,722.4696014891961,2191344.287269254,2192066.7568707434
20110720,722.4696014891961,2159948.147257494,2160670.616858983
20110721,722.4696014891961,2105328.039849708,2106050.509451197
20110722,722.4696014891961,2108710.0247286325,2109432.4943301217
20110725,430429.757284461,1672718.640485274,2103148.3977697347
20110726,430429.757284461,1714535.541992444,2144965.299276905
20110727,430429.757284461,1763819.7942457458,2194249.5515302066
20110728,430429.757284461,1764330.0738530792,2194759.8311375403
20110729,430429.757284461,1694825.9804321942,2125255.7377166552
20110801,174.94368116400437,2176698.4358214047,2176873.379502569
20110802,174.94368116400437,2203730.7983014896,2203905.7419826537
20110803,174.94368116400437,2184557.8605161076,2184732.804197272
20110804,174.94368116400437,2186545.7454845486,2186720.689165713
20110805,174.94368116400437,2108259.4437934123,2108434.3874745765
20110808,826053.8975224438,1258473.739577214,2084527.6370996577
20110809,826053.8975224438,1249432.7337374524,2075486.6312598963
20110810,826053.8975224438,1289140.985615304,2115194.8831377476
20110811,826053.8975224438,1297614.672378078,2123668.569900522
20110812,826053.8975224438,1271541.9555834827,2097595.8531059264
20110815,439815.1013163093,1689090.6403795606,2128905.7416958697
20110816,439815.1013163093,1670632.5771306255,2110447.6784469346
20110817,439815.1013163093,1684833.6234974307,2124648.72481374
20110818,439815.1013163093,1644287.5390503262,2084102.6403666355
20110819,439815.1013163093,1653242.2397650192,2093057.3410813285
20110822,1040965.848565057,1040558.0604005579,2081523.908965615
20110823,1040965.848565057,1066712.411475532,2107678.260040589
20110824,1040965.848565057,1038728.8119539721,2079694.660519029
20110825,1040965.848565057,1046010.9234244504,2086976.7719895076
20110826,1040965.848565057,1053563.843511871,2094529.692076928
20110829,417963.59265266435,1674107.3830374253,2092070.9756900896
20110830,417963.59265266435,1619561.375483259,2037524.9681359234
20110831,417963.59265266435,1609020.367587353,2026983.9602400174
20110901,417963.59265266435,1573728.2956243458,1991691.88827701
20110902,417963.59265266435,1556645.7134378362,1974609.3060905004
20110905,413937.349555099,1524148.3215315402,1938085.6710866392
20110906,413937.349555099,1494612.15286757,1908549.502422669
20110907,413937.349555099,1539857.1301031173,1953794.4796582162
20110908,413937.349555099,1547361.7801450202,1961299.1297001191
20110909,413937.349555099,1553099.580563698,1967036.9301187969
20110913,49.10063001932576,1966019.8044625127,1966068.905092532
20110914,49.10063001932576,2012301.2003228574,2012350.3009528767
20110915,49.10063001932576,1991886.354025105,1991935.4546551243
20110916,49.10063001932576,1988550.8902694362,1988599.9908994555
20110919,230.48083424725337,1985102.9685539678,1985333.449388215
20110920,230.48083424725337,2001628.4376003838,2001858.918434631
20110921,230.48083424725337,2029115.810587165,2029346.2914214123
20110922,230.48083424725337,1990539.4563037136,1990769.937137961
20110923,230.48083424725337,1967306.7586870992,1967537.2395213465
20110926,1262.7677665944793,2009137.7419435075,2010400.5097101019
20110927,1262.7677665944793,1986792.7558851948,1988055.5236517892
20110928,1262.7677665944793,1971263.5406743563,1972526.3084409507
20110929,1262.7677665944793,1820828.4852637223,1822091.2530303167
20110930,1262.7677665944793,1829734.7123778334,1830997.4801444279
20111010,223.45201619446743,1890309.5622910038,1890533.014307198
20111011,223.45201619446743,1883544.598793405,1883768.0508095995
20111012,223.45201619446743,1906956.7896217515,1907180.241637946
20111013,223.45201619446743,1902311.3262247988,1902534.7782409932
20111014,223.45201619446743,1907194.6799036544,1907418.1319198487
20111017,406915.02006147825,1510685.481567125,1917600.5016286033
20111018,406915.02006147825,1442710.0425832325,1849625.0626447108
20111019,406915.02006147825,1463831.3706397673,1870746.3907012455
20111020,406915.02006147825,1447510.2653221728,1854425.285383651
20111021,406915.02006147825,1381548.0295199761,1788463.0495814544
20111024,841544.4558178011,947924.0277987247,1789468.4836165258
20111025,841544.4558178011,962764.8027455513,1804309.2585633523
20111026,841544.4558178011,959835.889907883,1801380.345725684
20111027,841544.4558178011,939359.6581196415,1780904.1139374427
20111028,841544.4558178011,942290.8074487925,1783835.2632665937
20111031,289.57421941671055,1806616.7535796082,1806906.327799025
20111101,289.57421941671055,1795834.8192039076,1796124.3934233245
20111102,289.57421941671055,1874541.5718030343,1874831.146022451
20111103,289.57421941671055,1881077.994341335,1881367.5685607516
20111104,289.57421941671055,1877830.2808005556,1878119.8550199722
20111107,1114735.4499005368,749503.8755561205,1864239.3254566574
20111108,1114735.4499005368,735116.7832718953,1849852.233172432
20111109,1114735.4499005368,742390.2309647896,1857125.6808653264
20111110,1114735.4499005368,733498.7371297827,1848234.1870303196
20111111,1114735.4499005368,739512.8125079446,1854248.2624084814
20111114,139.49129817425273,1902414.6150334221,1902554.1063315964
20111115,139.49129817425273,1907501.6226997345,1907641.1139979088
20111116,139.49129817425273,1871538.459642978,1871677.9509411522
20111117,139.49129817425273,1861223.811356843,1861363.3026550172
20111118,139.49129817425273,1820444.8946358082,1820584.3859339824
20111121,85.0129116497701,1801105.2111074978,1801190.2240191475
20111122,85.0129116497701,1778687.7904993775,1778772.8034110274
20111123,85.0129116497701,1757934.3786711502,1758019.3915828
20111124,85.0129116497701,1743157.0048966142,1743242.0178082641
20111125,85.0129116497701,1708193.4387038285,1708278.4516154784
20111128,688657.4512663161,992586.7696136805,1681244.2208799967
20111129,688657.4512663161,1008406.0047771384,1697063.4560434544
20111130,688657.4512663161,976170.2083351911,1664827.6596015072
20111201,688657.4512663161,1001270.4771212034,1689927.9283875194
20111202,688657.4512663161,958924.7347078796,1647582.1859741956
20111205,45.49590119934874,1659235.041950641,1659280.5378518403
20111206,45.49590119934874,1673982.0722426893,1674027.5681438886
20111207,45.49590119934874,1668078.2267174495,1668123.7226186488
20111208,45.49590119934874,1665715.538259954,1665761.0341611532
20111209,45.49590119934874,1612309.762201689,1612355.2581028882
20111212,245634.78262504062,1321951.9315246972,1567586.7141497377
20111213,245634.78262504062,1268745.4327480209,1514380.2153730616
20111214,245634.78262504062,1234040.639597242,1479675.4222222827
20111215,245634.78262504062,1219586.2734681284,1465221.056093169
20111216,245634.78262504062,1279033.3738741886,1524668.1564992294
20111219,147.3752896945225,1540392.120939574,1540539.4962292686
20111220,147.3752896945225,1528532.4913321054,1528679.8666217998
20111221,147.3752896945225,1506166.5097272294,1506313.8850169238
20111222,147.3752896945225,1507499.3603128907,1507646.7356025851
20111223,147.3752896945225,1508045.9918248444,1508193.3671145388
20111226,447883.5429267958,1037663.490505393,1485547.033432189
20111227,447883.5429267958,1023254.2734289095,1471137.8163557053
20111228,447883.5429267958,1034173.9151137641,1482057.45804056
20111229,447883.5429267958,1041452.1322169238,1489335.6751437197
20111230,447883.5429267958,1058839.6142613878,1506723.1571881836
20120104,437.00158599513816,1467485.7145408299,1467922.716126825
20120105,437.00158599513816,1410288.7732343047,1410725.7748202998
20120106,437.00158599513816,1409418.9166231882,1409855.9182091833
20120109,444.9555537244305,1444880.5991629562,1445325.5547166807
20120110,444.9555537244305,1459855.4966209414,1460300.4521746659
20120111,444.9555537244305,1443534.362130847,1443979.3176845715
20120112,444.9555537244305,1423417.2156652892,1423862.1712190136
20120113,444.9555537244305,1400287.16464342,1400732.1201971443
20120116,276107.14135770727,1056897.4976352737,1333004.638992981
20120117,276107.14135770727,1141028.3177521713,1417135.4591098786
20120118,276107.14135770727,1147266.5000779205,1423373.6414356278
20120119,276107.14135770727,1134307.4625419024,1410414.6038996098
20120120,276107.14135770727,1119512.3741362635,1395619.5154939708
20120130,472.4510446639033,1386981.7970440323,1387454.248088696
20120131,472.4510446639033,1374526.4694887851,1374998.920533449
20120201,472.4510446639033,1349229.3242375192,1349701.7752821832
20120202,472.4510446639033,1377534.1295082255,1378006.5805528895
20120203,472.4510446639033,1381870.213178886,1382342.66422355
20120206,278088.9574512611,1071139.7464177553,1349228.7038690164
20120207,278088.9574512611,1053018.6988427872,1331107.6562940483
20120208,278088.9574512611,1077388.9678882244,1355477.9253394855
20120209,278088.9574512611,1104864.5847622296,1382953.5422134907
20120210,278088.9574512611,1103743.7085442413,1381832.6659955024
20120213,274327.6402479489,1127025.1279189764,1401352.7681669253
20120214,274327.6402479489,1142759.8615722212,1417087.50182017
20120215,274327.6402479489,1148566.422286353,1422894.062534302
20120216,274327.6402479489,1131237.4966322887,1405565.1368802376
20120217,274327.6402479489,1122577.8186126456,1396905.4588605945
20120220,270412.4121481328,1140239.1454983677,1410651.5576465004
20120221,270412.4121481328,1146947.4979855851,1417359.910133718
20120222,270412.4121481328,1162608.2981593509,1433020.7103074836
20120223,270412.4121481328,1146590.6879198523,1417003.1000679852
20120224,270412.4121481328,1171206.8930387408,1441619.3051868738
20120227,317.34123749664286,1448034.4264530158,1448351.7676905124
20120228,317.34123749664286,1427924.5318219634,1428241.87305946
20120229,317.34123749664286,1367295.5252553606,1367612.8664928572
20120301,317.34123749664286,1387770.3093398146,1388087.6505773112
20120302,317.34123749664286,1447935.5491311941,1448252.8903686907
20120305,220.820389950939,1472003.9561566,1472224.776546551
20120306,220.820389950939,1470099.0897849938,1470319.9101749447
20120307,220.820389950939,1438962.4942810324,1439183.3146709832
20120308,220.820389950939,1443405.2249782665,1443626.0453682174
20120309,220.820389950939,1448707.1895286029,1448928.0099185538
20120312,679.6349674126832,1462870.496210365,1463550.131177778
20120313,679.6349674126832,1452414.8148847057,1453094.4498521183
20120314,679.6349674126832,1380964.1057471961,1381643.7407146087
20120315,679.6349674126832,1408821.183368465,1409500.8183358777
20120316,679.6349674126832,1437834.6986343975,1438514.33360181
20120319,306053.9558127694,1131783.0156044501,1437836.9714172196
20120320,306053.9558127694,1115820.5928635525,1421874.548676322
20120321,306053.9558127694,1135402.2143831702,1441456.1701959397
20120322,306053.9558127694,1124817.5562781717,1430871.5120909412
20120323,306053.9558127694,1093481.7249441724,1399535.680756942
20120326,242784.15561806626,1138824.1619805936,1381608.3175986598
20120327,242784.15561806626,1172739.5123178298,1415523.667935896
20120328,242784.15561806626,1100081.760318417,1342865.9159364833
20120329,242784.15561806626,1058820.4837547934,1301604.6393728596
20120330,242784.15561806626,1049275.8932169718,1292060.048835038
20120405,536146.3964482045,768432.9781067725,1304579.374554977
20120406,536146.3964482045,763156.1798560226,1299302.576304227
20120409,387.77126923925243,1309302.6461671952,1309690.4174364344
20120410,387.77126923925243,1375205.4281707054,1375593.1994399447
20120411,387.77126923925243,1389830.2363323611,1390218.0076016004
20120412,387.77126923925243,1390359.9573283363,1390747.7285975756
20120413,387.77126923925243,1426693.880120771,1427081.6513900103
20120416,142.81435128848534,1424216.1486361807,1424358.962987469
20120417,142.81435128848534,1332739.177400115,1332881.9917514035
20120418,142.81435128848534,1346993.755460672,1347136.5698119607
20120419,142.81435128848534,1340449.4950832948,1340592.3094345834
20120420,142.81435128848534,1353865.8557333979,1354008.6700846865
20120423,273796.12820227304,1088216.284351313,1362012.412553586
20120424,273796.12820227304,1073523.4291346339,1347319.557336907
20120425,273796.12820227304,1077587.3735632072,1351383.5017654803
20120426,273796.12820227304,1088072.062590661,1361868.190792934
20120427,273796.12820227304,1060025.1866779327,1333821.3148802058
20120502,154.28981593321078,1420025.9760593714,1420180.2658753046
20120503,154.28981593321078,1441514.5289309951,1441668.8187469284
20120504,154.28981593321078,1440323.6965421771,1440477.9863581103
20120507,211.43655467336066,1439540.869350957,1439752.3059056303
20120508,211.43655467336066,1432217.1196105382,1432428.5561652116
20120509,211.43655467336066,1441300.6121172048,1441512.0486718782
20120510,211.43655467336066,1459423.0600369142,1459634.4965915876
20120511,211.43655467336066,1423755.1212099758,1423966.5577646492
20120514,582705.0400323942,828585.5359190793,1411290.5759514736
20120515,582705.0400323942,794459.2133787544,1377164.2534111487
20120516,582705.0400323942,780227.2213141278,1362932.261346522
20120517,582705.0400323942,783619.3051384196,1366324.3451708138
20120518,582705.0400323942,764365.8874507889,1347070.927483183
20120521,817288.7206842015,495892.89696958824,1313181.6176537897
20120522,817288.7206842015,490902.9671949578,1308191.687879159
20120523,817288.7206842015,484282.6280218781,1301571.3487060796
20120524,817288.7206842015,483717.99042359355,1301006.7111077951
20120525,817288.7206842015,466362.6439137565,1283651.364597958
20120528,275593.3987370712,1027257.2855478753,1302850.6842849464
20120529,275593.3987370712,1019892.0542189747,1295485.452956046
20120530,275593.3987370712,1015562.5955104415,1291155.9942475127
20120531,275593.3987370712,1013144.9035835504,1288738.3023206214
20120601,275593.3987370712,1004330.6989102473,1279924.0976473186
20120604,489.6203871986363,1262015.4438970746,1262505.0642842732
20120605,489.6203871986363,1269129.3843910932,1269619.0047782918
20120606,489.6203871986363,1257782.698256173,1258272.3186433716
20120607,489.6203871986363,1234906.3905319534,1235396.010919152
20120608,489.6203871986363,1209653.5017285477,1210143.1221157464
20120611,231043.2813394186,1012561.2351350458,1243604.5164744644
20120612,231043.2813394186,990007.5036387896,1221050.7849782081
20120613,231043.2813394186,999621.5104679584,1230664.791807377
20120614,231043.2813394186,977391.7810486781,1208435.0623880967
20120615,231043.2813394186,978635.7299580134,1209679.011297432
20120618,80.65428297460312,1255347.6849869099,1255428.3392698844
20120619,80.65428297460312,1293675.4468450197,1293756.1011279942
20120620,80.65428297460312,1298590.460424541,1298671.1147075156
20120621,80.65428297460312,1294873.7321273957,1294954.3864103702
20120625,279480.4782799913,963668.6416930279,1243149.1199730192
20120626,279480.4782799913,948469.1157982755,1227949.5940782668
20120627,279480.4782799913,955284.7775247933,1234765.2558047846
20120628,279480.4782799913,987042.5081837906,1266522.986463782
20120629,279480.4782799913,960990.7911979853,1240471.2694779765
20120702,562.5625731463952,1262874.2854486278,1263436.848021774
20120703,562.5625731463952,1287190.4588513395,1287753.0214244858
20120704,562.5625731463952,1252032.1821828915,1252594.7447560378
20120705,562.5625731463952,1241360.8033350536,1241923.3659082
20120706,562.5625731463952,1267275.7064951563,1267838.2690683026
20120709,289522.8206906627,964518.2038526514,1254041.0245433142
20120710,289522.8206906627,971644.6224444483,1261167.4431351111
20120711,289522.8206906627,1010807.2324673389,1300330.0531580015
20120712,289522.8206906627,1000302.2382673034,1289825.058957966
20120713,289522.8206906627,1014918.4471315155,1304441.267822178
20120716,309350.04811905953,994289.7322795733,1303639.7803986329
20120717,309350.04811905953,1011191.3089318214,1320541.3570508808
20120718,309350.04811905953,1017957.597338384,1327307.6454574435
20120719,309350.04811905953,1015044.4798377805,1324394.5279568401
20120720,309350.04811905953,995021.9197971178,1304371.9679161774
20120723,502495.84473344777,792687.8626073314,1295183.7073407792
20120724,502495.84473344777,788287.4333395648,1290783.2780730126
20120725,502495.84473344777,776356.5477331374,1278852.3924665852
20120726,502495.84473344777,754690.0209438242,1257185.865677272
20120727,502495.84473344777,728596.5731389162,1231092.417872364
20120730,247010.0069645912,961783.3611038836,1208793.3680684748
20120731,247010.0069645912,945890.6760944136,1192900.6830590048
20120801,247010.0069645912,979345.9945283671,1226356.0014929583
20120802,247010.0069645912,979296.8275911997,1226306.8345557908
20120803,247010.0069645912,979789.7046570749,1226799.711621666
20120806,514175.1051640194,721207.1158463281,1235382.2210103474
20120807,514175.1051640194,748217.0500233774,1262392.1551873968
20120808,514175.1051640194,745891.0516699867,1260066.156834006
20120809,514175.1051640194,782151.1018454705,1296326.2070094899
20120810,514175.1051640194,781572.95589372,1295748.0610577394
20120813,235097.6977180687,1049095.4936698682,1284193.191387937
20120814,235097.6977180687,1005612.5646358178,1240710.2623538864
20120815,235097.6977180687,982798.0873689022,1217895.7850869708
20120816,235097.6977180687,955566.8738007152,1190664.571518784
20120817,235097.6977180687,955663.1811962835,1190760.8789143523
20120820,18.152067428571172,1192873.6014710406,1192891.7535384693
20120821,18.152067428571172,1236751.1839616615,1236769.33602909
20120822,18.152067428571172,1224126.4142675477,1224144.5663349763
20120823,18.152067428571172,1242112.3279052977,1242130.4799727262
20120824,18.152067428571172,1180009.192266969,1180027.3443343975
20120827,234101.24993902075,880876.1129434026,1114977.3628824234
20120828,234101.24993902075,901273.8782616381,1135375.1282006588
20120829,234101.24993902075,909739.755900559,1143841.0058395797
20120830,234101.24993902075,896252.7524491467,1130354.0023881674
20120831,234101.24993902075,935827.4296623475,1169928.6796013683
20120903,271430.0309863111,927919.491437203,1199349.5224235142
20120904,271430.0309863111,929865.3945936429,1201295.425579954
20120905,271430.0309863111,912883.3543535558,1184313.3853398669
20120906,271430.0309863111,901457.6637077406,1172887.6946940518
20120907,271430.0309863111,926158.9108994129,1197588.941885724
20120910,240373.88577069878,960683.4397875447,1201057.3255582433
20120911,240373.88577069878,946866.0146357741,1187239.9004064729
20120912,240373.88577069878,930086.5522266759,1170460.4379973747
20120913,240373.88577069878,893331.6786858698,1133705.5644565686
20120914,240373.88577069878,924824.20271782,1165198.0884885187
20120917,231201.69997189663,903812.5155434733,1135014.21551537
20120918,231201.69997189663,890633.4096855877,1121835.1096574843
20120919,231201.69997189663,915340.3488944571,1146542.0488663537
20120920,231201.69997189663,872242.4322400154,1103444.132211912
20120921,231201.69997189663,858571.912592318,1089773.6125642147
20120924,228904.53439585256,854698.3592428783,1083602.8936387307
20120925,228904.53439585256,820972.0067597071,1049876.5411555597
20120926,228904.53439585256,785887.7118388565,1014792.246234709
20120927,228904.53439585256,798332.1301562937,1027236.6645521463
20120928,228904.53439585256,807882.2265870561,1036786.7609829087
20121008,193742.04565411404,870902.4003507814,1064644.4460048955
20121009,193742.04565411404,910939.0688231541,1104681.1144772682
20121010,193742.04565411404,930890.852409941,1124632.898064055
20121011,193742.04565411404,908290.0408182685,1102032.0864723825
20121012,193742.04565411404,902550.1581519116,1096292.2038060257
20121015,258.4408099258144,1092338.03470416,1092596.4755140857
20121016,258.4408099258144,1081905.0573434574,1082163.4981533831
20121017,258.4408099258144,1073805.9163952237,1074064.3572051495
20121018,258.4408099258144,1102682.2266360696,1102940.6674459954
20121019,258.4408099258144,1074579.072038382,1074837.5128483078
20121022,791.1024357194838,1096105.2235117622,1096896.3259474817
20121023,791.1024357194838,1079211.985241764,1080003.0876774834
20121024,791.1024357194838,1045305.4548307409,1046096.5572664604
20121025,791.1024357194838,985886.3437627744,986677.4461984938
20121026,791.1024357194838,955684.0033974089,956475.1058331283
20121029,208218.06634045468,759752.1306711959,967970.1970116505
20121030,208218.06634045468,753741.0832301723,961959.1495706269
20121031,208218.06634045468,759407.3919570886,967625.4582975432
20121101,208218.06634045468,784361.396293213,992579.4626336677
20121102,208218.06634045468,822258.936143587,1030477.0024840417
20121105,363.1315467954264,1065612.9127596172,1065976.0443064126
20121106,363.1315467954264,1031594.5916092658,1031957.7231560613
20121107,363.1315467954264,993773.2288559341,994136.3604027296
20121108,363.1315467954264,1010807.3341473056,1011170.4656941011
20121109,363.1315467954264,1013940.1978561353,1014303.3294029308
20121112,405508.54421111103,605625.3927043298,1011133.9369154408
20121113,405508.54421111103,604635.5113536165,1010144.0555647275
20121114,405508.54421111103,593659.9035018615,999168.4477129725
20121115,405508.54421111103,583222.3736308467,988730.9178419578
20121116,405508.54421111103,553125.0343834304,958633.5785945414
20121119,75.19941028527683,982261.3674434676,982336.5668537528
20121120,75.19941028527683,966634.7220103813,966709.9214206666
20121121,75.19941028527683,968423.475691674,968498.6751019594
20121122,75.19941028527683,960197.1531228971,960272.3525331824
20121123,75.19941028527683,980738.3676736729,980813.5670839581
20121126,215.51775601899135,985933.9172456523,986149.4350016713
20121127,215.51775601899135,965330.7175361612,965546.2352921802
20121128,215.51775601899135,960545.1499827413,960760.6677387604
20121129,215.51775601899135,956796.7965346684,957012.3142906874
20121130,215.51775601899135,953585.7646462962,953801.2824023152
20121203,341.81724236233276,928659.3968786328,929001.2141209951
20121204,341.81724236233276,943134.5506337533,943476.3678761156
20121205,341.81724236233276,963092.3289884907,963434.146230853
20121206,341.81724236233276,955742.0755789975,956083.8928213598
20121207,341.81724236233276,968609.5481513534,968951.3653937157
20121210,201466.39001364433,763958.5879939417,965424.9780075861
20121211,201466.39001364433,769227.9367085637,970694.3267222081
20121212,201466.39001364433,758158.607130128,959624.9971437723
20121213,201466.39001364433,735640.3490794182,937106.7390930626
20121214,201466.39001364433,761630.6813429918,963097.0713566361
20121217,195760.25878005772,778567.7214680002,974327.980248058
20121218,195760.25878005772,769401.4196112388,965161.6783912964
20121219,195760.25878005772,770001.3067620825,965761.5655421403
20121220,195760.25878005772,765535.0424102683,961295.301190326
20121221,195760.25878005772,764643.229501302,960403.4882813597
20121224,98.6384413545311,982038.2915107096,982136.9299520641
20121225,98.6384413545311,987952.4158415727,988051.0542829272
20121226,98.6384413545311,1027567.9151367592,1027666.5535781137
20121227,98.6384413545311,1000064.1363748598,1000162.7748162143
20121228,98.6384413545311,1002749.1887331749,1002847.8271745294
20121231,642.1888644259598,981959.1586465044,982601.3475109304
20130104,642.1888644259598,996296.8018007943,996938.9906652203
20130107,161.257114704611,1025649.5619654385,1025810.8190801431
20130108,161.257114704611,1021627.2769062284,1021788.534020933
20130109,161.257114704611,1008124.0513955085,1008285.308510213
20130110,161.257114704611,1009739.7833672999,1009901.0404820045
20130111,161.257114704611,1003060.4357390137,1003221.6928537183
20130114,236.2326714967203,1042117.6870514668,1042353.9197229635
20130115,236.2326714967203,1026981.3251689882,1027217.5578404849
20130116,236.2326714967203,1010027.9058942453,1010264.138565742
20130117,236.2326714967203,993177.1900082829,993413.4226797796
20130118,236.2326714967203,998458.0541350681,998694.2868065648
20130121,134.47006031585624,1027196.133052886,1027330.6031132019
20130122,134.47006031585624,1018942.641335328,1019077.1113956438
20130123,134.47006031585624,1044193.7787160645,1044328.2487763804
20130124,134.47006031585624,1040664.0333893477,1040798.5034496635
20130125,134.47006031585624,1013187.8506515138,1013322.3207118297
20130128,217211.56592666544,813198.2836900319,1030409.8496166973
20130129,217211.56592666544,825842.616581477,1043054.1825081424
20130130,217211.56592666544,835101.6161327258,1052313.1820593914
20130131,217211.56592666544,804553.0299028665,1021764.5958295319
20130201,217211.56592666544,820854.6421505031,1038066.2080771686
20130204,253.402465512685,1025677.3205881225,1025930.7230536351
20130205,253.402465512685,1000298.559939937,1000551.9624054497
20130206,253.402465512685,997897.7298430473,998151.13230856
20130207,253.402465512685,1016912.620977877,1017166.0234433897
20130208,253.402465512685,1021488.9955750001,1021742.3980405128
20130218,270.42757118935697,1010261.491260797,1010531.9188319864
20130219,270.42757118935697,1001225.6517147083,1001496.0792858977
20130220,270.42757118935697,1016406.3019024006,1016676.7294735899
20130221,270.42757118935697,1003390.3115512504,1003660.7391224398
20130222,270.42757118935697,996436.5442469923,996706.9718181817
20130225,311.7235323738423,1002771.3896569803,1003083.1131893541
20130226,311.7235323738423,991828.1591497745,992139.8826821484
20130227,311.7235323738423,991862.2500724482,992173.9736048221
20130228,311.7235323738423,995815.5641563978,996127.2876887717
20130301,311.7235323738423,1019328.1323884294,1019639.8559208033
20130304,613.0773735803086,1024913.1910941479,1025526.2684677282
20130305,613.0773735803086,1027455.4178569638,1028068.4952305441
20130306,613.0773735803086,1034698.3355692625,1035311.4129428428
20130307,613.0773735803086,995931.4577252264,996544.5350988067
20130308,613.0773735803086,978387.4762944009,979000.5536679812
20130311,382.33539724274306,947604.8629448845,947987.1983421273
20130312,382.33539724274306,922726.35546633,923108.6908635728
20130313,382.33539724274306,914431.6907359884,914814.0261332311
20130314,382.33539724274306,919584.5902668583,919966.925664101
20130315,382.33539724274306,903028.092036246,903410.4274334887
20130318,285.7443263751047,899308.7742911453,899594.5186175203
20130319,285.7443263751047,879549.8281432531,879835.5724696282
20130320,285.7443263751047,886241.6616619495,886527.4059883245
20130321,285.7443263751047,900599.0922678518,900884.8365942269
20130322,285.7443263751047,918263.34117911,918549.0855054851
20130325,191.90662207032437,924408.4248335436,924600.331455614
20130326,191.90662207032437,908073.7727147267,908265.6793367971
20130327,191.90662207032437,927426.843944861,927618.7505669313
20130328,191.90662207032437,918924.0243485506,919115.930970621
20130329,191.90662207032437,909521.7226571328,909713.6292792031
20130401,417.6263646321313,907392.3619250464,907809.9882896786
20130402,417.6263646321313,917774.8212505041,918192.4476151363
20130403,417.6263646321313,895990.9552805477,896408.5816451799
20130408,195136.81511744516,676977.7160830436,872114.5312004888
20130409,195136.81511744516,626158.0106554664,821294.8257729115
20130410,195136.81511744516,631356.0684891259,826492.8836065711
20130411,195136.81511744516,643508.3481571417,838645.1632745869
20130412,195136.81511744516,609901.2516205503,805038.0667379955
20130415,380.33342671822174,817893.7824550678,818274.1158817861
20130416,380.33342671822174,828821.7512579733,829202.0846846915
20130417,380.33342671822174,856882.548718242,857262.8821449602
20130418,380.33342671822174,864897.0364476134,865277.3698743316
20130419,380.33342671822174,872111.8410052127,872492.174431931
20130422,43.907516394596314,884204.2246549091,884248.1321713037
20130423,43.907516394596314,852532.0686878099,852575.9762042045
20130424,43.907516394596314,888558.6034173256,888602.5109337203
20130425,43.907516394596314,875759.0530034446,875802.9605198392
20130426,43.907516394596314,855109.02934903,855152.9368654246
20130502,35.192437575227814,827968.1981482328,828003.390585808
20130503,35.192437575227814,860925.9110000106,860961.1034375858
20130506,222.71143768756883,894774.9821217505,894997.693559438
20130507,222.71143768756883,878979.1640946841,879201.8755323717
20130508,222.71143768756883,893322.6433998243,893545.3548375119
20130509,222.71143768756883,901898.8900404026,902121.6014780903
20130510,222.71143768756883,883646.5821482043,883869.2935858918
20130513,14.831071881984826,864888.1549648703,864902.9860367524
20130514,14.831071881984826,835092.6357630015,835107.4668348834
20130515,14.831071881984826,842388.3393311377,842403.1704030198
20130516,14.831071881984826,831172.9265065773,831187.7575784593
20130517,14.831071881984826,832561.7253521282,832576.5564240101
20130520,95.52997409299132,843751.3199013008,843846.8498753938
20130521,95.52997409299132,836017.6808744902,836113.2108485831
20130522,95.52997409299132,824577.7158808289,824673.2458549219
20130523,95.52997409299132,814876.5585171374,814972.0884912304
20130524,95.52997409299132,826789.2497206079,826884.7796947008
20130527,340.7951518550981,845448.1015458584,845788.8966977135
20130528,340.7951518550981,845996.0073094335,846336.8024612886
20130529,340.7951518550981,844339.9288777628,844680.7240296178
20130530,340.7951518550981,864159.1275121085,864499.9226639636
20130531,340.7951518550981,859362.1283885192,859702.9235403743
20130603,217.54370761703467,865412.208495224,865629.752202841
20130604,217.54370761703467,857366.675055937,857584.218763554
20130605,217.54370761703467,848903.087795293,849120.63150291
20130606,217.54370761703467,826171.7769642298,826389.3206718469
20130607,217.54370761703467,803480.260975144,803697.804682761
20130613,244.1170516234415,806567.2338232447,806811.3508748681
20130614,244.1170516234415,810870.6223232935,811114.7393749169
20130617,138.8031533260364,829176.0149596701,829314.8181129962
20130618,138.8031533260364,824823.331655543,824962.134808869
20130619,138.8031533260364,823124.7590626335,823263.5622159595
20130620,138.8031533260364,823072.864561788,823211.6677151141
20130621,138.8031533260364,842962.698214361,843101.501367687
20130624,287.66285231302027,829217.1420138146,829504.8048661277
20130625,287.66285231302027,822411.3834153132,822699.0462676262
20130626,287.66285231302027,844077.1105737473,844364.7734260603
20130627,287.66285231302027,829904.4056040962,830192.0684564093
20130628,287.66285231302027,800733.1350122862,801020.7978645993
20130701,1057.7332011768594,828269.5551950322,829327.288396209
20130702,1057.7332011768594,827913.0651102642,828970.7983114411
20130703,1057.7332011768594,874748.1138454584,875805.8470466352
20130704,1057.7332011768594,880221.9451278171,881279.678328994
20130705,1057.7332011768594,868195.0383957193,869252.7715968961
20130708,22.818381323893846,866087.8868558558,866110.7052371798
20130709,22.818381323893846,871772.0802239077,871794.8986052317
20130710,22.818381323893846,888251.8677407232,888274.6861220471
20130711,22.818381323893846,889352.9296531975,889375.7480345215
20130712,22.818381323893846,881944.9222956374,881967.7406769614
20130715,167.01320697524352,911341.4014937298,911508.4147007051
20130716,167.01320697524352,915981.7845135852,916148.7977205603
20130717,167.01320697524352,915718.079573848,915885.0927808234
20130718,167.01320697524352,941969.1532669594,942136.1664739347
20130719,167.01320697524352,935299.5371954243,935466.5504023996
20130722,140.9885449932719,940513.1129649322,940654.1015099254
20130723,140.9885449932719,945709.5221950341,945850.5107400273
20130724,140.9885449932719,956287.0283999862,956428.0169449794
20130725,140.9885449932719,938002.6463301358,938143.634875129
20130726,140.9885449932719,927601.6040952388,927742.5926402321
20130729,66.19935984960864,901807.7592417467,901873.9586015963
20130730,66.19935984960864,915499.0085581086,915565.2079179581
20130731,66.19935984960864,880344.8934832744,880411.092843124
20130801,66.19935984960864,892610.9887042633,892677.1880641129
20130802,66.19935984960864,887116.0261214945,887182.225481344
20130805,198.7164026114042,890002.8891286367,890201.605531248
20130806,198.7164026114042,909424.5930130904,909623.3094157018
20130807,198.7164026114042,901658.3869901092,901857.1033927207
20130808,198.7164026114042,907166.4823921667,907365.1987947782
20130809,198.7164026114042,880901.3570991044,881100.0735017159
20130812,443.11210005826433,897591.8448572888,898034.956957347
20130813,443.11210005826433,880710.2414941654,881153.3535942236
20130814,443.11210005826433,892934.2347485214,893377.3468485796
20130815,443.11210005826433,880723.6299335307,881166.7420335889
20130816,443.11210005826433,867914.6170989509,868357.7291990091
20130819,65.15972858746409,893396.3001182572,893461.4598468447
20130820,65.15972858746409,891625.9488440962,891691.1085726836
20130821,65.15972858746409,897526.9365650672,897592.0962936546
20130822,65.15972858746409,897064.4052792917,897129.5650078792
20130823,65.15972858746409,891311.2406520701,891376.4003806576
20130826,12.433192545635393,938952.2608929999,938964.6940855456
20130827,12.433192545635393,983876.8630903974,983889.2962829431
20130828,12.433192545635393,977242.4116755847,977254.8448681304
20130829,12.433192545635393,1000884.904165435,1000897.3373579807
20130830,12.433192545635393,1000484.7534069112,1000497.1865994568
20130902,112.56661222441471,926018.3455931228,926130.9122053472
20130903,112.56661222441471,890972.0013403948,891084.5679526193
20130904,112.56661222441471,902760.764494618,902873.3311068425
20130905,112.56661222441471,884923.9605650363,885036.5271772607
20130906,112.56661222441471,891276.9930846626,891389.559696887
20130909,189902.44710335936,714995.529878706,904897.9769820654
20130910,189902.44710335936,718243.6406874061,908146.0877907655
20130911,189902.44710335936,714649.6121537427,904552.0592571021
20130912,189902.44710335936,720088.1907213705,909990.6378247299
20130913,189902.44710335936,716487.7595778479,906390.2066812073
20130916,122.71000541909598,943189.5613772706,943312.2713826897
20130917,122.71000541909598,923558.5944280872,923681.3044335063
20130918,122.71000541909598,906252.9373958383,906375.6474012574
20130923,1039.2962387115113,895883.9837810107,896923.2800197222
20130924,1039.2962387115113,902978.4562782426,904017.7525169542
20130925,1039.2962387115113,909695.9519083705,910735.248147082
20130926,1039.2962387115113,886674.9021024886,887714.1983412001
20130927,1039.2962387115113,880980.3159108785,882019.6121495899
20130930,2231.4483263313596,868283.0093205104,870514.4576468418
20131008,865.4828643465007,900485.5697760538,901351.0526404002
20131009,865.4828643465007,913680.2902928479,914545.7731571944
20131010,865.4828643465007,914136.9439518753,915002.4268162218
20131011,865.4828643465007,911011.3647341832,911876.8475985297
20131014,327.04232561119716,928045.1575093215,928372.1998349327
20131015,327.04232561119716,946864.891045089,947191.9333707002
20131016,327.04232561119716,905384.6526869785,905711.6950125897
20131017,327.04232561119716,903885.3931321937,904212.4354578049
20131018,327.04232561119716,912316.3451904965,912643.3875161078
20131021,208209.91126916485,748312.748400118,956522.6596692828
20131022,208209.91126916485,727265.9520375339,935475.8633066987
20131023,208209.91126916485,719818.3611774362,928028.2724466011
20131024,208209.91126916485,722511.1727374118,930721.0840065767
20131025,208209.91126916485,684821.1848730547,893031.0961422196
20131028,250.20270533507573,905014.3048892404,905264.5075945755
20131029,250.20270533507573,865096.3902676958,865346.5929730309
20131030,250.20270533507573,880054.9605491526,880305.1632544877
20131031,250.20270533507573,842963.5219525627,843213.7246578978
20131101,250.20270533507573,818638.0148703374,818888.2175756725
20131104,964.1862414335192,809287.332744092,810251.5189855255
20131105,964.1862414335192,818444.9765050486,819409.1627464821
20131106,964.1862414335192,843211.9720194486,844176.1582608821
20131107,964.1862414335192,822317.2234025083,823281.4096439418
20131108,964.1862414335192,828567.3290496208,829531.5152910543
20131111,449.77019424029277,831277.7963983868,831727.5665926271
20131112,449.77019424029277,804149.7002794587,804599.4704736989
20131113,449.77019424029277,773521.8613241217,773971.631518362
20131114,449.77019424029277,778784.0551605563,779233.8253547966
20131115,449.77019424029277,776073.5105092776,776523.2807035178
20131118,1390.4284413194982,798364.6166548758,799755.0450961953
20131119,1390.4284413194982,782812.8299293799,784203.2583706994
20131120,1390.4284413194982,805055.8244017548,806446.2528430743
20131121,1390.4284413194982,782023.843524192,783414.2719655115
20131122,1390.4284413194982,778778.0404498185,780168.468891138
20131125,376.0040046092763,793798.5736829467,794174.577687556
20131126,376.0040046092763,786320.0927652153,786696.0967698246
20131127,376.0040046092763,783175.3302642483,783551.3342688576
20131128,376.0040046092763,786708.4494544185,787084.4534590278
20131129,376.0040046092763,791613.7063367941,791989.7103414034
20131202,152434.9940612572,607087.0433385541,759522.0373998113
20131203,152434.9940612572,625409.3705316228,777844.36459288
20131204,152434.9940612572,646324.3088348769,798759.3028961341
20131205,152434.9940612572,623775.3198785082,776210.3139397654
20131206,152434.9940612572,617338.4581556306,769773.4522168878
20131209,70.398448329448,793854.7382942087,793925.1367425381
20131210,70.398448329448,771459.5953882026,771529.993836532
20131211,70.398448329448,765590.5963227622,765660.9947710916
20131212,70.398448329448,773249.8574911284,773320.2559394578
20131213,70.398448329448,789367.6567535433,789438.0552018727
20131216,61.58670626179082,807604.7365547577,807666.3232610195
20131217,61.58670626179082,816453.2966093391,816514.8833156009
20131218,61.58670626179082,805819.919244363,805881.5059506248
20131219,61.58670626179082,785589.8272410436,785651.4139473054
20131220,61.58670626179082,762128.2756729203,762189.8623791821
20131223,176750.58261460636,603950.5629642564,780701.1455788627
20131224,176750.58261460636,609449.8544601212,786200.4370747276
20131225,176750.58261460636,601507.5785690114,778258.1611836178
20131226,176750.58261460636,581806.7356651621,758557.3182797685
20131227,176750.58261460636,588093.8771462226,764844.459760829
20131230,155515.30626666863,619030.6438369299,774545.9501035985
20131231,155515.30626666863,619003.0779573034,774518.384223972
20140102,155515.30626666863,655525.9338817234,811041.240148392
20140103,155515.30626666863,665706.5348702278,821221.8411368964
20140106,157.19023639985244,772982.2071459335,773139.3973823334
20140107,157.19023639985244,775087.8302404846,775245.0204768844
20140108,157.19023639985244,767250.6191893835,767407.8094257833
20140109,157.19023639985244,741244.0051050666,741401.1953414665
20140110,157.19023639985244,721146.9519212157,721304.1421576156
20140113,2522.3668412473926,737279.4776833388,739801.8445245862
20140114,2522.3668412473926,748550.4088650055,751072.7757062529
20140115,2522.3668412473926,756174.4619737517,758696.8288149991
20140116,2522.3668412473926,753129.4399693292,755651.8068105766
20140117,2522.3668412473926,748648.3158028495,751170.6826440969
20140120,129.9483073080337,734568.6955061825,734698.6438134905
20140121,129.9483073080337,741452.9798485755,741582.9281558836
20140122,129.9483073080337,745396.4071793254,745526.3554866334
20140123,129.9483073080337,758444.2080464255,758574.1563537335
20140124,129.9483073080337,780233.1210095414,780363.0693168495
20140127,481.72699109921814,760404.3225942337,760886.0495853329
20140128,481.72699109921814,747812.8582442806,748294.5852353798
20140129,481.72699109921814,748419.5418336209,748901.26882472
20140130,481.72699109921814,742374.2800814508,742856.00707255
20140207,20.240118058822418,757392.8557989335,757413.0959169924
20140210,151.0253262926085,767231.910538665,767382.9358649576
20140211,151.0253262926085,774727.1316915975,774878.1570178901
20140212,151.0253262926085,775552.7654325347,775703.7907588274
20140213,151.0253262926085,787036.5329402374,787187.55826653
20140214,151.0253262926085,805283.8270464776,805434.8523727702
20140217,807.3142554844962,832470.6059725843,833277.9202280688
20140218,807.3142554844962,827770.4925093839,828577.8067648684
20140219,807.3142554844962,819447.9302033532,820255.2444588377
20140220,807.3142554844962,805356.2003159819,806163.5145714664
20140221,807.3142554844962,801272.9364950295,802080.250750514
20140224,1116.0639254004054,795690.6614536659,796806.7253790663
20140225,1116.0639254004054,767121.2602425908,768237.3241679912
20140226,1116.0639254004054,783034.3310063694,784150.3949317698
20140227,1116.0639254004054,768062.3425606263,769178.4064860267
20140228,1116.0639254004054,780795.6757080148,781911.7396334151
20140303,9.995705112960422,808036.0657156064,808046.0614207194
20140304,9.995705112960422,814380.6116338451,814390.6073389581
20140305,9.995705112960422,857959.0266649264,857969.0223700394
20140306,9.995705112960422,878680.9210869918,878690.9167921047
20140307,9.995705112960422,858445.7347809573,858455.7304860703
20140310,215.08299396419898,853909.1408341832,854124.2238281474
20140311,215.08299396419898,826793.6041235272,827008.6871174914
20140312,215.08299396419898,770697.4630681771,770912.5460621413
20140313,215.08299396419898,745314.6580801327,745529.7410740969
20140314,215.08299396419898,750266.3504023884,750481.4333963526
20140317,505.0654142346175,755530.719259747,756035.7846739816
20140318,505.0654142346175,755771.7327486265,756276.7981628611
20140319,505.0654142346175,764181.6511073092,764686.7165215438
20140320,505.0654142346175,745102.2745215392,745607.3399357739
20140321,505.0654142346175,742247.8516480511,742752.9170622857
20140324,245.5803572575678,772436.460406674,772682.0407639316
20140325,245.5803572575678,746825.6905299046,747071.2708871621
20140326,245.5803572575678,747437.5129776394,747683.093334897
20140327,245.5803572575678,723910.129889275,724155.7102465325
20140328,245.5803572575678,708296.5019610303,708542.0823182878
20140331,141083.91663281206,545297.6988292924,686381.6154621046
20140401,141083.91663281206,553136.9540592013,694220.8706920133
20140402,141083.91663281206,555584.1221630252,696668.0387958372
20140403,141083.91663281206,555104.4946494215,696188.4112822337
20140404,141083.91663281206,546965.2120068967,688049.1286397087
20140408,326.15745227539446,696187.4386681621,696513.5961204375
20140409,326.15745227539446,712168.515651245,712494.6731035204
20140410,326.15745227539446,715242.2252566925,715568.3827089679
20140411,326.15745227539446,711057.2544512703,711383.4119035457
20140414,251.09981623411295,710646.5172318884,710897.6170481225
20140415,251.09981623411295,691377.9651676872,691629.0649839212
20140416,251.09981623411295,702635.824097794,702886.9239140281
20140417,251.09981623411295,697585.8522051387,697836.9520213727
20140418,251.09981623411295,696174.3080285068,696425.4078447409
20140421,373.80467317649163,694815.0285740511,695188.8332472276
20140422,373.80467317649163,699526.8272000639,699900.6318732403
20140423,373.80467317649163,706210.3688646124,706584.1735377889
20140424,373.80467317649163,706531.6301921569,706905.4348653334
20140425,373.80467317649163,674590.0734928476,674963.8781660241
20140428,123618.40731530511,547234.9070836306,670853.3143989356
20140429,123618.40731530511,532929.5126577662,656547.9199730713
20140430,123618.40731530511,553866.9424905329,677485.349805838
20140505,304.86708068661073,689921.6607664359,690226.5278471225
20140506,304.86708068661073,680587.9321728114,680892.799253498
20140507,304.86708068661073,680145.241883576,680450.1089642626
20140508,304.86708068661073,665896.0307139473,666200.8977946339
20140509,304.86708068661073,666648.082215871,666952.9492965576
20140512,110.85457649012096,692687.5373458017,692798.3919222918
20140513,110.85457649012096,689667.034582128,689777.8891586182
20140514,110.85457649012096,670884.0952740696,670994.9498505597
20140515,110.85457649012096,644785.1438015251,644895.9983780152
20140516,110.85457649012096,643331.4422058591,643442.2967823492
20140519,1179.9384273608302,646609.5019190242,647789.440346385
20140520,1179.9384273608302,651135.3198880971,652315.258315458
20140521,1179.9384273608302,664366.9422307767,665546.8806581375
20140522,1179.9384273608302,659521.1833821167,660701.1218094776
20140523,1179.9384273608302,656158.0466197148,657337.9850470757
20140526,135263.83271746302,513064.4810914487,648328.3138089117
20140527,135263.83271746302,506964.3933066502,642228.2260241132
20140528,135263.83271746302,525037.2965093683,660301.1292268314
20140529,135263.83271746302,532567.0084661341,667830.8411835971
20140530,135263.83271746302,525041.5376427032,660305.3703601662
20140603,576.1719626528211,656077.4410560149,656653.6130186677
20140604,576.1719626528211,647251.159984065,647827.3319467178
20140605,576.1719626528211,666696.6711636563,667272.8431263091
20140606,576.1719626528211,653585.2089605078,654161.3809231606
20140609,205.49188275237975,656271.651960572,656477.1438433244
20140610,205.49188275237975,665839.3992600556,666044.891142808
20140611,205.49188275237975,675659.5799149929,675865.0717977453
20140612,205.49188275237975,670160.2024674342,670365.6943501866
20140613,205.49188275237975,668436.6481026289,668642.1399853813
20140616,692.8085080510646,662687.6621156828,663380.4706237339
20140617,692.8085080510646,651570.8960976285,652263.7046056796
20140618,692.8085080510646,659797.1075033688,660489.9160114198
20140619,692.8085080510646,634102.0233272794,634794.8318353305
20140620,692.8085080510646,644718.9437089589,645411.75221701
20140623,14.293433197177364,663586.1400068847,663600.4334400819
20140624,14.293433197177364,664164.3533551965,664178.6467883937
20140625,14.293433197177364,679593.7756513553,679608.0690845525
20140626,14.293433197177364,710789.3225593098,710803.615992507
20140627,14.293433197177364,737188.3355369653,737202.6289701625
20140630,20.980554066027253,771150.5884327987,771171.5689868648
20140701,20.980554066027253,779029.0639466984,779050.0445007645
20140702,20.980554066027253,767333.4683036811,767354.4488577471
20140703,20.980554066027253,760338.0567740746,760359.0373281406
20140704,20.980554066027253,749203.6890222752,749224.6695763412
20140707,6.270350756996777,746207.2844527599,746213.554803517
20140708,6.270350756996777,761076.4770791897,761082.7474299467
20140709,6.270350756996777,753262.4338082988,753268.7041590558
20140710,6.270350756996777,758598.1327313207,758604.4030820776
20140711,6.270350756996777,749914.5450724321,749920.8154231892
20140714,134.53758623524845,760562.1141731287,760696.651759364
20140715,134.53758623524845,739484.821907849,739619.3594940843
20140716,134.53758623524845,729219.6973046842,729354.2348909194
20140717,134.53758623524845,724464.7136297006,724599.2512159358
20140718,134.53758623524845,719784.4887467657,719919.0263330009
20140721,305.3854732092077,726733.3612381883,727038.7467113975
20140722,305.3854732092077,727046.7736395322,727352.1591127414
20140723,305.3854732092077,725453.0908136124,725758.4762868216
20140724,305.3854732092077,711583.7861714935,711889.1716447027
20140725,305.3854732092077,714325.6274977999,714631.0129710091
20140728,123.22162188931179,707980.5040379554,708103.7256598447
20140729,123.22162188931179,741742.3477883657,741865.569410255
20140730,123.22162188931179,747470.2460980655,747593.4677199548
20140731,123.22162188931179,737392.2295922049,737515.4512140942
20140801,123.22162188931179,724268.3475651783,724391.5691870676
20140804,337.0332002554751,726651.7874852677,726988.8206855232
20140805,337.0332002554751,720402.8509809126,720739.884181168
20140806,337.0332002554751,724701.6154468259,725038.6486470813
20140807,337.0332002554751,718893.3652788147,719230.3984790702
20140808,337.0332002554751,726633.3173102214,726970.3505104769
20140811,1163.43798713258,726873.7691037351,728037.2070908677
20140812,1163.43798713258,722917.2883055952,724080.7262927277
20140813,1163.43798713258,721431.2633864188,722594.7013735514
20140814,1163.43798713258,704083.7823725564,705247.220359689
20140815,1163.43798713258,707249.2793178578,708412.7173049904
20140818,2296.028534810699,735342.9765408095,737639.0050756203
20140819,2296.028534810699,719065.8947845625,721361.9233193733
20140820,2296.028534810699,700963.2729827992,703259.30151761
20140821,2296.028534810699,705578.982003962,707875.0105387727
20140822,2296.028534810699,706223.5209031594,708519.5494379702
20140825,999.1554917668691,720428.9766956161,721428.132187383
20140826,999.1554917668691,718425.2996744101,719424.455166177
20140827,999.1554917668691,706999.6726238797,707998.8281156466
20140828,999.1554917668691,692660.6695208903,693659.8250126572
20140829,999.1554917668691,689289.5304390528,690288.6859308197
20140901,3438.5228873095766,704918.9027090146,708357.4255963241
20140902,3438.5228873095766,710129.5588475934,713568.0817349029
20140903,3438.5228873095766,717135.9798902415,720574.5027775511
20140904,3438.5228873095766,715987.3565430001,719425.8794303096
20140905,3438.5228873095766,726440.7857066642,729879.3085939738
20140909,140374.28749393052,612613.5660871309,752987.8535810615
20140910,140374.28749393052,614192.2296138201,754566.5171077506
20140911,140374.28749393052,606249.6379848776,746623.9254788081
20140912,140374.28749393052,606516.7490024166,746891.0364963472
20140915,1308.2825336125097,774832.6046506445,776140.8871842569
20140916,1308.2825336125097,813232.1916575431,814540.4741911555
20140917,1308.2825336125097,793650.1390328367,794958.4215664491
20140918,1308.2825336125097,815689.5254200308,816997.8079536434
20140919,1308.2825336125097,828489.7487391187,829798.0312727313
20140922,322495.73544101184,530849.7619633444,853345.4974043563
20140923,322495.73544101184,528988.5340340561,851484.269475068
20140924,322495.73544101184,521306.1890716204,843801.9245126322
20140925,322495.73544101184,524754.4526729875,847250.1881139993
20140926,322495.73544101184,528810.4072148858,851306.1426558977
20140929,174348.07897267118,677865.0545810064,852213.1335536776
20140930,174348.07897267118,674887.8707238118,849235.949696483
20141008,2232.276838473248,861974.1190392748,864206.395877748
20141009,2232.276838473248,860077.2867743744,862309.5636128477
20141010,2232.276838473248,843454.6112527137,845686.888091187
20141013,1494.7649815125042,835435.9733079101,836930.7382894226
20141014,1494.7649815125042,835204.7681850451,836699.5331665576
20141015,1494.7649815125042,836360.1797747603,837854.9447562727
20141016,1494.7649815125042,803788.4492529765,805283.214234489
20141017,1494.7649815125042,803784.6665968935,805279.4315784059
20141020,918.023989267298,783908.9370681825,784826.9610574498
20141021,918.023989267298,764957.925434138,765875.9494234053
20141022,918.023989267298,740654.8269146,741572.8509038673
20141023,918.023989267298,712295.76012932,713213.7841185873
20141024,918.023989267298,709211.2139369783,710129.2379262456
20141027,626.919882543938,711343.7317615427,711970.6516440867
20141028,626.919882543938,750499.3360038826,751126.2558864265
20141029,626.919882543938,763670.2050427243,764297.1249252682
20141030,626.919882543938,750865.4063197069,751492.3262022509
20141031,626.919882543938,737901.9931439041,738528.9130264481
20141103,811.4382193941274,755786.8774005416,756598.3156199357
20141104,811.4382193941274,749247.358510483,750058.7967298771
20141105,811.4382193941274,753258.9946100519,754070.4328294459
20141106,811.4382193941274,754217.5120716179,755028.950291012
20141107,811.4382193941274,750684.971617309,751496.4098367032
20141110,155523.37909159478,616174.0887447231,771697.4678363178
20141111,155523.37909159478,591724.423675453,747247.8027670479
20141112,155523.37909159478,596808.1770418949,752331.5561334896
20141113,155523.37909159478,594902.5213377951,750425.9004293899
20141114,155523.37909159478,564298.8389688386,719822.2180604334
20141117,551.7276605647639,704982.3179746108,705534.0456351757
20141118,551.7276605647639,700982.0483192774,701533.7759798421
20141119,551.7276605647639,711003.0332508105,711554.7609113753
20141120,551.7276605647639,708887.1154105942,709438.843071159
20141121,551.7276605647639,716623.8044400954,717175.5321006603
20141124,1009.2597836798814,737024.697976704,738033.9577603838
20141125,1009.2597836798814,738734.5707544016,739743.8305380815
20141126,1009.2597836798814,733191.6328333655,734200.8926170453
20141127,1009.2597836798814,755351.5861155333,756360.8458992131
20141128,1009.2597836798814,745603.4343939633,746612.6941776432
20141201,156917.36503274727,606064.9493297194,762982.3143624667
20141202,156917.36503274727,626441.1795680014,783358.5446007487
20141203,156917.36503274727,637859.5980319467,794776.963064694
20141204,156917.36503274727,648930.1071995639,805847.4722323111
20141205,156917.36503274727,635025.7173635554,791943.0823963027
20141208,166766.61872321498,627385.3138471182,794151.9325703331
20141209,166766.61872321498,564715.8294188506,731482.4481420656
20141210,166766.61872321498,588318.9480995123,755085.5668227272
20141211,166766.61872321498,595137.6533932157,761904.2721164307
20141212,166766.61872321498,585943.3956839417,752710.0144071566
20141215,1398.4015640096914,740586.0877587419,741984.4893227516
20141216,1398.4015640096914,751817.5986462197,753216.0002102294
20141217,1398.4015640096914,757210.5959962344,758608.9975602442
20141218,1398.4015640096914,739811.2843285961,741209.6858926058
20141219,1398.4015640096914,735208.2646413783,736606.666205388
20141222,158891.3459459184,542492.3510484558,701383.6969943743
20141223,158891.3459459184,497755.61756438756,656646.963510306
20141224,158891.3459459184,496742.64032234973,655633.9862682682
20141225,158891.3459459184,530439.9229137219,689331.2688596402
20141226,158891.3459459184,532890.1002407956,691781.4461867141
20141229,433.1416597448988,712714.3581630171,713147.499822762
20141230,433.1416597448988,686079.5459088077,686512.6875685526
20141231,433.1416597448988,686680.1239986978,687113.2656584427
20150105,220.3270841226331,683331.2522264369,683551.5793105594
20150106,220.3270841226331,702213.7857171366,702434.1128012592
20150107,220.3270841226331,733249.7631447137,733470.0902288363
20150108,220.3270841226331,721258.0349609966,721478.3620451193
20150109,220.3270841226331,706763.2736342131,706983.6007183357
20150112,218.7608797311259,721086.7020605818,721305.4629403129
20150113,218.7608797311259,723627.2341649391,723845.9950446703
20150114,218.7608797311259,712990.2196602752,713208.9805400063
20150115,218.7608797311259,724459.3073425678,724678.068222299
20150116,218.7608797311259,738770.1888057846,738988.9496855157
20150119,791.9709440743609,735962.9294524983,736754.9003965727
20150120,791.9709440743609,769006.8892192814,769798.8601633557
20150121,791.9709440743609,768836.7167537746,769628.6876978489
20150122,791.9709440743609,766096.2635089256,766888.2344529999
20150123,791.9709440743609,750071.2198961078,750863.1908401821
20150126,2382.3863943116157,781931.6777771963,784314.064171508
20150127,2382.3863943116157,788971.3193907974,791353.705785109
20150128,2382.3863943116157,760532.7162753533,762915.1026696649
20150129,2382.3863943116157,747795.6133022427,750177.9996965544
20150130,2382.3863943116157,732941.4990282399,735323.8854225515
20150202,331.9898054009245,729451.529855948,729783.519661349
20150203,331.9898054009245,739964.0017350416,740295.9915404426
20150204,331.9898054009245,745893.991978636,746225.981784037
20150205,331.9898054009245,742847.2946549683,743179.2844603693
20150206,331.9898054009245,726310.5539056034,726642.5437110043
20150209,155278.40970251305,554986.5549404214,710264.9646429344
20150210,155278.40970251305,573179.871033191,728458.280735704
20150211,155278.40970251305,588249.8365595471,743528.2462620601
20150212,155278.40970251305,585103.0162854831,740381.4259879962
20150213,155278.40970251305,585448.0813754885,740726.4910780016
20150216,3383.775401636958,786930.3443966473,790314.1197982843
20150217,3383.775401636958,775071.3080028279,778455.0834044649
20150225,297.88639133423567,768208.7492087868,768506.635600121
20150226,297.88639133423567,776966.8804680461,777264.7668593803
20150227,297.88639133423567,783690.0752931603,783987.9616844945
20150302,455.4342157310457,818525.2252440021,818980.6594597332
20150303,455.4342157310457,801021.9668397566,801477.4010554876
20150304,455.4342157310457,811855.7666586443,812311.2008743754
20150305,455.4342157310457,818312.3156606487,818767.7498763797
20150306,455.4342157310457,790436.3473457976,790891.7815615286
20150309,814.189126589743,774690.4517716314,775504.6408982212
20150310,814.189126589743,801207.5861581038,802021.7752846936
20150311,814.189126589743,804828.4666550716,805642.6557816614
20150312,814.189126589743,795566.4525817954,796380.6417083852
20150313,814.189126589743,794648.8441715473,795463.0332981371
20150316,2228.824283138645,834708.3848300795,836937.2091132181
20150317,2228.824283138645,874749.9484597803,876978.7727429189
20150318,2228.824283138645,889521.7866849315,891750.6109680701
20150319,2228.824283138645,892463.0961370848,894691.9204202234
20150320,2228.824283138645,896780.2633532967,899009.0876364353
20150323,482.86105643055635,931035.820473634,931518.6815300647
20150324,482.86105643055635,971359.5903739159,971842.4514303464
20150325,482.86105643055635,982006.5008359649,982489.3618923954
20150326,482.86105643055635,936895.1908851988,937378.0519416293
20150327,482.86105643055635,948575.2165646579,949058.0776210884
20150330,3786.21773109716,879357.841767247,883144.0594983441
20150331,3786.21773109716,905087.2577345055,908873.4754656026
20150401,3786.21773109716,926652.1345346642,930438.3522657614
20150402,3786.21773109716,1001431.7598167011,1005217.9775477982
20150403,3786.21773109716,1031218.4708313823,1035004.6885624795
20150407,513.2353025325574,1047244.3566323955,1047757.5919349281
20150408,513.2353025325574,1061270.038823327,1061783.2741258596
20150409,513.2353025325574,1069230.7441298352,1069743.9794323677
20150410,513.2353025325574,1115433.5553439774,1115946.79064651
20150413,3695.8223152926657,1153228.5356213036,1156924.3579365963
20150414,3695.8223152926657,1148868.3695846673,1152564.19189996
20150415,3695.8223152926657,1136515.0483340714,1140210.870649364
20150416,3695.8223152926657,1153603.4686522724,1157299.290967565
20150417,3695.8223152926657,1149238.4366016919,1152934.2589169845
20150420,26.778130629943917,1127623.146277091,1127649.924407721
20150421,26.778130629943917,1139182.103046198,1139208.881176828
20150422,26.778130629943917,1203077.801272106,1203104.579402736
20150423,26.778130629943917,1215557.7358880898,1215584.5140187198
20150424,26.778130629943917,1208165.486570077,1208192.264700707
20150427,2610.5401250798604,1185579.665451482,1188190.2055765619
20150428,2610.5401250798604,1190622.7848829196,1193233.3250079995
20150429,2610.5401250798604,1251519.8156961133,1254130.3558211932
20150430,2610.5401250798604,1248846.7498543807,1251457.2899794606
20150504,233939.95345881593,1062056.2436300903,1295996.197088906
20150505,233939.95345881593,1061557.2009117599,1295497.1543705757
20150506,233939.95345881593,1070270.385433836,1304210.3388926517
20150507,233939.95345881593,1066748.8487371807,1300688.8021959965
20150508,233939.95345881593,1139011.399985335,1372951.353444151
20150511,1533.722336282197,1430150.2866930598,1431684.009029342
20150512,1533.722336282197,1486675.3491212842,1488209.0714575665
20150513,1533.722336282197,1546197.8380273567,1547731.560363639
20150514,1533.722336282197,1562856.031352112,1564389.7536883943
20150515,1533.722336282197,1559295.936336776,1560829.6586730583
20150518,632976.4791802103,910525.4802887419,1543501.9594689521
20150519,632976.4791802103,917015.0078652053,1549991.4870454157
20150520,632976.4791802103,973687.6880138686,1606664.167194079
20150521,632976.4791802103,957548.6107656428,1590525.0899458532
20150522,632976.4791802103,925297.4967899868,1558273.975970197
20150525,5136.938584238058,1463906.652508852,1469043.5910930901
20150526,5136.938584238058,1501401.84305242,1506538.7816366581
20150527,5136.938584238058,1533036.4825957464,1538173.4211799845
20150528,5136.938584238058,1463619.1521226568,1468756.0907068949
20150529,5136.938584238058,1485135.5852646797,1490272.5238489178
20150601,311824.92875324277,1168944.8581059615,1480769.7868592043
20150602,311824.92875324277,1195277.9524276182,1507102.881180861
20150603,311824.92875324277,1169498.44898945,1481323.3777426928
20150604,311824.92875324277,1127699.7007314046,1439524.6294846474
20150605,311824.92875324277,1115881.1529464675,1427706.0816997103
20150608,3181.4287969655124,1375496.947308206,1378678.3761051716
20150609,3181.4287969655124,1359156.1843174985,1362337.613114464
20150610,3181.4287969655124,1384133.7016849092,1387315.1304818746
20150611,3181.4287969655124,1409249.8682444878,1412431.2970414534
20150612,3181.4287969655124,1410011.5553002818,1413192.9840972475
20150615,320503.3499974157,1068403.5164102612,1388906.8664076768
20150616,320503.3499974157,1047548.6678268006,1368052.0178242163
20150617,320503.3499974157,1063391.3717062084,1383894.7217036241
20150618,320503.3499974157,1008094.5313132169,1328597.8813106325
20150619,320503.3499974157,921239.4320598673,1241742.782057283
20150623,1154.6522850006586,1245276.2349711296,1246430.88725613
20150624,1154.6522850006586,1273068.855044044,1274223.5073290449
20150625,1154.6522850006586,1262404.68801559,1263559.3403005907
20150626,1154.6522850006586,1136175.4734047563,1137330.125689757
20150629,1173.4017146599945,1090931.7440770622,1092105.1457917222
20150630,1173.4017146599945,1022225.994578004,1023399.396292664
20150701,1173.4017146599945,1001651.1693413735,1002824.5710560335
20150702,1173.4017146599945,911919.4573820733,913092.8590967333
20150703,1173.4017146599945,820684.2192160342,821857.6209306942
20150706,622.0890966640436,733848.9678413812,734471.0569380452
20150707,622.0890966640436,681871.9178015811,682494.0068982451
20150708,622.0890966640436,669813.9531448232,670436.0422414872
20150709,622.0890966640436,708730.979291863,709353.068388527
20150710,622.0890966640436,751100.9402701401,751723.029366804
20150713,381.5818339904654,797780.5709166876,798162.1527506781
20150714,381.5818339904654,745904.9563137519,746286.5381477424
20150715,381.5818339904654,727494.3297715255,727875.911605516
20150716,381.5818339904654,700147.8140859376,700529.3959199281
20150717,381.5818339904654,742253.4561287765,742635.0379627671
20150720,32.630005334620364,781891.4101531022,781924.0401584369
20150721,32.630005334620364,860057.0427074939,860089.6727128285
20150722,32.630005334620364,834550.3626107976,834582.9926161323
20150723,32.630005334620364,844894.0854149878,844926.7154203224
20150724,32.630005334620364,761086.4222401289,761119.0522454635
20150727,2813.1794897076907,693352.3989707582,696165.5784604659
20150728,2813.1794897076907,648969.9516757512,651783.1311654589
20150729,2813.1794897076907,670165.2849036696,672978.4643933773
20150730,2813.1794897076907,648538.9273985082,651352.1068882159
20150731,2813.1794897076907,593483.7699586372,596296.9494483449
20150803,2067.709438960519,566143.1670786212,568210.8765175818
20150804,2067.709438960519,607112.8979891794,609180.6074281399
20150805,2067.709438960519,594655.9424005945,596723.651839555
20150806,2067.709438960519,566187.3738255051,568255.0832644657
20150807,2067.709438960519,575710.9066821542,577778.6161211147
20150810,1859.4649928194412,586346.3567509358,588205.8217437553
20150811,1859.4649928194412,605302.9677142565,607162.432707076
20150812,1859.4649928194412,599066.1666844308,600925.6316772503
20150813,1859.4649928194412,639705.4757371853,641564.9407300048
20150814,1859.4649928194412,651726.8117183128,653586.2767111323
20150817,180.2641972038109,657942.8610623587,658123.1252595625
20150818,180.2641972038109,609986.768759728,610167.0329569317
20150819,180.2641972038109,639212.9266363613,639393.1908335651
20150820,180.2641972038109,588815.8869525229,588996.1511497267
20150821,180.2641972038109,551448.6418679773,551628.9060651811
20150824,3904.999446320551,515066.0867242814,518971.086170602
20150825,3904.999446320551,463538.4288165373,467443.42826285784
20150826,3904.999446320551,434888.60542796686,438793.6048742874
20150827,3904.999446320551,438819.6936809902,442724.6931273107
20150828,3904.999446320551,480500.0447964221,484405.0442427427
20150831,875.5798180429847,433952.93015156407,434828.50996960705
20150901,875.5798180429847,390480.1404708159,391355.72028885887
20150902,875.5798180429847,361512.2120606256,362387.7918786686
20150907,19.423145769163966,343255.6619266973,343275.08507246646
20150908,19.423145769163966,341736.8315641898,341756.254709959
20150909,19.423145769163966,341736.8315641898,341756.254709959
20150910,19.423145769163966,339458.5860204285,339478.0091661977
20150911,19.423145769163966,336420.9252954135,336440.34844118264
20150914,595.3159345985041,312299.78262810566,312895.09856270417
20150915,595.3159345985041,304500.7635305826,305096.0794651811
20150916,595.3159345985041,327988.79300028854,328584.10893488704
20150917,595.3159345985041,304058.2521260412,304653.5680606397
20150918,595.3159345985041,289760.2557822628,290355.5717168613
20150921,284165.00011999207,0.0,284165.00011999207
20150922,284165.00011999207,0.0,284165.00011999207
20150923,284165.00011999207,0.0,284165.00011999207
20150924,284165.00011999207,0.0,284165.00011999207
20150925,284165.00011999207,0.0,284165.00011999207
20150928,1690.719715500636,286566.49231187266,288257.2120273733
20150929,1690.719715500636,274759.4772278683,276450.19694336894
20150930,1690.719715500636,280696.25351894484,282386.9732344455
20151008,1505.3032286101516,302658.917586752,304164.2208153621
20151009,1505.3032286101516,299376.9688824547,300882.2721110648
20151012,3229.0662140451022,303209.1503305965,306438.2165446416
20151013,3229.0662140451022,308797.42568322114,312026.49189726624
20151014,3229.0662140451022,306632.23704307235,309861.30325711746
20151015,3229.0662140451022,317342.74194961414,320571.80816365924
20151016,3229.0662140451022,324368.17044491135,327597.23665895645
20151019,1382.1809756515431,327595.09694732114,328977.2779229727
20151020,1382.1809756515431,326616.82792610244,327999.008901754
20151021,1382.1809756515431,297343.0368535288,298725.21782918036
20151022,1382.1809756515431,310767.98145158886,312150.1624272404
20151023,1382.1809756515431,329774.3258644578,331156.50684010936
20151026,142056.29469857202,191127.95869925886,333184.2533978309
20151027,142056.29469857202,202078.62045462194,344134.915153194
20151028,142056.29469857202,189240.18380435533,331296.47850292735
20151029,142056.29469857202,189979.10802273673,332035.40272130875
20151030,142056.29469857202,186650.77076404137,328707.06546261336
20151102,2457.3469884002625,328774.9106895828,331232.2576779831
20151103,2457.3469884002625,326277.15343672736,328734.5004251276
20151104,2457.3469884002625,344551.8864931636,347009.23348156386
20151105,2457.3469884002625,351192.86852682516,353650.2155152254
20151106,2457.3469884002625,357532.49759283743,359989.8445812377
20151109,428.3176853501136,346406.2774304528,346834.59511580295
20151110,428.3176853501136,346276.9049136923,346705.22259904246
20151111,428.3176853501136,354311.2617021708,354739.57938752096
20151112,428.3176853501136,357926.74899084645,358355.0666761966
20151113,428.3176853501136,354307.9235162041,354736.24120155425
20151116,3884.1858067240173,368836.3175272956,372720.5033340196
20151117,3884.1858067240173,364394.6960387668,368278.88184549083
20151118,3884.1858067240173,368036.10347641155,371920.28928313556
20151119,3884.1858067240173,383810.4500576792,387694.6358644032
20151120,3884.1858067240173,406689.3445376592,410573.5303443832
20151123,359.5629390378599,395262.8693156757,395622.43225471355
20151124,359.5629390378599,403775.14372021175,404134.7066592496
20151125,359.5629390378599,425223.732447753,425583.2953867909
20151126,359.5629390378599,432019.52881040535,432379.0917494432
20151127,359.5629390378599,400805.70478592673,401165.2677249646
20151130,89253.87894795608,337601.6892406066,426855.5681885627
20151201,89253.87894795608,333590.77517937304,422844.6541273291
20151202,89253.87894795608,330967.55465570686,420221.43360366294
20151203,89253.87894795608,335474.16410936764,424728.0430573237
20151204,89253.87894795608,337212.4478886254,426466.32683658146
20151207,166667.68757983856,258258.74039087706,424926.4279707156
20151208,166667.68757983856,258708.61341224881,425376.30099208734
20151209,166667.68757983856,246799.29081932834,413466.9783991669
20151210,166667.68757983856,237874.74877075214,404542.43635059067
20151211,166667.68757983856,232911.91127571676,399579.5988555553
20151214,1215.595889550561,402013.7240959335,403229.31998548406
20151215,1215.595889550561,412754.86506332277,413970.46095287334
20151216,1215.595889550561,430433.3563796075,431648.9522691581
20151217,1215.595889550561,448293.244275936,449508.84016548656
20151218,1215.595889550561,451489.9537891422,452705.54967869277
20151221,1389.6686946087575,448019.5912988123,449409.25999342103
20151222,1389.6686946087575,435333.276695668,436722.9453902767
20151223,1389.6686946087575,419730.01546919346,421119.6841638022
20151224,1389.6686946087575,413422.6642998219,414812.3329944307
20151225,1389.6686946087575,411845.03667888226,413234.70537349104
20151228,5609.410202315601,399875.266879612,405484.6770819276
20151229,5609.410202315601,408074.24250981805,413683.65271213365
20151230,5609.410202315601,400796.2095838704,406405.619786186
20151231,5609.410202315601,397395.3047497523,403004.7149520679
20160104,2650.171426678513,366489.8272679647,369139.99869464326
20160105,2650.171426678513,386016.9919624385,388667.163389117
20160106,2650.171426678513,408313.1884442007,410963.3598708792
20160107,2650.171426678513,370165.99522329425,372816.1666499728
20160108,2650.171426678513,389200.81516161596,391850.9865882945
20160111,89944.24477445264,272484.2644385098,362428.50921296247
20160112,89944.24477445264,257881.33778739776,347825.58256185043
20160113,89944.24477445264,251199.7664530859,341144.0112275386
20160114,89944.24477445264,259731.7878038372,349676.03257828986
20160115,89944.24477445264,244761.92119633005,334706.1659707827
20160118,1892.7758823286058,323909.02113804454,325801.79702037317
20160119,1892.7758823286058,316825.3888712961,318718.1647536247
20160120,1892.7758823286058,317980.5984333077,319873.37431563635
20160121,1892.7758823286058,306364.88698736485,308257.6628696935
20160122,1892.7758823286058,284996.9555958249,286889.73147815355
20160125,803.3641401518835,289616.76646706584,290420.1306072177
20160126,803.3641401518835,260622.75449101796,261426.11863116984
20160127,803.3641401518835,234538.92215568863,235342.28629584052
20160128,803.3641401518835,211041.91616766466,211845.28030781655
20160129,803.3641401518835,208562.874251497,209366.2383916489
20160201,203067.10622877462,0.0,203067.10622877462
20160202,203067.10622877462,0.0,203067.10622877462
20160203,203067.10622877462,0.0,203067.10622877462
20160204,203067.10622877462,0.0,203067.10622877462
20160205,203067.10622877462,0.0,203067.10622877462
20160215,3473.6988865378735,211525.4330951304,214999.13198166827
20160216,3473.6988865378735,214913.80854156715,218387.50742810502
20160217,3473.6988865378735,210168.94908952765,213642.64797606552
20160218,3473.6988865378735,212540.04898467404,216013.7478712119
20160219,3473.6988865378735,210465.24903955776,213938.94792609563
20160222,11800.150164154467,210658.27428505896,222458.42444921343
20160223,11800.150164154467,206015.91135539734,217816.06151955182
20160224,11800.150164154467,204019.408122557,215819.5582867115
20160225,11800.150164154467,186991.65380811648,198791.80397227095
20160226,11800.150164154467,183487.74464844682,195287.8948126013
20160229,19423.34451873629,162167.87682930203,181591.22134803832
20160301,19423.34451873629,155487.5998327323,174910.94435146858
20160302,19423.34451873629,163347.23247165437,182770.57699039066
20160303,19423.34451873629,164613.77553984663,184037.12005858292
20160304,19423.34451873629,157318.60636547726,176741.95088421355
20160307,461.19854576404396,179508.96872209347,179970.16726785753
20160308,461.19854576404396,176848.0818778743,177309.28042363835
20160309,461.19854576404396,170920.0435891016,171381.24213486566
20160310,461.19854576404396,168056.55959442013,168517.7581401842
20160311,461.19854576404396,162536.24199427463,162997.4405400387
20160314,162769.98113094212,0.0,162769.98113094212
20160315,162769.98113094212,0.0,162769.98113094212
20160316,162769.98113094212,0.0,162769.98113094212
20160317,162769.98113094212,0.0,162769.98113094212
20160318,162769.98113094212,0.0,162769.98113094212
20160321,2228.885331523412,159762.1372281599,161991.0225596833
20160322,2228.885331523412,160492.98427902858,162721.86961055198
20160323,2228.885331523412,160255.38806671146,162484.27339823486
20160324,2228.885331523412,157770.62865595272,159999.51398747612
20160325,2228.885331523412,158625.13670077643,160854.02203229984
20160328,34763.34601981845,119429.67509472708,154193.02111454553
20160329,34763.34601981845,117112.78961255742,151876.13563237587
20160330,34763.34601981845,122108.7508773973,156872.09689721576
20160331,34763.34601981845,119993.02546385978,154756.37148367823
20160401,34763.34601981845,120249.59146356603,155012.93748338448
20160405,3720.2361585908584,157215.53470376137,160935.77086235222
20160406,3720.2361585908584,157086.724622357,160806.96078094785
20160407,3720.2361585908584,157744.39417960963,161464.63033820048
20160408,3720.2361585908584,154823.23284775284,158543.4690063437
20160411,1477.1700809059184,157556.75427157275,159033.92435247867
20160412,1477.1700809059184,155514.8709935521,156992.04107445801
20160413,1477.1700809059184,155930.05611252075,157407.22619342667
20160414,1477.1700809059184,157787.7076742986,159264.87775520454
20160415,1477.1700809059184,157082.2719226073,158559.44200351322
20160418,1524.8594818042075,154458.58812120932,155983.44760301354
20160419,1524.8594818042075,155818.52843396188,157343.3879157661
20160420,1524.8594818042075,150458.26191610697,151983.1213979112
20160421,1524.8594818042075,147280.48100523272,148805.34048703694
20160422,1524.8594818042075,147348.97366989192,148873.83315169613
20160425,5384.169581033526,140448.4015366588,145832.57111769234
20160426,5384.169581033526,140203.35347108956,145587.52305212308
20160427,5384.169581033526,144135.4841960396,149519.6537770731
20160428,5384.169581033526,143209.4770729714,148593.64665400493
20160429,5384.169581033526,144736.03778127214,150120.20736230566
20160503,3671.482964048224,150402.76522391665,154074.24818796487
20160504,3671.482964048224,154857.62254562712,158529.10550967534
20160505,3671.482964048224,155306.10066610278,158977.583630151
20160506,3671.482964048224,149619.54298924858,153291.0259532968
20160509,3384.6812947494072,143392.14335933037,146776.82465407977
20160510,3384.6812947494072,138877.10635654372,142261.78765129313
20160511,3384.6812947494072,131957.2024716558,135341.8837664052
20160512,3384.6812947494072,129578.9620385036,132963.643333253
20160513,3384.6812947494072,130720.37077154452,134105.05206629392
20160516,875.7989253822052,134146.9063676336,135022.7052930158
20160517,875.7989253822052,137050.8892147867,137926.6881401689
20160518,875.7989253822052,139631.0735484097,140506.8724737919
20160519,875.7989253822052,139706.5026100824,140582.3015354646
20160520,875.7989253822052,134705.73366174786,135581.53258713006
20160523,4074.4802461325307,133112.52720911603,137187.00745524856
20160524,4074.4802461325307,128515.61823700814,132590.09848314067
20160525,4074.4802461325307,124964.53755796269,129039.01780409522
20160526,4074.4802461325307,128155.25572803541,132229.73597416794
20160527,4074.4802461325307,129402.68678872834,133477.16703486087
20160530,2400.777315671374,129856.32064187722,132257.0979575486
20160531,2400.777315671374,134211.14032775065,136611.91764342203
20160601,2400.777315671374,137250.3535253113,139651.1308409827
20160602,2400.777315671374,140285.93464401946,142686.71195969085
20160603,2400.777315671374,138004.34728277865,140405.12459845003
20160606,1745.7876601095304,138913.72714651094,140659.51480662046
20160607,1745.7876601095304,142516.2613071647,144262.04896727423
20160608,1745.7876601095304,141745.21302105492,143491.00068116444
20160613,856.7812192300589,139183.57590499683,140040.3571242269
20160614,856.7812192300589,141146.1253602097,142002.90657943976
20160615,856.7812192300589,152097.82617191132,152954.60739114138
20160616,856.7812192300589,156244.06101006846,157100.84222929852
20160617,856.7812192300589,157468.18422652647,158324.96544575653
20160620,28.197614813029986,156922.65964642487,156950.8572612379
20160621,28.197614813029986,154218.43172999006,154246.62934480308
20160622,28.197614813029986,152917.7789600591,152945.97657487213
20160623,28.197614813029986,149023.3375525831,149051.53516739613
20160624,28.197614813029986,146861.55808286445,146889.75569767746
20160627,2131.822823093895,150328.08935126892,152459.9121743628
20160628,2131.822823093895,147979.2520732481,150111.07489634198
20160629,2131.822823093895,150197.192376498,152329.01519959187
20160630,2131.822823093895,154495.69818418546,156627.52100727934
20160701,2131.822823093895,151025.35817543408,153157.18099852797
20160704,9618.80101335999,147139.35700418233,156758.15801754233
20160705,9618.80101335999,153749.39026142927,163368.19127478928
20160706,9618.80101335999,161310.2875724273,170929.08858578728
20160707,9618.80101335999,159113.54937625935,168732.35038961936
20160708,9618.80101335999,157789.82719780915,167408.62821116915
20160711,319.6939366368824,166332.50632034542,166652.2002569823
20160712,319.6939366368824,162705.03338865584,163024.7273252927
20160713,319.6939366368824,160296.65752425918,160616.35146089605
20160714,319.6939366368824,158205.45812235412,158525.152058991
20160715,319.6939366368824,156519.82913831918,156839.52307495606
20160718,1938.9170135743225,159811.11758238694,161750.03459596128
20160719,1938.9170135743225,159076.88569926796,161015.8027128423
20160720,1938.9170135743225,156499.45836834065,158438.375381915
20160721,1938.9170135743225,156856.2635295279,158795.18054310224
20160722,1938.9170135743225,158828.12502281807,160767.0420363924
20160725,3329.4445654852098,154029.43607147457,157358.88063695977
20160726,3329.4445654852098,159209.73712684185,162539.18169232705
20160727,3329.4445654852098,152530.71825951623,155860.16282500143
20160728,3329.4445654852098,152796.37075431517,156125.81531980037
20160729,3329.4445654852098,154416.11321552022,157745.55778100542
20160801,1085.6945112243739,151606.1358199213,152691.83033114567
20160802,1085.6945112243739,153763.37770425732,154849.0722154817
20160803,1085.6945112243739,154671.47044116296,155757.16495238733
20160804,1085.6945112243739,158454.9872105391,159540.68172176348
20160805,1085.6945112243739,159182.39849699836,160268.09300822273
20160808,565.9058191129661,159392.69583912275,159958.6016582357
20160809,565.9058191129661,162153.8748065338,162719.78062564676
20160810,565.9058191129661,162359.6670708838,162925.57288999675
20160811,565.9058191129661,160835.00711673778,161400.91293585073
20160812,565.9058191129661,165204.56894412002,165770.47476323298
20160815,211.30358049808456,174500.42303973596,174711.72662023405
20160816,211.30358049808456,177392.05950245803,177603.36308295612
20160817,211.30358049808456,170592.09908699137,170803.40266748946
20160818,211.30358049808456,172132.09954897224,172343.40312947033
20160819,211.30358049808456,168100.95527778938,168312.25885828747
20160822,711.8404083382247,166442.96357332572,167154.80398166395
20160823,711.8404083382247,166083.10421898562,166794.94462732386
20160824,711.8404083382247,169159.63219578966,169871.4726041279
20160825,711.8404083382247,170545.28740056342,171257.12780890166
20160826,711.8404083382247,170452.73623795816,171164.5766462964
20160829,413.30120378523134,166042.82535229903,166456.12655608426
20160830,413.30120378523134,164564.4521213084,164977.75332509362
20160831,413.30120378523134,165175.0408443388,165588.34204812403
20160901,413.30120378523134,165811.3794574182,166224.68066120343
20160902,413.30120378523134,163639.10145036448,164052.40265414972
20160905,94.38514614215455,168360.60666522387,168454.99181136602
20160906,94.38514614215455,169650.55513715502,169744.94028329718
20160907,94.38514614215455,169101.8864867342,169196.27163287636
20160908,94.38514614215455,170209.94938354325,170304.3345296854
20160909,94.38514614215455,168439.85659054038,168534.24173668254
20160912,501.10917316339055,169195.30826153234,169696.41743469573
20160913,501.10917316339055,173573.65331511595,174074.76248827935
20160914,501.10917316339055,165064.26283186677,165565.37200503016
20160919,249.33888024190856,165371.92790276764,165621.26678300955
20160920,249.33888024190856,165979.3362652092,166228.6751454511
20160921,249.33888024190856,166414.65387716773,166663.99275740964
20160922,249.33888024190856,171006.04647896226,171255.38535920417
20160923,249.33888024190856,171510.0068449213,171759.3457251632
20160926,420.86747576851667,165120.2198924031,165541.08736817163
20160927,420.86747576851667,163662.0479012542,164082.91537702273
20160928,420.86747576851667,163625.551970921,164046.4194466895
20160929,420.86747576851667,163370.11438396713,163790.98185973565
20160930,420.86747576851667,162994.06848872796,163414.9359644965
20161010,608.9612901870523,166912.5252792901,167521.48656947716
20161011,608.9612901870523,169451.00711641935,170059.9684066064
20161012,608.9612901870523,166738.95722644965,167347.9185166367
20161013,608.9612901870523,164155.21450779543,164764.1757979825
20161014,608.9612901870523,163168.3573448793,163777.31863506636
20161017,402.5341006871249,164544.0648969958,164946.59899768294
20161018,402.5341006871249,163655.41878649063,164057.95288717776
20161019,402.5341006871249,167667.9232769306,168070.45737761774
20161020,402.5341006871249,166892.2632040974,167294.79730478453
20161021,402.5341006871249,167029.30848191533,167431.84258260246
20161024,350.48346797829345,167510.77485290112,167861.2583208794
20161025,350.48346797829345,166540.87952701122,166891.3629949895
20161026,350.48346797829345,164696.38282493164,165046.86629290992
20161027,350.48346797829345,163265.6411808238,163616.12464880207
20161028,350.48346797829345,157926.89610360106,158277.37957157934
20161031,2334.7239279864066,153281.96479585668,155616.68872384308
20161101,2334.7239279864066,157327.86669613744,159662.59062412384
20161102,2334.7239279864066,156443.48296168543,158778.20688967183
20161103,2334.7239279864066,160208.00013283695,162542.72406082336
20161104,2334.7239279864066,164750.50660925015,167085.23053723655
20161107,42.43682717496995,165188.37032067243,165230.8071478474
20161108,42.43682717496995,168094.13354012973,168136.5703673047
20161109,42.43682717496995,170332.5300717919,170374.96689896687
20161110,42.43682717496995,171192.6730441396,171235.10987131458
20161111,42.43682717496995,168926.43427763466,168968.87110480963
20161114,46.12848861310431,169521.88940148038,169568.0178900935
20161115,46.12848861310431,168672.47268295285,168718.60117156597
20161116,46.12848861310431,168888.66168714338,168934.7901757565
20161117,46.12848861310431,168604.19549957328,168650.3239881864
20161118,46.12848861310431,166968.28170761387,167014.410196227
20161121,125.17760051971891,168435.5824855872,168560.76008610692
20161122,125.17760051971891,167122.54889721854,167247.72649773827
20161123,125.17760051971891,169609.21054409863,169734.38814461837
20161124,125.17760051971891,170272.56129936108,170397.73889988082
20161125,125.17760051971891,168554.9203779314,168680.09797845114
20161128,232.52961344865798,168560.19910347098,168792.72871691964
20161129,232.52961344865798,160289.77875941407,160522.30837286272
20161130,232.52961344865798,162679.9446588292,162912.47427227785
20161201,232.52961344865798,165921.62102461545,166154.1506380641
20161202,232.52961344865798,161418.56429291607,161651.09390636472
20161205,280.6327577562133,156719.47442069935,157000.10717845557
20161206,280.6327577562133,155837.9162523796,156118.54901013582
20161207,280.6327577562133,158897.05159278077,159177.684350537
20161208,280.6327577562133,157898.73086701942,158179.36362477564
20161209,280.6327577562133,156832.1766791642,157112.80943692042
20161212,316.64305555984583,153784.28691961512,154100.92997517495
20161213,316.64305555984583,157193.278724128,157509.92177968784
20161214,316.64305555984583,159851.96699541493,160168.61005097476
20161215,316.64305555984583,161606.85431204044,161923.49736760027
20161216,316.64305555984583,161874.8750001275,162191.51805568734
20161219,327.1066207135909,159345.02179066915,159672.12841138276
20161220,327.1066207135909,154803.20146240873,155130.30808312233
20161221,327.1066207135909,153988.5189102417,154315.6255309553
20161222,327.1066207135909,153597.10133215477,153924.20795286837
20161223,327.1066207135909,150278.41509124817,150605.52171196177
20161226,206.47667721543803,154759.97456137525,154966.45123859067
20161227,206.47667721543803,157499.39628599555,157705.87296321098
20161228,206.47667721543803,159121.99998859185,159328.47666580728
20161229,206.47667721543803,157721.91975746377,157928.3964346792
20161230,206.47667721543803,154146.56782861258,154353.044505828
20170103,787.1672576773271,156935.96648818254,157723.13374585987
20170104,787.1672576773271,161133.66576897734,161920.83302665467
20170105,787.1672576773271,163769.45705783085,164556.62431550818
20170106,787.1672576773271,166233.7012862605,167020.86854393783
20170109,1909.1160710529134,171272.51305390545,173181.62912495836
20170110,1909.1160710529134,166136.2790961654,168045.39516721832
20170111,1909.1160710529134,165538.87047119418,167447.9865422471
20170112,1909.1160710529134,162899.99164803236,164809.10771908527
20170113,1909.1160710529134,158851.89696714727,160761.01303820018
20170116,354.7890616885077,163435.30918057138,163790.09824225988
20170117,354.7890616885077,167058.43126180404,167413.22032349254
20170118,354.7890616885077,168138.91615962549,168493.70522131398
20170119,354.7890616885077,166305.1538639108,166659.9429255993
20170120,354.7890616885077,166874.23718621943,167229.02624790792
20170123,31.271090631413244,166748.8619081917,166780.1329988231
20170124,31.271090631413244,169221.4652305945,169252.7363212259
20170125,31.271090631413244,163845.86043356772,163877.13152419913
20170126,31.271090631413244,160652.68569764917,160683.95678828057
20170203,348.59157613144725,148652.87813403504,149001.46971016648
20170206,198.42424768472847,152477.07271287224,152675.49696055695
20170207,198.42424768472847,152700.1848153713,152898.609063056
20170208,198.42424768472847,152214.40840127785,152412.83264896256
20170209,198.42424768472847,151481.19255063328,151679.616798318
20170210,198.42424768472847,149414.89760816892,149613.32185585366
20170213,9.516051340439844,147789.9552344985,147799.47128583895
20170214,9.516051340439844,148920.6216997173,148930.13775105774
20170215,9.516051340439844,146005.64878417717,146015.16483551761
20170216,9.516051340439844,146932.66318556623,146942.17923690667
20170217,9.516051340439844,148004.57694286655,148014.092994207
20170220,641.1387756008693,145515.66396319302,146156.8027387939
20170221,641.1387756008693,146666.61451771518,147307.75329331605
20170222,641.1387756008693,144608.04243882647,145249.18121442734
20170223,641.1387756008693,144374.05951222638,145015.19828782725
20170224,641.1387756008693,147522.39794435792,148163.5367199588
20170227,1489.689978857732,148651.0761465698,150140.76612542753
20170228,1489.689978857732,146889.8900731557,148379.58005201342
20170301,1489.689978857732,147101.24938360683,148590.93936246456
20170302,1489.689978857732,145574.0412743647,147063.73125322242
20170303,1489.689978857732,144825.58543066742,146315.27540952514
20170306,469.626593344052,150373.4206696207,150843.04726296477
20170307,469.626593344052,147949.87284238866,148419.49943573272
20170308,469.626593344052,146885.8261440432,147355.45273738727
20170309,469.626593344052,148633.26910980715,149102.8957031512
20170310,469.626593344052,147696.3096014324,148165.93619477647
20170313,3912.1730346441145,147751.77045843596,151663.94349308006
20170314,3912.1730346441145,146942.786551549,150854.95958619312
20170315,3912.1730346441145,146084.3712946826,149996.54432932672
20170316,3912.1730346441145,151435.97537543453,155348.14841007863
20170317,3912.1730346441145,152264.84201753244,156177.01505217655
20170320,1037.7197133353493,154048.19276167103,155085.9124750064
20170321,1037.7197133353493,154245.44185479148,155283.16156812684
20170322,1037.7197133353493,154494.11102646534,155531.8307398007
20170323,1037.7197133353493,156689.93142095138,157727.65113428675
20170324,1037.7197133353493,159059.44586620296,160097.16557953833
20170327,1805.2651904381346,156716.57484715089,158521.84003758902
20170328,1805.2651904381346,159195.85267085358,161001.1178612917
20170329,1805.2651904381346,163457.84712447893,165263.11231491706
20170330,1805.2651904381346,159818.14409897465,161623.40928941278
20170331,1805.2651904381346,155527.76644604426,157333.0316364824
20170405,1650.0266247268082,154033.6347455606,155683.6613702874
20170406,1650.0266247268082,159013.00308531307,160663.02971003987
20170407,1650.0266247268082,154028.95857644337,155678.98520117017
20170410,1866.8599644223941,164735.31312194365,166602.17308636603
20170411,1866.8599644223941,175347.6224508055,177214.4824152279
20170412,1866.8599644223941,169320.69008565252,171187.5500500749
20170413,1866.8599644223941,173909.91064964107,175776.77061406345
20170414,1866.8599644223941,170507.7524461556,172374.61241057797
20170417,180.80297301326573,166025.66663486918,166206.46960788243
20170418,180.80297301326573,166641.28429181632,166822.08726482958
20170419,180.80297301326573,159383.02552909753,159563.8285021108
20170420,180.80297301326573,150216.41338379055,150397.2163568038
20170421,180.80297301326573,139891.3278223349,140072.13079534814
20170424,349.93884600064484,131929.10612329433,132279.04496929498
20170425,349.93884600064484,132177.66811660957,132527.6069626102
20170426,349.93884600064484,137545.8718173074,137895.81066330805
20170427,349.93884600064484,142405.14563505157,142755.0844810522
20170428,349.93884600064484,144815.59009249994,145165.5289385006
20170502,356.3115605214043,150812.41189990775,151168.72346042914
20170503,356.3115605214043,141717.47981962736,142073.79138014876
20170504,356.3115605214043,144074.54274622444,144430.85430674584
20170505,356.3115605214043,136416.44944997426,136772.76101049565
20170508,28078.876956085238,105169.71423335187,133248.5911894371
20170509,28078.876956085238,103557.68684236077,131636.563798446
20170510,28078.876956085238,100387.8761469633,128466.75310304854
20170511,28078.876956085238,101910.03253014093,129988.90948622617
20170512,28078.876956085238,100633.58638797252,128712.46334405776
20170515,3791.0104457845227,129770.2287576746,133561.23920345912
20170516,3791.0104457845227,133662.47955027217,137453.48999605668
20170517,3791.0104457845227,131368.3173071335,135159.327752918
20170518,3791.0104457845227,131776.16505576324,135567.17550154775
20170519,3791.0104457845227,130352.43306839619,134143.44351418072
20170522,2410.7562554656433,122833.52002967974,125244.27628514539
20170523,2410.7562554656433,112925.75715117579,115336.51340664143
20170524,2410.7562554656433,113967.05878909216,116377.8150445578
20170525,2410.7562554656433,114849.35601902287,117260.11227448852
20170526,2410.7562554656433,114663.62906193784,117074.38531740349
20170531,2690.0300489079127,112766.10332078714,115456.13336969505
20170601,2690.0300489079127,109245.5890388607,111935.6190877686
20170602,2690.0300489079127,110101.58133187302,112791.61138078093
20170605,1396.3675595453678,111644.19488726903,113040.5624468144
20170606,1396.3675595453678,108892.33575281824,110288.7033123636
20170607,1396.3675595453678,112536.99122458648,113933.35878413185
20170608,1396.3675595453678,111757.9985935321,113154.36615307747
20170609,1396.3675595453678,109490.34789981763,110886.715459363
20170612,3494.7386726823024,103556.20999056724,107050.94866324954
20170613,3494.7386726823024,102273.50450171025,105768.24317439256
20170614,3494.7386726823024,100995.88373679447,104490.62240947677
20170615,3494.7386726823024,100540.9871690548,104035.7258417371
20170616,3494.7386726823024,99263.1160696492,102757.8547423315
20170619,3341.882461707879,100166.48476889767,103508.36723060555
20170620,3341.882461707879,100891.69718239577,104233.57964410365
20170621,3341.882461707879,100169.14787732186,103511.03033902973
20170622,3341.882461707879,99169.42070508061,102511.3031667885
20170623,3341.882461707879,96897.70201212169,100239.58447382957
20170626,4228.1736651292995,96825.84845249997,101054.02211762927
20170627,4228.1736651292995,94626.84509621402,98855.01876134332
20170628,4228.1736651292995,93815.68300116094,98043.85666629024
20170629,4228.1736651292995,94054.59232349232,98282.76598862163
20170630,4228.1736651292995,93271.66391014098,97499.83757527029
20170703,2043.9212873033393,95631.352773563,97675.27406086634
20170704,2043.9212873033393,94757.17344628857,96801.0947335919
20170705,2043.9212873033393,94596.71265442127,96640.6339417246
20170706,2043.9212873033393,95581.6845656982,97625.60585300154
20170707,2043.9212873033393,96270.64444730734,98314.56573461067
20170710,6882.3553268808755,87810.84017843055,94693.19550531142
20170711,6882.3553268808755,85286.42517443706,92168.78050131793
20170712,6882.3553268808755,86870.29128764594,93752.64661452682
20170713,6882.3553268808755,88667.8309570326,95550.18628391347
20170714,6882.3553268808755,85914.34555372878,92796.70088060966
20170717,602.1236012788067,91544.72696650146,92146.85056778026
20170718,602.1236012788067,93525.64133368141,94127.76493496023
20170719,602.1236012788067,93761.29948831162,94363.42308959042
20170720,602.1236012788067,93792.31177648863,94394.43537776743
20170721,602.1236012788067,92967.71602867657,93569.83962995539
20170724,19235.618961012457,74455.67753964392,93691.29650065638
20170725,19235.618961012457,74011.29016315588,93246.90912416833
20170726,19235.618961012457,78486.4721617081,97722.09112272055
20170727,19235.618961012457,77895.72929500017,97131.34825601263
20170728,19235.618961012457,78075.73807901065,97311.35704002311
20170731,2001.3293798821069,99776.6852591955,101778.0146390776
20170801,2001.3293798821069,101308.89593995096,103310.22531983307
20170802,2001.3293798821069,100642.37345135122,102643.70283123333
20170803,2001.3293798821069,99309.74952181477,101311.07890169688
20170804,2001.3293798821069,97942.67826695877,99944.00764684088
20170807,1588.1700347505794,97812.64584653042,99400.815881281
20170808,1588.1700347505794,98519.31360083228,100107.48363558286
20170809,1588.1700347505794,97376.91948254094,98965.08951729152
20170810,1588.1700347505794,95874.40806322228,97462.57809797286
20170811,1588.1700347505794,93888.98881182169,95477.15884657227
20170814,3914.40086523629,93378.06287301476,97292.46373825104
20170815,3914.40086523629,92720.01440312223,96634.41526835851
20170816,3914.40086523629,93007.00279695066,96921.40366218696
20170817,3914.40086523629,93902.81151639171,97817.212381628
20170818,3914.40086523629,93075.08189255463,96989.48275779092
20170821,8328.398428843117,89594.5737769931,97922.97220583621
20170822,8328.398428843117,86901.00592853528,95229.4043573784
20170823,8328.398428843117,86437.1202922334,94765.51872107651
20170824,8328.398428843117,87537.78968947972,95866.18811832284
20170825,8328.398428843117,86911.1593519346,95239.55778077772
20170828,4209.936102208878,90772.07487390902,94982.01097611789
20170829,4209.936102208878,90180.02881120681,94389.9649134157
20170830,4209.936102208878,87728.54612836313,91938.482230572
20170831,4209.936102208878,92294.78971621617,96504.72581842504
20170901,4209.936102208878,91829.76000477017,96039.69610697904
20170904,3300.3465971840196,90914.52830278472,94214.87489996874
20170905,3300.3465971840196,91540.24508614233,94840.59168332635
20170906,3300.3465971840196,91782.53233384903,95082.87893103305
20170907,3300.3465971840196,91438.45038168544,94738.79697886946
20170908,3300.3465971840196,92079.17165333993,95379.51825052395
20170911,2918.6950536064323,92957.58069570531,95876.27574931175
20170912,2918.6950536064323,90448.96990971307,93367.66496331949
20170913,2918.6950536064323,90952.08733914135,93870.78239274779
20170914,2918.6950536064323,91757.2993763866,94675.99442999304
20170915,2918.6950536064323,90867.71883561111,93786.41388921754
20170918,22670.750644771277,71249.2551693674,93920.00581413868
20170919,22670.750644771277,71988.7161022669,94659.46674703818
20170920,22670.750644771277,73763.54082847382,96434.2914732451
20170921,22670.750644771277,74112.17112733316,96782.92177210444
20170922,22670.750644771277,73829.25567187708,96500.00631664836
20170925,4685.256842880939,88128.12183121029,92813.37867409122
20170926,4685.256842880939,86617.2011580394,91302.45800092033
20170927,4685.256842880939,90041.18605750873,94726.44290038967
20170928,4685.256842880939,90644.66672076232,95329.92356364327
20170929,4685.256842880939,91660.01484851385,96345.2716913948
20171009,5060.757449193763,92655.58809482963,97716.34554402338
20171010,5060.757449193763,90091.61210401551,95152.36955320928
20171011,5060.757449193763,89530.89578444387,94591.65323363763
20171012,5060.757449193763,90265.4736216561,95326.23107084987
20171013,5060.757449193763,88639.06546545863,93699.82291465238
20171016,6879.729321268835,85129.1988188952,92008.92814016403
20171017,6879.729321268835,83651.14712460314,90530.87644587198
20171018,6879.729321268835,85487.86232319292,92367.59164446176
20171019,6879.729321268835,89017.15194314437,95896.88126441321
20171020,6879.729321268835,86457.22067290655,93336.94999417539
20171023,2931.204785130689,87751.8067345538,90683.01151968449
20171024,2931.204785130689,84110.40235031518,87041.60713544587
20171025,2931.204785130689,83262.65021695368,86193.85500208437
20171026,2931.204785130689,83922.60816831689,86853.81295344757
20171027,2931.204785130689,83798.83927938959,86730.04406452028
20171030,3822.850457951765,84691.84311316421,88514.69357111597
20171031,3822.850457951765,84707.7078244086,88530.55828236036
20171101,3822.850457951765,85085.12618541134,88907.9766433631
20171102,3822.850457951765,84346.9133721578,88169.76383010956
20171103,3822.850457951765,84383.92993708952,88206.78039504128
20171106,22775.383133918345,66418.17914355893,89193.56227747726
20171107,22775.383133918345,69226.47179233092,92001.85492624927
20171108,22775.383133918345,72566.92558040805,95342.30871432638
20171109,22775.383133918345,75921.93302822484,98697.3161621432
20171110,22775.383133918345,75516.0946496099,98291.47778352824
20171113,24078.574731297467,77364.43226590674,101443.00699720421
20171114,24078.574731297467,75444.86286414273,99523.4375954402
20171115,24078.574731297467,74942.59223569364,99021.1669669911
20171116,24078.574731297467,73096.22410070988,97174.79883200735
20171117,24078.574731297467,71607.12825176709,95685.70298306456
20171120,2866.3413899895895,92450.77763390593,95317.11902389553
20171121,2866.3413899895895,92494.54007718619,95360.88146717579
20171122,2866.3413899895895,89666.4155288984,92532.75691888799
20171123,2866.3413899895895,85244.71220263458,88111.05359262417
20171124,2866.3413899895895,85545.82910282446,88412.17049281404
20171127,26156.89519059963,60579.79905284765,86736.69424344727
20171128,26156.89519059963,62491.85771599124,88648.75290659087
20171129,26156.89519059963,62871.80799806688,89028.7031886665
20171130,26156.89519059963,61595.58981027657,87752.4850008762
20171201,26156.89519059963,62791.577355545174,88948.4725461448
20171204,5782.243699486262,81552.72045870387,87334.96415819014
20171205,5782.243699486262,81136.94478117576,86919.18848066202
20171206,5782.243699486262,83184.95155410923,88967.19525359549
20171207,5782.243699486262,83334.91081031642,89117.15450980268
20171208,5782.243699486262,84428.13496154583,90210.3786610321
20171211,2088.62283477611,88456.43210970299,90545.0549444791
20171212,2088.62283477611,87537.72300743026,89626.34584220637
20171213,2088.62283477611,88956.76459216072,91045.38742693682
20171214,2088.62283477611,88694.23135661095,90782.85419138706
20171215,2088.62283477611,87313.41393140292,89402.03676617902
20171218,2815.584537019615,82878.86943934989,85694.4539763695
20171219,2815.584537019615,82324.13614237407,85139.7206793937
20171220,2815.584537019615,82440.54420805893,85256.12874507855
20171221,2815.584537019615,81557.92013678073,84373.50467380034
20171222,2815.584537019615,80279.04993670761,83094.63447372723
20171225,3370.1355806103584,79917.68525439521,83287.82083500556
20171226,3370.1355806103584,82976.80973968173,86346.94532029208
20171227,3370.1355806103584,81741.02530372821,85111.16088433856
20171228,3370.1355806103584,78499.136944664,81869.27252527435
20171229,3370.1355806103584,76810.71638596026,80180.85196657061
20180102,2421.452036717039,78114.01693112685,80535.46896784389
20180103,2421.452036717039,78511.20959962324,80932.66163634027
20180104,2421.452036717039,78678.76078003386,81100.21281675089
20180105,2421.452036717039,79959.06904825129,82380.52108496832
20180108,2443.029800120288,82627.51496022164,85070.54476034193
20180109,2443.029800120288,82592.34375719,85035.37355731029
20180110,2443.029800120288,81410.41528382683,83853.44508394712
20180111,2443.029800120288,80557.20841501266,83000.23821513295
20180112,2443.029800120288,79628.5857005825,82071.61550070278
20180115,4043.074531899634,75601.55487187172,79644.62940377135
20180116,4043.074531899634,74182.37734562703,78225.45187752666
20180117,4043.074531899634,70975.31926607151,75018.39379797115
20180118,4043.074531899634,69948.96101063321,73992.03554253285
20180119,4043.074531899634,69124.29021378925,73167.36474568889
20180122,3353.6246006889105,68368.25024986124,71721.87485055016
20180123,3353.6246006889105,66873.44537613846,70227.06997682738
20180124,3353.6246006889105,65976.47632589548,69330.10092658439
20180125,3353.6246006889105,64803.07573238801,68156.70033307692
20180126,3353.6246006889105,65002.33579966906,68355.96040035797
20180129,13493.099453541618,53858.34882298216,67351.44827652378
20180130,13493.099453541618,52510.20497309165,66003.30442663326
20180131,13493.099453541618,51138.683969856116,64631.783423397734
20180201,13493.099453541618,48239.01760892058,61732.117062462195
20180202,13493.099453541618,48997.42143332383,62490.520886865444
20180205,1595.2607322464646,59009.14887352715,60604.40960577362
20180206,1595.2607322464646,56087.03351234188,57682.29424458834
20180207,1595.2607322464646,56850.88975490922,58446.15048715568
20180208,1595.2607322464646,56978.494497916654,58573.75523016312
20180209,1595.2607322464646,52379.10010924417,53974.360841490634
20180212,867.2709908232464,57389.49268791807,58256.76367874132
20180213,867.2709908232464,55968.44856749478,56835.71955831803
20180214,867.2709908232464,52234.974054212274,53102.245045035525
20180222,1456.8440488382985,51897.38490911526,53354.22895795356
20180223,1456.8440488382985,51407.154073048165,52863.99812188646
20180226,1467.7043425761658,52711.464882788976,54179.16922536514
20180227,1467.7043425761658,52226.2091208992,53693.913463475365
20180228,1467.7043425761658,52350.16344637035,53817.86778894652
20180301,1467.7043425761658,52393.40542341523,53861.109765991394
20180302,1467.7043425761658,52119.01308550827,53586.717428084434
20180305,2059.1173806762945,51806.43748911621,53865.554869792504
20180306,2059.1173806762945,51027.91358932598,53087.03097000228
20180307,2059.1173806762945,51453.04715150446,53512.16453218076
20180308,2059.1173806762945,51030.19679406099,53089.31417473729
20180309,2059.1173806762945,51369.89568779673,53429.013068473025
20180312,13530.8394939709,40964.49629743591,54495.335791406804
20180313,13530.8394939709,40196.62164578999,53727.4611397609
20180314,13530.8394939709,39256.0747912027,52786.914285173596
20180315,13530.8394939709,38226.8159346895,51757.65542866039
20180316,13530.8394939709,38496.632854013544,52027.47234798444
20180319,2330.3349921230765,47635.09955372795,49965.43454585103
20180320,2330.3349921230765,48494.98689246373,50825.3218845868
20180321,2330.3349921230765,47910.2172763437,50240.552268466774
20180322,2330.3349921230765,47708.24474960436,50038.57974172744
20180323,2330.3349921230765,43505.228613604,45835.563605727075
20180326,3209.6259586352753,41225.486488461735,44435.11244709701
20180327,3209.6259586352753,42082.358125725616,45291.98408436089
20180328,3209.6259586352753,39766.48065886022,42976.1066174955
20180329,3209.6259586352753,40194.722999285856,43404.34895792113
20180330,3209.6259586352753,39923.70994543885,43133.33590407413
20180402,2386.646824694918,40804.76284039076,43191.40966508567
20180403,2386.646824694918,39645.659946716885,42032.3067714118
20180404,2386.646824694918,38772.5245111395,41159.17133583441
20180409,2255.4693785488853,39502.61834485904,41758.08772340792
20180410,2255.4693785488853,37688.984637852554,39944.45401640144
20180411,2255.4693785488853,37668.13454513298,39923.60392368187
20180412,2255.4693785488853,37315.69969569662,39571.1690742455
20180413,2255.4693785488853,36432.09078235937,38687.56016090826
20180416,1985.5370921194126,35329.766575722184,37315.303667841596
20180417,1985.5370921194126,33967.13544524005,35952.67253735946
20180418,1985.5370921194126,34283.46373800507,36269.00083012448
20180419,1985.5370921194126,34288.19503807649,36273.7321301959
20180420,1985.5370921194126,32402.679186305584,34388.216278424996
20180423,10771.889143999255,23546.975822587912,34318.86496658716
20180424,10771.889143999255,24954.304533635746,35726.193677635005
20180425,10771.889143999255,25059.49616878664,35831.3853127859
20180426,10771.889143999255,24856.178650694274,35628.06779469353
20180427,10771.889143999255,23581.2780461992,34353.16719019845
20180502,2335.8013492026166,31598.907448667087,33934.7087978697
20180503,2335.8013492026166,32478.812284873155,34814.61363407577
20180504,2335.8013492026166,32711.117963969402,35046.91931317202
20180507,2106.685417860057,33063.28448484066,35169.969902700715
20180508,2106.685417860057,33432.71927953125,35539.40469739131
20180509,2106.685417860057,32318.545235474285,34425.23065333434
20180510,2106.685417860057,32920.864283861534,35027.54970172159
20180511,2106.685417860057,31792.536507905905,33899.22192576596
20180514,1311.374141193226,31846.051776629476,33157.4259178227
20180515,1311.374141193226,31455.58969735723,32766.96383855046
20180516,1311.374141193226,31506.860757460578,32818.234898653805
20180517,1311.374141193226,31445.09310112763,32756.467242320854
20180518,1311.374141193226,31827.98333433361,33139.357475526835
20180521,2045.4643642860428,31398.35293303718,33443.81729732322
20180522,2045.4643642860428,31876.121348258785,33921.585712544824
20180523,2045.4643642860428,30539.42764529292,32584.89200957896
20180524,2045.4643642860428,30293.84264572392,32339.30701000996
20180525,2045.4643642860428,31076.51140616453,33121.975770450576
20180528,3310.880386273594,29215.5561016958,32526.436487969397
20180529,3310.880386273594,27945.623074255443,31256.50346052904
20180530,3310.880386273594,26237.35291139524,29548.233297668834
20180531,3310.880386273594,27338.51717827753,30649.397564551124
20180601,3310.880386273594,26076.470427998578,29387.350814272173
20180604,2435.060005725639,26621.928011461143,29056.98801718678
20180605,2435.060005725639,27065.1356773715,29500.19568309714
20180606,2435.060005725639,26965.360820288708,29400.420826014346
20180607,2435.060005725639,27233.2005472558,29668.26055298144
20180608,2435.060005725639,27763.496957264724,30198.556962990362
20180611,8122.849030789331,22528.071377468914,30650.920408258244
20180612,8122.849030789331,23663.885675057445,31786.734705846775
20180613,8122.849030789331,22183.45436431583,30306.30339510516
20180614,8122.849030789331,21823.305282583286,29946.154313372615
20180615,8122.849030789331,21859.791679028785,29982.640709818115
20180619,2760.1402777706307,26406.691080125536,29166.831357896168
20180620,2760.1402777706307,26129.28364733907,28889.423925109702
20180621,2760.1402777706307,24228.55221963042,26988.69249740105
20180622,2760.1402777706307,23295.18058341465,26055.320861185282
20180625,2353.599703248313,24583.318797274595,26936.91850052291
20180626,2353.599703248313,24134.155649417262,26487.755352665576
20180627,2353.599703248313,23691.68197039887,26045.281673647183
20180628,2353.599703248313,22508.780391639255,24862.38009488757
20180629,2353.599703248313,23242.452313219605,25596.05201646792
20180702,2637.7289594585714,23286.360488371232,25924.089447829803
20180703,2637.7289594585714,23120.78876478682,25758.51772424539
20180704,2637.7289594585714,21863.27126139512,24501.00022085369
20180705,2637.7289594585714,21362.31642074095,24000.04538019952
20180706,2637.7289594585714,20904.64199777017,23542.37095722874
20180709,1718.3648363141147,21896.590615807243,23614.955452121358
20180710,1718.3648363141147,21452.87673092569,23171.241567239806
20180711,1718.3648363141147,20787.369958865907,22505.734795180022
20180712,1718.3648363141147,21080.1067161715,22798.471552485615
20180713,1718.3648363141147,20749.439117493086,22467.8039538072
20180716,3273.9482807872496,19021.67424941225,22295.6225301995
20180717,3273.9482807872496,18863.540119957644,22137.488400744893
20180718,3273.9482807872496,18135.299135351685,21409.247416138933
20180719,3273.9482807872496,18346.87054702666,21620.81882781391
20180720,3273.9482807872496,18278.70456442774,21552.652845214987
20180723,1732.9420874204288,19635.141903163363,21368.083990583793
20180724,1732.9420874204288,20002.082087443054,21735.024174863483
20180725,1732.9420874204288,19241.339272819878,20974.281360240308
20180726,1732.9420874204288,18875.640663042137,20608.582750462567
20180727,1732.9420874204288,18585.725588233196,20318.667675653625
20180730,1197.7871348792705,19231.242916193096,20429.03005107237
20180731,1197.7871348792705,17956.41803286045,19154.205167739718
20180801,1197.7871348792705,17938.975700103525,19136.762834982794
20180802,1197.7871348792705,17312.13966121213,18509.9267960914
20180803,1197.7871348792705,17546.23109944838,18744.018234327654
20180806,1554.0707701759447,16729.371078723,18283.441848898947
20180807,1554.0707701759447,16904.072510957565,18458.14328113351
20180808,1554.0707701759447,17074.930571425906,18629.001341601852
20180809,1554.0707701759447,17289.67434603333,18843.745116209277
20180810,1554.0707701759447,16756.959099875887,18311.029870051832
20180813,4863.462771000399,13005.913785376342,17869.37655637674
20180814,4863.462771000399,12448.034018626355,17311.496789626755
20180815,4863.462771000399,12627.90156600374,17491.36433700414
20180816,4863.462771000399,12223.577543533458,17087.040314533857
20180817,4863.462771000399,12015.549857365731,16879.01262836613
20180820,1224.6537598871341,15436.48220742994,16661.135967317074
20180821,1224.6537598871341,15424.76403854659,16649.417798433722
20180822,1224.6537598871341,14752.540889667998,15977.194649555133
20180823,1224.6537598871341,14736.172500749582,15960.826260636717
20180824,1224.6537598871341,14432.691139640392,15657.344899527527
20180827,4898.0167721097805,11163.984338160313,16062.001110270094
20180828,4898.0167721097805,10998.138988463435,15896.155760573216
20180829,4898.0167721097805,10652.666730010213,15550.683502119993
20180830,4898.0167721097805,10390.304177092434,15288.320949202214
20180831,4898.0167721097805,10248.246996500638,15146.263768610419
20180903,832.5818626379387,14256.85961525403,15089.441477891969
20180904,832.5818626379387,14016.05494652961,14848.636809167549
20180905,832.5818626379387,13800.517437336908,14633.099299974847
20180906,832.5818626379387,13769.63012565612,14602.211988294059
20180907,832.5818626379387,13585.967482906613,14418.549345544552
20180910,4307.874087511794,9731.236218949352,14039.110306461145
20180911,4307.874087511794,9909.160381416223,14217.034468928017
20180912,4307.874087511794,9636.13084893903,13944.004936450823
20180913,4307.874087511794,9621.81405055518,13929.688138066973
20180914,4307.874087511794,9427.955312694348,13735.829400206141
20180917,2004.001229434206,11644.757180457955,13648.758409892162
20180918,2004.001229434206,11781.898988749885,13785.900218184092
20180919,2004.001229434206,12017.649826865878,14021.651056300085
20180920,2004.001229434206,11712.32508415819,13716.326313592395
20180921,2004.001229434206,11705.106094549104,13709.10732398331
20180925,2176.2939447958347,11227.69051132689,13403.984456122724
20180926,2176.2939447958347,11161.21075058189,13337.504695377724
20180927,2176.2939447958347,10889.484349447692,13065.778294243526
20180928,2176.2939447958347,11000.88537368497,13177.179318480805
20181008,3290.052616006636,9560.134592937484,12850.18720894412
20181009,3290.052616006636,9385.137369825323,12675.18998583196
20181010,3290.052616006636,9304.579273067218,12594.631889073855
20181011,3290.052616006636,8541.011547344526,11831.064163351162
20181012,3290.052616006636,8610.730590790989,11900.783206797625
20181015,3206.262763638665,8505.274460764342,11711.537224403008
20181016,3206.262763638665,7714.585020175256,10920.847783813922
20181017,3206.262763638665,7666.0585053784025,10872.321269017068
20181018,3206.262763638665,7131.085428117784,10337.34819175645
20181019,3206.262763638665,7235.274501593722,10441.537265232386
20181022,2463.2449456134805,8245.48343116471,10708.72837677819
20181023,2463.2449456134805,8135.83930922704,10599.08425484052
20181024,2463.2449456134805,7882.145700789058,10345.390646402539
20181025,2463.2449456134805,7935.1209470758995,10398.36589268938
20181026,2463.2449456134805,7674.891601727516,10138.136547340997
20181029,1452.952383798791,8718.8795608359,10171.83194463469
20181030,1452.952383798791,8911.562856165385,10364.515239964176
20181031,1452.952383798791,8743.217884821943,10196.170268620734
20181101,1452.952383798791,8547.280699512132,10000.233083310923
20181102,1452.952383798791,8678.284865858985,10131.237249657775
20181105,1724.7650662156911,8421.451830692244,10146.216896907936
20181106,1724.7650662156911,7837.128696194688,9561.893762410378
20181107,1724.7650662156911,8035.381995698418,9760.14706191411
20181108,1724.7650662156911,7851.877702472778,9576.642768688469
20181109,1724.7650662156911,7588.473915837455,9313.238982053146
20181112,3146.240433652833,6431.015519247296,9577.255952900128
20181113,3146.240433652833,6321.477230511344,9467.717664164176
20181114,3146.240433652833,6403.452181925392,9549.692615578226
20181115,3146.240433652833,6843.836186722539,9990.076620375372
20181116,3146.240433652833,7065.588195026698,10211.82862867953
20181119,3756.850642483883,6361.3344791128675,10118.18512159675
20181120,3756.850642483883,6138.599392467982,9895.450034951866
20181121,3756.850642483883,6037.230452667996,9794.08109515188
20181122,3756.850642483883,6005.745231805522,9762.595874289405
20181123,3756.850642483883,5666.058007577421,9422.908650061305
20181126,2133.959064087451,6969.002363673396,9102.961427760847
20181127,2133.959064087451,6847.780340059425,8981.739404146876
20181128,2133.959064087451,6842.627090583172,8976.586154670622
20181129,2133.959064087451,6510.0849510638145,8644.044015151267
20181130,2133.959064087451,6366.252207235659,8500.21127132311
20181203,3695.4240004532767,5115.534033638535,8810.958034091811
20181204,3695.4240004532767,4882.0655546413345,8577.489555094611
20181205,3695.4240004532767,4683.8967671595965,8379.320767612873
20181206,3695.4240004532767,4522.012937805186,8217.436938258463
20181207,3695.4240004532767,4521.507717849667,8216.931718302943
20181210,1936.508033401665,6152.843605500166,8089.3516389018305
20181211,1936.508033401665,6165.819587057724,8102.3276204593885
20181212,1936.508033401665,6139.566274333032,8076.074307734697
20181213,1936.508033401665,6101.598133322452,8038.1061667241165
20181214,1936.508033401665,5864.64281172937,7801.150845131035
20181217,2606.773605474738,5272.581859632019,7879.355465106757
20181218,2606.773605474738,4928.571431640903,7535.345037115641
20181219,2606.773605474738,4865.391312967846,7472.164918442584
20181220,2606.773605474738,4832.7462915074275,7439.519896982165
20181221,2606.773605474738,4702.365311940503,7309.138917415241
20181224,4213.915847211147,3109.7975773000335,7323.71342451118
20181225,4213.915847211147,3124.535347301422,7338.451194512569
20181226,4213.915847211147,2996.4491291905433,7210.36497640169
20181227,4213.915847211147,2873.650326347887,7087.566173559034
20181228,4213.915847211147,2782.4294030143565,6996.345250225503
20190102,3749.1071279106973,3345.851193346091,7094.958321256789
20190103,3749.1071279106973,3494.8450941264937,7243.952222037191
20190104,3749.1071279106973,3657.0326425625526,7406.13977047325
20190107,1454.521080959998,6202.194884828053,7656.715965788051
20190108,1454.521080959998,5980.5981157219385,7435.119196681937
20190109,1454.521080959998,5874.011394338493,7328.532475298491
20190110,1454.521080959998,5860.021784093531,7314.542865053529
20190111,1454.521080959998,5859.975128239948,7314.496209199946
20190114,1033.2448856268757,6029.514411870379,7062.759297497255
20190115,1033.2448856268757,5736.464713250962,6769.709598877837
20190116,1033.2448856268757,5603.934106229023,6637.178991855899
20190117,1033.2448856268757,5536.94079239828,6570.1856780251555
20190118,1033.2448856268757,5404.116067085897,6437.360952712773
20190121,2643.4729456821374,3764.1099921624846,6407.5829378446215
20190122,2643.4729456821374,3650.073615522216,6293.546561204354
20190123,2643.4729456821374,3651.1843638708788,6294.657309553017
20190124,2643.4729456821374,3581.067995970932,6224.540941653069
20190125,2643.4729456821374,3462.403117581823,6105.8760632639605
20190128,1510.2348152113655,4306.9277335949355,5817.162548806301
20190129,1510.2348152113655,4113.420894116223,5623.655709327589
20190130,1510.2348152113655,3740.897638862022,5251.132454073388
20190131,1510.2348152113655,3510.1795958731836,5020.414411084549
20190201,1510.2348152113655,3509.8823708509954,5020.117186062361
20190211,2286.3417251397113,2726.164252800906,5012.505977940617
20190212,2286.3417251397113,2791.4913588936342,5077.833084033346
20190213,2286.3417251397113,2900.576255145022,5186.917980284734
20190214,2286.3417251397113,3014.6535300050364,5300.995255144748
20190215,2286.3417251397113,3116.0338070193284,5402.37553215904
20190218,2270.6674163605694,3420.859545307553,5691.526961668123
20190219,2270.6674163605694,3374.7754532970207,5645.442869657591
20190220,2270.6674163605694,3286.2071170669687,5556.874533427538
20190221,2270.6674163605694,3268.8920425420547,5539.559458902624
20190222,2270.6674163605694,3294.6114527525997,5565.278869113169
20190225,1844.254108635474,3841.9375413877233,5686.191650023197
20190226,1844.254108635474,3715.717103918868,5559.971212554342
20190227,1844.254108635474,3584.4033957588144,5428.6575043942885
20190228,1844.254108635474,3629.020898135242,5473.275006770717
20190301,1844.254108635474,3721.6158066655507,5565.869915301025
20190304,2721.201220531416,3059.9645808728937,5781.16580140431
20190305,2721.201220531416,3135.614357149715,5856.815577681131
20190306,2721.201220531416,3253.1551033824016,5974.3563239138175
20190307,2721.201220531416,3325.318192577119,6046.519413108535
20190308,2721.201220531416,3161.6967195527996,5882.897940084215
20190311,2374.7332242660787,3434.483892499478,5809.217116765556
20190312,2374.7332242660787,3610.430975299905,5985.164199565984
20190313,2374.7332242660787,3559.258702857917,5933.991927123996
20190314,2374.7332242660787,3312.215606112486,5686.948830378565
20190315,2374.7332242660787,3247.9476747999543,5622.680899066033
20190318,3583.9279018434872,2138.519366946027,5722.447268789514
20190319,3583.9279018434872,2112.2254578495863,5696.153359693073
20190320,3583.9279018434872,2056.3937456895937,5640.321647533081
20190321,3583.9279018434872,2101.329929084347,5685.257830927834
20190322,3583.9279018434872,2074.3107358360144,5658.238637679502
20190325,2178.4484502066425,3436.785902623305,5615.234352829948
20190326,2178.4484502066425,3127.493826429343,5305.942276635986
20190327,2178.4484502066425,3086.7004051660087,5265.148855372651
20190328,2178.4484502066425,2888.350799752066,5066.799249958709
20190329,2178.4484502066425,2944.355768723885,5122.804218930527
20190401,3223.298353942496,1920.279482915336,5143.577836857832
20190402,3223.298353942496,1901.4946400665197,5124.792994009015
20190403,3223.298353942496,1967.930860830148,5191.229214772644
20190404,3223.298353942496,2106.33155841924,5329.6299123617355
20190408,3521.6575664104453,1697.5768795472918,5219.234445957737
20190409,3521.6575664104453,1670.0468876313662,5191.704454041812
20190410,3521.6575664104453,1614.2404203718675,5135.897986782313
20190411,3521.6575664104453,1568.2957154405822,5089.953281851027
20190412,3521.6575664104453,1577.3786580436542,5099.036224454099
20190415,2425.427270303083,2649.1758513088635,5074.603121611946
20190416,2425.427270303083,2597.4855708632613,5022.912841166344
20190417,2425.427270303083,2738.1520247502294,5163.579295053312
20190418,2425.427270303083,2566.491605723726,4991.918876026809
20190419,2425.427270303083,2533.895974961945,4959.323245265028
20190422,1236.5026477525698,3716.2911641509345,4952.793811903504
20190423,1236.5026477525698,3353.361742019987,4589.864389772557
20190424,1236.5026477525698,3305.879728191506,4542.382375944076
20190425,1236.5026477525698,3069.4373866901683,4305.940034442738
20190426,1236.5026477525698,3062.52059002827,4299.02323778084
20190429,4235.7578361774,0.0,4235.7578361774
20190430,4235.7578361774,0.0,4235.7578361774
20190506,1966.2460445636139,2241.496062902578,4207.7421074661925
20190507,1966.2460445636139,2263.762401773836,4230.00844633745
20190508,1966.2460445636139,2131.915537830677,4098.16158239429
20190509,1966.2460445636139,2044.485918771702,4010.731963335316
20190510,1966.2460445636139,2139.271643991398,4105.517688555012
20190513,2797.1536618023747,1296.0524279862404,4093.206089788615
20190514,2797.1536618023747,1273.6037998727243,4070.757461675099
20190515,2797.1536618023747,1352.9634927363609,4150.117154538735
20190516,2797.1536618023747,1339.3604833278282,4136.514145130202
20190517,2797.1536618023747,1376.9166209183657,4174.070282720741
20190520,2653.402147335938,1539.8498505774978,4193.251997913436
20190521,2653.402147335938,1693.254583636217,4346.656730972155
20190522,2653.402147335938,1747.2293837331395,4400.631531069077
20190523,2653.402147335938,1745.3484371213958,4398.750584457333
20190524,2653.402147335938,1574.0095307325741,4227.411678068513
20190527,3544.334457201175,604.7808206796818,4149.115277880857
20190528,3544.334457201175,594.1589840925525,4138.493441293727
20190529,3544.334457201175,618.0581164135937,4162.3925736147685
20190530,3544.334457201175,556.3186912509038,4100.653148452079
20190531,3544.334457201175,563.6212039045554,4107.9556611057305
20190603,2928.9278449063804,1011.5828733714905,3940.510718277871
20190604,2928.9278449063804,939.0627546539254,3867.990599560306
20190605,2928.9278449063804,928.6713301968256,3857.599175103206
20190606,2928.9278449063804,915.1477511689338,3844.075596075314
20190610,3111.1026284393097,725.0,3836.1026284393097
20190611,3111.1026284393097,728.0,3839.1026284393097
20190612,3111.1026284393097,756.0,3867.1026284393097
20190613,3111.1026284393097,740.0,3851.1026284393097
20190614,3111.1026284393097,712.0,3823.1026284393097
20190617,2740.0266542994973,991.8367327734254,3731.8633870729227
20190618,2740.0266542994973,1011.9281294845555,3751.954783784053
20190619,2740.0266542994973,1058.8670807161172,3798.8937350156148
20190620,2740.0266542994973,1022.7857999858845,3762.812454285382
20190621,2740.0266542994973,978.617168936881,3718.643823236378
20190624,1108.106375327267,2512.8065520892314,3620.9129274164984
20190625,1108.106375327267,2450.8358619147284,3558.9422372419954
20190626,1108.106375327267,2423.215645469733,3531.322020797
20190627,1108.106375327267,2425.5723113916424,3533.6786867189094
20190628,1108.106375327267,2380.553918316322,3488.660293643589
20190701,1696.8587248891617,1836.0837282780412,3532.942453167203
20190702,1696.8587248891617,1739.6282253817799,3436.4869502709416
20190703,1696.8587248891617,1694.7556608741443,3391.614385763306
20190704,1696.8587248891617,1688.9178515007898,3385.7765763899515
20190705,1696.8587248891617,1667.010531858873,3363.869256748035
20190708,1661.5440274120149,1610.281930995167,3271.825958407182
20190709,1661.5440274120149,1613.7770561007887,3275.321083512804
20190710,1661.5440274120149,1574.535774419527,3236.0798018315418
20190711,1661.5440274120149,1570.0633934043153,3231.60742081633
20190712,1661.5440274120149,1545.2406607458595,3206.7846881578744
20190715,1643.553128583162,1509.6113792901856,3153.1645078733477
20190716,1643.553128583162,1559.8628657156983,3203.4159942988604
20190717,1643.553128583162,1486.5022870070798,3130.055415590242
20190718,1643.553128583162,1425.3826680790935,3068.9357966622556
20190719,1643.553128583162,1414.6959797185177,3058.24910830168
20190722,2062.8646353328586,972.3331810651016,3035.19781639796
20190723,2062.8646353328586,1027.195215115973,3090.0598504488316
20190724,2062.8646353328586,1080.868699156417,3143.733334489276
20190725,2062.8646353328586,1036.1199662802298,3098.9846016130887
20190726,2062.8646353328586,1068.2066925151962,3131.071327848055
20190729,2101.373966214041,957.0836489515443,3058.4576151655856
20190730,2101.373966214041,939.7043661493736,3041.0783323634146
20190731,2101.373966214041,938.9373766390368,3040.311342853078
20190801,2101.373966214041,982.5062946298517,3083.8802608438928
20190802,2101.373966214041,944.9225492837818,3046.296515497823
20190805,3039.3321805013907,0.0,3039.3321805013907
20190806,3039.3321805013907,0.0,3039.3321805013907
20190807,3039.3321805013907,0.0,3039.3321805013907
20190808,3039.3321805013907,0.0,3039.3321805013907
20190809,3039.3321805013907,0.0,3039.3321805013907
20190812,2054.1060052006355,943.1093381932394,2997.2153433938747
20190813,2054.1060052006355,951.1212520720844,3005.2272572727197
20190814,2054.1060052006355,953.8742305417956,3007.980235742431
20190815,2054.1060052006355,934.4094438574213,2988.5154490580567
20190816,2054.1060052006355,917.944657173047,2972.0506623736824
20190819,2970.53524040353,0.0,2970.53524040353
20190820,2970.53524040353,0.0,2970.53524040353
20190821,2970.53524040353,0.0,2970.53524040353
20190822,2970.53524040353,0.0,2970.53524040353
20190823,2970.53524040353,0.0,2970.53524040353
20190826,1844.2754921395467,1173.0953578653834,3017.37085000493
20190827,1844.2754921395467,1158.2920881404123,3002.5675802799587
20190828,1844.2754921395467,1117.4833688738222,2961.758861013369
20190829,1844.2754921395467,1161.6692000656133,3005.94469220516
20190830,1844.2754921395467,1137.6365028159003,2981.911994955447
20190902,2414.0648256911513,517.3453052133361,2931.4101309044872
20190903,2414.0648256911513,495.04593860931294,2909.1107643004643
20190904,2414.0648256911513,473.63854666945076,2887.703372360602
20190905,2414.0648256911513,470.96262267696807,2885.0274483681196
20190906,2414.0648256911513,469.17867334864616,2883.2434990397974
20190909,2403.0964966287215,475.6776825785394,2878.774179207261
20190910,2403.0964966287215,523.344757241942,2926.441253870664
20190911,2403.0964966287215,485.6083231334149,2888.7048197621366
20190912,2403.0964966287215,481.6360669114647,2884.732563540186
20190916,1808.39988986599,1051.435943768632,2859.835833634622
20190917,1808.39988986599,1018.2155577858751,2826.615447651865
20190918,1808.39988986599,1011.970384320931,2820.370274186921
20190919,1808.39988986599,1018.7663753377728,2827.166265203763
20190920,1808.39988986599,1006.6381393260184,2815.0380291920083
20190923,1844.6617414192644,923.624712018878,2768.2864534381424
20190924,1844.6617414192644,908.6749173027051,2753.33665872197
20190925,1844.6617414192644,875.2488771508704,2719.910618570135
20190926,1844.6617414192644,826.8730422828628,2671.5347837021272
20190927,1844.6617414192644,833.4523001906188,2678.1140416098833
20190930,2667.2807976727677,0.0,2667.2807976727677
20191008,2667.2807976727677,0.0,2667.2807976727677
20191009,2667.2807976727677,0.0,2667.2807976727677
20191010,2667.2807976727677,0.0,2667.2807976727677
20191011,2667.2807976727677,0.0,2667.2807976727677
20191014,2667.2807976727677,0.0,2667.2807976727677
20191015,2667.2807976727677,0.0,2667.2807976727677
20191016,2667.2807976727677,0.0,2667.2807976727677
20191017,2667.2807976727677,0.0,2667.2807976727677
20191018,2667.2807976727677,0.0,2667.2807976727677
20191021,1435.9199976424236,1168.7451930877398,2604.6651907301634
20191022,1435.9199976424236,1155.789037157535,2591.7090347999583
20191023,1435.9199976424236,1139.2400383776755,2575.160036020099
20191024,1435.9199976424236,1130.2391709546546,2566.159168597078
20191025,1435.9199976424236,1117.1957696033242,2553.1157672457475
20191028,2527.3729369172706,0.0,2527.3729369172706
20191029,2527.3729369172706,0.0,2527.3729369172706
20191030,2527.3729369172706,0.0,2527.3729369172706
20191031,2527.3729369172706,0.0,2527.3729369172706
20191101,2527.3729369172706,0.0,2527.3729369172706
20191104,2079.487506694668,475.74229452054794,2555.229801215216
20191105,2079.487506694668,457.2574200913242,2536.744926785992
20191106,2079.487506694668,475.74229452054794,2555.229801215216
20191107,2079.487506694668,460.1760844748859,2539.663591169554
20191108,2079.487506694668,427.0978881278539,2506.5853948225217
20191111,2493.3830798452814,0.0,2493.3830798452814
20191112,2493.3830798452814,0.0,2493.3830798452814
20191113,2493.3830798452814,0.0,2493.3830798452814
20191114,2493.3830798452814,0.0,2493.3830798452814
20191115,2493.3830798452814,0.0,2493.3830798452814
20191118,2493.3830798452814,0.0,2493.3830798452814
20191119,2493.3830798452814,0.0,2493.3830798452814
20191120,2493.3830798452814,0.0,2493.3830798452814
20191121,2493.3830798452814,0.0,2493.3830798452814
20191122,2493.3830798452814,0.0,2493.3830798452814
20191125,2190.2340798452815,303.0,2493.2340798452815
20191126,2190.2340798452815,290.0,2480.2340798452815
20191127,2190.2340798452815,261.0,2451.2340798452815
20191128,2190.2340798452815,263.0,2453.2340798452815
20191129,2190.2340798452815,267.0,2457.2340798452815
20191202,2059.0694101516397,371.0037572254335,2430.0731673770733
20191203,2059.0694101516397,377.85606936416184,2436.9254795158013
20191204,2059.0694101516397,365.1303468208092,2424.199756972449
20191205,2059.0694101516397,364.1514450867052,2423.220855238345
20191206,2059.0694101516397,362.1936416184971,2421.263051770137
20191209,1969.0511799919143,445.316223599874,2414.3674035917884
20191210,1969.0511799919143,450.7358936639698,2419.7870736558843
20191211,1969.0511799919143,456.1555637280656,2425.20674371998
20191212,1969.0511799919143,433.57360512766627,2402.6247851195803
20191213,1969.0511799919143,438.99327519176217,2408.0444551836763
20191216,1942.7234378997814,456.7510888853041,2399.4745267850853
20191217,1942.7234378997814,458.6384900790451,2401.3619279788263
20191218,1942.7234378997814,461.4695918696564,2404.193029769438
20191219,1942.7234378997814,452.504436199387,2395.2278740991683
20191220,1942.7234378997814,444.95483142442333,2387.678269324205
20191223,2098.067781210006,265.9340659340659,2364.001847144072
20191224,2098.067781210006,268.83516483516485,2366.902946045171
20191225,2098.067781210006,264.967032967033,2363.034814177039
20191226,2098.067781210006,270.7692307692307,2368.837011979237
20191227,2098.067781210006,265.9340659340659,2364.001847144072
20191230,2359.702045737479,0.0,2359.702045737479
20191231,2359.702045737479,0.0,2359.702045737479
20200102,2359.702045737479,0.0,2359.702045737479
20200103,2359.702045737479,0.0,2359.702045737479
20200106,1985.1090847283044,371.2645797796322,2356.3736645079366
20200107,1985.1090847283044,361.0548038356923,2346.163888563997
20200108,1985.1090847283044,335.9944447005671,2321.1035294288713
20200109,1985.1090847283044,339.70709049836347,2324.816175226668
20200110,1985.1090847283044,331.3536374533217,2316.4627221816263
20200113,2011.9498958689246,290.54870189652,2302.4985977654446
20200114,2011.9498958689246,281.57107346713315,2293.5209693360575
20200115,2011.9498958689246,281.57107346713315,2293.5209693360575
20200116,2011.9498958689246,275.0418891548518,2286.991785023776
20200117,2011.9498958689246,269.3288528816056,2281.27874875053
20200120,2275.1941551348286,0.0,2275.1941551348286
20200121,2275.1941551348286,0.0,2275.1941551348286
20200122,2275.1941551348286,0.0,2275.1941551348286
20200123,2275.1941551348286,0.0,2275.1941551348286
20200203,2275.1941551348286,0.0,2275.1941551348286
20200204,2275.1941551348286,0.0,2275.1941551348286
20200205,2275.1941551348286,0.0,2275.1941551348286
20200206,2275.1941551348286,0.0,2275.1941551348286
20200207,2275.1941551348286,0.0,2275.1941551348286
20200210,2275.1941551348286,0.0,2275.1941551348286
20200211,2275.1941551348286,0.0,2275.1941551348286
20200212,2275.1941551348286,0.0,2275.1941551348286
20200213,2275.1941551348286,0.0,2275.1941551348286
20200214,2275.1941551348286,0.0,2275.1941551348286
20200217,2275.1941551348286,0.0,2275.1941551348286
20200218,2275.1941551348286,0.0,2275.1941551348286
20200219,2275.1941551348286,0.0,2275.1941551348286
20200220,2275.1941551348286,0.0,2275.1941551348286
20200221,2275.1941551348286,0.0,2275.1941551348286
20200224,2275.1941551348286,0.0,2275.1941551348286
20200225,2275.1941551348286,0.0,2275.1941551348286
20200226,2275.1941551348286,0.0,2275.1941551348286
20200227,2275.1941551348286,0.0,2275.1941551348286
20200228,2275.1941551348286,0.0,2275.1941551348286
20200302,1453.137648875861,830.4571312758789,2283.59478015174
20200303,1453.137648875861,877.06800066918,2330.205649545041
20200304,1453.137648875861,916.264236246026,2369.401885121887
20200305,1453.137648875861,964.8726620103798,2418.010310886241
20200306,1453.137648875861,1030.7145950599654,2483.8522439358267
20200309,1346.6294552610018,1065.4800597898734,2412.1095150508754
20200310,1346.6294552610018,1064.3882503996272,2411.017705660629
20200311,1346.6294552610018,1128.102573136343,2474.732028397345
20200312,1346.6294552610018,1042.428111590964,2389.057566851966
20200313,1346.6294552610018,959.6131840662097,2306.2426393272117
20200316,1411.8102589215464,813.1157318772148,2224.925990798761
20200317,1411.8102589215464,786.2362189917933,2198.04647791334
20200318,1411.8102589215464,743.7071323763462,2155.5173912978926
20200319,1411.8102589215464,727.8228336340941,2139.6330925556404
20200320,1411.8102589215464,725.0110229593153,2136.8212818808615
20200323,1739.0506822569778,351.45645979567723,2090.507142052655
20200324,1739.0506822569778,350.53641670720685,2089.5870989641844
20200325,1739.0506822569778,369.85732156508436,2108.9080038220623
20200326,1739.0506822569778,350.53641670720685,2089.5870989641844
20200327,1739.0506822569778,364.33706303426226,2103.38774529124
20200330,2088.832266558545,0.0,2088.832266558545
20200331,2088.832266558545,0.0,2088.832266558545
20200401,2088.832266558545,0.0,2088.832266558545
20200402,2088.832266558545,0.0,2088.832266558545
20200403,2088.832266558545,0.0,2088.832266558545
20200407,2088.832266558545,0.0,2088.832266558545
20200408,2088.832266558545,0.0,2088.832266558545
20200409,2088.832266558545,0.0,2088.832266558545
20200410,2088.832266558545,0.0,2088.832266558545
20200413,1707.7205689647442,349.56025296074233,2057.2808219254866
20200414,1707.7205689647442,384.71156331433656,2092.4321322790806
20200415,1707.7205689647442,422.7921495307303,2130.5127184954745
20200416,1707.7205689647442,464.7784368975233,2172.4990058622675
20200417,1707.7205689647442,424.7450001059299,2132.465569070674
20200420,2128.9918284696555,0.0,2128.9918284696555
20200421,2128.9918284696555,0.0,2128.9918284696555
20200422,2128.9918284696555,0.0,2128.9918284696555
20200423,2128.9918284696555,0.0,2128.9918284696555
20200424,2128.9918284696555,0.0,2128.9918284696555
20200427,1743.6207856125127,369.2333333333333,2112.854118945846
20200428,1743.6207856125127,336.39047619047614,2080.011261802989
20200429,1743.6207856125127,325.4428571428571,2069.06364275537
20200430,1743.6207856125127,331.4142857142857,2075.0350713267985
20200506,2065.726767470846,0.0,2065.726767470846
20200507,2065.726767470846,0.0,2065.726767470846
20200508,2065.726767470846,0.0,2065.726767470846
20200511,1735.8968886560403,316.8755239612698,2052.7724126173102
20200512,1735.8968886560403,320.3386444417208,2056.235533097761
20200513,1735.8968886560403,316.8755239612698,2052.7724126173102
20200514,1735.8968886560403,302.15726191935283,2038.0541505753931
20200515,1735.8968886560403,296.9625811986763,2032.8594698547167
20200518,1449.039360779233,553.6878260771952,2002.727186856428
20200519,1449.039360779233,558.2653790781548,2007.3047398573876
20200520,1449.039360779233,586.1215958453872,2035.1609566246202
20200521,1449.039360779233,569.2656085675408,2018.3049693467738
20200522,1449.039360779233,566.2655459795265,2015.3049067587594
20200525,1998.8167677564188,0.0,1998.8167677564188
20200526,1998.8167677564188,0.0,1998.8167677564188
20200527,1998.8167677564188,0.0,1998.8167677564188
20200528,1998.8167677564188,0.0,1998.8167677564188
20200529,1998.8167677564188,0.0,1998.8167677564188
20200601,1998.8167677564188,0.0,1998.8167677564188
20200602,1998.8167677564188,0.0,1998.8167677564188
20200603,1998.8167677564188,0.0,1998.8167677564188
20200604,1998.8167677564188,0.0,1998.8167677564188
20200605,1998.8167677564188,0.0,1998.8167677564188
20200608,1998.8167677564188,0.0,1998.8167677564188
20200609,1998.8167677564188,0.0,1998.8167677564188
20200610,1998.8167677564188,0.0,1998.8167677564188
20200611,1998.8167677564188,0.0,1998.8167677564188
20200612,1998.8167677564188,0.0,1998.8167677564188
20200615,1998.8167677564188,0.0,1998.8167677564188
20200616,1998.8167677564188,0.0,1998.8167677564188
20200617,1998.8167677564188,0.0,1998.8167677564188
20200618,1998.8167677564188,0.0,1998.8167677564188
20200619,1998.8167677564188,0.0,1998.8167677564188
20200622,1360.7599032150597,615.5742450175835,1976.3341482326432
20200623,1360.7599032150597,594.1180560392057,1954.8779592542655
20200624,1360.7599032150597,630.1286872391113,1990.888590454171
20200629,1973.7401652817377,0.0,1973.7401652817377
20200630,1973.7401652817377,0.0,1973.7401652817377
20200701,1973.7401652817377,0.0,1973.7401652817377
20200702,1973.7401652817377,0.0,1973.7401652817377
20200703,1973.7401652817377,0.0,1973.7401652817377
20200706,1973.7401652817377,0.0,1973.7401652817377
20200707,1973.7401652817377,0.0,1973.7401652817377
20200708,1973.7401652817377,0.0,1973.7401652817377
20200709,1973.7401652817377,0.0,1973.7401652817377
20200710,1973.7401652817377,0.0,1973.7401652817377
20200713,1973.7401652817377,0.0,1973.7401652817377
20200714,1973.7401652817377,0.0,1973.7401652817377
20200715,1973.7401652817377,0.0,1973.7401652817377
20200716,1973.7401652817377,0.0,1973.7401652817377
20200717,1973.7401652817377,0.0,1973.7401652817377
20200720,1587.27830011939,394.71656257947836,1981.9948626988685
20200721,1587.27830011939,384.15237234012494,1971.4306724595149
20200722,1587.27830011939,384.15237234012494,1971.4306724595149
20200723,1587.27830011939,370.70703930822054,1957.9853394276106
20200724,1587.27830011939,349.5786588295137,1936.8569589489036
20200727,1569.4204777143075,402.95798179856706,1972.3784595128745
20200728,1569.4204777143075,443.2537799784239,2012.6742576927313
20200729,1569.4204777143075,487.50014660728607,2056.9206243215936
20200730,1569.4204777143075,536.487195374955,2105.9076730892625
20200731,1569.4204777143075,590.2149262814306,2159.635403995738
20200803,1497.9708779688626,736.9451027145421,2234.915980683405
20200804,1497.9708779688626,733.1011515304074,2231.07202949927
20200805,1497.9708779688626,721.1013917788541,2219.0722697477167
20200806,1497.9708779688626,688.5512513347462,2186.522129303609
20200807,1497.9708779688626,688.2397911951034,2186.210669163966
20200810,2160.927646576234,0.0,2160.927646576234
20200811,2160.927646576234,0.0,2160.927646576234
20200812,2160.927646576234,0.0,2160.927646576234
20200813,2160.927646576234,0.0,2160.927646576234
20200814,2160.927646576234,0.0,2160.927646576234
20200817,1684.5067818876448,496.26737778920136,2180.774159676846
20200818,1684.5067818876448,545.5357997718838,2230.042581659529
20200819,1684.5067818876448,600.1789586981316,2284.6857405857763
20200820,1684.5067818876448,548.2231682436665,2232.7299501313114
20200821,1684.5067818876448,602.8663271699143,2287.3731090575593
20200824,1922.8082522152754,372.9907432683956,2295.798995483671
20200825,1922.8082522152754,358.99109070604294,2281.7993429213184
20200826,1922.8082522152754,349.9913140588163,2272.799566274092
20200827,1922.8082522152754,343.9914629606651,2266.7997151759405
20200828,1922.8082522152754,340.99153741158955,2263.799789626865
20200831,2259.4578587951737,0.0,2259.4578587951737
20200901,2259.4578587951737,0.0,2259.4578587951737
20200902,2259.4578587951737,0.0,2259.4578587951737
20200903,2259.4578587951737,0.0,2259.4578587951737
20200904,2259.4578587951737,0.0,2259.4578587951737
20200907,2259.4578587951737,0.0,2259.4578587951737
20200908,2259.4578587951737,0.0,2259.4578587951737
20200909,2259.4578587951737,0.0,2259.4578587951737
20200910,2259.4578587951737,0.0,2259.4578587951737
20200911,2259.4578587951737,0.0,2259.4578587951737
20200914,1791.5830850856266,475.86183632594265,2267.4449214115693
20200915,1791.5830850856266,434.0036192417162,2225.586704327343
20200916,1791.5830850856266,452.3624863839208,2243.9455714695473
20200917,1791.5830850856266,420.78523489932894,2212.3683199849556
20200918,1791.5830850856266,427.39442707052257,2218.9775121561493
20200921,2209.1485014901386,0.0,2209.1485014901386
20200922,2209.1485014901386,0.0,2209.1485014901386
20200923,2209.1485014901386,0.0,2209.1485014901386
20200924,2209.1485014901386,0.0,2209.1485014901386
20200925,2209.1485014901386,0.0,2209.1485014901386
20200928,2209.1485014901386,0.0,2209.1485014901386
20200929,2209.1485014901386,0.0,2209.1485014901386
20200930,2209.1485014901386,0.0,2209.1485014901386
20201009,1744.8920593076805,483.02833675564676,2227.920396063327
20201012,2240.4205479560524,0.0,2240.4205479560524
20201013,2240.4205479560524,0.0,2240.4205479560524
20201014,2240.4205479560524,0.0,2240.4205479560524
20201015,2240.4205479560524,0.0,2240.4205479560524
20201016,2240.4205479560524,0.0,2240.4205479560524
20201019,1959.8545896875248,264.4111143805961,2224.265704068121
20201020,1959.8545896875248,266.953528941948,2226.808118629473
20201021,1959.8545896875248,258.47881373744167,2218.3334034249665
20201022,1959.8545896875248,256.7838706965404,2216.638460384065
20201023,1959.8545896875248,253.39398461473795,2213.2485743022626
20201026,2208.841867926942,0.0,2208.841867926942
20201027,2208.841867926942,0.0,2208.841867926942
20201028,2208.841867926942,0.0,2208.841867926942
20201029,2208.841867926942,0.0,2208.841867926942
20201030,2208.841867926942,0.0,2208.841867926942
20201102,1725.609410184124,457.9937346101231,2183.6031447942473
20201103,1725.609410184124,503.99310533515734,2229.6025155192815
20201104,1725.609410184124,553.9924213406292,2279.6018315247534
20201105,1725.609410184124,609.9916552667578,2335.601065450882
20201106,1725.609410184124,671.990807113543,2397.600217297667
20201109,1712.7144531193692,740.4675191887501,2453.1819723081194
20201110,1712.7144531193692,735.8965488262647,2448.6110019456337
20201111,1712.7144531193692,692.8068939436383,2405.5213470630074
20201112,1712.7144531193692,701.9210880161354,2414.6355411355044
20201113,1712.7144531193692,685.2914168861,2398.005870005469
20201116,1543.5367362226134,892.6578199052132,2436.1945561278267
20201117,1543.5367362226134,858.0548625592417,2401.5915987818553
20201118,1543.5367362226134,905.167355450237,2448.70409167285
20201119,1543.5367362226134,895.3074881516588,2438.844224374272
20201120,1543.5367362226134,894.3308436018957,2437.867579824509
20201123,2423.999803914244,0.0,2423.999803914244
20201124,2423.999803914244,0.0,2423.999803914244
20201125,2423.999803914244,0.0,2423.999803914244
20201126,2423.999803914244,0.0,2423.999803914244
20201127,2423.999803914244,0.0,2423.999803914244
20201130,1543.5332144542504,863.9105436195015,2407.4437580737517
20201201,1543.5332144542504,844.6685886015161,2388.2018030557665
20201202,1543.5332144542504,848.2150719750632,2391.7482864293133
20201203,1543.5332144542504,842.820762702732,2386.353977156982
20201204,1543.5332144542504,850.5784023402036,2394.1116167944538
20201207,2374.7543799279633,0.0,2374.7543799279633
20201208,2374.7543799279633,0.0,2374.7543799279633
20201209,2374.7543799279633,0.0,2374.7543799279633
20201210,2374.7543799279633,0.0,2374.7543799279633
20201211,2374.7543799279633,0.0,2374.7543799279633
20201214,1110.8450146699886,1226.8960630961044,2337.741077766093
20201215,1110.8450146699886,1199.3423579483258,2310.1873726183144
20201216,1110.8450146699886,1161.6323862281674,2272.477400898156
20201217,1110.8450146699886,1157.4414876519563,2268.2865023219447
20201218,1110.8450146699886,1185.3380504661204,2296.183065136109
20201221,1971.2522486827797,313.5644625667326,2284.816711249512
20201222,1971.2522486827797,287.29284543276304,2258.5450941155427
20201223,1971.2522486827797,295.76756063726936,2267.0198093200493
20201224,1971.2522486827797,290.68273151456555,2261.9349801973453
20201225,1971.2522486827797,319.4967632098869,2290.7490118926667
20201228,1973.4416580643554,328.5979464703263,2302.0396045346815
20201229,1973.4416580643554,320.3829978085681,2293.8246558729234
20201230,1973.4416580643554,333.3899998563519,2306.831657920707
20201231,1973.4416580643554,321.06757686371463,2294.50923492807
20210104,1512.1922745217034,770.0639627245084,2282.2562372462116
20210105,1512.1922745217034,792.1567972056016,2304.3490717273053
20210106,1512.1922745217034,719.181179133343,2231.3734536550464
20210107,1512.1922745217034,714.4264905899493,2226.6187651116525
20210108,1512.1922745217034,692.3169740129896,2204.509248534693
20210111,2191.8962569877276,0.0,2191.8962569877276
20210112,2191.8962569877276,0.0,2191.8962569877276
20210113,2191.8962569877276,0.0,2191.8962569877276
20210114,2191.8962569877276,0.0,2191.8962569877276
20210115,2191.8962569877276,0.0,2191.8962569877276
20210118,1771.9858942934272,412.35563565367573,2184.341529947103
20210119,1771.9858942934272,419.397762258767,2191.383656552194
20210120,1771.9858942934272,419.397762258767,2191.383656552194
20210121,1771.9858942934272,437.3943080273334,2209.380202320761
20210122,1771.9858942934272,422.52759630547416,2194.5134905989016
20210125,2185.182687390596,0.0,2185.182687390596
20210126,2185.182687390596,0.0,2185.182687390596
20210127,2185.182687390596,0.0,2185.182687390596
20210128,2185.182687390596,0.0,2185.182687390596
20210129,2185.182687390596,0.0,2185.182687390596
20210201,1678.9321873905963,516.0,2194.9321873905965
20210202,1678.9321873905963,463.99999999999994,2142.932187390596
20210203,1678.9321873905963,509.99999999999994,2188.932187390596
20210204,1678.9321873905963,459.0,2137.9321873905965
20210205,1678.9321873905963,413.0,2091.9321873905965
20210208,2063.5422848905964,0.0,2063.5422848905964
20210209,2063.5422848905964,0.0,2063.5422848905964
20210210,2063.5422848905964,0.0,2063.5422848905964
20210218,2063.5422848905964,0.0,2063.5422848905964
20210219,2063.5422848905964,0.0,2063.5422848905964
20210222,1837.073817179477,237.10656430564723,2074.180381485124
20210223,1837.073817179477,260.72972753905117,2097.803544718528
20210224,1837.073817179477,251.10547585136808,2088.179293030845
20210225,1837.073817179477,231.85697247600189,2068.9307896554787
20210226,1837.073817179477,222.2327207883188,2059.3065379677955
20210301,2061.950876130508,0.0,2061.950876130508
20210302,2061.950876130508,0.0,2061.950876130508
20210303,2061.950876130508,0.0,2061.950876130508
20210304,2061.950876130508,0.0,2061.950876130508
20210305,2061.950876130508,0.0,2061.950876130508
20210308,2061.950876130508,0.0,2061.950876130508
20210309,2061.950876130508,0.0,2061.950876130508
20210310,2061.950876130508,0.0,2061.950876130508
20210311,2061.950876130508,0.0,2061.950876130508
20210312,2061.950876130508,0.0,2061.950876130508
20210315,1445.3184132928454,555.9610183411784,2001.2794316340237
20210316,1445.3184132928454,560.917550964539,2006.2359642573845
20210317,1445.3184132928454,546.0727363722054,1991.3911496650508
20210318,1445.3184132928454,548.0586538585829,1993.3770671514285
20210319,1445.3184132928454,550.0528324375433,1995.3712457303886
20210322,1987.7807228421038,0.0,1987.7807228421038
20210323,1987.7807228421038,0.0,1987.7807228421038
20210324,1987.7807228421038,0.0,1987.7807228421038
20210325,1987.7807228421038,0.0,1987.7807228421038
20210326,1987.7807228421038,0.0,1987.7807228421038
20210329,1987.7807228421038,0.0,1987.7807228421038
20210330,1987.7807228421038,0.0,1987.7807228421038
20210331,1987.7807228421038,0.0,1987.7807228421038
20210401,1987.7807228421038,0.0,1987.7807228421038
20210402,1987.7807228421038,0.0,1987.7807228421038
20210406,1987.7807228421038,0.0,1987.7807228421038
20210407,1987.7807228421038,0.0,1987.7807228421038
20210408,1987.7807228421038,0.0,1987.7807228421038
20210409,1987.7807228421038,0.0,1987.7807228421038
20210412,1987.7807228421038,0.0,1987.7807228421038
20210413,1987.7807228421038,0.0,1987.7807228421038
20210414,1987.7807228421038,0.0,1987.7807228421038
20210415,1987.7807228421038,0.0,1987.7807228421038
20210416,1987.7807228421038,0.0,1987.7807228421038
20210419,1987.7807228421038,0.0,1987.7807228421038
20210420,1987.7807228421038,0.0,1987.7807228421038
20210421,1987.7807228421038,0.0,1987.7807228421038
20210422,1987.7807228421038,0.0,1987.7807228421038
20210423,1987.7807228421038,0.0,1987.7807228421038
20210426,1987.7807228421038,0.0,1987.7807228421038
20210427,1987.7807228421038,0.0,1987.7807228421038
20210428,1987.7807228421038,0.0,1987.7807228421038
20210429,1987.7807228421038,0.0,1987.7807228421038
20210430,1987.7807228421038,0.0,1987.7807228421038
20210506,1987.7807228421038,0.0,1987.7807228421038
20210507,1987.7807228421038,0.0,1987.7807228421038
20210510,1987.7807228421038,0.0,1987.7807228421038
20210511,1987.7807228421038,0.0,1987.7807228421038
20210512,1987.7807228421038,0.0,1987.7807228421038
20210513,1987.7807228421038,0.0,1987.7807228421038
20210514,1987.7807228421038,0.0,1987.7807228421038
20210517,1425.6955361125897,571.9456127628716,1997.6411488754613
20210518,1425.6955361125897,605.7751994198695,2031.4707355324592
20210519,1425.6955361125897,624.2523567802756,2049.947892892865
20210520,1425.6955361125897,653.4568527918782,2079.152388904468
20210521,1425.6955361125897,686.6272661348803,2112.32280224747
20210524,2143.5943571381517,0.0,2143.5943571381517
20210525,2143.5943571381517,0.0,2143.5943571381517
20210526,2143.5943571381517,0.0,2143.5943571381517
20210527,2143.5943571381517,0.0,2143.5943571381517
20210528,2143.5943571381517,0.0,2143.5943571381517
20210531,1735.3928571381516,455.0,2190.3928571381516
20210601,1735.3928571381516,434.0,2169.3928571381516
20210602,1735.3928571381516,391.0,2126.3928571381516
20210603,1735.3928571381516,372.0,2107.3928571381516
20210604,1735.3928571381516,364.0,2099.3928571381516
20210607,1690.8299481381514,408.0,2098.8299481381514
20210608,1690.8299481381514,401.0,2091.8299481381514
20210609,1690.8299481381514,393.0,2083.8299481381514
20210610,1690.8299481381514,401.0,2091.8299481381514
20210611,1690.8299481381514,420.0,2110.8299481381514
20210615,2099.416051638151,0.0,2099.416051638151
20210616,2099.416051638151,0.0,2099.416051638151
20210617,2099.416051638151,0.0,2099.416051638151
20210618,2099.416051638151,0.0,2099.416051638151
20210621,1807.6857852601393,281.26337587190864,2088.9491611320477
20210622,1807.6857852601393,291.91056991122383,2099.596355171363
20210623,1807.6857852601393,286.58697289156623,2094.2727581517056
20210624,1807.6857852601393,281.26337587190864,2088.9491611320477
20210625,1807.6857852601393,276.82704502219406,2084.512830282333
20210628,2080.1224515696617,0.0,2080.1224515696617
20210629,2080.1224515696617,0.0,2080.1224515696617
20210630,2080.1224515696617,0.0,2080.1224515696617
20210701,2080.1224515696617,0.0,2080.1224515696617
20210702,2080.1224515696617,0.0,2080.1224515696617
20210705,1704.0614803747826,376.76244665718343,2080.823927031966
20210706,1704.0614803747826,348.3090327169274,2052.37051309171
20210707,1704.0614803747826,347.327880512091,2051.3893608868734
20210708,1704.0614803747826,332.6105974395448,2036.6720778143274
20210709,1704.0614803747826,334.5729018492176,2038.634382224
20210712,2033.2998929653766,0.0,2033.2998929653766
20210713,2033.2998929653766,0.0,2033.2998929653766
20210714,2033.2998929653766,0.0,2033.2998929653766
20210715,2033.2998929653766,0.0,2033.2998929653766
20210716,2033.2998929653766,0.0,2033.2998929653766
20210719,2033.2998929653766,0.0,2033.2998929653766
20210720,2033.2998929653766,0.0,2033.2998929653766
20210721,2033.2998929653766,0.0,2033.2998929653766
20210722,2033.2998929653766,0.0,2033.2998929653766
20210723,2033.2998929653766,0.0,2033.2998929653766
20210726,2033.2998929653766,0.0,2033.2998929653766
20210727,2033.2998929653766,0.0,2033.2998929653766
20210728,2033.2998929653766,0.0,2033.2998929653766
20210729,2033.2998929653766,0.0,2033.2998929653766
20210730,2033.2998929653766,0.0,2033.2998929653766
20210802,2033.2998929653766,0.0,2033.2998929653766
20210803,2033.2998929653766,0.0,2033.2998929653766
20210804,2033.2998929653766,0.0,2033.2998929653766
20210805,2033.2998929653766,0.0,2033.2998929653766
20210806,2033.2998929653766,0.0,2033.2998929653766
20210809,1704.1378929653765,325.0,2029.1378929653765
20210810,1704.1378929653765,305.0,2009.1378929653765
20210811,1704.1378929653765,301.0,2005.1378929653765
20210812,1704.1378929653765,292.0,1996.1378929653765
20210813,1704.1378929653765,288.0,1992.1378929653765
20210816,1983.8529642153765,0.0,1983.8529642153765
20210817,1983.8529642153765,0.0,1983.8529642153765
20210818,1983.8529642153765,0.0,1983.8529642153765
20210819,1983.8529642153765,0.0,1983.8529642153765
20210820,1983.8529642153765,0.0,1983.8529642153765
20210823,1983.8529642153765,0.0,1983.8529642153765
20210824,1983.8529642153765,0.0,1983.8529642153765
20210825,1983.8529642153765,0.0,1983.8529642153765
20210826,1983.8529642153765,0.0,1983.8529642153765
20210827,1983.8529642153765,0.0,1983.8529642153765
20210830,1983.8529642153765,0.0,1983.8529642153765
20210831,1983.8529642153765,0.0,1983.8529642153765
20210901,1983.8529642153765,0.0,1983.8529642153765
20210902,1983.8529642153765,0.0,1983.8529642153765
20210903,1983.8529642153765,0.0,1983.8529642153765
20210906,1983.8529642153765,0.0,1983.8529642153765
20210907,1983.8529642153765,0.0,1983.8529642153765
20210908,1983.8529642153765,0.0,1983.8529642153765
20210909,1983.8529642153765,0.0,1983.8529642153765
20210910,1983.8529642153765,0.0,1983.8529642153765
20210913,1983.8529642153765,0.0,1983.8529642153765
20210914,1983.8529642153765,0.0,1983.8529642153765
20210915,1983.8529642153765,0.0,1983.8529642153765
20210916,1983.8529642153765,0.0,1983.8529642153765
20210917,1983.8529642153765,0.0,1983.8529642153765
20210922,1983.8529642153765,0.0,1983.8529642153765
20210923,1983.8529642153765,0.0,1983.8529642153765
20210924,1983.8529642153765,0.0,1983.8529642153765
20210927,1983.8529642153765,0.0,1983.8529642153765
20210928,1983.8529642153765,0.0,1983.8529642153765
20210929,1983.8529642153765,0.0,1983.8529642153765
20210930,1983.8529642153765,0.0,1983.8529642153765
20211008,1983.8529642153765,0.0,1983.8529642153765
20211011,1983.8529642153765,0.0,1983.8529642153765
20211012,1983.8529642153765,0.0,1983.8529642153765
20211013,1983.8529642153765,0.0,1983.8529642153765
20211014,1983.8529642153765,0.0,1983.8529642153765
20211015,1983.8529642153765,0.0,1983.8529642153765
20211018,1983.8529642153765,0.0,1983.8529642153765
20211019,1983.8529642153765,0.0,1983.8529642153765
20211020,1983.8529642153765,0.0,1983.8529642153765
20211021,1983.8529642153765,0.0,1983.8529642153765
20211022,1983.8529642153765,0.0,1983.8529642153765
20211025,1983.8529642153765,0.0,1983.8529642153765
20211026,1983.8529642153765,0.0,1983.8529642153765
20211027,1983.8529642153765,0.0,1983.8529642153765
20211028,1983.8529642153765,0.0,1983.8529642153765
20211029,1983.8529642153765,0.0,1983.8529642153765
20211101,1983.8529642153765,0.0,1983.8529642153765
20211102,1983.8529642153765,0.0,1983.8529642153765
20211103,1983.8529642153765,0.0,1983.8529642153765
20211104,1983.8529642153765,0.0,1983.8529642153765
20211105,1983.8529642153765,0.0,1983.8529642153765
20211108,1983.8529642153765,0.0,1983.8529642153765
20211109,1983.8529642153765,0.0,1983.8529642153765
20211110,1983.8529642153765,0.0,1983.8529642153765
20211111,1983.8529642153765,0.0,1983.8529642153765
20211112,1983.8529642153765,0.0,1983.8529642153765
20211115,1983.8529642153765,0.0,1983.8529642153765
20211116,1983.8529642153765,0.0,1983.8529642153765
20211117,1983.8529642153765,0.0,1983.8529642153765
20211118,1983.8529642153765,0.0,1983.8529642153765
20211119,1983.8529642153765,0.0,1983.8529642153765
20211122,1983.8529642153765,0.0,1983.8529642153765
20211123,1983.8529642153765,0.0,1983.8529642153765
20211124,1983.8529642153765,0.0,1983.8529642153765
20211125,1983.8529642153765,0.0,1983.8529642153765
20211126,1983.8529642153765,0.0,1983.8529642153765
20211129,1983.8529642153765,0.0,1983.8529642153765
20211130,1983.8529642153765,0.0,1983.8529642153765
20211201,1983.8529642153765,0.0,1983.8529642153765
20211202,1983.8529642153765,0.0,1983.8529642153765
20211203,1983.8529642153765,0.0,1983.8529642153765
20211206,1577.7449140241542,397.24633980496174,1974.991253829116
20211207,1577.7449140241542,388.09319833480134,1965.8381123589556
20211208,1577.7449140241542,387.1778841877853,1964.9227982119396
20211209,1577.7449140241542,386.2625700407692,1964.0074840649236
20211210,1577.7449140241542,381.68599930568905,1959.4309133298434
20211213,1955.8781208754326,0.0,1955.8781208754326
20211214,1955.8781208754326,0.0,1955.8781208754326
20211215,1955.8781208754326,0.0,1955.8781208754326
20211216,1955.8781208754326,0.0,1955.8781208754326
20211217,1955.8781208754326,0.0,1955.8781208754326
20211220,1955.8781208754326,0.0,1955.8781208754326
20211221,1955.8781208754326,0.0,1955.8781208754326
20211222,1955.8781208754326,0.0,1955.8781208754326
20211223,1955.8781208754326,0.0,1955.8781208754326
20211224,1955.8781208754326,0.0,1955.8781208754326
20211227,1699.7526208754325,265.0,1964.7526208754325
20211228,1699.7526208754325,267.0,1966.7526208754325
20211229,1699.7526208754325,294.0,1993.7526208754325
20211230,1699.7526208754325,301.0,2000.7526208754325
20211231,1699.7526208754325,331.0,2030.7526208754325
20220104,1665.8411392684586,381.23540549069105,2047.0765447591498
20220105,1665.8411392684586,342.9153518460082,2008.7564911144668
20220106,1665.8411392684586,324.24660776270116,1990.0877470311598
20220107,1665.8411392684586,319.33378037235724,1985.174919640816
20220110,1972.9845835862639,0.0,1972.9845835862639
20220111,1972.9845835862639,0.0,1972.9845835862639
20220112,1972.9845835862639,0.0,1972.9845835862639
20220113,1972.9845835862639,0.0,1972.9845835862639
20220114,1972.9845835862639,0.0,1972.9845835862639
20220117,1972.9845835862639,0.0,1972.9845835862639
20220118,1972.9845835862639,0.0,1972.9845835862639
20220119,1972.9845835862639,0.0,1972.9845835862639
20220120,1972.9845835862639,0.0,1972.9845835862639
20220121,1972.9845835862639,0.0,1972.9845835862639
20220124,1972.9845835862639,0.0,1972.9845835862639
20220125,1972.9845835862639,0.0,1972.9845835862639
20220126,1972.9845835862639,0.0,1972.9845835862639
20220127,1972.9845835862639,0.0,1972.9845835862639
20220128,1972.9845835862639,0.0,1972.9845835862639
20220207,1972.9845835862639,0.0,1972.9845835862639
20220208,1972.9845835862639,0.0,1972.9845835862639
20220209,1972.9845835862639,0.0,1972.9845835862639
20220210,1972.9845835862639,0.0,1972.9845835862639
20220211,1972.9845835862639,0.0,1972.9845835862639
20220214,1972.9845835862639,0.0,1972.9845835862639
20220215,1972.9845835862639,0.0,1972.9845835862639
20220216,1972.9845835862639,0.0,1972.9845835862639
20220217,1972.9845835862639,0.0,1972.9845835862639
20220218,1972.9845835862639,0.0,1972.9845835862639
20220221,1972.9845835862639,0.0,1972.9845835862639
20220222,1972.9845835862639,0.0,1972.9845835862639
20220223,1972.9845835862639,0.0,1972.9845835862639
20220224,1972.9845835862639,0.0,1972.9845835862639
20220225,1972.9845835862639,0.0,1972.9845835862639
20220228,1972.9845835862639,0.0,1972.9845835862639
20220301,1972.9845835862639,0.0,1972.9845835862639
20220302,1972.9845835862639,0.0,1972.9845835862639
20220303,1972.9845835862639,0.0,1972.9845835862639
20220304,1972.9845835862639,0.0,1972.9845835862639
20220307,1972.9845835862639,0.0,1972.9845835862639
20220308,1972.9845835862639,0.0,1972.9845835862639
20220309,1972.9845835862639,0.0,1972.9845835862639
20220310,1972.9845835862639,0.0,1972.9845835862639
20220311,1972.9845835862639,0.0,1972.9845835862639
20220314,1972.9845835862639,0.0,1972.9845835862639
20220315,1972.9845835862639,0.0,1972.9845835862639
20220316,1972.9845835862639,0.0,1972.9845835862639
20220317,1972.9845835862639,0.0,1972.9845835862639
20220318,1972.9845835862639,0.0,1972.9845835862639
20220321,1972.9845835862639,0.0,1972.9845835862639
20220322,1972.9845835862639,0.0,1972.9845835862639
20220323,1972.9845835862639,0.0,1972.9845835862639
20220324,1972.9845835862639,0.0,1972.9845835862639
20220325,1972.9845835862639,0.0,1972.9845835862639
20220328,1972.9845835862639,0.0,1972.9845835862639
20220329,1972.9845835862639,0.0,1972.9845835862639
20220330,1972.9845835862639,0.0,1972.9845835862639
20220331,1972.9845835862639,0.0,1972.9845835862639
20220401,1972.9845835862639,0.0,1972.9845835862639
20220406,1972.9845835862639,0.0,1972.9845835862639
20220407,1972.9845835862639,0.0,1972.9845835862639
20220408,1972.9845835862639,0.0,1972.9845835862639
20220411,1972.9845835862639,0.0,1972.9845835862639
20220412,1972.9845835862639,0.0,1972.9845835862639
20220413,1972.9845835862639,0.0,1972.9845835862639
20220414,1972.9845835862639,0.0,1972.9845835862639
20220415,1972.9845835862639,0.0,1972.9845835862639
20220418,1972.9845835862639,0.0,1972.9845835862639
20220419,1972.9845835862639,0.0,1972.9845835862639
20220420,1972.9845835862639,0.0,1972.9845835862639
20220421,1972.9845835862639,0.0,1972.9845835862639
20220422,1972.9845835862639,0.0,1972.9845835862639
20220425,1703.8525835862638,248.0,1951.8525835862638
20220426,1703.8525835862638,273.0,1976.8525835862638
20220427,1703.8525835862638,300.0,2003.8525835862638
20220428,1703.8525835862638,330.0,2033.8525835862638
20220429,1703.8525835862638,310.0,2013.8525835862638
20220505,1413.7687145306259,604.4394449683416,2018.2081594989675
20220506,1413.7687145306259,618.8833894651758,2032.6521039958016
20220509,1791.4269225169655,240.0,2031.4269225169655
20220510,1791.4269225169655,248.0,2039.4269225169655
20220511,1791.4269225169655,250.0,2041.4269225169655
20220512,1791.4269225169655,247.00000000000003,2038.4269225169655
20220513,1791.4269225169655,272.0,2063.4269225169655
20220516,1601.9174925169655,468.0,2069.9174925169655
20220517,1601.9174925169655,487.0,2088.9174925169655
20220518,1601.9174925169655,508.0,2109.9174925169655
20220519,1601.9174925169655,457.0,2058.9174925169655
20220520,1601.9174925169655,490.00000000000006,2091.9174925169655
20220523,1245.7419925169656,890.0,2135.7419925169656
20220524,1245.7419925169656,794.0,2039.7419925169656
20220525,1245.7419925169656,749.0,1994.7419925169656
20220526,1245.7419925169656,710.0,1955.7419925169656
20220527,1245.7419925169656,715.0,1960.7419925169656
20220530,1943.0341695169657,0.0,1943.0341695169657
20220531,1943.0341695169657,0.0,1943.0341695169657
20220601,1943.0341695169657,0.0,1943.0341695169657
20220602,1943.0341695169657,0.0,1943.0341695169657
20220606,1943.0341695169657,0.0,1943.0341695169657
20220607,1943.0341695169657,0.0,1943.0341695169657
20220608,1943.0341695169657,0.0,1943.0341695169657
20220609,1943.0341695169657,0.0,1943.0341695169657
20220610,1943.0341695169657,0.0,1943.0341695169657
20220613,1557.8441695169658,440.00000000000006,1997.8441695169658
20220614,1557.8441695169658,425.0,1982.8441695169658
20220615,1557.8441695169658,383.0,1940.8441695169658
20220616,1557.8441695169658,345.0,1902.8441695169658
20220617,1557.8441695169658,359.0,1916.8441695169658
20220620,1891.505254266966,0.0,1891.505254266966
20220621,1891.505254266966,0.0,1891.505254266966
20220622,1891.505254266966,0.0,1891.505254266966
20220623,1891.505254266966,0.0,1891.505254266966
20220624,1891.505254266966,0.0,1891.505254266966
20220627,1891.505254266966,0.0,1891.505254266966
20220628,1891.505254266966,0.0,1891.505254266966
20220629,1891.505254266966,0.0,1891.505254266966
20220630,1891.505254266966,0.0,1891.505254266966
20220701,1891.505254266966,0.0,1891.505254266966
20220704,1891.505254266966,0.0,1891.505254266966
20220705,1891.505254266966,0.0,1891.505254266966
20220706,1891.505254266966,0.0,1891.505254266966
20220707,1891.505254266966,0.0,1891.505254266966
20220708,1891.505254266966,0.0,1891.505254266966
20220711,1891.505254266966,0.0,1891.505254266966
20220712,1891.505254266966,0.0,1891.505254266966
20220713,1891.505254266966,0.0,1891.505254266966
20220714,1891.505254266966,0.0,1891.505254266966
20220715,1891.505254266966,0.0,1891.505254266966
20220718,1891.505254266966,0.0,1891.505254266966
20220719,1891.505254266966,0.0,1891.505254266966
20220720,1891.505254266966,0.0,1891.505254266966
20220721,1891.505254266966,0.0,1891.505254266966
20220722,1891.505254266966,0.0,1891.505254266966
20220725,1891.505254266966,0.0,1891.505254266966
20220726,1891.505254266966,0.0,1891.505254266966
20220727,1891.505254266966,0.0,1891.505254266966
20220728,1891.505254266966,0.0,1891.505254266966
20220729,1891.505254266966,0.0,1891.505254266966
20220801,1891.505254266966,0.0,1891.505254266966
20220802,1891.505254266966,0.0,1891.505254266966
20220803,1891.505254266966,0.0,1891.505254266966
20220804,1891.505254266966,0.0,1891.505254266966
20220805,1891.505254266966,0.0,1891.505254266966
20220808,1562.377744454121,335.78189885659026,1898.1596433107113
20220809,1562.377744454121,315.1032481938677,1877.4809926479888
20220810,1562.377744454121,342.6747824108311,1905.0525268649521
20220811,1562.377744454121,377.13920018203544,1939.5169446361565
20220812,1562.377744454121,359.4146424711303,1921.7923869252513
20220815,1908.5633565434036,0.0,1908.5633565434036
20220816,1908.5633565434036,0.0,1908.5633565434036
20220817,1908.5633565434036,0.0,1908.5633565434036
20220818,1908.5633565434036,0.0,1908.5633565434036
20220819,1908.5633565434036,0.0,1908.5633565434036
20220822,1908.5633565434036,0.0,1908.5633565434036
20220823,1908.5633565434036,0.0,1908.5633565434036
20220824,1908.5633565434036,0.0,1908.5633565434036
20220825,1908.5633565434036,0.0,1908.5633565434036
20220826,1908.5633565434036,0.0,1908.5633565434036
20220829,1908.5633565434036,0.0,1908.5633565434036
20220830,1908.5633565434036,0.0,1908.5633565434036
20220831,1908.5633565434036,0.0,1908.5633565434036
20220901,1908.5633565434036,0.0,1908.5633565434036
20220902,1908.5633565434036,0.0,1908.5633565434036
20220905,1552.6423968719198,385.53804455763634,1938.1804414295561
20220906,1552.6423968719198,424.09184901339995,1976.7342458853198
20220907,1552.6423968719198,466.4070002453357,2019.0493971172555
20220908,1552.6423968719198,513.4238349474865,2066.0662318194063
20220909,1552.6423968719198,486.1540708202391,2038.7964676921588
20220913,1552.6423968719198,437.25656273000226,1989.8989596019221
20220914,1552.6423968719198,394.0010748040236,1946.6434716759434
20220915,1552.6423968719198,396.82208488615254,1949.4644817580725
20220916,1552.6423968719198,362.02962720656103,1914.6720240784807
20220919,1905.5524985889485,0.0,1905.5524985889485
20220920,1905.5524985889485,0.0,1905.5524985889485
20220921,1905.5524985889485,0.0,1905.5524985889485
20220922,1905.5524985889485,0.0,1905.5524985889485
20220923,1905.5524985889485,0.0,1905.5524985889485
20220926,1905.5524985889485,0.0,1905.5524985889485
20220927,1905.5524985889485,0.0,1905.5524985889485
20220928,1905.5524985889485,0.0,1905.5524985889485
20220929,1905.5524985889485,0.0,1905.5524985889485
20220930,1905.5524985889485,0.0,1905.5524985889485
20221010,1905.5524985889485,0.0,1905.5524985889485
20221011,1905.5524985889485,0.0,1905.5524985889485
20221012,1905.5524985889485,0.0,1905.5524985889485
20221013,1905.5524985889485,0.0,1905.5524985889485
20221014,1905.5524985889485,0.0,1905.5524985889485
20221017,1905.5524985889485,0.0,1905.5524985889485
20221018,1905.5524985889485,0.0,1905.5524985889485
20221019,1905.5524985889485,0.0,1905.5524985889485
20221020,1905.5524985889485,0.0,1905.5524985889485
20221021,1905.5524985889485,0.0,1905.5524985889485
20221024,1905.5524985889485,0.0,1905.5524985889485
20221025,1905.5524985889485,0.0,1905.5524985889485
20221026,1905.5524985889485,0.0,1905.5524985889485
20221027,1905.5524985889485,0.0,1905.5524985889485
20221028,1905.5524985889485,0.0,1905.5524985889485
20221031,1905.5524985889485,0.0,1905.5524985889485
20221101,1905.5524985889485,0.0,1905.5524985889485
20221102,1905.5524985889485,0.0,1905.5524985889485
20221103,1905.5524985889485,0.0,1905.5524985889485
20221104,1905.5524985889485,0.0,1905.5524985889485
20221107,1905.5524985889485,0.0,1905.5524985889485
20221108,1905.5524985889485,0.0,1905.5524985889485
20221109,1905.5524985889485,0.0,1905.5524985889485
20221110,1905.5524985889485,0.0,1905.5524985889485
20221111,1905.5524985889485,0.0,1905.5524985889485
20221114,1905.5524985889485,0.0,1905.5524985889485
20221115,1905.5524985889485,0.0,1905.5524985889485
20221116,1905.5524985889485,0.0,1905.5524985889485
20221117,1905.5524985889485,0.0,1905.5524985889485
20221118,1905.5524985889485,0.0,1905.5524985889485
20221121,1554.3794985889485,337.0,1891.3794985889485
20221122,1554.3794985889485,333.0,1887.3794985889485
20221123,1554.3794985889485,325.0,1879.3794985889485
20221124,1554.3794985889485,320.0,1874.3794985889485
20221125,1554.3794985889485,321.0,1875.3794985889485
20221128,1540.8930614207534,314.498559280343,1855.3916207010964
20221129,1540.8930614207534,339.9746995572423,1880.8677609779957
20221130,1540.8930614207534,325.04041042940474,1865.9334718501582
20221201,1540.8930614207534,315.37704687609806,1856.2701082968515
20221202,1540.8930614207534,310.98460889732235,1851.8776703180756
20221205,1849.1995914386746,0.0,1849.1995914386746
20221206,1849.1995914386746,0.0,1849.1995914386746
20221207,1849.1995914386746,0.0,1849.1995914386746
20221208,1849.1995914386746,0.0,1849.1995914386746
20221209,1849.1995914386746,0.0,1849.1995914386746
20221212,1849.1995914386746,0.0,1849.1995914386746
20221213,1849.1995914386746,0.0,1849.1995914386746
20221214,1849.1995914386746,0.0,1849.1995914386746
20221215,1849.1995914386746,0.0,1849.1995914386746
20221216,1849.1995914386746,0.0,1849.1995914386746
20221219,1551.0530914386745,274.0,1825.0530914386745
20221220,1551.0530914386745,250.99999999999997,1802.0530914386745
20221221,1551.0530914386745,256.0,1807.0530914386745
20221222,1551.0530914386745,250.99999999999997,1802.0530914386745
20221223,1551.0530914386745,239.0,1790.0530914386745
20221226,1782.8161506886745,0.0,1782.8161506886745
20221227,1782.8161506886745,0.0,1782.8161506886745
20221228,1782.8161506886745,0.0,1782.8161506886745
20221229,1782.8161506886745,0.0,1782.8161506886745
20221230,1782.8161506886745,0.0,1782.8161506886745
20230103,1782.8161506886745,0.0,1782.8161506886745
20230104,1782.8161506886745,0.0,1782.8161506886745
20230105,1782.8161506886745,0.0,1782.8161506886745
20230106,1782.8161506886745,0.0,1782.8161506886745
20230109,1782.8161506886745,0.0,1782.8161506886745
20230110,1782.8161506886745,0.0,1782.8161506886745
20230111,1782.8161506886745,0.0,1782.8161506886745
20230112,1782.8161506886745,0.0,1782.8161506886745
20230113,1782.8161506886745,0.0,1782.8161506886745
20230116,1449.6521506886745,304.0,1753.6521506886745
20230117,1449.6521506886745,334.0,1783.6521506886745
20230118,1449.6521506886745,305.0,1754.6521506886745
20230119,1449.6521506886745,292.0,1741.6521506886745
20230120,1449.6521506886745,284.0,1733.6521506886745
20230130,1733.3632229386744,0.0,1733.3632229386744
20230131,1733.3632229386744,0.0,1733.3632229386744
20230201,1733.3632229386744,0.0,1733.3632229386744
20230202,1733.3632229386744,0.0,1733.3632229386744
20230203,1733.3632229386744,0.0,1733.3632229386744
20230206,1733.3632229386744,0.0,1733.3632229386744
20230207,1733.3632229386744,0.0,1733.3632229386744
20230208,1733.3632229386744,0.0,1733.3632229386744
20230209,1733.3632229386744,0.0,1733.3632229386744
20230210,1733.3632229386744,0.0,1733.3632229386744
20230213,1399.1294489149313,321.15046091570855,1720.27990983064
20230214,1399.1294489149313,330.8289679570039,1729.9584168719352
20230215,1399.1294489149313,322.9101894686714,1722.0396383836028
20230216,1399.1294489149313,308.83236104496905,1707.9618099599004
20230217,1399.1294489149313,311.47195387441326,1710.6014027893445
20230220,1703.5320394391167,0.0,1703.5320394391167
20230221,1703.5320394391167,0.0,1703.5320394391167
20230222,1703.5320394391167,0.0,1703.5320394391167
20230223,1703.5320394391167,0.0,1703.5320394391167
20230224,1703.5320394391167,0.0,1703.5320394391167
20230227,1703.5320394391167,0.0,1703.5320394391167
20230228,1703.5320394391167,0.0,1703.5320394391167
20230301,1703.5320394391167,0.0,1703.5320394391167
20230302,1703.5320394391167,0.0,1703.5320394391167
20230303,1703.5320394391167,0.0,1703.5320394391167
20230306,1703.5320394391167,0.0,1703.5320394391167
20230307,1703.5320394391167,0.0,1703.5320394391167
20230308,1703.5320394391167,0.0,1703.5320394391167
20230309,1703.5320394391167,0.0,1703.5320394391167
20230310,1703.5320394391167,0.0,1703.5320394391167
20230313,1703.5320394391167,0.0,1703.5320394391167
20230314,1703.5320394391167,0.0,1703.5320394391167
20230315,1703.5320394391167,0.0,1703.5320394391167
20230316,1703.5320394391167,0.0,1703.5320394391167
20230317,1703.5320394391167,0.0,1703.5320394391167
20230320,1703.5320394391167,0.0,1703.5320394391167
20230321,1703.5320394391167,0.0,1703.5320394391167
20230322,1703.5320394391167,0.0,1703.5320394391167
20230323,1703.5320394391167,0.0,1703.5320394391167
20230324,1703.5320394391167,0.0,1703.5320394391167
20230327,1703.5320394391167,0.0,1703.5320394391167
20230328,1703.5320394391167,0.0,1703.5320394391167
20230329,1703.5320394391167,0.0,1703.5320394391167
20230330,1703.5320394391167,0.0,1703.5320394391167
20230331,1703.5320394391167,0.0,1703.5320394391167
20230403,1703.5320394391167,0.0,1703.5320394391167
20230404,1703.5320394391167,0.0,1703.5320394391167
20230406,1703.5320394391167,0.0,1703.5320394391167
20230407,1703.5320394391167,0.0,1703.5320394391167
20230410,1703.5320394391167,0.0,1703.5320394391167
20230411,1703.5320394391167,0.0,1703.5320394391167
20230412,1703.5320394391167,0.0,1703.5320394391167
20230413,1703.5320394391167,0.0,1703.5320394391167
20230414,1703.5320394391167,0.0,1703.5320394391167
20230417,1703.5320394391167,0.0,1703.5320394391167
20230418,1703.5320394391167,0.0,1703.5320394391167
20230419,1703.5320394391167,0.0,1703.5320394391167
20230420,1703.5320394391167,0.0,1703.5320394391167
20230421,1703.5320394391167,0.0,1703.5320394391167
20230424,1703.5320394391167,0.0,1703.5320394391167
20230425,1703.5320394391167,0.0,1703.5320394391167
20230426,1703.5320394391167,0.0,1703.5320394391167
20230427,1703.5320394391167,0.0,1703.5320394391167
20230428,1703.5320394391167,0.0,1703.5320394391167
20230504,1703.5320394391167,0.0,1703.5320394391167
20230505,1703.5320394391167,0.0,1703.5320394391167
20230508,1703.5320394391167,0.0,1703.5320394391167
20230509,1703.5320394391167,0.0,1703.5320394391167
20230510,1703.5320394391167,0.0,1703.5320394391167
20230511,1703.5320394391167,0.0,1703.5320394391167
20230512,1703.5320394391167,0.0,1703.5320394391167
20230515,1703.5320394391167,0.0,1703.5320394391167
20230516,1703.5320394391167,0.0,1703.5320394391167
20230517,1703.5320394391167,0.0,1703.5320394391167
20230518,1703.5320394391167,0.0,1703.5320394391167
20230519,1703.5320394391167,0.0,1703.5320394391167
20230522,1703.5320394391167,0.0,1703.5320394391167
20230523,1703.5320394391167,0.0,1703.5320394391167
20230524,1703.5320394391167,0.0,1703.5320394391167
20230525,1703.5320394391167,0.0,1703.5320394391167
20230526,1703.5320394391167,0.0,1703.5320394391167
20230529,1703.5320394391167,0.0,1703.5320394391167
20230530,1703.5320394391167,0.0,1703.5320394391167
20230531,1703.5320394391167,0.0,1703.5320394391167
20230601,1703.5320394391167,0.0,1703.5320394391167
20230602,1703.5320394391167,0.0,1703.5320394391167
20230605,1703.5320394391167,0.0,1703.5320394391167
20230606,1703.5320394391167,0.0,1703.5320394391167
20230607,1703.5320394391167,0.0,1703.5320394391167
20230608,1703.5320394391167,0.0,1703.5320394391167
20230609,1703.5320394391167,0.0,1703.5320394391167
20230612,1703.5320394391167,0.0,1703.5320394391167
20230613,1703.5320394391167,0.0,1703.5320394391167
20230614,1703.5320394391167,0.0,1703.5320394391167
20230615,1703.5320394391167,0.0,1703.5320394391167
20230616,1703.5320394391167,0.0,1703.5320394391167
20230619,1703.5320394391167,0.0,1703.5320394391167
20230620,1703.5320394391167,0.0,1703.5320394391167
20230621,1703.5320394391167,0.0,1703.5320394391167
20230626,1703.5320394391167,0.0,1703.5320394391167
20230627,1703.5320394391167,0.0,1703.5320394391167
20230628,1703.5320394391167,0.0,1703.5320394391167
20230629,1703.5320394391167,0.0,1703.5320394391167
20230630,1703.5320394391167,0.0,1703.5320394391167
20230703,1703.5320394391167,0.0,1703.5320394391167
20230704,1703.5320394391167,0.0,1703.5320394391167
20230705,1703.5320394391167,0.0,1703.5320394391167
20230706,1703.5320394391167,0.0,1703.5320394391167
20230707,1703.5320394391167,0.0,1703.5320394391167
20230710,1703.5320394391167,0.0,1703.5320394391167
20230711,1703.5320394391167,0.0,1703.5320394391167
20230712,1703.5320394391167,0.0,1703.5320394391167
20230713,1703.5320394391167,0.0,1703.5320394391167
20230714,1703.5320394391167,0.0,1703.5320394391167
20230717,1703.5320394391167,0.0,1703.5320394391167
20230718,1703.5320394391167,0.0,1703.5320394391167
20230719,1703.5320394391167,0.0,1703.5320394391167
20230720,1703.5320394391167,0.0,1703.5320394391167
20230721,1703.5320394391167,0.0,1703.5320394391167
20230724,1111.2410394391165,552.0,1663.2410394391165
20230725,1111.2410394391165,546.0,1657.2410394391165
20230726,1111.2410394391165,559.0,1670.2410394391165
20230727,1111.2410394391165,550.0,1661.2410394391165
20230728,1111.2410394391165,541.0,1652.2410394391165
20230731,1642.6991749391166,0.0,1642.6991749391166
20230801,1642.6991749391166,0.0,1642.6991749391166
20230802,1642.6991749391166,0.0,1642.6991749391166
20230803,1642.6991749391166,0.0,1642.6991749391166
20230804,1642.6991749391166,0.0,1642.6991749391166
20230807,1642.6991749391166,0.0,1642.6991749391166
20230808,1642.6991749391166,0.0,1642.6991749391166
20230809,1642.6991749391166,0.0,1642.6991749391166
20230810,1642.6991749391166,0.0,1642.6991749391166
20230811,1642.6991749391166,0.0,1642.6991749391166
20230814,1351.5561749391165,328.0,1679.5561749391165
20230815,1351.5561749391165,316.0,1667.5561749391165
20230816,1351.5561749391165,326.0,1677.5561749391165
20230817,1351.5561749391165,319.0,1670.5561749391165
20230818,1351.5561749391165,304.0,1655.5561749391165
20230821,1646.2562499391165,0.0,1646.2562499391165
20230822,1646.2562499391165,0.0,1646.2562499391165
20230823,1646.2562499391165,0.0,1646.2562499391165
20230824,1646.2562499391165,0.0,1646.2562499391165
20230825,1646.2562499391165,0.0,1646.2562499391165
20230828,1325.0982499391166,324.0,1649.0982499391166
20230829,1325.0982499391166,316.0,1641.0982499391166
20230830,1325.0982499391166,300.0,1625.0982499391166
20230831,1325.0982499391166,303.0,1628.0982499391166
20230901,1325.0982499391166,292.0,1617.0982499391166
20230904,1610.8073226891165,0.0,1610.8073226891165
20230905,1610.8073226891165,0.0,1610.8073226891165
20230906,1610.8073226891165,0.0,1610.8073226891165
20230907,1610.8073226891165,0.0,1610.8073226891165
20230908,1610.8073226891165,0.0,1610.8073226891165
20230911,1610.8073226891165,0.0,1610.8073226891165
20230912,1610.8073226891165,0.0,1610.8073226891165
20230913,1610.8073226891165,0.0,1610.8073226891165
20230914,1610.8073226891165,0.0,1610.8073226891165
20230915,1610.8073226891165,0.0,1610.8073226891165
20230918,1610.8073226891165,0.0,1610.8073226891165
20230919,1610.8073226891165,0.0,1610.8073226891165
20230920,1610.8073226891165,0.0,1610.8073226891165
20230921,1610.8073226891165,0.0,1610.8073226891165
20230922,1610.8073226891165,0.0,1610.8073226891165
20230925,1610.8073226891165,0.0,1610.8073226891165
20230926,1610.8073226891165,0.0,1610.8073226891165
20230927,1610.8073226891165,0.0,1610.8073226891165
20230928,1610.8073226891165,0.0,1610.8073226891165
20231009,1272.6408226891165,313.0,1585.6408226891165
20231010,1272.6408226891165,303.0,1575.6408226891165
20231011,1272.6408226891165,288.0,1560.6408226891165
20231012,1272.6408226891165,286.0,1558.6408226891165
20231013,1272.6408226891165,280.0,1552.6408226891165
20231016,1547.3608926891166,0.0,1547.3608926891166
20231017,1547.3608926891166,0.0,1547.3608926891166
20231018,1547.3608926891166,0.0,1547.3608926891166
20231019,1547.3608926891166,0.0,1547.3608926891166
20231020,1547.3608926891166,0.0,1547.3608926891166
20231023,1547.3608926891166,0.0,1547.3608926891166
20231024,1547.3608926891166,0.0,1547.3608926891166
20231025,1547.3608926891166,0.0,1547.3608926891166
20231026,1547.3608926891166,0.0,1547.3608926891166
20231027,1547.3608926891166,0.0,1547.3608926891166
20231030,1547.3608926891166,0.0,1547.3608926891166
20231031,1547.3608926891166,0.0,1547.3608926891166
20231101,1547.3608926891166,0.0,1547.3608926891166
20231102,1547.3608926891166,0.0,1547.3608926891166
20231103,1547.3608926891166,0.0,1547.3608926891166
20231106,1547.3608926891166,0.0,1547.3608926891166
20231107,1547.3608926891166,0.0,1547.3608926891166
20231108,1547.3608926891166,0.0,1547.3608926891166
20231109,1547.3608926891166,0.0,1547.3608926891166
20231110,1547.3608926891166,0.0,1547.3608926891166
20231113,1547.3608926891166,0.0,1547.3608926891166
20231114,1547.3608926891166,0.0,1547.3608926891166
20231115,1547.3608926891166,0.0,1547.3608926891166
20231116,1547.3608926891166,0.0,1547.3608926891166
20231117,1547.3608926891166,0.0,1547.3608926891166
20231120,1547.3608926891166,0.0,1547.3608926891166
20231121,1547.3608926891166,0.0,1547.3608926891166
20231122,1547.3608926891166,0.0,1547.3608926891166
20231123,1547.3608926891166,0.0,1547.3608926891166
20231124,1547.3608926891166,0.0,1547.3608926891166
20231127,1547.3608926891166,0.0,1547.3608926891166
20231128,1547.3608926891166,0.0,1547.3608926891166
20231129,1547.3608926891166,0.0,1547.3608926891166
20231130,1547.3608926891166,0.0,1547.3608926891166
20231201,1547.3608926891166,0.0,1547.3608926891166
20231204,1547.3608926891166,0.0,1547.3608926891166
20231205,1547.3608926891166,0.0,1547.3608926891166
20231206,1547.3608926891166,0.0,1547.3608926891166
20231207,1547.3608926891166,0.0,1547.3608926891166
20231208,1547.3608926891166,0.0,1547.3608926891166
20231211,1547.3608926891166,0.0,1547.3608926891166
20231212,1547.3608926891166,0.0,1547.3608926891166
20231213,1547.3608926891166,0.0,1547.3608926891166
20231214,1547.3608926891166,0.0,1547.3608926891166
20231215,1547.3608926891166,0.0,1547.3608926891166
20231218,1547.3608926891166,0.0,1547.3608926891166
20231219,1547.3608926891166,0.0,1547.3608926891166
20231220,1547.3608926891166,0.0,1547.3608926891166
20231221,1547.3608926891166,0.0,1547.3608926891166
20231222,1547.3608926891166,0.0,1547.3608926891166
20231225,1547.3608926891166,0.0,1547.3608926891166
20231226,1547.3608926891166,0.0,1547.3608926891166
20231227,1547.3608926891166,0.0,1547.3608926891166
20231228,1547.3608926891166,0.0,1547.3608926891166
20231229,1547.3608926891166,0.0,1547.3608926891166
20240102,1547.3608926891166,0.0,1547.3608926891166
20240103,1547.3608926891166,0.0,1547.3608926891166
20240104,1547.3608926891166,0.0,1547.3608926891166
20240105,1547.3608926891166,0.0,1547.3608926891166
20240108,1547.3608926891166,0.0,1547.3608926891166
20240109,1547.3608926891166,0.0,1547.3608926891166
20240110,1547.3608926891166,0.0,1547.3608926891166
20240111,1547.3608926891166,0.0,1547.3608926891166
20240112,1547.3608926891166,0.0,1547.3608926891166
20240115,1547.3608926891166,0.0,1547.3608926891166
20240116,1547.3608926891166,0.0,1547.3608926891166
20240117,1547.3608926891166,0.0,1547.3608926891166
20240118,1547.3608926891166,0.0,1547.3608926891166
20240119,1547.3608926891166,0.0,1547.3608926891166
20240122,1547.3608926891166,0.0,1547.3608926891166
20240123,1547.3608926891166,0.0,1547.3608926891166
20240124,1547.3608926891166,0.0,1547.3608926891166
20240125,1547.3608926891166,0.0,1547.3608926891166
20240126,1547.3608926891166,0.0,1547.3608926891166
20240129,1547.3608926891166,0.0,1547.3608926891166
20240130,1547.3608926891166,0.0,1547.3608926891166
20240131,1547.3608926891166,0.0,1547.3608926891166
20240201,1547.3608926891166,0.0,1547.3608926891166
20240202,1547.3608926891166,0.0,1547.3608926891166
20240205,1547.3608926891166,0.0,1547.3608926891166
20240206,1547.3608926891166,0.0,1547.3608926891166
20240207,1547.3608926891166,0.0,1547.3608926891166
20240208,1547.3608926891166,0.0,1547.3608926891166
20240219,1547.3608926891166,0.0,1547.3608926891166
20240220,1547.3608926891166,0.0,1547.3608926891166
20240221,1547.3608926891166,0.0,1547.3608926891166
20240222,1547.3608926891166,0.0,1547.3608926891166
20240223,1547.3608926891166,0.0,1547.3608926891166
20240226,1547.3608926891166,0.0,1547.3608926891166
20240227,1547.3608926891166,0.0,1547.3608926891166
20240228,1547.3608926891166,0.0,1547.3608926891166
20240229,1547.3608926891166,0.0,1547.3608926891166
20240301,1547.3608926891166,0.0,1547.3608926891166
20240304,1547.3608926891166,0.0,1547.3608926891166
20240305,1547.3608926891166,0.0,1547.3608926891166
20240306,1547.3608926891166,0.0,1547.3608926891166
20240307,1547.3608926891166,0.0,1547.3608926891166
20240308,1547.3608926891166,0.0,1547.3608926891166
20240311,1547.3608926891166,0.0,1547.3608926891166
20240312,1547.3608926891166,0.0,1547.3608926891166
20240313,1547.3608926891166,0.0,1547.3608926891166
20240314,1547.3608926891166,0.0,1547.3608926891166
20240315,1547.3608926891166,0.0,1547.3608926891166
20240318,1547.3608926891166,0.0,1547.3608926891166
20240319,1547.3608926891166,0.0,1547.3608926891166
20240320,1547.3608926891166,0.0,1547.3608926891166
20240321,1547.3608926891166,0.0,1547.3608926891166
20240322,1547.3608926891166,0.0,1547.3608926891166
20240325,1547.3608926891166,0.0,1547.3608926891166
20240326,1547.3608926891166,0.0,1547.3608926891166
20240327,1547.3608926891166,0.0,1547.3608926891166
20240328,1547.3608926891166,0.0,1547.3608926891166
20240329,1547.3608926891166,0.0,1547.3608926891166
20240401,1363.2713926891165,170.0,1533.2713926891165
20240402,1363.2713926891165,163.0,1526.2713926891165
20240403,1363.2713926891165,161.0,1524.2713926891165
20240408,1519.1104329391164,0.0,1519.1104329391164
20240409,1519.1104329391164,0.0,1519.1104329391164
20240410,1519.1104329391164,0.0,1519.1104329391164
20240411,1519.1104329391164,0.0,1519.1104329391164
20240412,1519.1104329391164,0.0,1519.1104329391164
20240415,1519.1104329391164,0.0,1519.1104329391164
20240416,1519.1104329391164,0.0,1519.1104329391164
20240417,1519.1104329391164,0.0,1519.1104329391164
20240418,1519.1104329391164,0.0,1519.1104329391164
20240419,1519.1104329391164,0.0,1519.1104329391164
20240422,1519.1104329391164,0.0,1519.1104329391164
20240423,1519.1104329391164,0.0,1519.1104329391164
20240424,1519.1104329391164,0.0,1519.1104329391164
20240425,1519.1104329391164,0.0,1519.1104329391164
20240426,1519.1104329391164,0.0,1519.1104329391164
20240429,1519.1104329391164,0.0,1519.1104329391164
20240430,1519.1104329391164,0.0,1519.1104329391164
20240506,1519.1104329391164,0.0,1519.1104329391164
20240507,1519.1104329391164,0.0,1519.1104329391164
20240508,1519.1104329391164,0.0,1519.1104329391164
20240509,1519.1104329391164,0.0,1519.1104329391164
20240510,1519.1104329391164,0.0,1519.1104329391164
20240513,1519.1104329391164,0.0,1519.1104329391164
20240514,1519.1104329391164,0.0,1519.1104329391164
20240515,1519.1104329391164,0.0,1519.1104329391164
20240516,1519.1104329391164,0.0,1519.1104329391164
20240517,1519.1104329391164,0.0,1519.1104329391164
20240520,1519.1104329391164,0.0,1519.1104329391164
20240521,1519.1104329391164,0.0,1519.1104329391164
20240522,1519.1104329391164,0.0,1519.1104329391164
20240523,1519.1104329391164,0.0,1519.1104329391164
20240524,1519.1104329391164,0.0,1519.1104329391164
20240527,1264.9859329391165,241.0,1505.9859329391165
20240528,1264.9859329391165,217.0,1481.9859329391165
20240529,1264.9859329391165,215.0,1479.9859329391165
20240530,1264.9859329391165,204.99999999999997,1469.9859329391165
20240531,1264.9859329391165,204.99999999999997,1469.9859329391165
20240603,1464.7809841891165,0.0,1464.7809841891165
20240604,1464.7809841891165,0.0,1464.7809841891165
20240605,1464.7809841891165,0.0,1464.7809841891165
20240606,1464.7809841891165,0.0,1464.7809841891165
20240607,1464.7809841891165,0.0,1464.7809841891165
20240611,1464.7809841891165,0.0,1464.7809841891165
20240612,1464.7809841891165,0.0,1464.7809841891165
20240613,1464.7809841891165,0.0,1464.7809841891165
20240614,1464.7809841891165,0.0,1464.7809841891165
20240617,1195.6489841891164,264.0,1459.6489841891164
20240618,1195.6489841891164,290.0,1485.6489841891164
20240619,1195.6489841891164,278.0,1473.6489841891164
20240620,1195.6489841891164,256.0,1451.6489841891164
20240621,1195.6489841891164,260.0,1455.6489841891164
20240624,1450.3890491891163,0.0,1450.3890491891163
20240625,1450.3890491891163,0.0,1450.3890491891163
20240626,1450.3890491891163,0.0,1450.3890491891163
20240627,1450.3890491891163,0.0,1450.3890491891163
20240628,1450.3890491891163,0.0,1450.3890491891163
20240701,1450.3890491891163,0.0,1450.3890491891163
20240702,1450.3890491891163,0.0,1450.3890491891163
20240703,1450.3890491891163,0.0,1450.3890491891163
20240704,1450.3890491891163,0.0,1450.3890491891163
20240705,1450.3890491891163,0.0,1450.3890491891163
20240708,560.9545491891163,884.0,1444.9545491891163
20240709,560.9545491891163,857.0,1417.9545491891163
20240710,560.9545491891163,849.0,1409.9545491891163
20240711,560.9545491891163,865.0,1425.9545491891163
20240712,560.9545491891163,856.0,1416.9545491891163
20240715,1388.1067611891162,0.0,1388.1067611891162
20240716,1388.1067611891162,0.0,1388.1067611891162
20240717,1388.1067611891162,0.0,1388.1067611891162
20240718,1388.1067611891162,0.0,1388.1067611891162
20240719,1388.1067611891162,0.0,1388.1067611891162
20240722,1388.1067611891162,0.0,1388.1067611891162
20240723,1388.1067611891162,0.0,1388.1067611891162
20240724,1388.1067611891162,0.0,1388.1067611891162
20240725,1388.1067611891162,0.0,1388.1067611891162
20240726,1388.1067611891162,0.0,1388.1067611891162
20240729,1130.9807611891163,276.0,1406.9807611891163
20240730,1130.9807611891163,304.0,1434.9807611891163
20240731,1130.9807611891163,275.0,1405.9807611891163
20240801,1130.9807611891163,248.0,1378.9807611891163
20240802,1130.9807611891163,265.0,1395.9807611891163
20240805,1153.6103256891163,211.0,1364.6103256891163
20240806,1153.6103256891163,225.99999999999997,1379.6103256891163
20240807,1153.6103256891163,213.0,1366.6103256891163
20240808,1153.6103256891163,216.0,1369.6103256891163
20240809,1153.6103256891163,204.99999999999997,1358.6103256891163
20240812,1354.4043771891163,0.0,1354.4043771891163
20240813,1354.4043771891163,0.0,1354.4043771891163
20240814,1354.4043771891163,0.0,1354.4043771891163
20240815,1354.4043771891163,0.0,1354.4043771891163
20240816,1354.4043771891163,0.0,1354.4043771891163
20240819,1354.4043771891163,0.0,1354.4043771891163
20240820,1354.4043771891163,0.0,1354.4043771891163
20240821,1354.4043771891163,0.0,1354.4043771891163
20240822,1354.4043771891163,0.0,1354.4043771891163
20240823,1354.4043771891163,0.0,1354.4043771891163
20240826,1354.4043771891163,0.0,1354.4043771891163
20240827,1354.4043771891163,0.0,1354.4043771891163
20240828,1354.4043771891163,0.0,1354.4043771891163
20240829,1354.4043771891163,0.0,1354.4043771891163
20240830,1354.4043771891163,0.0,1354.4043771891163
20240902,1354.4043771891163,0.0,1354.4043771891163
20240903,1354.4043771891163,0.0,1354.4043771891163
20240904,1354.4043771891163,0.0,1354.4043771891163
20240905,1354.4043771891163,0.0,1354.4043771891163
20240906,1354.4043771891163,0.0,1354.4043771891163
20240909,1354.4043771891163,0.0,1354.4043771891163
20240910,1354.4043771891163,0.0,1354.4043771891163
20240911,1354.4043771891163,0.0,1354.4043771891163
20240912,1354.4043771891163,0.0,1354.4043771891163
20240913,1354.4043771891163,0.0,1354.4043771891163
20240918,901.1828771891163,446.0,1347.1828771891164
20240919,901.1828771891163,444.0,1345.1828771891164
20240920,901.1828771891163,458.0,1359.1828771891164
20240923,1346.7269911891162,0.0,1346.7269911891162
20240924,1346.7269911891162,0.0,1346.7269911891162
20240925,1346.7269911891162,0.0,1346.7269911891162
20240926,1346.7269911891162,0.0,1346.7269911891162
20240927,1346.7269911891162,0.0,1346.7269911891162
20240930,1346.7269911891162,0.0,1346.7269911891162
20241008,1346.7269911891162,0.0,1346.7269911891162
20241009,1346.7269911891162,0.0,1346.7269911891162
20241010,1346.7269911891162,0.0,1346.7269911891162
20241011,1346.7269911891162,0.0,1346.7269911891162
20241014,1346.7269911891162,0.0,1346.7269911891162
20241015,1346.7269911891162,0.0,1346.7269911891162
20241016,1346.7269911891162,0.0,1346.7269911891162
20241017,1346.7269911891162,0.0,1346.7269911891162
20241018,1346.7269911891162,0.0,1346.7269911891162
20241021,1346.7269911891162,0.0,1346.7269911891162
20241022,1346.7269911891162,0.0,1346.7269911891162
20241023,1346.7269911891162,0.0,1346.7269911891162
20241024,1346.7269911891162,0.0,1346.7269911891162
20241025,1346.7269911891162,0.0,1346.7269911891162
20241028,1346.7269911891162,0.0,1346.7269911891162
20241029,1346.7269911891162,0.0,1346.7269911891162
20241030,1346.7269911891162,0.0,1346.7269911891162
20241031,1346.7269911891162,0.0,1346.7269911891162
20241101,1346.7269911891162,0.0,1346.7269911891162
20241104,1108.5897398382021,220.0751442592892,1328.6648840974913
20241105,1108.5897398382021,241.9830771719787,1350.5728170101809
20241106,1108.5897398382021,235.0123712452138,1343.602111083416
20241107,1108.5897398382021,258.9119344226932,1367.5016742608955
20241108,1108.5897398382021,284.80312786496256,1393.3928677031647
20241111,1367.216924885538,0.0,1367.216924885538
20241112,1367.216924885538,0.0,1367.216924885538
20241113,1367.216924885538,0.0,1367.216924885538
20241114,1367.216924885538,0.0,1367.216924885538
20241115,1367.216924885538,0.0,1367.216924885538
20241118,1367.216924885538,0.0,1367.216924885538
20241119,1367.216924885538,0.0,1367.216924885538
20241120,1367.216924885538,0.0,1367.216924885538
20241121,1367.216924885538,0.0,1367.216924885538
20241122,1367.216924885538,0.0,1367.216924885538
20241125,1367.216924885538,0.0,1367.216924885538
20241126,1367.216924885538,0.0,1367.216924885538
20241127,1367.216924885538,0.0,1367.216924885538
20241128,1367.216924885538,0.0,1367.216924885538
20241129,1367.216924885538,0.0,1367.216924885538
20241202,1367.216924885538,0.0,1367.216924885538
20241203,1367.216924885538,0.0,1367.216924885538
20241204,1367.216924885538,0.0,1367.216924885538
20241205,1367.216924885538,0.0,1367.216924885538
20241206,1367.216924885538,0.0,1367.216924885538
20241209,1367.216924885538,0.0,1367.216924885538
20241210,1367.216924885538,0.0,1367.216924885538
20241211,1367.216924885538,0.0,1367.216924885538
20241212,1367.216924885538,0.0,1367.216924885538
20241213,1367.216924885538,0.0,1367.216924885538
20241216,1367.216924885538,0.0,1367.216924885538
20241217,1367.216924885538,0.0,1367.216924885538
20241218,1367.216924885538,0.0,1367.216924885538
20241219,1367.216924885538,0.0,1367.216924885538
20241220,1367.216924885538,0.0,1367.216924885538
20241223,1367.216924885538,0.0,1367.216924885538
20241224,1367.216924885538,0.0,1367.216924885538
20241225,1367.216924885538,0.0,1367.216924885538
20241226,1367.216924885538,0.0,1367.216924885538
20241227,1367.216924885538,0.0,1367.216924885538
20241230,1367.216924885538,0.0,1367.216924885538
20241231,1367.216924885538,0.0,1367.216924885538
20250102,1367.216924885538,0.0,1367.216924885538
20250103,1367.216924885538,0.0,1367.216924885538
20250106,1367.216924885538,0.0,1367.216924885538
20250107,1367.216924885538,0.0,1367.216924885538
20250108,1367.216924885538,0.0,1367.216924885538
20250109,1367.216924885538,0.0,1367.216924885538
20250110,1367.216924885538,0.0,1367.216924885538
20250113,1367.216924885538,0.0,1367.216924885538
20250114,1367.216924885538,0.0,1367.216924885538
20250115,1367.216924885538,0.0,1367.216924885538
20250116,1367.216924885538,0.0,1367.216924885538
20250117,1367.216924885538,0.0,1367.216924885538
20250120,1367.216924885538,0.0,1367.216924885538
20250121,1367.216924885538,0.0,1367.216924885538
20250122,1367.216924885538,0.0,1367.216924885538
20250123,1367.216924885538,0.0,1367.216924885538
20250124,1367.216924885538,0.0,1367.216924885538
20250127,1367.216924885538,0.0,1367.216924885538
20250205,1367.216924885538,0.0,1367.216924885538
20250206,1367.216924885538,0.0,1367.216924885538
20250207,1367.216924885538,0.0,1367.216924885538
20250210,1367.216924885538,0.0,1367.216924885538
20250211,1367.216924885538,0.0,1367.216924885538
20250212,1367.216924885538,0.0,1367.216924885538
20250213,1367.216924885538,0.0,1367.216924885538
20250214,1367.216924885538,0.0,1367.216924885538
20250217,1367.216924885538,0.0,1367.216924885538
20250218,1367.216924885538,0.0,1367.216924885538
20250219,1367.216924885538,0.0,1367.216924885538
20250220,1367.216924885538,0.0,1367.216924885538
20250221,1367.216924885538,0.0,1367.216924885538
20250224,1367.216924885538,0.0,1367.216924885538
20250225,1367.216924885538,0.0,1367.216924885538
20250226,1367.216924885538,0.0,1367.216924885538
20250227,1367.216924885538,0.0,1367.216924885538
20250228,1367.216924885538,0.0,1367.216924885538
20250303,1367.216924885538,0.0,1367.216924885538
20250304,1367.216924885538,0.0,1367.216924885538
20250305,1367.216924885538,0.0,1367.216924885538
20250306,1367.216924885538,0.0,1367.216924885538
20250307,1367.216924885538,0.0,1367.216924885538
20250310,1367.216924885538,0.0,1367.216924885538
20250311,1367.216924885538,0.0,1367.216924885538
20250312,1367.216924885538,0.0,1367.216924885538
20250313,1367.216924885538,0.0,1367.216924885538
20250314,1367.216924885538,0.0,1367.216924885538
20250317,1367.216924885538,0.0,1367.216924885538
20250318,1367.216924885538,0.0,1367.216924885538
20250319,1367.216924885538,0.0,1367.216924885538
20250320,1367.216924885538,0.0,1367.216924885538
20250321,1367.216924885538,0.0,1367.216924885538
20250324,1367.216924885538,0.0,1367.216924885538
20250325,1367.216924885538,0.0,1367.216924885538
20250326,1367.216924885538,0.0,1367.216924885538
20250327,1367.216924885538,0.0,1367.216924885538
20250328,1367.216924885538,0.0,1367.216924885538
20250331,1367.216924885538,0.0,1367.216924885538
20250401,1367.216924885538,0.0,1367.216924885538
20250402,1367.216924885538,0.0,1367.216924885538
20250403,1367.216924885538,0.0,1367.216924885538
20250407,1367.216924885538,0.0,1367.216924885538
20250408,1367.216924885538,0.0,1367.216924885538
20250409,1367.216924885538,0.0,1367.216924885538
20250410,1367.216924885538,0.0,1367.216924885538
20250411,1367.216924885538,0.0,1367.216924885538
20250414,1367.216924885538,0.0,1367.216924885538
20250415,1367.216924885538,0.0,1367.216924885538
20250416,1367.216924885538,0.0,1367.216924885538
20250417,1367.216924885538,0.0,1367.216924885538
20250418,1367.216924885538,0.0,1367.216924885538
20250421,1367.216924885538,0.0,1367.216924885538
20250422,1367.216924885538,0.0,1367.216924885538
20250423,1367.216924885538,0.0,1367.216924885538
20250424,1367.216924885538,0.0,1367.216924885538
20250425,1367.216924885538,0.0,1367.216924885538
20250428,1092.081924885538,275.0,1367.081924885538
20250429,1092.081924885538,250.0,1342.081924885538
20250430,1092.081924885538,237.0,1329.081924885538
20250506,1324.843984385538,0.0,1324.843984385538
20250507,1324.843984385538,0.0,1324.843984385538
20250508,1324.843984385538,0.0,1324.843984385538
20250509,1324.843984385538,0.0,1324.843984385538
20250512,1324.843984385538,0.0,1324.843984385538
20250513,1324.843984385538,0.0,1324.843984385538
20250514,1324.843984385538,0.0,1324.843984385538
20250515,1324.843984385538,0.0,1324.843984385538
20250516,1324.843984385538,0.0,1324.843984385538
20250519,1324.843984385538,0.0,1324.843984385538
20250520,1324.843984385538,0.0,1324.843984385538
20250521,1324.843984385538,0.0,1324.843984385538
20250522,1324.843984385538,0.0,1324.843984385538
20250523,1324.843984385538,0.0,1324.843984385538
20250526,1324.843984385538,0.0,1324.843984385538
20250527,1324.843984385538,0.0,1324.843984385538
20250528,1324.843984385538,0.0,1324.843984385538
20250529,1324.843984385538,0.0,1324.843984385538
20250530,1324.843984385538,0.0,1324.843984385538
20250603,1324.843984385538,0.0,1324.843984385538
20250604,1324.843984385538,0.0,1324.843984385538
20250605,1324.843984385538,0.0,1324.843984385538
20250606,1324.843984385538,0.0,1324.843984385538
20250609,1324.843984385538,0.0,1324.843984385538
20250610,1324.843984385538,0.0,1324.843984385538
20250611,1324.843984385538,0.0,1324.843984385538
20250612,1324.843984385538,0.0,1324.843984385538
20250613,1324.843984385538,0.0,1324.843984385538
20250616,1324.843984385538,0.0,1324.843984385538
20250617,1324.843984385538,0.0,1324.843984385538
20250618,1324.843984385538,0.0,1324.843984385538
20250619,1324.843984385538,0.0,1324.843984385538
20250620,1324.843984385538,0.0,1324.843984385538
20250623,1324.843984385538,0.0,1324.843984385538
20250624,1324.843984385538,0.0,1324.843984385538
20250625,1324.843984385538,0.0,1324.843984385538
20250626,1324.843984385538,0.0,1324.843984385538
20250627,1324.843984385538,0.0,1324.843984385538
20250630,1324.843984385538,0.0,1324.843984385538
20250701,1324.843984385538,0.0,1324.843984385538
20250702,1324.843984385538,0.0,1324.843984385538
20250703,1324.843984385538,0.0,1324.843984385538
20250704,1324.843984385538,0.0,1324.843984385538
20250707,1119.7439843855382,196.0,1315.7439843855382
20250708,1119.7439843855382,199.0,1318.7439843855382
20250709,1119.7439843855382,200.0,1319.7439843855382
20250710,1119.7439843855382,200.0,1319.7439843855382
20250711,1119.7439843855382,200.99999999999997,1320.7439843855382
20250714,1315.543034635538,0.0,1315.543034635538
20250715,1315.543034635538,0.0,1315.543034635538
20250716,1315.543034635538,0.0,1315.543034635538
20250717,1315.543034635538,0.0,1315.543034635538
20250718,1315.543034635538,0.0,1315.543034635538
20250721,1315.543034635538,0.0,1315.543034635538
20250722,1315.543034635538,0.0,1315.543034635538
20250723,1315.543034635538,0.0,1315.543034635538
20250724,1315.543034635538,0.0,1315.543034635538
20250725,1315.543034635538,0.0,1315.543034635538
20250728,1315.543034635538,0.0,1315.543034635538
20250729,1315.543034635538,0.0,1315.543034635538
20250730,1315.543034635538,0.0,1315.543034635538
20250731,1315.543034635538,0.0,1315.543034635538
20250801,1315.543034635538,0.0,1315.543034635538
20250804,1315.543034635538,0.0,1315.543034635538
20250805,1315.543034635538,0.0,1315.543034635538
20250806,1315.543034635538,0.0,1315.543034635538
20250807,1315.543034635538,0.0,1315.543034635538
20250808,1315.543034635538,0.0,1315.543034635538
20250811,1315.543034635538,0.0,1315.543034635538
20250812,1315.543034635538,0.0,1315.543034635538
20250813,1315.543034635538,0.0,1315.543034635538
20250814,1315.543034635538,0.0,1315.543034635538
20250815,1315.543034635538,0.0,1315.543034635538
20250818,1315.543034635538,0.0,1315.543034635538
20250819,1315.543034635538,0.0,1315.543034635538
20250820,1315.543034635538,0.0,1315.543034635538
20250821,1315.543034635538,0.0,1315.543034635538
20250822,1315.543034635538,0.0,1315.543034635538
20250825,1315.543034635538,0.0,1315.543034635538
20250826,1315.543034635538,0.0,1315.543034635538
20250827,1315.543034635538,0.0,1315.543034635538
20250828,1315.543034635538,0.0,1315.543034635538
20250829,1315.543034635538,0.0,1315.543034635538
20250901,1315.543034635538,0.0,1315.543034635538
20250902,1315.543034635538,0.0,1315.543034635538
20250903,1315.543034635538,0.0,1315.543034635538
20250904,1315.543034635538,0.0,1315.543034635538
20250905,1315.543034635538,0.0,1315.543034635538
20250908,1315.543034635538,0.0,1315.543034635538
20250909,1315.543034635538,0.0,1315.543034635538
20250910,1315.543034635538,0.0,1315.543034635538
20250911,1315.543034635538,0.0,1315.543034635538
20250912,1315.543034635538,0.0,1315.543034635538
20250915,1315.543034635538,0.0,1315.543034635538
20250916,1315.543034635538,0.0,1315.543034635538
20250917,1315.543034635538,0.0,1315.543034635538
20250918,1315.543034635538,0.0,1315.543034635538
20250919,1315.543034635538,0.0,1315.543034635538
20250922,1315.543034635538,0.0,1315.543034635538
20250923,1315.543034635538,0.0,1315.543034635538
20250924,1315.543034635538,0.0,1315.543034635538
20250925,1315.543034635538,0.0,1315.543034635538
20250926,1315.543034635538,0.0,1315.543034635538
20250929,1315.543034635538,0.0,1315.543034635538
20250930,1315.543034635538,0.0,1315.543034635538
20251009,1315.543034635538,0.0,1315.543034635538
20251010,1315.543034635538,0.0,1315.543034635538
20251013,1315.543034635538,0.0,1315.543034635538
20251014,1315.543034635538,0.0,1315.543034635538
20251015,1315.543034635538,0.0,1315.543034635538
20251016,1315.543034635538,0.0,1315.543034635538
20251017,1315.543034635538,0.0,1315.543034635538
20251020,1315.543034635538,0.0,1315.543034635538
20251021,1315.543034635538,0.0,1315.543034635538
20251022,1315.543034635538,0.0,1315.543034635538
20251023,1315.543034635538,0.0,1315.543034635538
20251024,1315.543034635538,0.0,1315.543034635538
20251027,1315.543034635538,0.0,1315.543034635538
20251028,1315.543034635538,0.0,1315.543034635538
20251029,1315.543034635538,0.0,1315.543034635538
20251030,1315.543034635538,0.0,1315.543034635538
20251031,1315.543034635538,0.0,1315.543034635538
20251103,1315.543034635538,0.0,1315.543034635538
20251104,1315.543034635538,0.0,1315.543034635538
20251105,1315.543034635538,0.0,1315.543034635538
20251106,1315.543034635538,0.0,1315.543034635538
20251107,1315.543034635538,0.0,1315.543034635538
20251110,1315.543034635538,0.0,1315.543034635538
20251111,1315.543034635538,0.0,1315.543034635538
20251112,1315.543034635538,0.0,1315.543034635538
20251113,1315.543034635538,0.0,1315.543034635538
20251114,1315.543034635538,0.0,1315.543034635538
20251117,1315.543034635538,0.0,1315.543034635538
20251118,1315.543034635538,0.0,1315.543034635538
20251119,1315.543034635538,0.0,1315.543034635538
20251120,1315.543034635538,0.0,1315.543034635538
20251121,1315.543034635538,0.0,1315.543034635538
20251124,1315.543034635538,0.0,1315.543034635538
20251125,1315.543034635538,0.0,1315.543034635538
20251126,1315.543034635538,0.0,1315.543034635538
20251127,1315.543034635538,0.0,1315.543034635538
20251128,1315.543034635538,0.0,1315.543034635538
20251201,1315.543034635538,0.0,1315.543034635538
20251202,1315.543034635538,0.0,1315.543034635538
20251203,1315.543034635538,0.0,1315.543034635538
20251204,1315.543034635538,0.0,1315.543034635538
20251205,1315.543034635538,0.0,1315.543034635538
20251208,1315.543034635538,0.0,1315.543034635538
20251209,1315.543034635538,0.0,1315.543034635538
20251210,1315.543034635538,0.0,1315.543034635538
20251211,1315.543034635538,0.0,1315.543034635538
20251212,1315.543034635538,0.0,1315.543034635538
20251215,1315.543034635538,0.0,1315.543034635538
20251216,1315.543034635538,0.0,1315.543034635538
20251217,1315.543034635538,0.0,1315.543034635538
20251218,1315.543034635538,0.0,1315.543034635538
20251219,1315.543034635538,0.0,1315.543034635538
20251222,1315.543034635538,0.0,1315.543034635538
20251223,1315.543034635538,0.0,1315.543034635538
20251224,1315.543034635538,0.0,1315.543034635538
20251225,1315.543034635538,0.0,1315.543034635538
20251226,1315.543034635538,0.0,1315.543034635538
20251229,1315.543034635538,0.0,1315.543034635538
20251230,1315.543034635538,0.0,1315.543034635538
20251231,1315.543034635538,0.0,1315.543034635538
